DOID_0014667	has_subclass	DOID_0050032
DOID_0014667	has_subclass	DOID_0050083
DOID_0014667	has_subclass	DOID_0050810
DOID_0014667	has_subclass	DOID_0060699
DOID_0014667	has_subclass	DOID_0060700
DOID_0014667	has_subclass	DOID_0060701
DOID_0014667	has_subclass	DOID_0060702
DOID_0014667	has_subclass	DOID_0061135
DOID_0014667	has_subclass	DOID_0061136
DOID_0014667	has_subclass	DOID_0081455
DOID_0014667	has_subclass	DOID_0081456
DOID_0014667	has_subclass	DOID_0112127
DOID_0014667	has_subclass	DOID_10575
DOID_0014667	has_subclass	DOID_11249
DOID_0014667	has_subclass	DOID_11491
DOID_0014667	has_subclass	DOID_11981
DOID_0014667	has_subclass	DOID_12678
DOID_0014667	has_subclass	DOID_12700
DOID_0014667	has_subclass	DOID_13120
DOID_0014667	has_subclass	DOID_13198
DOID_0014667	has_subclass	DOID_13381
DOID_0014667	has_subclass	DOID_13724
DOID_0014667	has_subclass	DOID_14026
DOID_0014667	has_subclass	DOID_1920
DOID_0014667	has_subclass	DOID_374
DOID_0014667	has_subclass	DOID_4500
DOID_0014667	has_subclass	DOID_5112
DOID_0014667	has_subclass	DOID_5113
DOID_0014667	has_subclass	DOID_654
DOID_0014667	has_subclass	DOID_8454
DOID_0014667	has_subclass	DOID_8455
DOID_0014667	has_subclass	DOID_8456
DOID_0014667	has_subclass	DOID_8457
DOID_0014667	has_subclass	DOID_9969
DOID_0014667	has_subclass	DOID_9970
DOID_0014667	has_subclass	DOID_9972
DOID_0050032	has_subclass	DOID_0060699
DOID_0050032	has_subclass	DOID_0060700
DOID_0050032	has_subclass	DOID_0060701
DOID_0050032	has_subclass	DOID_0060702
DOID_0050032	has_subclass	DOID_0061135
DOID_0050032	has_subclass	DOID_0061136
DOID_0050032	has_subclass	DOID_12678
DOID_0050117	has_subclass	DOID_0040083
DOID_0050117	has_subclass	DOID_0040084
DOID_0050117	has_subclass	DOID_0040085
DOID_0050117	has_subclass	DOID_0040086
DOID_0050117	has_subclass	DOID_0050012
DOID_0050117	has_subclass	DOID_0050118
DOID_0050117	has_subclass	DOID_0050125
DOID_0050117	has_subclass	DOID_0050143
DOID_0050117	has_subclass	DOID_0050152
DOID_0050117	has_subclass	DOID_0050175
DOID_0050117	has_subclass	DOID_0050179
DOID_0050117	has_subclass	DOID_0050192
DOID_0050117	has_subclass	DOID_0050204
DOID_0050117	has_subclass	DOID_0050266
DOID_0050117	has_subclass	DOID_0050291
DOID_0050117	has_subclass	DOID_0050308
DOID_0050117	has_subclass	DOID_0050339
DOID_0050117	has_subclass	DOID_0050495
DOID_0050117	has_subclass	DOID_0050516
DOID_0050117	has_subclass	DOID_0050517
DOID_0050117	has_subclass	DOID_0050518
DOID_0050117	has_subclass	DOID_0050521
DOID_0050117	has_subclass	DOID_0060000
DOID_0050117	has_subclass	DOID_0060478
DOID_0050117	has_subclass	DOID_0080784
DOID_0050117	has_subclass	DOID_0080827
DOID_0050117	has_subclass	DOID_1003
DOID_0050117	has_subclass	DOID_10250
DOID_0050117	has_subclass	DOID_10459
DOID_0050117	has_subclass	DOID_10461
DOID_0050117	has_subclass	DOID_10533
DOID_0050117	has_subclass	DOID_10841
DOID_0050117	has_subclass	DOID_10842
DOID_0050117	has_subclass	DOID_10843
DOID_0050117	has_subclass	DOID_10844
DOID_0050117	has_subclass	DOID_10845
DOID_0050117	has_subclass	DOID_10881
DOID_0050117	has_subclass	DOID_10882
DOID_0050117	has_subclass	DOID_10883
DOID_0050117	has_subclass	DOID_11079
DOID_0050117	has_subclass	DOID_1116
DOID_0050117	has_subclass	DOID_11168
DOID_0050117	has_subclass	DOID_11260
DOID_0050117	has_subclass	DOID_11263
DOID_0050117	has_subclass	DOID_11265
DOID_0050117	has_subclass	DOID_11320
DOID_0050117	has_subclass	DOID_11337
DOID_0050117	has_subclass	DOID_11360
DOID_0050117	has_subclass	DOID_11736
DOID_0050117	has_subclass	DOID_11750
DOID_0050117	has_subclass	DOID_12205
DOID_0050117	has_subclass	DOID_12206
DOID_0050117	has_subclass	DOID_12287
DOID_0050117	has_subclass	DOID_12357
DOID_0050117	has_subclass	DOID_12549
DOID_0050117	has_subclass	DOID_1260
DOID_0050117	has_subclass	DOID_12683
DOID_0050117	has_subclass	DOID_1273
DOID_0050117	has_subclass	DOID_13272
DOID_0050117	has_subclass	DOID_13276
DOID_0050117	has_subclass	DOID_1328
DOID_0050117	has_subclass	DOID_13453
DOID_0050117	has_subclass	DOID_13800
DOID_0050117	has_subclass	DOID_13801
DOID_0050117	has_subclass	DOID_13921
DOID_0050117	has_subclass	DOID_14089
DOID_0050117	has_subclass	DOID_14115
DOID_0050117	has_subclass	DOID_1883
DOID_0050117	has_subclass	DOID_1884
DOID_0050117	has_subclass	DOID_2043
DOID_0050117	has_subclass	DOID_2047
DOID_0050117	has_subclass	DOID_216
DOID_0050117	has_subclass	DOID_217
DOID_0050117	has_subclass	DOID_2327
DOID_0050117	has_subclass	DOID_2366
DOID_0050117	has_subclass	DOID_2409
DOID_0050117	has_subclass	DOID_2929
DOID_0050117	has_subclass	DOID_2934
DOID_0050117	has_subclass	DOID_321
DOID_0050117	has_subclass	DOID_3292
DOID_0050117	has_subclass	DOID_3298
DOID_0050117	has_subclass	DOID_3385
DOID_0050117	has_subclass	DOID_3436
DOID_0050117	has_subclass	DOID_4033
DOID_0050117	has_subclass	DOID_4110
DOID_0050117	has_subclass	DOID_4325
DOID_0050117	has_subclass	DOID_4327
DOID_0050117	has_subclass	DOID_4411
DOID_0050117	has_subclass	DOID_4562
DOID_0050117	has_subclass	DOID_4885
DOID_0050117	has_subclass	DOID_4974
DOID_0050117	has_subclass	DOID_5154
DOID_0050117	has_subclass	DOID_526
DOID_0050117	has_subclass	DOID_6102
DOID_0050117	has_subclass	DOID_635
DOID_0050117	has_subclass	DOID_643
DOID_0050117	has_subclass	DOID_8478
DOID_0050117	has_subclass	DOID_8481
DOID_0050117	has_subclass	DOID_8596
DOID_0050117	has_subclass	DOID_8622
DOID_0050117	has_subclass	DOID_8659
DOID_0050117	has_subclass	DOID_8729
DOID_0050117	has_subclass	DOID_873
DOID_0050117	has_subclass	DOID_874
DOID_0050117	has_subclass	DOID_8771
DOID_0050117	has_subclass	DOID_8781
DOID_0050117	has_subclass	DOID_8867
DOID_0050117	has_subclass	DOID_8956
DOID_0050117	has_subclass	DOID_9159
DOID_0050117	has_subclass	DOID_9584
DOID_0050117	has_subclass	DOID_9682
DOID_0050117	has_subclass	DOID_9699
DOID_0050117	has_subclass	DOID_9700
DOID_0050117	has_subclass	DOID_992
DOID_0050117	has_subclass	DOID_9978
DOID_0050127	has_subclass	DOID_10790
DOID_0050127	has_subclass	DOID_14225
DOID_0050127	has_subclass	DOID_9312
DOID_0050127	has_subclass	DOID_9506
DOID_0050134	has_subclass	DOID_13026
DOID_0050134	has_subclass	DOID_13078
DOID_0050136	has_subclass	DOID_0050072
DOID_0050136	has_subclass	DOID_11186
DOID_0050136	has_subclass	DOID_11315
DOID_0050136	has_subclass	DOID_12662
DOID_0050136	has_subclass	DOID_12663
DOID_0050136	has_subclass	DOID_13450
DOID_0050136	has_subclass	DOID_14049
DOID_0050136	has_subclass	DOID_14484
DOID_0050136	has_subclass	DOID_1731
DOID_0050136	has_subclass	DOID_1759
DOID_0050155	has_subclass	DOID_0040088
DOID_0050155	has_subclass	DOID_0050250
DOID_0050155	has_subclass	DOID_0050259
DOID_0050155	has_subclass	DOID_0050304
DOID_0050155	has_subclass	DOID_0050335
DOID_0050155	has_subclass	DOID_0050537
DOID_0050155	has_subclass	DOID_0050572
DOID_0050155	has_subclass	DOID_0050578
DOID_0050155	has_subclass	DOID_0050593
DOID_0050155	has_subclass	DOID_0050633
DOID_0050155	has_subclass	DOID_0050661
DOID_0050155	has_subclass	DOID_0050662
DOID_0050155	has_subclass	DOID_0050664
DOID_0050155	has_subclass	DOID_0050679
DOID_0050155	has_subclass	DOID_0050683
DOID_0050155	has_subclass	DOID_0050906
DOID_0050155	has_subclass	DOID_0051093
DOID_0050155	has_subclass	DOID_0051094
DOID_0050155	has_subclass	DOID_0051095
DOID_0050155	has_subclass	DOID_0051096
DOID_0050155	has_subclass	DOID_0051098
DOID_0050155	has_subclass	DOID_0060216
DOID_0050155	has_subclass	DOID_0060217
DOID_0050155	has_subclass	DOID_0060648
DOID_0050155	has_subclass	DOID_0060680
DOID_0050155	has_subclass	DOID_0060763
DOID_0050155	has_subclass	DOID_0060835
DOID_0050155	has_subclass	DOID_0060836
DOID_0050155	has_subclass	DOID_0060842
DOID_0050155	has_subclass	DOID_0060869
DOID_0050155	has_subclass	DOID_0061027
DOID_0050155	has_subclass	DOID_0061103
DOID_0050155	has_subclass	DOID_0061104
DOID_0050155	has_subclass	DOID_0061108
DOID_0050155	has_subclass	DOID_0061111
DOID_0050155	has_subclass	DOID_0061113
DOID_0050155	has_subclass	DOID_0061127
DOID_0050155	has_subclass	DOID_0070354
DOID_0050155	has_subclass	DOID_0070363
DOID_0050155	has_subclass	DOID_0070364
DOID_0050155	has_subclass	DOID_0070438
DOID_0050155	has_subclass	DOID_0070439
DOID_0050155	has_subclass	DOID_0070440
DOID_0050155	has_subclass	DOID_0070441
DOID_0050155	has_subclass	DOID_0070517
DOID_0050155	has_subclass	DOID_0070530
DOID_0050155	has_subclass	DOID_0070531
DOID_0050155	has_subclass	DOID_0080314
DOID_0050155	has_subclass	DOID_0080606
DOID_0050155	has_subclass	DOID_0080608
DOID_0050155	has_subclass	DOID_0080609
DOID_0050155	has_subclass	DOID_0080610
DOID_0050155	has_subclass	DOID_0080611
DOID_0050155	has_subclass	DOID_0080634
DOID_0050155	has_subclass	DOID_0080635
DOID_0050155	has_subclass	DOID_0080636
DOID_0050155	has_subclass	DOID_0080637
DOID_0050155	has_subclass	DOID_0080849
DOID_0050155	has_subclass	DOID_0081120
DOID_0050155	has_subclass	DOID_0081447
DOID_0050155	has_subclass	DOID_0081448
DOID_0050155	has_subclass	DOID_0081449
DOID_0050155	has_subclass	DOID_0081462
DOID_0050155	has_subclass	DOID_0090100
DOID_0050155	has_subclass	DOID_0110007
DOID_0050155	has_subclass	DOID_0110009
DOID_0050155	has_subclass	DOID_0110010
DOID_0050155	has_subclass	DOID_0110227
DOID_0050155	has_subclass	DOID_0110229
DOID_0050155	has_subclass	DOID_0110230
DOID_0050155	has_subclass	DOID_0110231
DOID_0050155	has_subclass	DOID_0110232
DOID_0050155	has_subclass	DOID_0110233
DOID_0050155	has_subclass	DOID_0110234
DOID_0050155	has_subclass	DOID_0110236
DOID_0050155	has_subclass	DOID_0110238
DOID_0050155	has_subclass	DOID_0110240
DOID_0050155	has_subclass	DOID_0110242
DOID_0050155	has_subclass	DOID_0110243
DOID_0050155	has_subclass	DOID_0110244
DOID_0050155	has_subclass	DOID_0110246
DOID_0050155	has_subclass	DOID_0110249
DOID_0050155	has_subclass	DOID_0110250
DOID_0050155	has_subclass	DOID_0110251
DOID_0050155	has_subclass	DOID_0110252
DOID_0050155	has_subclass	DOID_0110253
DOID_0050155	has_subclass	DOID_0110254
DOID_0050155	has_subclass	DOID_0110255
DOID_0050155	has_subclass	DOID_0110259
DOID_0050155	has_subclass	DOID_0110260
DOID_0050155	has_subclass	DOID_0110261
DOID_0050155	has_subclass	DOID_0110265
DOID_0050155	has_subclass	DOID_0110266
DOID_0050155	has_subclass	DOID_0110267
DOID_0050155	has_subclass	DOID_0110268
DOID_0050155	has_subclass	DOID_0110270
DOID_0050155	has_subclass	DOID_0110271
DOID_0050155	has_subclass	DOID_0110272
DOID_0050155	has_subclass	DOID_0110353
DOID_0050155	has_subclass	DOID_0110354
DOID_0050155	has_subclass	DOID_0110355
DOID_0050155	has_subclass	DOID_0110356
DOID_0050155	has_subclass	DOID_0110357
DOID_0050155	has_subclass	DOID_0110358
DOID_0050155	has_subclass	DOID_0110359
DOID_0050155	has_subclass	DOID_0110360
DOID_0050155	has_subclass	DOID_0110361
DOID_0050155	has_subclass	DOID_0110362
DOID_0050155	has_subclass	DOID_0110363
DOID_0050155	has_subclass	DOID_0110364
DOID_0050155	has_subclass	DOID_0110365
DOID_0050155	has_subclass	DOID_0110366
DOID_0050155	has_subclass	DOID_0110367
DOID_0050155	has_subclass	DOID_0110369
DOID_0050155	has_subclass	DOID_0110370
DOID_0050155	has_subclass	DOID_0110372
DOID_0050155	has_subclass	DOID_0110373
DOID_0050155	has_subclass	DOID_0110374
DOID_0050155	has_subclass	DOID_0110375
DOID_0050155	has_subclass	DOID_0110376
DOID_0050155	has_subclass	DOID_0110377
DOID_0050155	has_subclass	DOID_0110379
DOID_0050155	has_subclass	DOID_0110381
DOID_0050155	has_subclass	DOID_0110382
DOID_0050155	has_subclass	DOID_0110383
DOID_0050155	has_subclass	DOID_0110385
DOID_0050155	has_subclass	DOID_0110387
DOID_0050155	has_subclass	DOID_0110388
DOID_0050155	has_subclass	DOID_0110390
DOID_0050155	has_subclass	DOID_0110391
DOID_0050155	has_subclass	DOID_0110393
DOID_0050155	has_subclass	DOID_0110394
DOID_0050155	has_subclass	DOID_0110395
DOID_0050155	has_subclass	DOID_0110397
DOID_0050155	has_subclass	DOID_0110398
DOID_0050155	has_subclass	DOID_0110400
DOID_0050155	has_subclass	DOID_0110405
DOID_0050155	has_subclass	DOID_0110406
DOID_0050155	has_subclass	DOID_0110409
DOID_0050155	has_subclass	DOID_0110411
DOID_0050155	has_subclass	DOID_0110413
DOID_0050155	has_subclass	DOID_0110414
DOID_0050155	has_subclass	DOID_0110417
DOID_0050155	has_subclass	DOID_0110418
DOID_0050155	has_subclass	DOID_0110420
DOID_0050155	has_subclass	DOID_0110421
DOID_0050155	has_subclass	DOID_0111005
DOID_0050155	has_subclass	DOID_0111006
DOID_0050155	has_subclass	DOID_0111007
DOID_0050155	has_subclass	DOID_0111008
DOID_0050155	has_subclass	DOID_0111009
DOID_0050155	has_subclass	DOID_0111010
DOID_0050155	has_subclass	DOID_0111011
DOID_0050155	has_subclass	DOID_0111012
DOID_0050155	has_subclass	DOID_0111013
DOID_0050155	has_subclass	DOID_0111014
DOID_0050155	has_subclass	DOID_0111015
DOID_0050155	has_subclass	DOID_0111016
DOID_0050155	has_subclass	DOID_0111017
DOID_0050155	has_subclass	DOID_0111018
DOID_0050155	has_subclass	DOID_0111019
DOID_0050155	has_subclass	DOID_0111020
DOID_0050155	has_subclass	DOID_0111021
DOID_0050155	has_subclass	DOID_0111022
DOID_0050155	has_subclass	DOID_0111023
DOID_0050155	has_subclass	DOID_0111024
DOID_0050155	has_subclass	DOID_0111025
DOID_0050155	has_subclass	DOID_0111026
DOID_0050155	has_subclass	DOID_0111148
DOID_0050155	has_subclass	DOID_0111149
DOID_0050155	has_subclass	DOID_0111150
DOID_0050155	has_subclass	DOID_0111228
DOID_0050155	has_subclass	DOID_0111541
DOID_0050155	has_subclass	DOID_0111570
DOID_0050155	has_subclass	DOID_0111799
DOID_0050155	has_subclass	DOID_0111800
DOID_0050155	has_subclass	DOID_0111802
DOID_0050155	has_subclass	DOID_0111803
DOID_0050155	has_subclass	DOID_0111804
DOID_0050155	has_subclass	DOID_0111805
DOID_0050155	has_subclass	DOID_0111806
DOID_0050155	has_subclass	DOID_0111807
DOID_0050155	has_subclass	DOID_0111812
DOID_0050155	has_subclass	DOID_0112141
DOID_0050155	has_subclass	DOID_0112145
DOID_0050155	has_subclass	DOID_0112157
DOID_0050155	has_subclass	DOID_10079
DOID_0050155	has_subclass	DOID_10138
DOID_0050155	has_subclass	DOID_10139
DOID_0050155	has_subclass	DOID_10140
DOID_0050155	has_subclass	DOID_10174
DOID_0050155	has_subclass	DOID_10176
DOID_0050155	has_subclass	DOID_10526
DOID_0050155	has_subclass	DOID_10584
DOID_0050155	has_subclass	DOID_10629
DOID_0050155	has_subclass	DOID_10863
DOID_0050155	has_subclass	DOID_10864
DOID_0050155	has_subclass	DOID_10866
DOID_0050155	has_subclass	DOID_10869
DOID_0050155	has_subclass	DOID_10989
DOID_0050155	has_subclass	DOID_10997
DOID_0050155	has_subclass	DOID_110
DOID_0050155	has_subclass	DOID_11029
DOID_0050155	has_subclass	DOID_11086
DOID_0050155	has_subclass	DOID_11105
DOID_0050155	has_subclass	DOID_11134
DOID_0050155	has_subclass	DOID_11177
DOID_0050155	has_subclass	DOID_11184
DOID_0050155	has_subclass	DOID_11190
DOID_0050155	has_subclass	DOID_11197
DOID_0050155	has_subclass	DOID_11211
DOID_0050155	has_subclass	DOID_11212
DOID_0050155	has_subclass	DOID_11213
DOID_0050155	has_subclass	DOID_11219
DOID_0050155	has_subclass	DOID_11227
DOID_0050155	has_subclass	DOID_11282
DOID_0050155	has_subclass	DOID_11283
DOID_0050155	has_subclass	DOID_11343
DOID_0050155	has_subclass	DOID_11364
DOID_0050155	has_subclass	DOID_1142
DOID_0050155	has_subclass	DOID_1143
DOID_0050155	has_subclass	DOID_11561
DOID_0050155	has_subclass	DOID_11594
DOID_0050155	has_subclass	DOID_11595
DOID_0050155	has_subclass	DOID_11653
DOID_0050155	has_subclass	DOID_11661
DOID_0050155	has_subclass	DOID_11754
DOID_0050155	has_subclass	DOID_11766
DOID_0050155	has_subclass	DOID_11772
DOID_0050155	has_subclass	DOID_11776
DOID_0050155	has_subclass	DOID_11781
DOID_0050155	has_subclass	DOID_11782
DOID_0050155	has_subclass	DOID_11850
DOID_0050155	has_subclass	DOID_11853
DOID_0050155	has_subclass	DOID_11864
DOID_0050155	has_subclass	DOID_11988
DOID_0050155	has_subclass	DOID_12108
DOID_0050155	has_subclass	DOID_12124
DOID_0050155	has_subclass	DOID_12270
DOID_0050155	has_subclass	DOID_12273
DOID_0050155	has_subclass	DOID_12349
DOID_0050155	has_subclass	DOID_12445
DOID_0050155	has_subclass	DOID_1248
DOID_0050155	has_subclass	DOID_12514
DOID_0050155	has_subclass	DOID_12557
DOID_0050155	has_subclass	DOID_12667
DOID_0050155	has_subclass	DOID_12668
DOID_0050155	has_subclass	DOID_12731
DOID_0050155	has_subclass	DOID_12756
DOID_0050155	has_subclass	DOID_12809
DOID_0050155	has_subclass	DOID_12841
DOID_0050155	has_subclass	DOID_12895
DOID_0050155	has_subclass	DOID_13025
DOID_0050155	has_subclass	DOID_13060
DOID_0050155	has_subclass	DOID_13227
DOID_0050155	has_subclass	DOID_13327
DOID_0050155	has_subclass	DOID_13328
DOID_0050155	has_subclass	DOID_13399
DOID_0050155	has_subclass	DOID_13401
DOID_0050155	has_subclass	DOID_13452
DOID_0050155	has_subclass	DOID_13574
DOID_0050155	has_subclass	DOID_13651
DOID_0050155	has_subclass	DOID_13653
DOID_0050155	has_subclass	DOID_13654
DOID_0050155	has_subclass	DOID_13655
DOID_0050155	has_subclass	DOID_13676
DOID_0050155	has_subclass	DOID_13717
DOID_0050155	has_subclass	DOID_13787
DOID_0050155	has_subclass	DOID_13788
DOID_0050155	has_subclass	DOID_13789
DOID_0050155	has_subclass	DOID_13794
DOID_0050155	has_subclass	DOID_13822
DOID_0050155	has_subclass	DOID_13861
DOID_0050155	has_subclass	DOID_13909
DOID_0050155	has_subclass	DOID_13910
DOID_0050155	has_subclass	DOID_13911
DOID_0050155	has_subclass	DOID_13912
DOID_0050155	has_subclass	DOID_13919
DOID_0050155	has_subclass	DOID_13929
DOID_0050155	has_subclass	DOID_13963
DOID_0050155	has_subclass	DOID_13964
DOID_0050155	has_subclass	DOID_1399
DOID_0050155	has_subclass	DOID_1400
DOID_0050155	has_subclass	DOID_14000
DOID_0050155	has_subclass	DOID_14230
DOID_0050155	has_subclass	DOID_14251
DOID_0050155	has_subclass	DOID_14252
DOID_0050155	has_subclass	DOID_14253
DOID_0050155	has_subclass	DOID_14287
DOID_0050155	has_subclass	DOID_1432
DOID_0050155	has_subclass	DOID_14422
DOID_0050155	has_subclass	DOID_14548
DOID_0050155	has_subclass	DOID_1686
DOID_0050155	has_subclass	DOID_1687
DOID_0050155	has_subclass	DOID_1748
DOID_0050155	has_subclass	DOID_1751
DOID_0050155	has_subclass	DOID_1752
DOID_0050155	has_subclass	DOID_1822
DOID_0050155	has_subclass	DOID_1942
DOID_0050155	has_subclass	DOID_1979
DOID_0050155	has_subclass	DOID_2174
DOID_0050155	has_subclass	DOID_238
DOID_0050155	has_subclass	DOID_2457
DOID_0050155	has_subclass	DOID_2458
DOID_0050155	has_subclass	DOID_292
DOID_0050155	has_subclass	DOID_293
DOID_0050155	has_subclass	DOID_294
DOID_0050155	has_subclass	DOID_295
DOID_0050155	has_subclass	DOID_296
DOID_0050155	has_subclass	DOID_298
DOID_0050155	has_subclass	DOID_3096
DOID_0050155	has_subclass	DOID_4250
DOID_0050155	has_subclass	DOID_4251
DOID_0050155	has_subclass	DOID_4447
DOID_0050155	has_subclass	DOID_4448
DOID_0050155	has_subclass	DOID_4449
DOID_0050155	has_subclass	DOID_4685
DOID_0050155	has_subclass	DOID_4870
DOID_0050155	has_subclass	DOID_5327
DOID_0050155	has_subclass	DOID_538
DOID_0050155	has_subclass	DOID_540
DOID_0050155	has_subclass	DOID_5465
DOID_0050155	has_subclass	DOID_5467
DOID_0050155	has_subclass	DOID_5529
DOID_0050155	has_subclass	DOID_5679
DOID_0050155	has_subclass	DOID_6037
DOID_0050155	has_subclass	DOID_6195
DOID_0050155	has_subclass	DOID_6198
DOID_0050155	has_subclass	DOID_6903
DOID_0050155	has_subclass	DOID_6929
DOID_0050155	has_subclass	DOID_728
DOID_0050155	has_subclass	DOID_7633
DOID_0050155	has_subclass	DOID_775
DOID_0050155	has_subclass	DOID_790
DOID_0050155	has_subclass	DOID_82
DOID_0050155	has_subclass	DOID_83
DOID_0050155	has_subclass	DOID_8464
DOID_0050155	has_subclass	DOID_8465
DOID_0050155	has_subclass	DOID_8466
DOID_0050155	has_subclass	DOID_8501
DOID_0050155	has_subclass	DOID_8787
DOID_0050155	has_subclass	DOID_8792
DOID_0050155	has_subclass	DOID_8886
DOID_0050155	has_subclass	DOID_9282
DOID_0050155	has_subclass	DOID_9283
DOID_0050155	has_subclass	DOID_9335
DOID_0050155	has_subclass	DOID_949
DOID_0050155	has_subclass	DOID_950
DOID_0050155	has_subclass	DOID_952
DOID_0050155	has_subclass	DOID_9669
DOID_0050155	has_subclass	DOID_9709
DOID_0050155	has_subclass	DOID_9719
DOID_0050155	has_subclass	DOID_9722
DOID_0050155	has_subclass	DOID_979
DOID_0050155	has_subclass	DOID_9799
DOID_0050155	has_subclass	DOID_9834
DOID_0050155	has_subclass	DOID_9835
DOID_0050155	has_subclass	DOID_9837
DOID_0050155	has_subclass	DOID_9838
DOID_0050155	has_subclass	DOID_9841
DOID_0050155	has_subclass	DOID_9843
DOID_0050155	has_subclass	DOID_9946
DOID_0050155	has_subclass	DOID_9948
DOID_0050161	has_subclass	DOID_0050073
DOID_0050161	has_subclass	DOID_0050614
DOID_0050161	has_subclass	DOID_0060317
DOID_0050161	has_subclass	DOID_0060646
DOID_0050161	has_subclass	DOID_0060941
DOID_0050161	has_subclass	DOID_0061125
DOID_0050161	has_subclass	DOID_10032
DOID_0050161	has_subclass	DOID_10080
DOID_0050161	has_subclass	DOID_10195
DOID_0050161	has_subclass	DOID_10247
DOID_0050161	has_subclass	DOID_10398
DOID_0050161	has_subclass	DOID_1082
DOID_0050161	has_subclass	DOID_10955
DOID_0050161	has_subclass	DOID_11049
DOID_0050161	has_subclass	DOID_11161
DOID_0050161	has_subclass	DOID_11162
DOID_0050161	has_subclass	DOID_11339
DOID_0050161	has_subclass	DOID_11394
DOID_0050161	has_subclass	DOID_11396
DOID_0050161	has_subclass	DOID_11650
DOID_0050161	has_subclass	DOID_12117
DOID_0050161	has_subclass	DOID_12120
DOID_0050161	has_subclass	DOID_12132
DOID_0050161	has_subclass	DOID_12375
DOID_0050161	has_subclass	DOID_12474
DOID_0050161	has_subclass	DOID_12716
DOID_0050161	has_subclass	DOID_14305
DOID_0050161	has_subclass	DOID_14319
DOID_0050161	has_subclass	DOID_14472
DOID_0050161	has_subclass	DOID_1578
DOID_0050161	has_subclass	DOID_1584
DOID_0050161	has_subclass	DOID_2122
DOID_0050161	has_subclass	DOID_2799
DOID_0050161	has_subclass	DOID_2810
DOID_0050161	has_subclass	DOID_2942
DOID_0050161	has_subclass	DOID_2957
DOID_0050161	has_subclass	DOID_3082
DOID_0050161	has_subclass	DOID_3319
DOID_0050161	has_subclass	DOID_3677
DOID_0050161	has_subclass	DOID_3683
DOID_0050161	has_subclass	DOID_3798
DOID_0050161	has_subclass	DOID_424
DOID_0050161	has_subclass	DOID_4374
DOID_0050161	has_subclass	DOID_490
DOID_0050161	has_subclass	DOID_5157
DOID_0050161	has_subclass	DOID_5364
DOID_0050161	has_subclass	DOID_5386
DOID_0050161	has_subclass	DOID_551
DOID_0050161	has_subclass	DOID_552
DOID_0050161	has_subclass	DOID_5547
DOID_0050161	has_subclass	DOID_5763
DOID_0050161	has_subclass	DOID_5767
DOID_0050161	has_subclass	DOID_5870
DOID_0050161	has_subclass	DOID_60001
DOID_0050161	has_subclass	DOID_6132
DOID_0050161	has_subclass	DOID_6564
DOID_0050161	has_subclass	DOID_849
DOID_0050161	has_subclass	DOID_8512
DOID_0050161	has_subclass	DOID_9477
DOID_0050161	has_subclass	DOID_9498
DOID_0050161	has_subclass	DOID_9502
DOID_0050177	has_subclass	DOID_0050424
DOID_0050177	has_subclass	DOID_0050437
DOID_0050177	has_subclass	DOID_0050475
DOID_0050177	has_subclass	DOID_0050537
DOID_0050177	has_subclass	DOID_0050566
DOID_0050177	has_subclass	DOID_0050629
DOID_0050177	has_subclass	DOID_0050776
DOID_0050177	has_subclass	DOID_0050777
DOID_0050177	has_subclass	DOID_0050778
DOID_0050177	has_subclass	DOID_0050781
DOID_0050177	has_subclass	DOID_0050879
DOID_0050177	has_subclass	DOID_0050953
DOID_0050177	has_subclass	DOID_0051003
DOID_0050177	has_subclass	DOID_0060254
DOID_0050177	has_subclass	DOID_0060292
DOID_0050177	has_subclass	DOID_0060376
DOID_0050177	has_subclass	DOID_0060412
DOID_0050177	has_subclass	DOID_0060446
DOID_0050177	has_subclass	DOID_0060578
DOID_0050177	has_subclass	DOID_0060580
DOID_0050177	has_subclass	DOID_0060581
DOID_0050177	has_subclass	DOID_0060585
DOID_0050177	has_subclass	DOID_0060586
DOID_0050177	has_subclass	DOID_0060587
DOID_0050177	has_subclass	DOID_0060588
DOID_0050177	has_subclass	DOID_0060599
DOID_0050177	has_subclass	DOID_0060675
DOID_0050177	has_subclass	DOID_0060676
DOID_0050177	has_subclass	DOID_0060677
DOID_0050177	has_subclass	DOID_0060678
DOID_0050177	has_subclass	DOID_0060679
DOID_0050177	has_subclass	DOID_0060764
DOID_0050177	has_subclass	DOID_0060765
DOID_0050177	has_subclass	DOID_0060766
DOID_0050177	has_subclass	DOID_0060848
DOID_0050177	has_subclass	DOID_0060857
DOID_0050177	has_subclass	DOID_0060929
DOID_0050177	has_subclass	DOID_0060945
DOID_0050177	has_subclass	DOID_0060954
DOID_0050177	has_subclass	DOID_0060970
DOID_0050177	has_subclass	DOID_0060974
DOID_0050177	has_subclass	DOID_0061193
DOID_0050177	has_subclass	DOID_0061273
DOID_0050177	has_subclass	DOID_0061274
DOID_0050177	has_subclass	DOID_0061275
DOID_0050177	has_subclass	DOID_0061276
DOID_0050177	has_subclass	DOID_0061294
DOID_0050177	has_subclass	DOID_0061297
DOID_0050177	has_subclass	DOID_0070115
DOID_0050177	has_subclass	DOID_0070116
DOID_0050177	has_subclass	DOID_0070117
DOID_0050177	has_subclass	DOID_0070118
DOID_0050177	has_subclass	DOID_0070119
DOID_0050177	has_subclass	DOID_0070120
DOID_0050177	has_subclass	DOID_0070121
DOID_0050177	has_subclass	DOID_0070122
DOID_0050177	has_subclass	DOID_0070186
DOID_0050177	has_subclass	DOID_0070187
DOID_0050177	has_subclass	DOID_0070265
DOID_0050177	has_subclass	DOID_0070298
DOID_0050177	has_subclass	DOID_0070354
DOID_0050177	has_subclass	DOID_0070357
DOID_0050177	has_subclass	DOID_0070380
DOID_0050177	has_subclass	DOID_0070381
DOID_0050177	has_subclass	DOID_0070428
DOID_0050177	has_subclass	DOID_0070487
DOID_0050177	has_subclass	DOID_0070488
DOID_0050177	has_subclass	DOID_0070512
DOID_0050177	has_subclass	DOID_0070595
DOID_0050177	has_subclass	DOID_0070596
DOID_0050177	has_subclass	DOID_0070597
DOID_0050177	has_subclass	DOID_0070599
DOID_0050177	has_subclass	DOID_0070698
DOID_0050177	has_subclass	DOID_0070703
DOID_0050177	has_subclass	DOID_0080009
DOID_0050177	has_subclass	DOID_0080090
DOID_0050177	has_subclass	DOID_0080240
DOID_0050177	has_subclass	DOID_0080253
DOID_0050177	has_subclass	DOID_0080271
DOID_0050177	has_subclass	DOID_0080275
DOID_0050177	has_subclass	DOID_0080276
DOID_0050177	has_subclass	DOID_0080277
DOID_0050177	has_subclass	DOID_0080278
DOID_0050177	has_subclass	DOID_0080279
DOID_0050177	has_subclass	DOID_0080352
DOID_0050177	has_subclass	DOID_0080379
DOID_0050177	has_subclass	DOID_0080382
DOID_0050177	has_subclass	DOID_0080383
DOID_0050177	has_subclass	DOID_0080385
DOID_0050177	has_subclass	DOID_0080389
DOID_0050177	has_subclass	DOID_0080390
DOID_0050177	has_subclass	DOID_0080392
DOID_0050177	has_subclass	DOID_0080393
DOID_0050177	has_subclass	DOID_0080409
DOID_0050177	has_subclass	DOID_0080410
DOID_0050177	has_subclass	DOID_0080411
DOID_0050177	has_subclass	DOID_0080412
DOID_0050177	has_subclass	DOID_0080467
DOID_0050177	has_subclass	DOID_0080470
DOID_0050177	has_subclass	DOID_0080494
DOID_0050177	has_subclass	DOID_0080505
DOID_0050177	has_subclass	DOID_0080506
DOID_0050177	has_subclass	DOID_0080507
DOID_0050177	has_subclass	DOID_0080508
DOID_0050177	has_subclass	DOID_0080509
DOID_0050177	has_subclass	DOID_0080606
DOID_0050177	has_subclass	DOID_0080608
DOID_0050177	has_subclass	DOID_0080609
DOID_0050177	has_subclass	DOID_0080610
DOID_0050177	has_subclass	DOID_0080611
DOID_0050177	has_subclass	DOID_0080687
DOID_0050177	has_subclass	DOID_0080858
DOID_0050177	has_subclass	DOID_0080861
DOID_0050177	has_subclass	DOID_0080960
DOID_0050177	has_subclass	DOID_0081043
DOID_0050177	has_subclass	DOID_0081059
DOID_0050177	has_subclass	DOID_0081321
DOID_0050177	has_subclass	DOID_0090027
DOID_0050177	has_subclass	DOID_0110034
DOID_0050177	has_subclass	DOID_0110053
DOID_0050177	has_subclass	DOID_0110054
DOID_0050177	has_subclass	DOID_0110056
DOID_0050177	has_subclass	DOID_0110057
DOID_0050177	has_subclass	DOID_0110058
DOID_0050177	has_subclass	DOID_0110059
DOID_0050177	has_subclass	DOID_0110062
DOID_0050177	has_subclass	DOID_0110063
DOID_0050177	has_subclass	DOID_0110064
DOID_0050177	has_subclass	DOID_0110065
DOID_0050177	has_subclass	DOID_0110066
DOID_0050177	has_subclass	DOID_0110207
DOID_0050177	has_subclass	DOID_0110209
DOID_0050177	has_subclass	DOID_0110218
DOID_0050177	has_subclass	DOID_0110219
DOID_0050177	has_subclass	DOID_0110220
DOID_0050177	has_subclass	DOID_0110221
DOID_0050177	has_subclass	DOID_0110222
DOID_0050177	has_subclass	DOID_0110223
DOID_0050177	has_subclass	DOID_0110224
DOID_0050177	has_subclass	DOID_0110225
DOID_0050177	has_subclass	DOID_0110226
DOID_0050177	has_subclass	DOID_0110227
DOID_0050177	has_subclass	DOID_0110229
DOID_0050177	has_subclass	DOID_0110230
DOID_0050177	has_subclass	DOID_0110231
DOID_0050177	has_subclass	DOID_0110232
DOID_0050177	has_subclass	DOID_0110233
DOID_0050177	has_subclass	DOID_0110234
DOID_0050177	has_subclass	DOID_0110236
DOID_0050177	has_subclass	DOID_0110238
DOID_0050177	has_subclass	DOID_0110240
DOID_0050177	has_subclass	DOID_0110242
DOID_0050177	has_subclass	DOID_0110243
DOID_0050177	has_subclass	DOID_0110244
DOID_0050177	has_subclass	DOID_0110246
DOID_0050177	has_subclass	DOID_0110249
DOID_0050177	has_subclass	DOID_0110250
DOID_0050177	has_subclass	DOID_0110251
DOID_0050177	has_subclass	DOID_0110252
DOID_0050177	has_subclass	DOID_0110253
DOID_0050177	has_subclass	DOID_0110254
DOID_0050177	has_subclass	DOID_0110255
DOID_0050177	has_subclass	DOID_0110259
DOID_0050177	has_subclass	DOID_0110260
DOID_0050177	has_subclass	DOID_0110261
DOID_0050177	has_subclass	DOID_0110265
DOID_0050177	has_subclass	DOID_0110266
DOID_0050177	has_subclass	DOID_0110267
DOID_0050177	has_subclass	DOID_0110268
DOID_0050177	has_subclass	DOID_0110270
DOID_0050177	has_subclass	DOID_0110271
DOID_0050177	has_subclass	DOID_0110272
DOID_0050177	has_subclass	DOID_0110415
DOID_0050177	has_subclass	DOID_0110416
DOID_0050177	has_subclass	DOID_0110418
DOID_0050177	has_subclass	DOID_0110461
DOID_0050177	has_subclass	DOID_0110739
DOID_0050177	has_subclass	DOID_0110980
DOID_0050177	has_subclass	DOID_0110981
DOID_0050177	has_subclass	DOID_0110982
DOID_0050177	has_subclass	DOID_0110983
DOID_0050177	has_subclass	DOID_0110984
DOID_0050177	has_subclass	DOID_0110985
DOID_0050177	has_subclass	DOID_0110986
DOID_0050177	has_subclass	DOID_0110987
DOID_0050177	has_subclass	DOID_0110988
DOID_0050177	has_subclass	DOID_0110989
DOID_0050177	has_subclass	DOID_0110990
DOID_0050177	has_subclass	DOID_0110991
DOID_0050177	has_subclass	DOID_0110992
DOID_0050177	has_subclass	DOID_0110993
DOID_0050177	has_subclass	DOID_0110994
DOID_0050177	has_subclass	DOID_0110995
DOID_0050177	has_subclass	DOID_0110996
DOID_0050177	has_subclass	DOID_0110997
DOID_0050177	has_subclass	DOID_0110998
DOID_0050177	has_subclass	DOID_0110999
DOID_0050177	has_subclass	DOID_0111000
DOID_0050177	has_subclass	DOID_0111001
DOID_0050177	has_subclass	DOID_0111002
DOID_0050177	has_subclass	DOID_0111003
DOID_0050177	has_subclass	DOID_0111004
DOID_0050177	has_subclass	DOID_0111160
DOID_0050177	has_subclass	DOID_0111349
DOID_0050177	has_subclass	DOID_0111388
DOID_0050177	has_subclass	DOID_0111411
DOID_0050177	has_subclass	DOID_0111460
DOID_0050177	has_subclass	DOID_0111461
DOID_0050177	has_subclass	DOID_0111463
DOID_0050177	has_subclass	DOID_0111578
DOID_0050177	has_subclass	DOID_0111735
DOID_0050177	has_subclass	DOID_0111736
DOID_0050177	has_subclass	DOID_0111737
DOID_0050177	has_subclass	DOID_0111738
DOID_0050177	has_subclass	DOID_0111739
DOID_0050177	has_subclass	DOID_0111740
DOID_0050177	has_subclass	DOID_0111761
DOID_0050177	has_subclass	DOID_0111762
DOID_0050177	has_subclass	DOID_0111765
DOID_0050177	has_subclass	DOID_0111777
DOID_0050177	has_subclass	DOID_0111778
DOID_0050177	has_subclass	DOID_0111779
DOID_0050177	has_subclass	DOID_0111780
DOID_0050177	has_subclass	DOID_0111783
DOID_0050177	has_subclass	DOID_0111784
DOID_0050177	has_subclass	DOID_0111788
DOID_0050177	has_subclass	DOID_0111796
DOID_0050177	has_subclass	DOID_0111799
DOID_0050177	has_subclass	DOID_0111800
DOID_0050177	has_subclass	DOID_0111802
DOID_0050177	has_subclass	DOID_0111803
DOID_0050177	has_subclass	DOID_0111808
DOID_0050177	has_subclass	DOID_0111809
DOID_0050177	has_subclass	DOID_0111811
DOID_0050177	has_subclass	DOID_0111822
DOID_0050177	has_subclass	DOID_0111826
DOID_0050177	has_subclass	DOID_0111828
DOID_0050177	has_subclass	DOID_0111829
DOID_0050177	has_subclass	DOID_0111830
DOID_0050177	has_subclass	DOID_0111831
DOID_0050177	has_subclass	DOID_0111832
DOID_0050177	has_subclass	DOID_0111833
DOID_0050177	has_subclass	DOID_0111834
DOID_0050177	has_subclass	DOID_0111861
DOID_0050177	has_subclass	DOID_0111868
DOID_0050177	has_subclass	DOID_0111876
DOID_0050177	has_subclass	DOID_0111877
DOID_0050177	has_subclass	DOID_0111908
DOID_0050177	has_subclass	DOID_0112016
DOID_0050177	has_subclass	DOID_0112017
DOID_0050177	has_subclass	DOID_0112018
DOID_0050177	has_subclass	DOID_0112019
DOID_0050177	has_subclass	DOID_0112020
DOID_0050177	has_subclass	DOID_0112021
DOID_0050177	has_subclass	DOID_0112022
DOID_0050177	has_subclass	DOID_0112023
DOID_0050177	has_subclass	DOID_0112024
DOID_0050177	has_subclass	DOID_0112026
DOID_0050177	has_subclass	DOID_0112027
DOID_0050177	has_subclass	DOID_0112028
DOID_0050177	has_subclass	DOID_0112029
DOID_0050177	has_subclass	DOID_0112030
DOID_0050177	has_subclass	DOID_0112031
DOID_0050177	has_subclass	DOID_0112032
DOID_0050177	has_subclass	DOID_0112033
DOID_0050177	has_subclass	DOID_0112034
DOID_0050177	has_subclass	DOID_0112035
DOID_0050177	has_subclass	DOID_0112036
DOID_0050177	has_subclass	DOID_0112037
DOID_0050177	has_subclass	DOID_0112038
DOID_0050177	has_subclass	DOID_0112039
DOID_0050177	has_subclass	DOID_0112040
DOID_0050177	has_subclass	DOID_0112041
DOID_0050177	has_subclass	DOID_0112043
DOID_0050177	has_subclass	DOID_0112044
DOID_0050177	has_subclass	DOID_0112045
DOID_0050177	has_subclass	DOID_0112046
DOID_0050177	has_subclass	DOID_0112047
DOID_0050177	has_subclass	DOID_0112048
DOID_0050177	has_subclass	DOID_0112049
DOID_0050177	has_subclass	DOID_0112050
DOID_0050177	has_subclass	DOID_0112051
DOID_0050177	has_subclass	DOID_0112052
DOID_0050177	has_subclass	DOID_0112053
DOID_0050177	has_subclass	DOID_0112054
DOID_0050177	has_subclass	DOID_0112055
DOID_0050177	has_subclass	DOID_0112057
DOID_0050177	has_subclass	DOID_0112058
DOID_0050177	has_subclass	DOID_0112059
DOID_0050177	has_subclass	DOID_0112060
DOID_0050177	has_subclass	DOID_0112102
DOID_0050177	has_subclass	DOID_0112103
DOID_0050177	has_subclass	DOID_0112104
DOID_0050177	has_subclass	DOID_0112106
DOID_0050177	has_subclass	DOID_0112107
DOID_0050177	has_subclass	DOID_0112122
DOID_0050177	has_subclass	DOID_0112123
DOID_0050177	has_subclass	DOID_0112124
DOID_0050177	has_subclass	DOID_0112143
DOID_0050177	has_subclass	DOID_0112151
DOID_0050177	has_subclass	DOID_0112161
DOID_0050177	has_subclass	DOID_0112169
DOID_0050177	has_subclass	DOID_0112173
DOID_0050177	has_subclass	DOID_0112190
DOID_0050177	has_subclass	DOID_0112227
DOID_0050177	has_subclass	DOID_0112238
DOID_0050177	has_subclass	DOID_0112239
DOID_0050177	has_subclass	DOID_0112245
DOID_0050177	has_subclass	DOID_0112267
DOID_0050177	has_subclass	DOID_0112268
DOID_0050177	has_subclass	DOID_10997
DOID_0050177	has_subclass	DOID_11211
DOID_0050177	has_subclass	DOID_11212
DOID_0050177	has_subclass	DOID_13328
DOID_0050177	has_subclass	DOID_13574
DOID_0050177	has_subclass	DOID_13717
DOID_0050177	has_subclass	DOID_13822
DOID_0050177	has_subclass	DOID_13963
DOID_0050177	has_subclass	DOID_13964
DOID_0050177	has_subclass	DOID_14261
DOID_0050177	has_subclass	DOID_14737
DOID_0050177	has_subclass	DOID_14748
DOID_0050177	has_subclass	DOID_14778
DOID_0050177	has_subclass	DOID_1858
DOID_0050177	has_subclass	DOID_2120
DOID_0050177	has_subclass	DOID_2229
DOID_0050177	has_subclass	DOID_2987
DOID_0050177	has_subclass	DOID_3783
DOID_0050177	has_subclass	DOID_82
DOID_0050177	has_subclass	DOID_9669
DOID_0050292	has_subclass	DOID_11315
DOID_0050292	has_subclass	DOID_1759
DOID_0050338	has_subclass	DOID_0050025
DOID_0050338	has_subclass	DOID_0050026
DOID_0050338	has_subclass	DOID_0050141
DOID_0050338	has_subclass	DOID_0050150
DOID_0050338	has_subclass	DOID_0050352
DOID_0050338	has_subclass	DOID_0050353
DOID_0050338	has_subclass	DOID_0050354
DOID_0050338	has_subclass	DOID_0050382
DOID_0050338	has_subclass	DOID_0050383
DOID_0050338	has_subclass	DOID_0050398
DOID_0050338	has_subclass	DOID_0060345
DOID_0050338	has_subclass	DOID_10398
DOID_0050338	has_subclass	DOID_10773
DOID_0050338	has_subclass	DOID_11101
DOID_0050338	has_subclass	DOID_11258
DOID_0050338	has_subclass	DOID_11990
DOID_0050338	has_subclass	DOID_13226
DOID_0050338	has_subclass	DOID_13521
DOID_0050338	has_subclass	DOID_14239
DOID_0050338	has_subclass	DOID_2122
DOID_0050338	has_subclass	DOID_3481
DOID_0050339	has_subclass	DOID_11750
DOID_0050428	has_subclass	DOID_0090128
DOID_0050428	has_subclass	DOID_0111709
DOID_0050439	has_subclass	DOID_0070655
DOID_0050439	has_subclass	DOID_0110830
DOID_0050439	has_subclass	DOID_0110831
DOID_0050439	has_subclass	DOID_0110832
DOID_0050439	has_subclass	DOID_0110833
DOID_0050439	has_subclass	DOID_0110834
DOID_0050439	has_subclass	DOID_0110835
DOID_0050439	has_subclass	DOID_0110837
DOID_0050439	has_subclass	DOID_0110838
DOID_0050439	has_subclass	DOID_0110839
DOID_0050439	has_subclass	DOID_0110840
DOID_0050453	has_subclass	DOID_0112235
DOID_0050486	has_subclass	DOID_8743
DOID_0050557	has_subclass	DOID_0050559
DOID_0050557	has_subclass	DOID_0050588
DOID_0050557	has_subclass	DOID_0060942
DOID_0050557	has_subclass	DOID_0060943
DOID_0050557	has_subclass	DOID_0060946
DOID_0050557	has_subclass	DOID_0060948
DOID_0050557	has_subclass	DOID_0061198
DOID_0050557	has_subclass	DOID_0061199
DOID_0050557	has_subclass	DOID_0061200
DOID_0050557	has_subclass	DOID_0061201
DOID_0050557	has_subclass	DOID_0110635
DOID_0050557	has_subclass	DOID_0110637
DOID_0050557	has_subclass	DOID_0111229
DOID_0050557	has_subclass	DOID_0111230
DOID_0050557	has_subclass	DOID_0111231
DOID_0050557	has_subclass	DOID_0111232
DOID_0050557	has_subclass	DOID_0111233
DOID_0050557	has_subclass	DOID_0111234
DOID_0050557	has_subclass	DOID_0111235
DOID_0050557	has_subclass	DOID_0111236
DOID_0050557	has_subclass	DOID_0111237
DOID_0050557	has_subclass	DOID_0111238
DOID_0050557	has_subclass	DOID_0111239
DOID_0050557	has_subclass	DOID_0111240
DOID_0050557	has_subclass	DOID_0111241
DOID_0050557	has_subclass	DOID_0111242
DOID_0050557	has_subclass	DOID_0112375
DOID_0050557	has_subclass	DOID_0112376
DOID_0050557	has_subclass	DOID_0112380
DOID_0050563	has_subclass	DOID_0060690
DOID_0050563	has_subclass	DOID_0070601
DOID_0050563	has_subclass	DOID_0070602
DOID_0050563	has_subclass	DOID_0070603
DOID_0050563	has_subclass	DOID_0070604
DOID_0050563	has_subclass	DOID_0070605
DOID_0050563	has_subclass	DOID_0070606
DOID_0050563	has_subclass	DOID_0070607
DOID_0050563	has_subclass	DOID_0070608
DOID_0050563	has_subclass	DOID_0070609
DOID_0050563	has_subclass	DOID_0070610
DOID_0050563	has_subclass	DOID_0070611
DOID_0050563	has_subclass	DOID_0070612
DOID_0050563	has_subclass	DOID_0080267
DOID_0050563	has_subclass	DOID_0080268
DOID_0050563	has_subclass	DOID_0080269
DOID_0050563	has_subclass	DOID_0080270
DOID_0050563	has_subclass	DOID_0110541
DOID_0050563	has_subclass	DOID_0110542
DOID_0050563	has_subclass	DOID_0110543
DOID_0050563	has_subclass	DOID_0110544
DOID_0050563	has_subclass	DOID_0110545
DOID_0050563	has_subclass	DOID_0110546
DOID_0050563	has_subclass	DOID_0110547
DOID_0050563	has_subclass	DOID_0110548
DOID_0050563	has_subclass	DOID_0110549
DOID_0050563	has_subclass	DOID_0110550
DOID_0050563	has_subclass	DOID_0110551
DOID_0050563	has_subclass	DOID_0110552
DOID_0050563	has_subclass	DOID_0110553
DOID_0050563	has_subclass	DOID_0110554
DOID_0050563	has_subclass	DOID_0110555
DOID_0050563	has_subclass	DOID_0110556
DOID_0050563	has_subclass	DOID_0110557
DOID_0050563	has_subclass	DOID_0110558
DOID_0050563	has_subclass	DOID_0110559
DOID_0050563	has_subclass	DOID_0110560
DOID_0050563	has_subclass	DOID_0110561
DOID_0050563	has_subclass	DOID_0110562
DOID_0050563	has_subclass	DOID_0110563
DOID_0050563	has_subclass	DOID_0110564
DOID_0050563	has_subclass	DOID_0110565
DOID_0050563	has_subclass	DOID_0110566
DOID_0050563	has_subclass	DOID_0110567
DOID_0050563	has_subclass	DOID_0110568
DOID_0050563	has_subclass	DOID_0110569
DOID_0050563	has_subclass	DOID_0110570
DOID_0050563	has_subclass	DOID_0110571
DOID_0050563	has_subclass	DOID_0110572
DOID_0050563	has_subclass	DOID_0110573
DOID_0050563	has_subclass	DOID_0110574
DOID_0050563	has_subclass	DOID_0110575
DOID_0050563	has_subclass	DOID_0110576
DOID_0050563	has_subclass	DOID_0110577
DOID_0050563	has_subclass	DOID_0110579
DOID_0050563	has_subclass	DOID_0110580
DOID_0050563	has_subclass	DOID_0110581
DOID_0050563	has_subclass	DOID_0110582
DOID_0050563	has_subclass	DOID_0110583
DOID_0050563	has_subclass	DOID_0110584
DOID_0050563	has_subclass	DOID_0110585
DOID_0050563	has_subclass	DOID_0110586
DOID_0050563	has_subclass	DOID_0110587
DOID_0050563	has_subclass	DOID_0110588
DOID_0050563	has_subclass	DOID_0110589
DOID_0050563	has_subclass	DOID_0110590
DOID_0050563	has_subclass	DOID_0110591
DOID_0050563	has_subclass	DOID_0110592
DOID_0050563	has_subclass	DOID_0110593
DOID_0050563	has_subclass	DOID_0111734
DOID_0050563	has_subclass	DOID_0111735
DOID_0050563	has_subclass	DOID_0111736
DOID_0050563	has_subclass	DOID_0111737
DOID_0050563	has_subclass	DOID_0111738
DOID_0050563	has_subclass	DOID_0111739
DOID_0050563	has_subclass	DOID_0111740
DOID_0050563	has_subclass	DOID_0112159
DOID_0050563	has_subclass	DOID_0112160
DOID_0050563	has_subclass	DOID_0112165
DOID_0050563	has_subclass	DOID_0112166
DOID_0050563	has_subclass	DOID_0112167
DOID_0050563	has_subclass	DOID_0112168
DOID_0050563	has_subclass	DOID_0112373
DOID_0050567	has_subclass	DOID_0060613
DOID_0050567	has_subclass	DOID_0110213
DOID_0050567	has_subclass	DOID_0110214
DOID_0050573	has_subclass	DOID_0111351
DOID_0050573	has_subclass	DOID_0111352
DOID_0050589	has_subclass	DOID_0060181
DOID_0050589	has_subclass	DOID_0060185
DOID_0050589	has_subclass	DOID_0060186
DOID_0050589	has_subclass	DOID_0060187
DOID_0050589	has_subclass	DOID_8577
DOID_0050590	has_subclass	DOID_0112131
DOID_0050590	has_subclass	DOID_0112135
DOID_0050593	has_subclass	DOID_11211
DOID_0050598	has_subclass	DOID_13282
DOID_0050598	has_subclass	DOID_402
DOID_0050598	has_subclass	DOID_404
DOID_0050598	has_subclass	DOID_407
DOID_0050598	has_subclass	DOID_7332
DOID_0050598	has_subclass	DOID_9305
DOID_0050598	has_subclass	DOID_9801
DOID_0050599	has_subclass	DOID_13282
DOID_0050599	has_subclass	DOID_402
DOID_0050599	has_subclass	DOID_407
DOID_0050599	has_subclass	DOID_7332
DOID_0050599	has_subclass	DOID_9801
DOID_0050615	has_subclass	DOID_0050919
DOID_0050615	has_subclass	DOID_0080799
DOID_0050615	has_subclass	DOID_12001
DOID_0050615	has_subclass	DOID_12002
DOID_0050615	has_subclass	DOID_12003
DOID_0050615	has_subclass	DOID_1355
DOID_0050615	has_subclass	DOID_1357
DOID_0050615	has_subclass	DOID_1360
DOID_0050615	has_subclass	DOID_1362
DOID_0050615	has_subclass	DOID_1363
DOID_0050615	has_subclass	DOID_2441
DOID_0050615	has_subclass	DOID_2442
DOID_0050615	has_subclass	DOID_2763
DOID_0050615	has_subclass	DOID_2764
DOID_0050615	has_subclass	DOID_2766
DOID_0050615	has_subclass	DOID_4003
DOID_0050615	has_subclass	DOID_4875
DOID_0050615	has_subclass	DOID_4876
DOID_0050615	has_subclass	DOID_7198
DOID_0050615	has_subclass	DOID_7381
DOID_0050615	has_subclass	DOID_7684
DOID_0050615	has_subclass	DOID_7910
DOID_0050619	has_subclass	DOID_2441
DOID_0050619	has_subclass	DOID_2763
DOID_0050619	has_subclass	DOID_2764
DOID_0050619	has_subclass	DOID_2766
DOID_0050619	has_subclass	DOID_4003
DOID_0050619	has_subclass	DOID_7198
DOID_0050619	has_subclass	DOID_7684
DOID_0050619	has_subclass	DOID_7910
DOID_0050621	has_subclass	DOID_10069
DOID_0050621	has_subclass	DOID_10070
DOID_0050621	has_subclass	DOID_10071
DOID_0050621	has_subclass	DOID_1358
DOID_0050621	has_subclass	DOID_2597
DOID_0050621	has_subclass	DOID_472
DOID_0050621	has_subclass	DOID_490
DOID_0050621	has_subclass	DOID_5364
DOID_0050621	has_subclass	DOID_5386
DOID_0050621	has_subclass	DOID_5457
DOID_0050621	has_subclass	DOID_5763
DOID_0050621	has_subclass	DOID_5767
DOID_0050621	has_subclass	DOID_6947
DOID_0050621	has_subclass	DOID_7105
DOID_0050621	has_subclass	DOID_7678
DOID_0050621	has_subclass	DOID_7679
DOID_0050621	has_subclass	DOID_7868
DOID_0050621	has_subclass	DOID_8002
DOID_0050621	has_subclass	DOID_8093
DOID_0050622	has_subclass	DOID_0060088
DOID_0050622	has_subclass	DOID_0060095
DOID_0050622	has_subclass	DOID_0060109
DOID_0050622	has_subclass	DOID_0060110
DOID_0050622	has_subclass	DOID_0060112
DOID_0050622	has_subclass	DOID_0080365
DOID_0050622	has_subclass	DOID_10206
DOID_0050622	has_subclass	DOID_13222
DOID_0050622	has_subclass	DOID_13223
DOID_0050622	has_subclass	DOID_13560
DOID_0050622	has_subclass	DOID_1371
DOID_0050622	has_subclass	DOID_1373
DOID_0050622	has_subclass	DOID_13951
DOID_0050622	has_subclass	DOID_13953
DOID_0050622	has_subclass	DOID_13955
DOID_0050622	has_subclass	DOID_13956
DOID_0050622	has_subclass	DOID_13957
DOID_0050622	has_subclass	DOID_13958
DOID_0050622	has_subclass	DOID_2060
DOID_0050622	has_subclass	DOID_2064
DOID_0050622	has_subclass	DOID_2066
DOID_0050622	has_subclass	DOID_2068
DOID_0050622	has_subclass	DOID_2075
DOID_0050622	has_subclass	DOID_2080
DOID_0050622	has_subclass	DOID_2636
DOID_0050622	has_subclass	DOID_2640
DOID_0050622	has_subclass	DOID_2691
DOID_0050622	has_subclass	DOID_277
DOID_0050622	has_subclass	DOID_3267
DOID_0050622	has_subclass	DOID_3269
DOID_0050622	has_subclass	DOID_3578
DOID_0050622	has_subclass	DOID_4994
DOID_0050622	has_subclass	DOID_4995
DOID_0050622	has_subclass	DOID_5043
DOID_0050622	has_subclass	DOID_5117
DOID_0050622	has_subclass	DOID_5142
DOID_0050622	has_subclass	DOID_5382
DOID_0050622	has_subclass	DOID_5475
DOID_0050622	has_subclass	DOID_5476
DOID_0050622	has_subclass	DOID_5482
DOID_0050622	has_subclass	DOID_5726
DOID_0050622	has_subclass	DOID_5895
DOID_0050622	has_subclass	DOID_5896
DOID_0050622	has_subclass	DOID_5897
DOID_0050622	has_subclass	DOID_5915
DOID_0050622	has_subclass	DOID_5916
DOID_0050622	has_subclass	DOID_5917
DOID_0050622	has_subclass	DOID_6211
DOID_0050622	has_subclass	DOID_6468
DOID_0050622	has_subclass	DOID_6469
DOID_0050622	has_subclass	DOID_6518
DOID_0050622	has_subclass	DOID_7013
DOID_0050622	has_subclass	DOID_7191
DOID_0050622	has_subclass	DOID_7878
DOID_0050622	has_subclass	DOID_7880
DOID_0050622	has_subclass	DOID_8177
DOID_0050622	has_subclass	DOID_8178
DOID_0050622	has_subclass	DOID_8179
DOID_0050622	has_subclass	DOID_9442
DOID_0050622	has_subclass	DOID_9445
DOID_0050624	has_subclass	DOID_0050625
DOID_0050624	has_subclass	DOID_0050868
DOID_0050624	has_subclass	DOID_0050893
DOID_0050624	has_subclass	DOID_0080640
DOID_0050624	has_subclass	DOID_0111366
DOID_0050624	has_subclass	DOID_10201
DOID_0050624	has_subclass	DOID_10209
DOID_0050624	has_subclass	DOID_3120
DOID_0050624	has_subclass	DOID_3317
DOID_0050624	has_subclass	DOID_3892
DOID_0050624	has_subclass	DOID_3917
DOID_0050624	has_subclass	DOID_4608
DOID_0050624	has_subclass	DOID_4715
DOID_0050624	has_subclass	DOID_5125
DOID_0050624	has_subclass	DOID_5140
DOID_0050624	has_subclass	DOID_5468
DOID_0050624	has_subclass	DOID_5469
DOID_0050624	has_subclass	DOID_7235
DOID_0050624	has_subclass	DOID_7402
DOID_0050624	has_subclass	DOID_7735
DOID_0050624	has_subclass	DOID_7752
DOID_0050624	has_subclass	DOID_8230
DOID_0050624	has_subclass	DOID_907
DOID_0050624	has_subclass	DOID_916
DOID_0050624	has_subclass	DOID_917
DOID_0050625	has_subclass	DOID_0050893
DOID_0050625	has_subclass	DOID_10201
DOID_0050625	has_subclass	DOID_3120
DOID_0050625	has_subclass	DOID_5140
DOID_0050625	has_subclass	DOID_7752
DOID_0050625	has_subclass	DOID_8230
DOID_0050646	has_subclass	DOID_0111597
DOID_0050646	has_subclass	DOID_0111598
DOID_0050686	has_subclass	DOID_0050619
DOID_0050686	has_subclass	DOID_0050626
DOID_0050686	has_subclass	DOID_0050744
DOID_0050686	has_subclass	DOID_0050745
DOID_0050686	has_subclass	DOID_0050746
DOID_0050686	has_subclass	DOID_0050750
DOID_0050686	has_subclass	DOID_0050865
DOID_0050686	has_subclass	DOID_0050866
DOID_0050686	has_subclass	DOID_0050873
DOID_0050686	has_subclass	DOID_0050903
DOID_0050686	has_subclass	DOID_0050908
DOID_0050686	has_subclass	DOID_0050911
DOID_0050686	has_subclass	DOID_0050918
DOID_0050686	has_subclass	DOID_0050919
DOID_0050686	has_subclass	DOID_0050925
DOID_0050686	has_subclass	DOID_0050928
DOID_0050686	has_subclass	DOID_0050933
DOID_0050686	has_subclass	DOID_0050934
DOID_0050686	has_subclass	DOID_0050937
DOID_0050686	has_subclass	DOID_0060058
DOID_0050686	has_subclass	DOID_0060060
DOID_0050686	has_subclass	DOID_0060103
DOID_0050686	has_subclass	DOID_0060106
DOID_0050686	has_subclass	DOID_0060116
DOID_0050686	has_subclass	DOID_0060592
DOID_0050686	has_subclass	DOID_0060761
DOID_0050686	has_subclass	DOID_0060888
DOID_0050686	has_subclass	DOID_0060901
DOID_0050686	has_subclass	DOID_0070004
DOID_0050686	has_subclass	DOID_0070324
DOID_0050686	has_subclass	DOID_0070623
DOID_0050686	has_subclass	DOID_0070624
DOID_0050686	has_subclass	DOID_0070625
DOID_0050686	has_subclass	DOID_0070626
DOID_0050686	has_subclass	DOID_0070627
DOID_0050686	has_subclass	DOID_0070628
DOID_0050686	has_subclass	DOID_0080146
DOID_0050686	has_subclass	DOID_0080149
DOID_0050686	has_subclass	DOID_0080164
DOID_0050686	has_subclass	DOID_0080165
DOID_0050686	has_subclass	DOID_0080166
DOID_0050686	has_subclass	DOID_0080167
DOID_0050686	has_subclass	DOID_0080192
DOID_0050686	has_subclass	DOID_0080210
DOID_0050686	has_subclass	DOID_0080532
DOID_0050686	has_subclass	DOID_0080630
DOID_0050686	has_subclass	DOID_0080638
DOID_0050686	has_subclass	DOID_0080643
DOID_0050686	has_subclass	DOID_0080644
DOID_0050686	has_subclass	DOID_0080645
DOID_0050686	has_subclass	DOID_0080646
DOID_0050686	has_subclass	DOID_0080647
DOID_0050686	has_subclass	DOID_0080648
DOID_0050686	has_subclass	DOID_0080649
DOID_0050686	has_subclass	DOID_0080650
DOID_0050686	has_subclass	DOID_0080651
DOID_0050686	has_subclass	DOID_0080779
DOID_0050686	has_subclass	DOID_0080799
DOID_0050686	has_subclass	DOID_0080900
DOID_0050686	has_subclass	DOID_0080903
DOID_0050686	has_subclass	DOID_0080905
DOID_0050686	has_subclass	DOID_0080906
DOID_0050686	has_subclass	DOID_0080909
DOID_0050686	has_subclass	DOID_0080915
DOID_0050686	has_subclass	DOID_0080996
DOID_0050686	has_subclass	DOID_0080997
DOID_0050686	has_subclass	DOID_0081004
DOID_0050686	has_subclass	DOID_0081041
DOID_0050686	has_subclass	DOID_0081042
DOID_0050686	has_subclass	DOID_0081064
DOID_0050686	has_subclass	DOID_0081065
DOID_0050686	has_subclass	DOID_0081066
DOID_0050686	has_subclass	DOID_0081067
DOID_0050686	has_subclass	DOID_0081068
DOID_0050686	has_subclass	DOID_0081069
DOID_0050686	has_subclass	DOID_0081070
DOID_0050686	has_subclass	DOID_0081071
DOID_0050686	has_subclass	DOID_0081088
DOID_0050686	has_subclass	DOID_0081286
DOID_0050686	has_subclass	DOID_0081311
DOID_0050686	has_subclass	DOID_0081313
DOID_0050686	has_subclass	DOID_0081315
DOID_0050686	has_subclass	DOID_0081316
DOID_0050686	has_subclass	DOID_0081411
DOID_0050686	has_subclass	DOID_0081412
DOID_0050686	has_subclass	DOID_0081452
DOID_0050686	has_subclass	DOID_0111344
DOID_0050686	has_subclass	DOID_10020
DOID_0050686	has_subclass	DOID_10021
DOID_0050686	has_subclass	DOID_10146
DOID_0050686	has_subclass	DOID_10154
DOID_0050686	has_subclass	DOID_10155
DOID_0050686	has_subclass	DOID_10283
DOID_0050686	has_subclass	DOID_10286
DOID_0050686	has_subclass	DOID_10287
DOID_0050686	has_subclass	DOID_10289
DOID_0050686	has_subclass	DOID_10290
DOID_0050686	has_subclass	DOID_1035
DOID_0050686	has_subclass	DOID_10366
DOID_0050686	has_subclass	DOID_10368
DOID_0050686	has_subclass	DOID_1039
DOID_0050686	has_subclass	DOID_1040
DOID_0050686	has_subclass	DOID_10540
DOID_0050686	has_subclass	DOID_10813
DOID_0050686	has_subclass	DOID_10816
DOID_0050686	has_subclass	DOID_1106
DOID_0050686	has_subclass	DOID_11239
DOID_0050686	has_subclass	DOID_11241
DOID_0050686	has_subclass	DOID_116
DOID_0050686	has_subclass	DOID_117
DOID_0050686	has_subclass	DOID_11821
DOID_0050686	has_subclass	DOID_119
DOID_0050686	has_subclass	DOID_11920
DOID_0050686	has_subclass	DOID_120
DOID_0050686	has_subclass	DOID_12001
DOID_0050686	has_subclass	DOID_12002
DOID_0050686	has_subclass	DOID_12003
DOID_0050686	has_subclass	DOID_12016
DOID_0050686	has_subclass	DOID_12253
DOID_0050686	has_subclass	DOID_12276
DOID_0050686	has_subclass	DOID_12286
DOID_0050686	has_subclass	DOID_12339
DOID_0050686	has_subclass	DOID_12341
DOID_0050686	has_subclass	DOID_1240
DOID_0050686	has_subclass	DOID_12965
DOID_0050686	has_subclass	DOID_12969
DOID_0050686	has_subclass	DOID_13005
DOID_0050686	has_subclass	DOID_13169
DOID_0050686	has_subclass	DOID_1319
DOID_0050686	has_subclass	DOID_134
DOID_0050686	has_subclass	DOID_1355
DOID_0050686	has_subclass	DOID_1357
DOID_0050686	has_subclass	DOID_136
DOID_0050686	has_subclass	DOID_1360
DOID_0050686	has_subclass	DOID_1362
DOID_0050686	has_subclass	DOID_1363
DOID_0050686	has_subclass	DOID_138
DOID_0050686	has_subclass	DOID_13996
DOID_0050686	has_subclass	DOID_14150
DOID_0050686	has_subclass	DOID_14384
DOID_0050686	has_subclass	DOID_14489
DOID_0050686	has_subclass	DOID_14535
DOID_0050686	has_subclass	DOID_14545
DOID_0050686	has_subclass	DOID_1522
DOID_0050686	has_subclass	DOID_1523
DOID_0050686	has_subclass	DOID_1542
DOID_0050686	has_subclass	DOID_1659
DOID_0050686	has_subclass	DOID_1703
DOID_0050686	has_subclass	DOID_171
DOID_0050686	has_subclass	DOID_1752
DOID_0050686	has_subclass	DOID_1792
DOID_0050686	has_subclass	DOID_1901
DOID_0050686	has_subclass	DOID_1910
DOID_0050686	has_subclass	DOID_2127
DOID_0050686	has_subclass	DOID_2129
DOID_0050686	has_subclass	DOID_2132
DOID_0050686	has_subclass	DOID_2133
DOID_0050686	has_subclass	DOID_2135
DOID_0050686	has_subclass	DOID_2143
DOID_0050686	has_subclass	DOID_2145
DOID_0050686	has_subclass	DOID_2146
DOID_0050686	has_subclass	DOID_2150
DOID_0050686	has_subclass	DOID_2151
DOID_0050686	has_subclass	DOID_2152
DOID_0050686	has_subclass	DOID_2153
DOID_0050686	has_subclass	DOID_2155
DOID_0050686	has_subclass	DOID_2156
DOID_0050686	has_subclass	DOID_2174
DOID_0050686	has_subclass	DOID_2224
DOID_0050686	has_subclass	DOID_2226
DOID_0050686	has_subclass	DOID_2394
DOID_0050686	has_subclass	DOID_2441
DOID_0050686	has_subclass	DOID_2442
DOID_0050686	has_subclass	DOID_2526
DOID_0050686	has_subclass	DOID_2641
DOID_0050686	has_subclass	DOID_2763
DOID_0050686	has_subclass	DOID_2764
DOID_0050686	has_subclass	DOID_2766
DOID_0050686	has_subclass	DOID_285
DOID_0050686	has_subclass	DOID_295
DOID_0050686	has_subclass	DOID_2992
DOID_0050686	has_subclass	DOID_2998
DOID_0050686	has_subclass	DOID_3024
DOID_0050686	has_subclass	DOID_3234
DOID_0050686	has_subclass	DOID_3251
DOID_0050686	has_subclass	DOID_3252
DOID_0050686	has_subclass	DOID_3264
DOID_0050686	has_subclass	DOID_3275
DOID_0050686	has_subclass	DOID_3277
DOID_0050686	has_subclass	DOID_3278
DOID_0050686	has_subclass	DOID_3279
DOID_0050686	has_subclass	DOID_3280
DOID_0050686	has_subclass	DOID_3281
DOID_0050686	has_subclass	DOID_3283
DOID_0050686	has_subclass	DOID_3501
DOID_0050686	has_subclass	DOID_3502
DOID_0050686	has_subclass	DOID_3504
DOID_0050686	has_subclass	DOID_355
DOID_0050686	has_subclass	DOID_3559
DOID_0050686	has_subclass	DOID_3604
DOID_0050686	has_subclass	DOID_3605
DOID_0050686	has_subclass	DOID_3620
DOID_0050686	has_subclass	DOID_3640
DOID_0050686	has_subclass	DOID_3644
DOID_0050686	has_subclass	DOID_3664
DOID_0050686	has_subclass	DOID_3666
DOID_0050686	has_subclass	DOID_368
DOID_0050686	has_subclass	DOID_3693
DOID_0050686	has_subclass	DOID_3703
DOID_0050686	has_subclass	DOID_3713
DOID_0050686	has_subclass	DOID_3856
DOID_0050686	has_subclass	DOID_3865
DOID_0050686	has_subclass	DOID_3870
DOID_0050686	has_subclass	DOID_4001
DOID_0050686	has_subclass	DOID_4003
DOID_0050686	has_subclass	DOID_4011
DOID_0050686	has_subclass	DOID_4048
DOID_0050686	has_subclass	DOID_4054
DOID_0050686	has_subclass	DOID_4055
DOID_0050686	has_subclass	DOID_4084
DOID_0050686	has_subclass	DOID_4087
DOID_0050686	has_subclass	DOID_4115
DOID_0050686	has_subclass	DOID_4117
DOID_0050686	has_subclass	DOID_4164
DOID_0050686	has_subclass	DOID_4217
DOID_0050686	has_subclass	DOID_4438
DOID_0050686	has_subclass	DOID_4439
DOID_0050686	has_subclass	DOID_4441
DOID_0050686	has_subclass	DOID_4504
DOID_0050686	has_subclass	DOID_4524
DOID_0050686	has_subclass	DOID_4527
DOID_0050686	has_subclass	DOID_4554
DOID_0050686	has_subclass	DOID_4555
DOID_0050686	has_subclass	DOID_4584
DOID_0050686	has_subclass	DOID_4678
DOID_0050686	has_subclass	DOID_4699
DOID_0050686	has_subclass	DOID_4739
DOID_0050686	has_subclass	DOID_4788
DOID_0050686	has_subclass	DOID_4790
DOID_0050686	has_subclass	DOID_4791
DOID_0050686	has_subclass	DOID_4868
DOID_0050686	has_subclass	DOID_4875
DOID_0050686	has_subclass	DOID_4876
DOID_0050686	has_subclass	DOID_4894
DOID_0050686	has_subclass	DOID_4906
DOID_0050686	has_subclass	DOID_4907
DOID_0050686	has_subclass	DOID_4932
DOID_0050686	has_subclass	DOID_4955
DOID_0050686	has_subclass	DOID_4960
DOID_0050686	has_subclass	DOID_502
DOID_0050686	has_subclass	DOID_5057
DOID_0050686	has_subclass	DOID_512
DOID_0050686	has_subclass	DOID_5169
DOID_0050686	has_subclass	DOID_5170
DOID_0050686	has_subclass	DOID_5171
DOID_0050686	has_subclass	DOID_5207
DOID_0050686	has_subclass	DOID_5208
DOID_0050686	has_subclass	DOID_5254
DOID_0050686	has_subclass	DOID_5261
DOID_0050686	has_subclass	DOID_5262
DOID_0050686	has_subclass	DOID_5271
DOID_0050686	has_subclass	DOID_5282
DOID_0050686	has_subclass	DOID_5283
DOID_0050686	has_subclass	DOID_5284
DOID_0050686	has_subclass	DOID_5304
DOID_0050686	has_subclass	DOID_5308
DOID_0050686	has_subclass	DOID_5343
DOID_0050686	has_subclass	DOID_5349
DOID_0050686	has_subclass	DOID_5350
DOID_0050686	has_subclass	DOID_5351
DOID_0050686	has_subclass	DOID_5511
DOID_0050686	has_subclass	DOID_5520
DOID_0050686	has_subclass	DOID_5550
DOID_0050686	has_subclass	DOID_5557
DOID_0050686	has_subclass	DOID_5567
DOID_0050686	has_subclass	DOID_5621
DOID_0050686	has_subclass	DOID_5626
DOID_0050686	has_subclass	DOID_5628
DOID_0050686	has_subclass	DOID_5634
DOID_0050686	has_subclass	DOID_5677
DOID_0050686	has_subclass	DOID_5680
DOID_0050686	has_subclass	DOID_5681
DOID_0050686	has_subclass	DOID_5740
DOID_0050686	has_subclass	DOID_5744
DOID_0050686	has_subclass	DOID_5746
DOID_0050686	has_subclass	DOID_5772
DOID_0050686	has_subclass	DOID_5815
DOID_0050686	has_subclass	DOID_5820
DOID_0050686	has_subclass	DOID_5821
DOID_0050686	has_subclass	DOID_5823
DOID_0050686	has_subclass	DOID_5825
DOID_0050686	has_subclass	DOID_5826
DOID_0050686	has_subclass	DOID_5828
DOID_0050686	has_subclass	DOID_5874
DOID_0050686	has_subclass	DOID_5875
DOID_0050686	has_subclass	DOID_5877
DOID_0050686	has_subclass	DOID_5936
DOID_0050686	has_subclass	DOID_6003
DOID_0050686	has_subclass	DOID_6004
DOID_0050686	has_subclass	DOID_6015
DOID_0050686	has_subclass	DOID_6016
DOID_0050686	has_subclass	DOID_6018
DOID_0050686	has_subclass	DOID_6019
DOID_0050686	has_subclass	DOID_6033
DOID_0050686	has_subclass	DOID_6034
DOID_0050686	has_subclass	DOID_6037
DOID_0050686	has_subclass	DOID_6052
DOID_0050686	has_subclass	DOID_6082
DOID_0050686	has_subclass	DOID_6083
DOID_0050686	has_subclass	DOID_6112
DOID_0050686	has_subclass	DOID_6113
DOID_0050686	has_subclass	DOID_6115
DOID_0050686	has_subclass	DOID_6128
DOID_0050686	has_subclass	DOID_6162
DOID_0050686	has_subclass	DOID_6170
DOID_0050686	has_subclass	DOID_6179
DOID_0050686	has_subclass	DOID_6201
DOID_0050686	has_subclass	DOID_6212
DOID_0050686	has_subclass	DOID_6230
DOID_0050686	has_subclass	DOID_6262
DOID_0050686	has_subclass	DOID_6331
DOID_0050686	has_subclass	DOID_6337
DOID_0050686	has_subclass	DOID_6379
DOID_0050686	has_subclass	DOID_6408
DOID_0050686	has_subclass	DOID_6445
DOID_0050686	has_subclass	DOID_6451
DOID_0050686	has_subclass	DOID_6511
DOID_0050686	has_subclass	DOID_6512
DOID_0050686	has_subclass	DOID_6514
DOID_0050686	has_subclass	DOID_6547
DOID_0050686	has_subclass	DOID_6554
DOID_0050686	has_subclass	DOID_6654
DOID_0050686	has_subclass	DOID_6721
DOID_0050686	has_subclass	DOID_6723
DOID_0050686	has_subclass	DOID_6758
DOID_0050686	has_subclass	DOID_6759
DOID_0050686	has_subclass	DOID_6760
DOID_0050686	has_subclass	DOID_6774
DOID_0050686	has_subclass	DOID_6787
DOID_0050686	has_subclass	DOID_6788
DOID_0050686	has_subclass	DOID_6848
DOID_0050686	has_subclass	DOID_6867
DOID_0050686	has_subclass	DOID_6868
DOID_0050686	has_subclass	DOID_6871
DOID_0050686	has_subclass	DOID_6872
DOID_0050686	has_subclass	DOID_6898
DOID_0050686	has_subclass	DOID_6901
DOID_0050686	has_subclass	DOID_6903
DOID_0050686	has_subclass	DOID_6939
DOID_0050686	has_subclass	DOID_6958
DOID_0050686	has_subclass	DOID_7007
DOID_0050686	has_subclass	DOID_7037
DOID_0050686	has_subclass	DOID_707
DOID_0050686	has_subclass	DOID_711
DOID_0050686	has_subclass	DOID_712
DOID_0050686	has_subclass	DOID_713
DOID_0050686	has_subclass	DOID_7136
DOID_0050686	has_subclass	DOID_7141
DOID_0050686	has_subclass	DOID_7146
DOID_0050686	has_subclass	DOID_7152
DOID_0050686	has_subclass	DOID_7198
DOID_0050686	has_subclass	DOID_7214
DOID_0050686	has_subclass	DOID_7231
DOID_0050686	has_subclass	DOID_7232
DOID_0050686	has_subclass	DOID_7233
DOID_0050686	has_subclass	DOID_7246
DOID_0050686	has_subclass	DOID_7381
DOID_0050686	has_subclass	DOID_7398
DOID_0050686	has_subclass	DOID_7429
DOID_0050686	has_subclass	DOID_7430
DOID_0050686	has_subclass	DOID_7438
DOID_0050686	has_subclass	DOID_7474
DOID_0050686	has_subclass	DOID_7479
DOID_0050686	has_subclass	DOID_7502
DOID_0050686	has_subclass	DOID_7506
DOID_0050686	has_subclass	DOID_7516
DOID_0050686	has_subclass	DOID_7591
DOID_0050686	has_subclass	DOID_7631
DOID_0050686	has_subclass	DOID_7650
DOID_0050686	has_subclass	DOID_7651
DOID_0050686	has_subclass	DOID_7665
DOID_0050686	has_subclass	DOID_7684
DOID_0050686	has_subclass	DOID_774
DOID_0050686	has_subclass	DOID_775
DOID_0050686	has_subclass	DOID_7848
DOID_0050686	has_subclass	DOID_7849
DOID_0050686	has_subclass	DOID_7867
DOID_0050686	has_subclass	DOID_7910
DOID_0050686	has_subclass	DOID_7927
DOID_0050686	has_subclass	DOID_7936
DOID_0050686	has_subclass	DOID_7945
DOID_0050686	has_subclass	DOID_7959
DOID_0050686	has_subclass	DOID_7994
DOID_0050686	has_subclass	DOID_8036
DOID_0050686	has_subclass	DOID_8078
DOID_0050686	has_subclass	DOID_8110
DOID_0050686	has_subclass	DOID_8135
DOID_0050686	has_subclass	DOID_8151
DOID_0050686	has_subclass	DOID_8243
DOID_0050686	has_subclass	DOID_8275
DOID_0050686	has_subclass	DOID_8336
DOID_0050686	has_subclass	DOID_8527
DOID_0050686	has_subclass	DOID_8543
DOID_0050686	has_subclass	DOID_8552
DOID_0050686	has_subclass	DOID_8564
DOID_0050686	has_subclass	DOID_8567
DOID_0050686	has_subclass	DOID_8578
DOID_0050686	has_subclass	DOID_8593
DOID_0050686	has_subclass	DOID_8618
DOID_0050686	has_subclass	DOID_8628
DOID_0050686	has_subclass	DOID_8630
DOID_0050686	has_subclass	DOID_8635
DOID_0050686	has_subclass	DOID_8642
DOID_0050686	has_subclass	DOID_8651
DOID_0050686	has_subclass	DOID_8654
DOID_0050686	has_subclass	DOID_8683
DOID_0050686	has_subclass	DOID_8692
DOID_0050686	has_subclass	DOID_8696
DOID_0050686	has_subclass	DOID_8702
DOID_0050686	has_subclass	DOID_8838
DOID_0050686	has_subclass	DOID_8864
DOID_0050686	has_subclass	DOID_8883
DOID_0050686	has_subclass	DOID_8930
DOID_0050686	has_subclass	DOID_8997
DOID_0050686	has_subclass	DOID_901
DOID_0050686	has_subclass	DOID_903
DOID_0050686	has_subclass	DOID_910
DOID_0050686	has_subclass	DOID_9149
DOID_0050686	has_subclass	DOID_9188
DOID_0050686	has_subclass	DOID_9253
DOID_0050686	has_subclass	DOID_9254
DOID_0050686	has_subclass	DOID_9261
DOID_0050686	has_subclass	DOID_9299
DOID_0050686	has_subclass	DOID_9538
DOID_0050686	has_subclass	DOID_9541
DOID_0050686	has_subclass	DOID_9544
DOID_0050686	has_subclass	DOID_9547
DOID_0050686	has_subclass	DOID_9550
DOID_0050686	has_subclass	DOID_9551
DOID_0050686	has_subclass	DOID_9597
DOID_0050686	has_subclass	DOID_9986
DOID_0050687	has_subclass	DOID_0050901
DOID_0050687	has_subclass	DOID_0050905
DOID_0050687	has_subclass	DOID_0050929
DOID_0050687	has_subclass	DOID_0070326
DOID_0050687	has_subclass	DOID_0070327
DOID_0050687	has_subclass	DOID_0080372
DOID_0050687	has_subclass	DOID_0080684
DOID_0050687	has_subclass	DOID_0080879
DOID_0050687	has_subclass	DOID_0080880
DOID_0050687	has_subclass	DOID_0081244
DOID_0050687	has_subclass	DOID_0081277
DOID_0050687	has_subclass	DOID_10040
DOID_0050687	has_subclass	DOID_10044
DOID_0050687	has_subclass	DOID_10047
DOID_0050687	has_subclass	DOID_10054
DOID_0050687	has_subclass	DOID_13160
DOID_0050687	has_subclass	DOID_14151
DOID_0050687	has_subclass	DOID_1788
DOID_0050687	has_subclass	DOID_1992
DOID_0050687	has_subclass	DOID_2143
DOID_0050687	has_subclass	DOID_2685
DOID_0050687	has_subclass	DOID_3162
DOID_0050687	has_subclass	DOID_3181
DOID_0050687	has_subclass	DOID_3183
DOID_0050687	has_subclass	DOID_3184
DOID_0050687	has_subclass	DOID_3186
DOID_0050687	has_subclass	DOID_3774
DOID_0050687	has_subclass	DOID_4202
DOID_0050687	has_subclass	DOID_4359
DOID_0050687	has_subclass	DOID_4360
DOID_0050687	has_subclass	DOID_4486
DOID_0050687	has_subclass	DOID_4488
DOID_0050687	has_subclass	DOID_4489
DOID_0050687	has_subclass	DOID_4765
DOID_0050687	has_subclass	DOID_4767
DOID_0050687	has_subclass	DOID_4768
DOID_0050687	has_subclass	DOID_4769
DOID_0050687	has_subclass	DOID_4812
DOID_0050687	has_subclass	DOID_4813
DOID_0050687	has_subclass	DOID_4848
DOID_0050687	has_subclass	DOID_4853
DOID_0050687	has_subclass	DOID_4855
DOID_0050687	has_subclass	DOID_4858
DOID_0050687	has_subclass	DOID_4860
DOID_0050687	has_subclass	DOID_5076
DOID_0050687	has_subclass	DOID_5921
DOID_0050687	has_subclass	DOID_5922
DOID_0050687	has_subclass	DOID_6039
DOID_0050687	has_subclass	DOID_6041
DOID_0050687	has_subclass	DOID_6043
DOID_0050687	has_subclass	DOID_6201
DOID_0050687	has_subclass	DOID_6286
DOID_0050687	has_subclass	DOID_6367
DOID_0050687	has_subclass	DOID_6522
DOID_0050687	has_subclass	DOID_6523
DOID_0050687	has_subclass	DOID_6566
DOID_0050687	has_subclass	DOID_6755
DOID_0050687	has_subclass	DOID_6846
DOID_0050687	has_subclass	DOID_7040
DOID_0050687	has_subclass	DOID_7041
DOID_0050687	has_subclass	DOID_7042
DOID_0050687	has_subclass	DOID_7206
DOID_0050687	has_subclass	DOID_7328
DOID_0050687	has_subclass	DOID_7817
DOID_0050687	has_subclass	DOID_7907
DOID_0050687	has_subclass	DOID_7912
DOID_0050687	has_subclass	DOID_8167
DOID_0050687	has_subclass	DOID_8305
DOID_0050687	has_subclass	DOID_8923
DOID_0050688	has_subclass	DOID_8119
DOID_0050700	has_subclass	DOID_0050431
DOID_0050700	has_subclass	DOID_0050434
DOID_0050700	has_subclass	DOID_0051073
DOID_0050700	has_subclass	DOID_0060480
DOID_0050700	has_subclass	DOID_0061025
DOID_0050700	has_subclass	DOID_0061102
DOID_0050700	has_subclass	DOID_0070533
DOID_0050700	has_subclass	DOID_0070534
DOID_0050700	has_subclass	DOID_0070535
DOID_0050700	has_subclass	DOID_0080326
DOID_0050700	has_subclass	DOID_0080959
DOID_0050700	has_subclass	DOID_0081157
DOID_0050700	has_subclass	DOID_0081158
DOID_0050700	has_subclass	DOID_0081160
DOID_0050700	has_subclass	DOID_0081161
DOID_0050700	has_subclass	DOID_0081162
DOID_0050700	has_subclass	DOID_0110070
DOID_0050700	has_subclass	DOID_0110072
DOID_0050700	has_subclass	DOID_0110073
DOID_0050700	has_subclass	DOID_0110074
DOID_0050700	has_subclass	DOID_0110075
DOID_0050700	has_subclass	DOID_0110076
DOID_0050700	has_subclass	DOID_0110077
DOID_0050700	has_subclass	DOID_0110081
DOID_0050700	has_subclass	DOID_0110082
DOID_0050700	has_subclass	DOID_0110083
DOID_0050700	has_subclass	DOID_0110084
DOID_0050700	has_subclass	DOID_0110307
DOID_0050700	has_subclass	DOID_0110308
DOID_0050700	has_subclass	DOID_0110309
DOID_0050700	has_subclass	DOID_0110310
DOID_0050700	has_subclass	DOID_0110311
DOID_0050700	has_subclass	DOID_0110312
DOID_0050700	has_subclass	DOID_0110313
DOID_0050700	has_subclass	DOID_0110314
DOID_0050700	has_subclass	DOID_0110315
DOID_0050700	has_subclass	DOID_0110316
DOID_0050700	has_subclass	DOID_0110317
DOID_0050700	has_subclass	DOID_0110318
DOID_0050700	has_subclass	DOID_0110319
DOID_0050700	has_subclass	DOID_0110320
DOID_0050700	has_subclass	DOID_0110321
DOID_0050700	has_subclass	DOID_0110322
DOID_0050700	has_subclass	DOID_0110323
DOID_0050700	has_subclass	DOID_0110324
DOID_0050700	has_subclass	DOID_0110326
DOID_0050700	has_subclass	DOID_0110327
DOID_0050700	has_subclass	DOID_0110328
DOID_0050700	has_subclass	DOID_0110423
DOID_0050700	has_subclass	DOID_0110425
DOID_0050700	has_subclass	DOID_0110426
DOID_0050700	has_subclass	DOID_0110437
DOID_0050700	has_subclass	DOID_0110438
DOID_0050700	has_subclass	DOID_0110440
DOID_0050700	has_subclass	DOID_0110441
DOID_0050700	has_subclass	DOID_0110442
DOID_0050700	has_subclass	DOID_0110443
DOID_0050700	has_subclass	DOID_0110446
DOID_0050700	has_subclass	DOID_0110448
DOID_0050700	has_subclass	DOID_0110452
DOID_0050700	has_subclass	DOID_0110453
DOID_0050700	has_subclass	DOID_0110454
DOID_0050700	has_subclass	DOID_0110456
DOID_0050700	has_subclass	DOID_0110458
DOID_0050700	has_subclass	DOID_0110459
DOID_0050700	has_subclass	DOID_0110460
DOID_0050700	has_subclass	DOID_0110645
DOID_0050700	has_subclass	DOID_0110646
DOID_0050700	has_subclass	DOID_0110648
DOID_0050700	has_subclass	DOID_0110649
DOID_0050700	has_subclass	DOID_0111425
DOID_0050700	has_subclass	DOID_0111426
DOID_0050700	has_subclass	DOID_0111427
DOID_0050700	has_subclass	DOID_0111701
DOID_0050700	has_subclass	DOID_0111753
DOID_0050700	has_subclass	DOID_11984
DOID_0050700	has_subclass	DOID_12930
DOID_0050700	has_subclass	DOID_12932
DOID_0050700	has_subclass	DOID_2842
DOID_0050700	has_subclass	DOID_2843
DOID_0050700	has_subclass	DOID_396
DOID_0050700	has_subclass	DOID_397
DOID_0050700	has_subclass	DOID_9997
DOID_0050701	has_subclass	DOID_0050561
DOID_0050701	has_subclass	DOID_0050562
DOID_0050701	has_subclass	DOID_0050704
DOID_0050701	has_subclass	DOID_0050705
DOID_0050701	has_subclass	DOID_0050708
DOID_0050701	has_subclass	DOID_0050709
DOID_0050701	has_subclass	DOID_0051083
DOID_0050701	has_subclass	DOID_0051084
DOID_0050701	has_subclass	DOID_0051085
DOID_0050701	has_subclass	DOID_0051087
DOID_0050701	has_subclass	DOID_0051088
DOID_0050701	has_subclass	DOID_0051089
DOID_0050701	has_subclass	DOID_0051090
DOID_0050701	has_subclass	DOID_0051091
DOID_0050701	has_subclass	DOID_0060169
DOID_0050701	has_subclass	DOID_0060172
DOID_0050701	has_subclass	DOID_0060848
DOID_0050701	has_subclass	DOID_0070377
DOID_0050701	has_subclass	DOID_0070380
DOID_0050701	has_subclass	DOID_0070381
DOID_0050701	has_subclass	DOID_0070382
DOID_0050701	has_subclass	DOID_0070385
DOID_0050701	has_subclass	DOID_0070386
DOID_0050701	has_subclass	DOID_0070390
DOID_0050701	has_subclass	DOID_0070392
DOID_0050701	has_subclass	DOID_0070393
DOID_0050701	has_subclass	DOID_0070394
DOID_0050701	has_subclass	DOID_0070545
DOID_0050701	has_subclass	DOID_0080215
DOID_0050701	has_subclass	DOID_0080284
DOID_0050701	has_subclass	DOID_0080291
DOID_0050701	has_subclass	DOID_0080349
DOID_0050701	has_subclass	DOID_0080421
DOID_0050701	has_subclass	DOID_0080422
DOID_0050701	has_subclass	DOID_0080424
DOID_0050701	has_subclass	DOID_0080426
DOID_0050701	has_subclass	DOID_0080427
DOID_0050701	has_subclass	DOID_0080433
DOID_0050701	has_subclass	DOID_0080434
DOID_0050701	has_subclass	DOID_0080435
DOID_0050701	has_subclass	DOID_0080436
DOID_0050701	has_subclass	DOID_0080437
DOID_0050701	has_subclass	DOID_0080440
DOID_0050701	has_subclass	DOID_0080442
DOID_0050701	has_subclass	DOID_0080443
DOID_0050701	has_subclass	DOID_0080445
DOID_0050701	has_subclass	DOID_0080446
DOID_0050701	has_subclass	DOID_0080447
DOID_0050701	has_subclass	DOID_0080448
DOID_0050701	has_subclass	DOID_0080449
DOID_0050701	has_subclass	DOID_0080451
DOID_0050701	has_subclass	DOID_0080452
DOID_0050701	has_subclass	DOID_0080454
DOID_0050701	has_subclass	DOID_0080455
DOID_0050701	has_subclass	DOID_0080457
DOID_0050701	has_subclass	DOID_0080459
DOID_0050701	has_subclass	DOID_0080460
DOID_0050701	has_subclass	DOID_0080461
DOID_0050701	has_subclass	DOID_0080462
DOID_0050701	has_subclass	DOID_0080463
DOID_0050701	has_subclass	DOID_0080465
DOID_0050701	has_subclass	DOID_0080472
DOID_0050701	has_subclass	DOID_0081114
DOID_0050701	has_subclass	DOID_0081116
DOID_0050701	has_subclass	DOID_0081117
DOID_0050701	has_subclass	DOID_0081118
DOID_0050701	has_subclass	DOID_0081325
DOID_0050701	has_subclass	DOID_0110683
DOID_0050701	has_subclass	DOID_0111324
DOID_0050701	has_subclass	DOID_0111325
DOID_0050701	has_subclass	DOID_0111326
DOID_0050701	has_subclass	DOID_0111327
DOID_0050701	has_subclass	DOID_0111328
DOID_0050701	has_subclass	DOID_0111645
DOID_0050701	has_subclass	DOID_0111689
DOID_0050701	has_subclass	DOID_0111690
DOID_0050701	has_subclass	DOID_0111691
DOID_0050701	has_subclass	DOID_0111692
DOID_0050701	has_subclass	DOID_0111696
DOID_0050701	has_subclass	DOID_0112203
DOID_0050701	has_subclass	DOID_0112204
DOID_0050701	has_subclass	DOID_0112205
DOID_0050701	has_subclass	DOID_0112207
DOID_0050701	has_subclass	DOID_0112209
DOID_0050701	has_subclass	DOID_0112210
DOID_0050701	has_subclass	DOID_0112211
DOID_0050701	has_subclass	DOID_0112212
DOID_0050701	has_subclass	DOID_0112214
DOID_0050701	has_subclass	DOID_0112216
DOID_0050701	has_subclass	DOID_0112218
DOID_0050701	has_subclass	DOID_0112220
DOID_0050701	has_subclass	DOID_0112222
DOID_0050701	has_subclass	DOID_0112223
DOID_0050701	has_subclass	DOID_0112275
DOID_0050701	has_subclass	DOID_14264
DOID_0050701	has_subclass	DOID_14777
DOID_0050701	has_subclass	DOID_1825
DOID_0050701	has_subclass	DOID_2538
DOID_0050701	has_subclass	DOID_308
DOID_0050701	has_subclass	DOID_3329
DOID_0050701	has_subclass	DOID_4890
DOID_0050701	has_subclass	DOID_7725
DOID_0050703	has_subclass	DOID_0081114
DOID_0050703	has_subclass	DOID_0081116
DOID_0050703	has_subclass	DOID_0081117
DOID_0050703	has_subclass	DOID_0081118
DOID_0050705	has_subclass	DOID_0111324
DOID_0050705	has_subclass	DOID_0111325
DOID_0050705	has_subclass	DOID_0111326
DOID_0050705	has_subclass	DOID_0111327
DOID_0050705	has_subclass	DOID_0111328
DOID_0050705	has_subclass	DOID_0111690
DOID_0050705	has_subclass	DOID_0111691
DOID_0050705	has_subclass	DOID_0111692
DOID_0050705	has_subclass	DOID_0111696
DOID_0050706	has_subclass	DOID_0081104
DOID_0050706	has_subclass	DOID_0081106
DOID_0050706	has_subclass	DOID_0081107
DOID_0050706	has_subclass	DOID_2550
DOID_0050728	has_subclass	DOID_0050579
DOID_0050728	has_subclass	DOID_0061286
DOID_0050728	has_subclass	DOID_0061287
DOID_0050728	has_subclass	DOID_0090101
DOID_0050728	has_subclass	DOID_11721
DOID_0050728	has_subclass	DOID_2748
DOID_0050728	has_subclass	DOID_2752
DOID_0050735	has_subclass	DOID_0050437
DOID_0050735	has_subclass	DOID_0050879
DOID_0050735	has_subclass	DOID_0060446
DOID_0050735	has_subclass	DOID_0060599
DOID_0050735	has_subclass	DOID_0060848
DOID_0050735	has_subclass	DOID_0060929
DOID_0050735	has_subclass	DOID_0060954
DOID_0050735	has_subclass	DOID_0070265
DOID_0050735	has_subclass	DOID_0070380
DOID_0050735	has_subclass	DOID_0070698
DOID_0050735	has_subclass	DOID_0080090
DOID_0050735	has_subclass	DOID_0080240
DOID_0050735	has_subclass	DOID_0080467
DOID_0050735	has_subclass	DOID_0080470
DOID_0050735	has_subclass	DOID_0080506
DOID_0050735	has_subclass	DOID_0080509
DOID_0050735	has_subclass	DOID_0080858
DOID_0050735	has_subclass	DOID_0110034
DOID_0050735	has_subclass	DOID_0110058
DOID_0050735	has_subclass	DOID_0110207
DOID_0050735	has_subclass	DOID_0110209
DOID_0050735	has_subclass	DOID_0110739
DOID_0050735	has_subclass	DOID_0111735
DOID_0050735	has_subclass	DOID_0111736
DOID_0050735	has_subclass	DOID_0111737
DOID_0050735	has_subclass	DOID_0111738
DOID_0050735	has_subclass	DOID_0111739
DOID_0050735	has_subclass	DOID_0111740
DOID_0050735	has_subclass	DOID_0111761
DOID_0050735	has_subclass	DOID_0111762
DOID_0050735	has_subclass	DOID_0111783
DOID_0050735	has_subclass	DOID_0111784
DOID_0050735	has_subclass	DOID_0111796
DOID_0050735	has_subclass	DOID_0111808
DOID_0050735	has_subclass	DOID_0111809
DOID_0050735	has_subclass	DOID_0111822
DOID_0050735	has_subclass	DOID_0111828
DOID_0050735	has_subclass	DOID_0111829
DOID_0050735	has_subclass	DOID_0111830
DOID_0050735	has_subclass	DOID_0111831
DOID_0050735	has_subclass	DOID_0111832
DOID_0050735	has_subclass	DOID_0111833
DOID_0050735	has_subclass	DOID_0111868
DOID_0050735	has_subclass	DOID_0111876
DOID_0050735	has_subclass	DOID_0111877
DOID_0050735	has_subclass	DOID_0112016
DOID_0050735	has_subclass	DOID_0112017
DOID_0050735	has_subclass	DOID_0112018
DOID_0050735	has_subclass	DOID_0112019
DOID_0050735	has_subclass	DOID_0112020
DOID_0050735	has_subclass	DOID_0112021
DOID_0050735	has_subclass	DOID_0112022
DOID_0050735	has_subclass	DOID_0112023
DOID_0050735	has_subclass	DOID_0112024
DOID_0050735	has_subclass	DOID_0112026
DOID_0050735	has_subclass	DOID_0112027
DOID_0050735	has_subclass	DOID_0112028
DOID_0050735	has_subclass	DOID_0112029
DOID_0050735	has_subclass	DOID_0112030
DOID_0050735	has_subclass	DOID_0112031
DOID_0050735	has_subclass	DOID_0112032
DOID_0050735	has_subclass	DOID_0112033
DOID_0050735	has_subclass	DOID_0112034
DOID_0050735	has_subclass	DOID_0112035
DOID_0050735	has_subclass	DOID_0112036
DOID_0050735	has_subclass	DOID_0112037
DOID_0050735	has_subclass	DOID_0112038
DOID_0050735	has_subclass	DOID_0112039
DOID_0050735	has_subclass	DOID_0112040
DOID_0050735	has_subclass	DOID_0112041
DOID_0050735	has_subclass	DOID_0112043
DOID_0050735	has_subclass	DOID_0112044
DOID_0050735	has_subclass	DOID_0112045
DOID_0050735	has_subclass	DOID_0112046
DOID_0050735	has_subclass	DOID_0112047
DOID_0050735	has_subclass	DOID_0112048
DOID_0050735	has_subclass	DOID_0112049
DOID_0050735	has_subclass	DOID_0112050
DOID_0050735	has_subclass	DOID_0112051
DOID_0050735	has_subclass	DOID_0112052
DOID_0050735	has_subclass	DOID_0112053
DOID_0050735	has_subclass	DOID_0112054
DOID_0050735	has_subclass	DOID_0112055
DOID_0050735	has_subclass	DOID_0112057
DOID_0050735	has_subclass	DOID_0112058
DOID_0050735	has_subclass	DOID_0112059
DOID_0050735	has_subclass	DOID_0112060
DOID_0050735	has_subclass	DOID_0112123
DOID_0050735	has_subclass	DOID_14261
DOID_0050735	has_subclass	DOID_14737
DOID_0050735	has_subclass	DOID_2120
DOID_0050735	has_subclass	DOID_3783
DOID_0050736	has_subclass	DOID_0050465
DOID_0050736	has_subclass	DOID_0051010
DOID_0050736	has_subclass	DOID_0051011
DOID_0050736	has_subclass	DOID_0051012
DOID_0050736	has_subclass	DOID_0051037
DOID_0050736	has_subclass	DOID_0051038
DOID_0050736	has_subclass	DOID_0051072
DOID_0050736	has_subclass	DOID_0060444
DOID_0050736	has_subclass	DOID_0060682
DOID_0050736	has_subclass	DOID_0060683
DOID_0050736	has_subclass	DOID_0060684
DOID_0050736	has_subclass	DOID_0060685
DOID_0050736	has_subclass	DOID_0060686
DOID_0050736	has_subclass	DOID_0060783
DOID_0050736	has_subclass	DOID_0060784
DOID_0050736	has_subclass	DOID_0060920
DOID_0050736	has_subclass	DOID_0060921
DOID_0050736	has_subclass	DOID_0060922
DOID_0050736	has_subclass	DOID_0060923
DOID_0050736	has_subclass	DOID_0060924
DOID_0050736	has_subclass	DOID_0060925
DOID_0050736	has_subclass	DOID_0060926
DOID_0050736	has_subclass	DOID_0060927
DOID_0050736	has_subclass	DOID_0060928
DOID_0050736	has_subclass	DOID_0060933
DOID_0050736	has_subclass	DOID_0060975
DOID_0050736	has_subclass	DOID_0060976
DOID_0050736	has_subclass	DOID_0060977
DOID_0050736	has_subclass	DOID_0060980
DOID_0050736	has_subclass	DOID_0061006
DOID_0050736	has_subclass	DOID_0061031
DOID_0050736	has_subclass	DOID_0061032
DOID_0050736	has_subclass	DOID_0061033
DOID_0050736	has_subclass	DOID_0061034
DOID_0050736	has_subclass	DOID_0061035
DOID_0050736	has_subclass	DOID_0061036
DOID_0050736	has_subclass	DOID_0061037
DOID_0050736	has_subclass	DOID_0061038
DOID_0050736	has_subclass	DOID_0061039
DOID_0050736	has_subclass	DOID_0061040
DOID_0050736	has_subclass	DOID_0061041
DOID_0050736	has_subclass	DOID_0061042
DOID_0050736	has_subclass	DOID_0061043
DOID_0050736	has_subclass	DOID_0061044
DOID_0050736	has_subclass	DOID_0061045
DOID_0050736	has_subclass	DOID_0061046
DOID_0050736	has_subclass	DOID_0061047
DOID_0050736	has_subclass	DOID_0061048
DOID_0050736	has_subclass	DOID_0061049
DOID_0050736	has_subclass	DOID_0061050
DOID_0050736	has_subclass	DOID_0061129
DOID_0050736	has_subclass	DOID_0061147
DOID_0050736	has_subclass	DOID_0061190
DOID_0050736	has_subclass	DOID_0061253
DOID_0050736	has_subclass	DOID_0061254
DOID_0050736	has_subclass	DOID_0070031
DOID_0050736	has_subclass	DOID_0070032
DOID_0050736	has_subclass	DOID_0070033
DOID_0050736	has_subclass	DOID_0070034
DOID_0050736	has_subclass	DOID_0070035
DOID_0050736	has_subclass	DOID_0070036
DOID_0050736	has_subclass	DOID_0070037
DOID_0050736	has_subclass	DOID_0070038
DOID_0050736	has_subclass	DOID_0070039
DOID_0050736	has_subclass	DOID_0070040
DOID_0050736	has_subclass	DOID_0070041
DOID_0050736	has_subclass	DOID_0070043
DOID_0050736	has_subclass	DOID_0070047
DOID_0050736	has_subclass	DOID_0070048
DOID_0050736	has_subclass	DOID_0070049
DOID_0050736	has_subclass	DOID_0070050
DOID_0050736	has_subclass	DOID_0070051
DOID_0050736	has_subclass	DOID_0070052
DOID_0050736	has_subclass	DOID_0070053
DOID_0050736	has_subclass	DOID_0070054
DOID_0050736	has_subclass	DOID_0070055
DOID_0050736	has_subclass	DOID_0070056
DOID_0050736	has_subclass	DOID_0070058
DOID_0050736	has_subclass	DOID_0070059
DOID_0050736	has_subclass	DOID_0070060
DOID_0050736	has_subclass	DOID_0070061
DOID_0050736	has_subclass	DOID_0070062
DOID_0050736	has_subclass	DOID_0070063
DOID_0050736	has_subclass	DOID_0070064
DOID_0050736	has_subclass	DOID_0070065
DOID_0050736	has_subclass	DOID_0070066
DOID_0050736	has_subclass	DOID_0070067
DOID_0050736	has_subclass	DOID_0070068
DOID_0050736	has_subclass	DOID_0070069
DOID_0050736	has_subclass	DOID_0070070
DOID_0050736	has_subclass	DOID_0070071
DOID_0050736	has_subclass	DOID_0070072
DOID_0050736	has_subclass	DOID_0070073
DOID_0050736	has_subclass	DOID_0070074
DOID_0050736	has_subclass	DOID_0070271
DOID_0050736	has_subclass	DOID_0070272
DOID_0050736	has_subclass	DOID_0070273
DOID_0050736	has_subclass	DOID_0070274
DOID_0050736	has_subclass	DOID_0070275
DOID_0050736	has_subclass	DOID_0070276
DOID_0050736	has_subclass	DOID_0070295
DOID_0050736	has_subclass	DOID_0070349
DOID_0050736	has_subclass	DOID_0070350
DOID_0050736	has_subclass	DOID_0070351
DOID_0050736	has_subclass	DOID_0070416
DOID_0050736	has_subclass	DOID_0070417
DOID_0050736	has_subclass	DOID_0070420
DOID_0050736	has_subclass	DOID_0070469
DOID_0050736	has_subclass	DOID_0070480
DOID_0050736	has_subclass	DOID_0070481
DOID_0050736	has_subclass	DOID_0070482
DOID_0050736	has_subclass	DOID_0070513
DOID_0050736	has_subclass	DOID_0070514
DOID_0050736	has_subclass	DOID_0070529
DOID_0050736	has_subclass	DOID_0070536
DOID_0050736	has_subclass	DOID_0070668
DOID_0050736	has_subclass	DOID_0070693
DOID_0050736	has_subclass	DOID_0070694
DOID_0050736	has_subclass	DOID_0070695
DOID_0050736	has_subclass	DOID_0070709
DOID_0050736	has_subclass	DOID_0070710
DOID_0050736	has_subclass	DOID_0070711
DOID_0050736	has_subclass	DOID_0070713
DOID_0050736	has_subclass	DOID_0070715
DOID_0050736	has_subclass	DOID_0070717
DOID_0050736	has_subclass	DOID_0070747
DOID_0050736	has_subclass	DOID_0070753
DOID_0050736	has_subclass	DOID_0070756
DOID_0050736	has_subclass	DOID_0070757
DOID_0050736	has_subclass	DOID_0080226
DOID_0050736	has_subclass	DOID_0080227
DOID_0050736	has_subclass	DOID_0080228
DOID_0050736	has_subclass	DOID_0080230
DOID_0050736	has_subclass	DOID_0080231
DOID_0050736	has_subclass	DOID_0080232
DOID_0050736	has_subclass	DOID_0080233
DOID_0050736	has_subclass	DOID_0080234
DOID_0050736	has_subclass	DOID_0080235
DOID_0050736	has_subclass	DOID_0080236
DOID_0050736	has_subclass	DOID_0080237
DOID_0050736	has_subclass	DOID_0080238
DOID_0050736	has_subclass	DOID_0080345
DOID_0050736	has_subclass	DOID_0080346
DOID_0050736	has_subclass	DOID_0080530
DOID_0050736	has_subclass	DOID_0080548
DOID_0050736	has_subclass	DOID_0080549
DOID_0050736	has_subclass	DOID_0080550
DOID_0050736	has_subclass	DOID_0080787
DOID_0050736	has_subclass	DOID_0080788
DOID_0050736	has_subclass	DOID_0080789
DOID_0050736	has_subclass	DOID_0080791
DOID_0050736	has_subclass	DOID_0080792
DOID_0050736	has_subclass	DOID_0080939
DOID_0050736	has_subclass	DOID_0080940
DOID_0050736	has_subclass	DOID_0081262
DOID_0050736	has_subclass	DOID_0081275
DOID_0050736	has_subclass	DOID_0081317
DOID_0050736	has_subclass	DOID_0081318
DOID_0050736	has_subclass	DOID_0081319
DOID_0050736	has_subclass	DOID_0081320
DOID_0050736	has_subclass	DOID_0081362
DOID_0050736	has_subclass	DOID_0081421
DOID_0050736	has_subclass	DOID_0081422
DOID_0050736	has_subclass	DOID_0081423
DOID_0050736	has_subclass	DOID_0081424
DOID_0050736	has_subclass	DOID_0081430
DOID_0050736	has_subclass	DOID_0110011
DOID_0050736	has_subclass	DOID_0110012
DOID_0050736	has_subclass	DOID_0110013
DOID_0050736	has_subclass	DOID_0110120
DOID_0050736	has_subclass	DOID_0110121
DOID_0050736	has_subclass	DOID_0110122
DOID_0050736	has_subclass	DOID_0111099
DOID_0050736	has_subclass	DOID_0111100
DOID_0050736	has_subclass	DOID_0111102
DOID_0050736	has_subclass	DOID_0111103
DOID_0050736	has_subclass	DOID_0111104
DOID_0050736	has_subclass	DOID_0111105
DOID_0050736	has_subclass	DOID_0111106
DOID_0050736	has_subclass	DOID_0111107
DOID_0050736	has_subclass	DOID_0111108
DOID_0050736	has_subclass	DOID_0111109
DOID_0050736	has_subclass	DOID_0111110
DOID_0050736	has_subclass	DOID_0111111
DOID_0050736	has_subclass	DOID_0111226
DOID_0050736	has_subclass	DOID_0111252
DOID_0050736	has_subclass	DOID_0111253
DOID_0050736	has_subclass	DOID_0111743
DOID_0050736	has_subclass	DOID_0112131
DOID_0050736	has_subclass	DOID_0112135
DOID_0050736	has_subclass	DOID_2435
DOID_0050736	has_subclass	DOID_6048
DOID_0050736	has_subclass	DOID_7996
DOID_0050737	has_subclass	DOID_0050559
DOID_0050737	has_subclass	DOID_0051030
DOID_0050737	has_subclass	DOID_0051031
DOID_0050737	has_subclass	DOID_0051032
DOID_0050737	has_subclass	DOID_0051033
DOID_0050737	has_subclass	DOID_0051034
DOID_0050737	has_subclass	DOID_0051035
DOID_0050737	has_subclass	DOID_0051036
DOID_0050737	has_subclass	DOID_0051039
DOID_0050737	has_subclass	DOID_0051040
DOID_0050737	has_subclass	DOID_0051041
DOID_0050737	has_subclass	DOID_0051071
DOID_0050737	has_subclass	DOID_0051074
DOID_0050737	has_subclass	DOID_0051076
DOID_0050737	has_subclass	DOID_0051092
DOID_0050737	has_subclass	DOID_0060575
DOID_0050737	has_subclass	DOID_0060576
DOID_0050737	has_subclass	DOID_0060577
DOID_0050737	has_subclass	DOID_0060934
DOID_0050737	has_subclass	DOID_0060935
DOID_0050737	has_subclass	DOID_0060947
DOID_0050737	has_subclass	DOID_0060996
DOID_0050737	has_subclass	DOID_0061001
DOID_0050737	has_subclass	DOID_0061004
DOID_0050737	has_subclass	DOID_0061114
DOID_0050737	has_subclass	DOID_0061124
DOID_0050737	has_subclass	DOID_0061126
DOID_0050737	has_subclass	DOID_0061158
DOID_0050737	has_subclass	DOID_0061211
DOID_0050737	has_subclass	DOID_0061252
DOID_0050737	has_subclass	DOID_0070005
DOID_0050737	has_subclass	DOID_0070006
DOID_0050737	has_subclass	DOID_0070007
DOID_0050737	has_subclass	DOID_0070008
DOID_0050737	has_subclass	DOID_0070009
DOID_0050737	has_subclass	DOID_0070010
DOID_0050737	has_subclass	DOID_0070011
DOID_0050737	has_subclass	DOID_0070012
DOID_0050737	has_subclass	DOID_0070013
DOID_0050737	has_subclass	DOID_0070129
DOID_0050737	has_subclass	DOID_0070133
DOID_0050737	has_subclass	DOID_0070134
DOID_0050737	has_subclass	DOID_0070135
DOID_0050737	has_subclass	DOID_0070139
DOID_0050737	has_subclass	DOID_0070140
DOID_0050737	has_subclass	DOID_0070147
DOID_0050737	has_subclass	DOID_0070150
DOID_0050737	has_subclass	DOID_0070155
DOID_0050737	has_subclass	DOID_0070277
DOID_0050737	has_subclass	DOID_0070278
DOID_0050737	has_subclass	DOID_0070279
DOID_0050737	has_subclass	DOID_0070280
DOID_0050737	has_subclass	DOID_0070281
DOID_0050737	has_subclass	DOID_0070282
DOID_0050737	has_subclass	DOID_0070283
DOID_0050737	has_subclass	DOID_0070284
DOID_0050737	has_subclass	DOID_0070285
DOID_0050737	has_subclass	DOID_0070286
DOID_0050737	has_subclass	DOID_0070287
DOID_0050737	has_subclass	DOID_0070288
DOID_0050737	has_subclass	DOID_0070289
DOID_0050737	has_subclass	DOID_0070290
DOID_0050737	has_subclass	DOID_0070291
DOID_0050737	has_subclass	DOID_0070292
DOID_0050737	has_subclass	DOID_0070293
DOID_0050737	has_subclass	DOID_0070294
DOID_0050737	has_subclass	DOID_0070363
DOID_0050737	has_subclass	DOID_0070364
DOID_0050737	has_subclass	DOID_0070367
DOID_0050737	has_subclass	DOID_0070371
DOID_0050737	has_subclass	DOID_0070372
DOID_0050737	has_subclass	DOID_0070373
DOID_0050737	has_subclass	DOID_0070374
DOID_0050737	has_subclass	DOID_0070421
DOID_0050737	has_subclass	DOID_0070423
DOID_0050737	has_subclass	DOID_0070443
DOID_0050737	has_subclass	DOID_0070444
DOID_0050737	has_subclass	DOID_0070520
DOID_0050737	has_subclass	DOID_0070521
DOID_0050737	has_subclass	DOID_0070522
DOID_0050737	has_subclass	DOID_0070523
DOID_0050737	has_subclass	DOID_0070524
DOID_0050737	has_subclass	DOID_0070525
DOID_0050737	has_subclass	DOID_0070537
DOID_0050737	has_subclass	DOID_0070542
DOID_0050737	has_subclass	DOID_0070616
DOID_0050737	has_subclass	DOID_0070660
DOID_0050737	has_subclass	DOID_0070669
DOID_0050737	has_subclass	DOID_0070670
DOID_0050737	has_subclass	DOID_0070671
DOID_0050737	has_subclass	DOID_0070672
DOID_0050737	has_subclass	DOID_0070673
DOID_0050737	has_subclass	DOID_0070674
DOID_0050737	has_subclass	DOID_0070675
DOID_0050737	has_subclass	DOID_0070676
DOID_0050737	has_subclass	DOID_0070689
DOID_0050737	has_subclass	DOID_0070696
DOID_0050737	has_subclass	DOID_0070697
DOID_0050737	has_subclass	DOID_0070712
DOID_0050737	has_subclass	DOID_0070738
DOID_0050737	has_subclass	DOID_0070739
DOID_0050737	has_subclass	DOID_0070740
DOID_0050737	has_subclass	DOID_0070741
DOID_0050737	has_subclass	DOID_0070745
DOID_0050737	has_subclass	DOID_0070751
DOID_0050737	has_subclass	DOID_0070754
DOID_0050737	has_subclass	DOID_0070755
DOID_0050737	has_subclass	DOID_0080239
DOID_0050737	has_subclass	DOID_0080261
DOID_0050737	has_subclass	DOID_0080262
DOID_0050737	has_subclass	DOID_0080263
DOID_0050737	has_subclass	DOID_0080329
DOID_0050737	has_subclass	DOID_0080330
DOID_0050737	has_subclass	DOID_0080331
DOID_0050737	has_subclass	DOID_0080476
DOID_0050737	has_subclass	DOID_0080477
DOID_0050737	has_subclass	DOID_0080478
DOID_0050737	has_subclass	DOID_0080479
DOID_0050737	has_subclass	DOID_0080480
DOID_0050737	has_subclass	DOID_0080481
DOID_0050737	has_subclass	DOID_0080482
DOID_0050737	has_subclass	DOID_0080483
DOID_0050737	has_subclass	DOID_0080484
DOID_0050737	has_subclass	DOID_0080485
DOID_0050737	has_subclass	DOID_0080486
DOID_0050737	has_subclass	DOID_0080487
DOID_0050737	has_subclass	DOID_0080752
DOID_0050737	has_subclass	DOID_0080756
DOID_0050737	has_subclass	DOID_0080765
DOID_0050737	has_subclass	DOID_0080803
DOID_0050737	has_subclass	DOID_0080804
DOID_0050737	has_subclass	DOID_0080805
DOID_0050737	has_subclass	DOID_0080806
DOID_0050737	has_subclass	DOID_0080907
DOID_0050737	has_subclass	DOID_0080908
DOID_0050737	has_subclass	DOID_0081009
DOID_0050737	has_subclass	DOID_0081010
DOID_0050737	has_subclass	DOID_0081011
DOID_0050737	has_subclass	DOID_0081097
DOID_0050737	has_subclass	DOID_0081098
DOID_0050737	has_subclass	DOID_0081099
DOID_0050737	has_subclass	DOID_0081133
DOID_0050737	has_subclass	DOID_0081134
DOID_0050737	has_subclass	DOID_0081177
DOID_0050737	has_subclass	DOID_0081178
DOID_0050737	has_subclass	DOID_0081179
DOID_0050737	has_subclass	DOID_0081180
DOID_0050737	has_subclass	DOID_0081181
DOID_0050737	has_subclass	DOID_0081182
DOID_0050737	has_subclass	DOID_0081183
DOID_0050737	has_subclass	DOID_0081184
DOID_0050737	has_subclass	DOID_0081185
DOID_0050737	has_subclass	DOID_0081186
DOID_0050737	has_subclass	DOID_0081187
DOID_0050737	has_subclass	DOID_0081188
DOID_0050737	has_subclass	DOID_0081189
DOID_0050737	has_subclass	DOID_0081190
DOID_0050737	has_subclass	DOID_0081191
DOID_0050737	has_subclass	DOID_0081192
DOID_0050737	has_subclass	DOID_0081193
DOID_0050737	has_subclass	DOID_0081194
DOID_0050737	has_subclass	DOID_0081195
DOID_0050737	has_subclass	DOID_0081196
DOID_0050737	has_subclass	DOID_0081197
DOID_0050737	has_subclass	DOID_0081198
DOID_0050737	has_subclass	DOID_0081199
DOID_0050737	has_subclass	DOID_0081200
DOID_0050737	has_subclass	DOID_0081201
DOID_0050737	has_subclass	DOID_0081202
DOID_0050737	has_subclass	DOID_0081203
DOID_0050737	has_subclass	DOID_0081204
DOID_0050737	has_subclass	DOID_0081205
DOID_0050737	has_subclass	DOID_0081206
DOID_0050737	has_subclass	DOID_0081207
DOID_0050737	has_subclass	DOID_0081208
DOID_0050737	has_subclass	DOID_0081209
DOID_0050737	has_subclass	DOID_0081210
DOID_0050737	has_subclass	DOID_0081211
DOID_0050737	has_subclass	DOID_0081212
DOID_0050737	has_subclass	DOID_0081213
DOID_0050737	has_subclass	DOID_0081214
DOID_0050737	has_subclass	DOID_0081215
DOID_0050737	has_subclass	DOID_0081216
DOID_0050737	has_subclass	DOID_0081217
DOID_0050737	has_subclass	DOID_0081218
DOID_0050737	has_subclass	DOID_0081219
DOID_0050737	has_subclass	DOID_0081220
DOID_0050737	has_subclass	DOID_0081221
DOID_0050737	has_subclass	DOID_0081222
DOID_0050737	has_subclass	DOID_0081223
DOID_0050737	has_subclass	DOID_0081224
DOID_0050737	has_subclass	DOID_0081225
DOID_0050737	has_subclass	DOID_0081226
DOID_0050737	has_subclass	DOID_0081227
DOID_0050737	has_subclass	DOID_0081228
DOID_0050737	has_subclass	DOID_0081229
DOID_0050737	has_subclass	DOID_0081230
DOID_0050737	has_subclass	DOID_0081231
DOID_0050737	has_subclass	DOID_0081232
DOID_0050737	has_subclass	DOID_0081233
DOID_0050737	has_subclass	DOID_0081234
DOID_0050737	has_subclass	DOID_0081235
DOID_0050737	has_subclass	DOID_0081236
DOID_0050737	has_subclass	DOID_0081243
DOID_0050737	has_subclass	DOID_0081263
DOID_0050737	has_subclass	DOID_0081265
DOID_0050737	has_subclass	DOID_0081324
DOID_0050737	has_subclass	DOID_0081387
DOID_0050737	has_subclass	DOID_0081425
DOID_0050737	has_subclass	DOID_0081426
DOID_0050737	has_subclass	DOID_0081427
DOID_0050737	has_subclass	DOID_0081428
DOID_0050737	has_subclass	DOID_0081429
DOID_0050737	has_subclass	DOID_0081444
DOID_0050737	has_subclass	DOID_0110123
DOID_0050737	has_subclass	DOID_0110124
DOID_0050737	has_subclass	DOID_0110125
DOID_0050737	has_subclass	DOID_0110126
DOID_0050737	has_subclass	DOID_0110127
DOID_0050737	has_subclass	DOID_0110128
DOID_0050737	has_subclass	DOID_0110129
DOID_0050737	has_subclass	DOID_0110130
DOID_0050737	has_subclass	DOID_0110131
DOID_0050737	has_subclass	DOID_0110132
DOID_0050737	has_subclass	DOID_0110133
DOID_0050737	has_subclass	DOID_0110134
DOID_0050737	has_subclass	DOID_0110135
DOID_0050737	has_subclass	DOID_0110136
DOID_0050737	has_subclass	DOID_0110137
DOID_0050737	has_subclass	DOID_0110138
DOID_0050737	has_subclass	DOID_0110139
DOID_0050737	has_subclass	DOID_0110140
DOID_0050737	has_subclass	DOID_0110141
DOID_0050737	has_subclass	DOID_0110462
DOID_0050737	has_subclass	DOID_0110463
DOID_0050737	has_subclass	DOID_0110464
DOID_0050737	has_subclass	DOID_0110465
DOID_0050737	has_subclass	DOID_0110467
DOID_0050737	has_subclass	DOID_0110468
DOID_0050737	has_subclass	DOID_0110469
DOID_0050737	has_subclass	DOID_0110470
DOID_0050737	has_subclass	DOID_0110471
DOID_0050737	has_subclass	DOID_0110472
DOID_0050737	has_subclass	DOID_0110473
DOID_0050737	has_subclass	DOID_0110474
DOID_0050737	has_subclass	DOID_0110475
DOID_0050737	has_subclass	DOID_0110476
DOID_0050737	has_subclass	DOID_0110477
DOID_0050737	has_subclass	DOID_0110478
DOID_0050737	has_subclass	DOID_0110479
DOID_0050737	has_subclass	DOID_0110480
DOID_0050737	has_subclass	DOID_0110481
DOID_0050737	has_subclass	DOID_0110482
DOID_0050737	has_subclass	DOID_0110483
DOID_0050737	has_subclass	DOID_0110484
DOID_0050737	has_subclass	DOID_0110485
DOID_0050737	has_subclass	DOID_0110486
DOID_0050737	has_subclass	DOID_0110487
DOID_0050737	has_subclass	DOID_0110488
DOID_0050737	has_subclass	DOID_0110489
DOID_0050737	has_subclass	DOID_0110490
DOID_0050737	has_subclass	DOID_0110491
DOID_0050737	has_subclass	DOID_0110492
DOID_0050737	has_subclass	DOID_0110493
DOID_0050737	has_subclass	DOID_0110494
DOID_0050737	has_subclass	DOID_0110495
DOID_0050737	has_subclass	DOID_0110496
DOID_0050737	has_subclass	DOID_0110497
DOID_0050737	has_subclass	DOID_0110498
DOID_0050737	has_subclass	DOID_0110499
DOID_0050737	has_subclass	DOID_0110500
DOID_0050737	has_subclass	DOID_0110501
DOID_0050737	has_subclass	DOID_0110502
DOID_0050737	has_subclass	DOID_0110503
DOID_0050737	has_subclass	DOID_0110504
DOID_0050737	has_subclass	DOID_0110505
DOID_0050737	has_subclass	DOID_0110506
DOID_0050737	has_subclass	DOID_0110507
DOID_0050737	has_subclass	DOID_0110508
DOID_0050737	has_subclass	DOID_0110509
DOID_0050737	has_subclass	DOID_0110510
DOID_0050737	has_subclass	DOID_0110511
DOID_0050737	has_subclass	DOID_0110512
DOID_0050737	has_subclass	DOID_0110513
DOID_0050737	has_subclass	DOID_0110514
DOID_0050737	has_subclass	DOID_0110515
DOID_0050737	has_subclass	DOID_0110516
DOID_0050737	has_subclass	DOID_0110517
DOID_0050737	has_subclass	DOID_0110518
DOID_0050737	has_subclass	DOID_0110519
DOID_0050737	has_subclass	DOID_0110520
DOID_0050737	has_subclass	DOID_0110521
DOID_0050737	has_subclass	DOID_0110522
DOID_0050737	has_subclass	DOID_0110523
DOID_0050737	has_subclass	DOID_0110524
DOID_0050737	has_subclass	DOID_0110525
DOID_0050737	has_subclass	DOID_0110526
DOID_0050737	has_subclass	DOID_0110527
DOID_0050737	has_subclass	DOID_0110528
DOID_0050737	has_subclass	DOID_0110529
DOID_0050737	has_subclass	DOID_0110530
DOID_0050737	has_subclass	DOID_0110531
DOID_0050737	has_subclass	DOID_0110532
DOID_0050737	has_subclass	DOID_0110533
DOID_0050737	has_subclass	DOID_0110534
DOID_0050737	has_subclass	DOID_0110535
DOID_0050737	has_subclass	DOID_0110536
DOID_0050737	has_subclass	DOID_0110537
DOID_0050737	has_subclass	DOID_0110538
DOID_0050737	has_subclass	DOID_0110539
DOID_0050737	has_subclass	DOID_0110540
DOID_0050737	has_subclass	DOID_0110716
DOID_0050737	has_subclass	DOID_0110717
DOID_0050737	has_subclass	DOID_0110718
DOID_0050737	has_subclass	DOID_0110719
DOID_0050737	has_subclass	DOID_0110843
DOID_0050737	has_subclass	DOID_0110844
DOID_0050737	has_subclass	DOID_0110845
DOID_0050737	has_subclass	DOID_0110846
DOID_0050737	has_subclass	DOID_0110847
DOID_0050737	has_subclass	DOID_0110848
DOID_0050737	has_subclass	DOID_0110849
DOID_0050737	has_subclass	DOID_0110850
DOID_0050737	has_subclass	DOID_0110851
DOID_0050737	has_subclass	DOID_0110852
DOID_0050737	has_subclass	DOID_0110853
DOID_0050737	has_subclass	DOID_0110854
DOID_0050737	has_subclass	DOID_0111059
DOID_0050737	has_subclass	DOID_0111064
DOID_0050737	has_subclass	DOID_0111065
DOID_0050737	has_subclass	DOID_0111135
DOID_0050737	has_subclass	DOID_0111136
DOID_0050737	has_subclass	DOID_0111137
DOID_0050737	has_subclass	DOID_0111138
DOID_0050737	has_subclass	DOID_0111211
DOID_0050737	has_subclass	DOID_0111213
DOID_0050737	has_subclass	DOID_0111214
DOID_0050737	has_subclass	DOID_0111220
DOID_0050737	has_subclass	DOID_0111221
DOID_0050737	has_subclass	DOID_0111222
DOID_0050737	has_subclass	DOID_0111230
DOID_0050737	has_subclass	DOID_0111231
DOID_0050737	has_subclass	DOID_0111232
DOID_0050737	has_subclass	DOID_0111233
DOID_0050737	has_subclass	DOID_0111234
DOID_0050737	has_subclass	DOID_0111235
DOID_0050737	has_subclass	DOID_0111236
DOID_0050737	has_subclass	DOID_0111237
DOID_0050737	has_subclass	DOID_0111238
DOID_0050737	has_subclass	DOID_0111239
DOID_0050737	has_subclass	DOID_0111240
DOID_0050737	has_subclass	DOID_0111241
DOID_0050737	has_subclass	DOID_0111242
DOID_0050737	has_subclass	DOID_0111405
DOID_0050737	has_subclass	DOID_0111406
DOID_0050737	has_subclass	DOID_0111407
DOID_0050737	has_subclass	DOID_0111634
DOID_0050737	has_subclass	DOID_0111635
DOID_0050737	has_subclass	DOID_0111636
DOID_0050737	has_subclass	DOID_0111637
DOID_0050737	has_subclass	DOID_0111638
DOID_0050737	has_subclass	DOID_0111639
DOID_0050737	has_subclass	DOID_0111640
DOID_0050737	has_subclass	DOID_0111641
DOID_0050737	has_subclass	DOID_0111642
DOID_0050737	has_subclass	DOID_0111643
DOID_0050737	has_subclass	DOID_0111644
DOID_0050737	has_subclass	DOID_0112158
DOID_0050737	has_subclass	DOID_0112162
DOID_0050737	has_subclass	DOID_0112250
DOID_0050737	has_subclass	DOID_0112318
DOID_0050737	has_subclass	DOID_0112319
DOID_0050737	has_subclass	DOID_0112320
DOID_0050739	has_subclass	DOID_0060764
DOID_0050739	has_subclass	DOID_0060765
DOID_0050739	has_subclass	DOID_0060766
DOID_0050739	has_subclass	DOID_0060974
DOID_0050739	has_subclass	DOID_0061273
DOID_0050739	has_subclass	DOID_0061274
DOID_0050739	has_subclass	DOID_0061275
DOID_0050739	has_subclass	DOID_0061276
DOID_0050739	has_subclass	DOID_0070488
DOID_0050739	has_subclass	DOID_0080409
DOID_0050739	has_subclass	DOID_0080410
DOID_0050739	has_subclass	DOID_0080411
DOID_0050739	has_subclass	DOID_0080412
DOID_0050739	has_subclass	DOID_0112102
DOID_0050739	has_subclass	DOID_0112103
DOID_0050739	has_subclass	DOID_0112104
DOID_0050743	has_subclass	DOID_0060061
DOID_0050743	has_subclass	DOID_0070333
DOID_0050743	has_subclass	DOID_0070662
DOID_0050743	has_subclass	DOID_0081050
DOID_0050743	has_subclass	DOID_0111147
DOID_0050743	has_subclass	DOID_8541
DOID_0050743	has_subclass	DOID_8691
DOID_0050745	has_subclass	DOID_0081070
DOID_0050745	has_subclass	DOID_0081071
DOID_0050749	has_subclass	DOID_0070662
DOID_0050749	has_subclass	DOID_0081050
DOID_0050749	has_subclass	DOID_8541
DOID_0050749	has_subclass	DOID_8691
DOID_0050753	has_subclass	DOID_0050754
DOID_0050753	has_subclass	DOID_0050755
DOID_0050753	has_subclass	DOID_0050946
DOID_0050753	has_subclass	DOID_0050999
DOID_0050753	has_subclass	DOID_0060557
DOID_0050753	has_subclass	DOID_0060694
DOID_0050753	has_subclass	DOID_0070409
DOID_0050753	has_subclass	DOID_0070410
DOID_0050753	has_subclass	DOID_0070411
DOID_0050753	has_subclass	DOID_0070412
DOID_0050753	has_subclass	DOID_0070413
DOID_0050753	has_subclass	DOID_0070414
DOID_0050753	has_subclass	DOID_0070465
DOID_0050753	has_subclass	DOID_0070558
DOID_0050753	has_subclass	DOID_0070721
DOID_0050753	has_subclass	DOID_0080029
DOID_0050753	has_subclass	DOID_0080042
DOID_0050753	has_subclass	DOID_0080057
DOID_0050753	has_subclass	DOID_0080058
DOID_0050753	has_subclass	DOID_0080059
DOID_0050753	has_subclass	DOID_0080060
DOID_0050753	has_subclass	DOID_0080061
DOID_0050753	has_subclass	DOID_0080062
DOID_0050753	has_subclass	DOID_0080063
DOID_0050753	has_subclass	DOID_0080064
DOID_0050753	has_subclass	DOID_0080065
DOID_0050753	has_subclass	DOID_0080066
DOID_0050753	has_subclass	DOID_0080259
DOID_0050753	has_subclass	DOID_0080260
DOID_0050753	has_subclass	DOID_0081383
DOID_0050753	has_subclass	DOID_0081384
DOID_0050753	has_subclass	DOID_0081385
DOID_0050753	has_subclass	DOID_0090115
DOID_0050753	has_subclass	DOID_0111155
DOID_0050753	has_subclass	DOID_0111218
DOID_0050753	has_subclass	DOID_0111219
DOID_0050753	has_subclass	DOID_0111611
DOID_0050753	has_subclass	DOID_0111613
DOID_0050753	has_subclass	DOID_0111614
DOID_0050753	has_subclass	DOID_0111615
DOID_0050753	has_subclass	DOID_0111616
DOID_0050753	has_subclass	DOID_0111617
DOID_0050753	has_subclass	DOID_0111618
DOID_0050753	has_subclass	DOID_12704
DOID_0050753	has_subclass	DOID_12705
DOID_0050771	has_subclass	DOID_0061216
DOID_0050771	has_subclass	DOID_0061217
DOID_0050771	has_subclass	DOID_0061218
DOID_0050771	has_subclass	DOID_0061219
DOID_0050771	has_subclass	DOID_0061220
DOID_0050771	has_subclass	DOID_0061221
DOID_0050771	has_subclass	DOID_0061222
DOID_0050820	has_subclass	DOID_11312
DOID_0050825	has_subclass	DOID_0060000
DOID_0050825	has_subclass	DOID_0060068
DOID_0050825	has_subclass	DOID_0080740
DOID_0050825	has_subclass	DOID_4562
DOID_0050828	has_subclass	DOID_0060228
DOID_0050828	has_subclass	DOID_0080938
DOID_0050828	has_subclass	DOID_0080964
DOID_0050828	has_subclass	DOID_0080965
DOID_0050828	has_subclass	DOID_0080966
DOID_0050828	has_subclass	DOID_0080967
DOID_0050828	has_subclass	DOID_0080968
DOID_0050828	has_subclass	DOID_0080969
DOID_0050828	has_subclass	DOID_0080970
DOID_0050828	has_subclass	DOID_0080971
DOID_0050828	has_subclass	DOID_0080972
DOID_0050828	has_subclass	DOID_0080973
DOID_0050828	has_subclass	DOID_0080974
DOID_0050828	has_subclass	DOID_0080975
DOID_0050828	has_subclass	DOID_0111151
DOID_0050828	has_subclass	DOID_10941
DOID_0050828	has_subclass	DOID_11840
DOID_0050828	has_subclass	DOID_13099
DOID_0050828	has_subclass	DOID_5843
DOID_0050828	has_subclass	DOID_5844
DOID_0050828	has_subclass	DOID_5845
DOID_0050828	has_subclass	DOID_5846
DOID_0050828	has_subclass	DOID_5847
DOID_0050828	has_subclass	DOID_5848
DOID_0050828	has_subclass	DOID_5849
DOID_0050828	has_subclass	DOID_5850
DOID_0050828	has_subclass	DOID_5851
DOID_0050828	has_subclass	DOID_5852
DOID_0050828	has_subclass	DOID_5853
DOID_0050828	has_subclass	DOID_5854
DOID_0050828	has_subclass	DOID_5855
DOID_0050828	has_subclass	DOID_8805
DOID_0050828	has_subclass	DOID_9767
DOID_0050829	has_subclass	DOID_10234
DOID_0050829	has_subclass	DOID_10507
DOID_0050829	has_subclass	DOID_11481
DOID_0050829	has_subclass	DOID_11482
DOID_0050829	has_subclass	DOID_115
DOID_0050829	has_subclass	DOID_1869
DOID_0050829	has_subclass	DOID_4699
DOID_0050829	has_subclass	DOID_6201
DOID_0050836	has_subclass	DOID_3982
DOID_0050851	has_subclass	DOID_0111128
DOID_0050851	has_subclass	DOID_0111129
DOID_0050851	has_subclass	DOID_0111130
DOID_0050851	has_subclass	DOID_0111131
DOID_0050851	has_subclass	DOID_0111132
DOID_0050851	has_subclass	DOID_0111134
DOID_0050888	has_subclass	DOID_0050647
DOID_0050888	has_subclass	DOID_0050681
DOID_0050888	has_subclass	DOID_0050764
DOID_0050888	has_subclass	DOID_0060179
DOID_0050888	has_subclass	DOID_0060799
DOID_0050888	has_subclass	DOID_0060800
DOID_0050888	has_subclass	DOID_0060801
DOID_0050888	has_subclass	DOID_0060802
DOID_0050888	has_subclass	DOID_0060803
DOID_0050888	has_subclass	DOID_0060804
DOID_0050888	has_subclass	DOID_0060805
DOID_0050888	has_subclass	DOID_0060806
DOID_0050888	has_subclass	DOID_0060807
DOID_0050888	has_subclass	DOID_0060808
DOID_0050888	has_subclass	DOID_0060809
DOID_0050888	has_subclass	DOID_0060810
DOID_0050888	has_subclass	DOID_0060811
DOID_0050888	has_subclass	DOID_0060812
DOID_0050888	has_subclass	DOID_0060813
DOID_0050888	has_subclass	DOID_0060814
DOID_0050888	has_subclass	DOID_0060815
DOID_0050888	has_subclass	DOID_0060816
DOID_0050888	has_subclass	DOID_0060817
DOID_0050888	has_subclass	DOID_0060818
DOID_0050888	has_subclass	DOID_0060819
DOID_0050888	has_subclass	DOID_0060820
DOID_0050888	has_subclass	DOID_0060821
DOID_0050888	has_subclass	DOID_0060822
DOID_0050888	has_subclass	DOID_0060823
DOID_0050888	has_subclass	DOID_0060824
DOID_0050888	has_subclass	DOID_0060825
DOID_0050888	has_subclass	DOID_0060826
DOID_0050888	has_subclass	DOID_0060827
DOID_0050888	has_subclass	DOID_0060828
DOID_0050888	has_subclass	DOID_0060830
DOID_0050888	has_subclass	DOID_0061015
DOID_0050888	has_subclass	DOID_0070422
DOID_0050888	has_subclass	DOID_0070538
DOID_0050888	has_subclass	DOID_0070698
DOID_0050888	has_subclass	DOID_0070777
DOID_0050888	has_subclass	DOID_0080241
DOID_0050888	has_subclass	DOID_0080242
DOID_0050888	has_subclass	DOID_0080311
DOID_0050888	has_subclass	DOID_0080982
DOID_0050888	has_subclass	DOID_0080984
DOID_0050888	has_subclass	DOID_0080985
DOID_0050888	has_subclass	DOID_0081123
DOID_0050888	has_subclass	DOID_0111838
DOID_0050888	has_subclass	DOID_0111840
DOID_0050888	has_subclass	DOID_0111843
DOID_0050888	has_subclass	DOID_0111844
DOID_0050888	has_subclass	DOID_0111845
DOID_0050888	has_subclass	DOID_0112025
DOID_0050888	has_subclass	DOID_0112042
DOID_0050888	has_subclass	DOID_0112056
DOID_0050888	has_subclass	DOID_0112060
DOID_0050888	has_subclass	DOID_0112126
DOID_0050888	has_subclass	DOID_14744
DOID_0050889	has_subclass	DOID_0060929
DOID_0050889	has_subclass	DOID_0080240
DOID_0050889	has_subclass	DOID_0112016
DOID_0050889	has_subclass	DOID_0112017
DOID_0050889	has_subclass	DOID_0112018
DOID_0050889	has_subclass	DOID_0112019
DOID_0050889	has_subclass	DOID_0112020
DOID_0050889	has_subclass	DOID_0112021
DOID_0050889	has_subclass	DOID_0112022
DOID_0050889	has_subclass	DOID_0112023
DOID_0050889	has_subclass	DOID_0112024
DOID_0050889	has_subclass	DOID_0112026
DOID_0050889	has_subclass	DOID_0112027
DOID_0050889	has_subclass	DOID_0112028
DOID_0050889	has_subclass	DOID_0112029
DOID_0050889	has_subclass	DOID_0112030
DOID_0050889	has_subclass	DOID_0112031
DOID_0050889	has_subclass	DOID_0112032
DOID_0050889	has_subclass	DOID_0112033
DOID_0050889	has_subclass	DOID_0112034
DOID_0050889	has_subclass	DOID_0112035
DOID_0050889	has_subclass	DOID_0112036
DOID_0050889	has_subclass	DOID_0112037
DOID_0050889	has_subclass	DOID_0112038
DOID_0050889	has_subclass	DOID_0112039
DOID_0050889	has_subclass	DOID_0112040
DOID_0050889	has_subclass	DOID_0112041
DOID_0050889	has_subclass	DOID_0112043
DOID_0050889	has_subclass	DOID_0112044
DOID_0050889	has_subclass	DOID_0112045
DOID_0050889	has_subclass	DOID_0112046
DOID_0050889	has_subclass	DOID_0112047
DOID_0050889	has_subclass	DOID_0112048
DOID_0050889	has_subclass	DOID_0112049
DOID_0050889	has_subclass	DOID_0112050
DOID_0050889	has_subclass	DOID_0112051
DOID_0050889	has_subclass	DOID_0112052
DOID_0050889	has_subclass	DOID_0112053
DOID_0050889	has_subclass	DOID_0112054
DOID_0050889	has_subclass	DOID_0112055
DOID_0050889	has_subclass	DOID_0112057
DOID_0050889	has_subclass	DOID_0112058
DOID_0050889	has_subclass	DOID_0112059
DOID_0050890	has_subclass	DOID_0051082
DOID_0050890	has_subclass	DOID_0060368
DOID_0050890	has_subclass	DOID_0060369
DOID_0050890	has_subclass	DOID_0060370
DOID_0050890	has_subclass	DOID_0060893
DOID_0050890	has_subclass	DOID_0060894
DOID_0050890	has_subclass	DOID_0070486
DOID_0050902	has_subclass	DOID_0080704
DOID_0050902	has_subclass	DOID_0080705
DOID_0050918	has_subclass	DOID_4117
DOID_0050950	has_subclass	DOID_0111218
DOID_0050950	has_subclass	DOID_0111219
DOID_0050951	has_subclass	DOID_0050754
DOID_0050951	has_subclass	DOID_0050755
DOID_0050951	has_subclass	DOID_0050772
DOID_0050951	has_subclass	DOID_0050879
DOID_0050951	has_subclass	DOID_0050941
DOID_0050951	has_subclass	DOID_0050945
DOID_0050951	has_subclass	DOID_0050946
DOID_0050951	has_subclass	DOID_0050950
DOID_0050951	has_subclass	DOID_0050999
DOID_0050951	has_subclass	DOID_0060557
DOID_0050951	has_subclass	DOID_0060694
DOID_0050951	has_subclass	DOID_0070409
DOID_0050951	has_subclass	DOID_0070410
DOID_0050951	has_subclass	DOID_0070411
DOID_0050951	has_subclass	DOID_0070412
DOID_0050951	has_subclass	DOID_0070413
DOID_0050951	has_subclass	DOID_0070414
DOID_0050951	has_subclass	DOID_0070465
DOID_0050951	has_subclass	DOID_0070558
DOID_0050951	has_subclass	DOID_0070721
DOID_0050951	has_subclass	DOID_0080029
DOID_0050951	has_subclass	DOID_0080042
DOID_0050951	has_subclass	DOID_0080057
DOID_0050951	has_subclass	DOID_0080058
DOID_0050951	has_subclass	DOID_0080059
DOID_0050951	has_subclass	DOID_0080060
DOID_0050951	has_subclass	DOID_0080061
DOID_0050951	has_subclass	DOID_0080062
DOID_0050951	has_subclass	DOID_0080063
DOID_0050951	has_subclass	DOID_0080064
DOID_0050951	has_subclass	DOID_0080065
DOID_0050951	has_subclass	DOID_0080066
DOID_0050951	has_subclass	DOID_0080252
DOID_0050951	has_subclass	DOID_0080259
DOID_0050951	has_subclass	DOID_0080260
DOID_0050951	has_subclass	DOID_0081383
DOID_0050951	has_subclass	DOID_0081384
DOID_0050951	has_subclass	DOID_0081385
DOID_0050951	has_subclass	DOID_0090115
DOID_0050951	has_subclass	DOID_0111155
DOID_0050951	has_subclass	DOID_0111218
DOID_0050951	has_subclass	DOID_0111219
DOID_0050951	has_subclass	DOID_0111611
DOID_0050951	has_subclass	DOID_0111613
DOID_0050951	has_subclass	DOID_0111614
DOID_0050951	has_subclass	DOID_0111615
DOID_0050951	has_subclass	DOID_0111616
DOID_0050951	has_subclass	DOID_0111617
DOID_0050951	has_subclass	DOID_0111618
DOID_0050951	has_subclass	DOID_0111828
DOID_0050951	has_subclass	DOID_0111829
DOID_0050951	has_subclass	DOID_0111830
DOID_0050951	has_subclass	DOID_0111831
DOID_0050951	has_subclass	DOID_0111832
DOID_0050951	has_subclass	DOID_0111833
DOID_0050951	has_subclass	DOID_12704
DOID_0050951	has_subclass	DOID_12705
DOID_0050953	has_subclass	DOID_0111829
DOID_0050953	has_subclass	DOID_0111830
DOID_0050953	has_subclass	DOID_0111831
DOID_0050953	has_subclass	DOID_0111832
DOID_0050953	has_subclass	DOID_0111833
DOID_0051000	has_subclass	DOID_0050553
DOID_0051000	has_subclass	DOID_0060914
DOID_0051000	has_subclass	DOID_0060915
DOID_0051000	has_subclass	DOID_0060919
DOID_0051000	has_subclass	DOID_0090062
DOID_0051000	has_subclass	DOID_0090065
DOID_0060004	has_subclass	DOID_0050783
DOID_0060004	has_subclass	DOID_0050784
DOID_0060004	has_subclass	DOID_0050785
DOID_0060004	has_subclass	DOID_0060215
DOID_0060004	has_subclass	DOID_2378
DOID_0060031	has_subclass	DOID_0080742
DOID_0060033	has_subclass	DOID_12889
DOID_0060036	has_subclass	DOID_0050434
DOID_0060036	has_subclass	DOID_0051073
DOID_0060036	has_subclass	DOID_0061025
DOID_0060036	has_subclass	DOID_0061102
DOID_0060036	has_subclass	DOID_0070533
DOID_0060036	has_subclass	DOID_0080326
DOID_0060036	has_subclass	DOID_0080959
DOID_0060036	has_subclass	DOID_0081157
DOID_0060036	has_subclass	DOID_0081158
DOID_0060036	has_subclass	DOID_0081160
DOID_0060036	has_subclass	DOID_0081161
DOID_0060036	has_subclass	DOID_0081162
DOID_0060036	has_subclass	DOID_0110070
DOID_0060036	has_subclass	DOID_0110072
DOID_0060036	has_subclass	DOID_0110073
DOID_0060036	has_subclass	DOID_0110074
DOID_0060036	has_subclass	DOID_0110075
DOID_0060036	has_subclass	DOID_0110076
DOID_0060036	has_subclass	DOID_0110077
DOID_0060036	has_subclass	DOID_0110081
DOID_0060036	has_subclass	DOID_0110082
DOID_0060036	has_subclass	DOID_0110083
DOID_0060036	has_subclass	DOID_0110084
DOID_0060036	has_subclass	DOID_0110307
DOID_0060036	has_subclass	DOID_0110308
DOID_0060036	has_subclass	DOID_0110309
DOID_0060036	has_subclass	DOID_0110310
DOID_0060036	has_subclass	DOID_0110311
DOID_0060036	has_subclass	DOID_0110312
DOID_0060036	has_subclass	DOID_0110313
DOID_0060036	has_subclass	DOID_0110314
DOID_0060036	has_subclass	DOID_0110315
DOID_0060036	has_subclass	DOID_0110316
DOID_0060036	has_subclass	DOID_0110317
DOID_0060036	has_subclass	DOID_0110318
DOID_0060036	has_subclass	DOID_0110319
DOID_0060036	has_subclass	DOID_0110320
DOID_0060036	has_subclass	DOID_0110321
DOID_0060036	has_subclass	DOID_0110322
DOID_0060036	has_subclass	DOID_0110323
DOID_0060036	has_subclass	DOID_0110324
DOID_0060036	has_subclass	DOID_0110326
DOID_0060036	has_subclass	DOID_0110327
DOID_0060036	has_subclass	DOID_0110328
DOID_0060036	has_subclass	DOID_0110423
DOID_0060036	has_subclass	DOID_0110425
DOID_0060036	has_subclass	DOID_0110426
DOID_0060036	has_subclass	DOID_0110437
DOID_0060036	has_subclass	DOID_0110438
DOID_0060036	has_subclass	DOID_0110440
DOID_0060036	has_subclass	DOID_0110441
DOID_0060036	has_subclass	DOID_0110442
DOID_0060036	has_subclass	DOID_0110443
DOID_0060036	has_subclass	DOID_0110446
DOID_0060036	has_subclass	DOID_0110448
DOID_0060036	has_subclass	DOID_0110452
DOID_0060036	has_subclass	DOID_0110453
DOID_0060036	has_subclass	DOID_0110454
DOID_0060036	has_subclass	DOID_0110456
DOID_0060036	has_subclass	DOID_0110458
DOID_0060036	has_subclass	DOID_0110459
DOID_0060036	has_subclass	DOID_0110460
DOID_0060036	has_subclass	DOID_0110645
DOID_0060036	has_subclass	DOID_0110646
DOID_0060036	has_subclass	DOID_0110648
DOID_0060036	has_subclass	DOID_0110649
DOID_0060036	has_subclass	DOID_0111425
DOID_0060036	has_subclass	DOID_0111426
DOID_0060036	has_subclass	DOID_0111427
DOID_0060036	has_subclass	DOID_0111701
DOID_0060036	has_subclass	DOID_0111753
DOID_0060036	has_subclass	DOID_12932
DOID_0060036	has_subclass	DOID_2842
DOID_0060036	has_subclass	DOID_396
DOID_0060036	has_subclass	DOID_9997
DOID_0060037	has_subclass	DOID_0050432
DOID_0060037	has_subclass	DOID_0050647
DOID_0060037	has_subclass	DOID_0050665
DOID_0060037	has_subclass	DOID_0050666
DOID_0060037	has_subclass	DOID_0050667
DOID_0060037	has_subclass	DOID_0050668
DOID_0060037	has_subclass	DOID_0050681
DOID_0060037	has_subclass	DOID_0050696
DOID_0060037	has_subclass	DOID_0050764
DOID_0060037	has_subclass	DOID_0050776
DOID_0060037	has_subclass	DOID_0050856
DOID_0060037	has_subclass	DOID_0050888
DOID_0060037	has_subclass	DOID_0050889
DOID_0060037	has_subclass	DOID_0060041
DOID_0060037	has_subclass	DOID_0060042
DOID_0060037	has_subclass	DOID_0060046
DOID_0060037	has_subclass	DOID_0060130
DOID_0060037	has_subclass	DOID_0060131
DOID_0060037	has_subclass	DOID_0060132
DOID_0060037	has_subclass	DOID_0060133
DOID_0060037	has_subclass	DOID_0060134
DOID_0060037	has_subclass	DOID_0060136
DOID_0060037	has_subclass	DOID_0060137
DOID_0060037	has_subclass	DOID_0060138
DOID_0060037	has_subclass	DOID_0060139
DOID_0060037	has_subclass	DOID_0060140
DOID_0060037	has_subclass	DOID_0060141
DOID_0060037	has_subclass	DOID_0060142
DOID_0060037	has_subclass	DOID_0060143
DOID_0060037	has_subclass	DOID_0060144
DOID_0060037	has_subclass	DOID_0060146
DOID_0060037	has_subclass	DOID_0060147
DOID_0060037	has_subclass	DOID_0060148
DOID_0060037	has_subclass	DOID_0060149
DOID_0060037	has_subclass	DOID_0060150
DOID_0060037	has_subclass	DOID_0060151
DOID_0060037	has_subclass	DOID_0060152
DOID_0060037	has_subclass	DOID_0060153
DOID_0060037	has_subclass	DOID_0060154
DOID_0060037	has_subclass	DOID_0060155
DOID_0060037	has_subclass	DOID_0060156
DOID_0060037	has_subclass	DOID_0060179
DOID_0060037	has_subclass	DOID_0060243
DOID_0060037	has_subclass	DOID_0060244
DOID_0060037	has_subclass	DOID_0060309
DOID_0060037	has_subclass	DOID_0060606
DOID_0060037	has_subclass	DOID_0060799
DOID_0060037	has_subclass	DOID_0060800
DOID_0060037	has_subclass	DOID_0060801
DOID_0060037	has_subclass	DOID_0060802
DOID_0060037	has_subclass	DOID_0060803
DOID_0060037	has_subclass	DOID_0060804
DOID_0060037	has_subclass	DOID_0060805
DOID_0060037	has_subclass	DOID_0060806
DOID_0060037	has_subclass	DOID_0060807
DOID_0060037	has_subclass	DOID_0060808
DOID_0060037	has_subclass	DOID_0060809
DOID_0060037	has_subclass	DOID_0060810
DOID_0060037	has_subclass	DOID_0060811
DOID_0060037	has_subclass	DOID_0060812
DOID_0060037	has_subclass	DOID_0060813
DOID_0060037	has_subclass	DOID_0060814
DOID_0060037	has_subclass	DOID_0060815
DOID_0060037	has_subclass	DOID_0060816
DOID_0060037	has_subclass	DOID_0060817
DOID_0060037	has_subclass	DOID_0060818
DOID_0060037	has_subclass	DOID_0060819
DOID_0060037	has_subclass	DOID_0060820
DOID_0060037	has_subclass	DOID_0060821
DOID_0060037	has_subclass	DOID_0060822
DOID_0060037	has_subclass	DOID_0060823
DOID_0060037	has_subclass	DOID_0060824
DOID_0060037	has_subclass	DOID_0060825
DOID_0060037	has_subclass	DOID_0060826
DOID_0060037	has_subclass	DOID_0060827
DOID_0060037	has_subclass	DOID_0060828
DOID_0060037	has_subclass	DOID_0060830
DOID_0060037	has_subclass	DOID_0060929
DOID_0060037	has_subclass	DOID_0061015
DOID_0060037	has_subclass	DOID_0070422
DOID_0060037	has_subclass	DOID_0070538
DOID_0060037	has_subclass	DOID_0070653
DOID_0060037	has_subclass	DOID_0070657
DOID_0060037	has_subclass	DOID_0070698
DOID_0060037	has_subclass	DOID_0070776
DOID_0060037	has_subclass	DOID_0070777
DOID_0060037	has_subclass	DOID_0080240
DOID_0060037	has_subclass	DOID_0080241
DOID_0060037	has_subclass	DOID_0080242
DOID_0060037	has_subclass	DOID_0080311
DOID_0060037	has_subclass	DOID_0080473
DOID_0060037	has_subclass	DOID_0080982
DOID_0060037	has_subclass	DOID_0080984
DOID_0060037	has_subclass	DOID_0080985
DOID_0060037	has_subclass	DOID_0081052
DOID_0060037	has_subclass	DOID_0081123
DOID_0060037	has_subclass	DOID_0111275
DOID_0060037	has_subclass	DOID_0111331
DOID_0060037	has_subclass	DOID_0111332
DOID_0060037	has_subclass	DOID_0111403
DOID_0060037	has_subclass	DOID_0111456
DOID_0060037	has_subclass	DOID_0111838
DOID_0060037	has_subclass	DOID_0111840
DOID_0060037	has_subclass	DOID_0111843
DOID_0060037	has_subclass	DOID_0111844
DOID_0060037	has_subclass	DOID_0111845
DOID_0060037	has_subclass	DOID_0112016
DOID_0060037	has_subclass	DOID_0112017
DOID_0060037	has_subclass	DOID_0112018
DOID_0060037	has_subclass	DOID_0112019
DOID_0060037	has_subclass	DOID_0112020
DOID_0060037	has_subclass	DOID_0112021
DOID_0060037	has_subclass	DOID_0112022
DOID_0060037	has_subclass	DOID_0112023
DOID_0060037	has_subclass	DOID_0112024
DOID_0060037	has_subclass	DOID_0112025
DOID_0060037	has_subclass	DOID_0112026
DOID_0060037	has_subclass	DOID_0112027
DOID_0060037	has_subclass	DOID_0112028
DOID_0060037	has_subclass	DOID_0112029
DOID_0060037	has_subclass	DOID_0112030
DOID_0060037	has_subclass	DOID_0112031
DOID_0060037	has_subclass	DOID_0112032
DOID_0060037	has_subclass	DOID_0112033
DOID_0060037	has_subclass	DOID_0112034
DOID_0060037	has_subclass	DOID_0112035
DOID_0060037	has_subclass	DOID_0112036
DOID_0060037	has_subclass	DOID_0112037
DOID_0060037	has_subclass	DOID_0112038
DOID_0060037	has_subclass	DOID_0112039
DOID_0060037	has_subclass	DOID_0112040
DOID_0060037	has_subclass	DOID_0112041
DOID_0060037	has_subclass	DOID_0112042
DOID_0060037	has_subclass	DOID_0112043
DOID_0060037	has_subclass	DOID_0112044
DOID_0060037	has_subclass	DOID_0112045
DOID_0060037	has_subclass	DOID_0112046
DOID_0060037	has_subclass	DOID_0112047
DOID_0060037	has_subclass	DOID_0112048
DOID_0060037	has_subclass	DOID_0112049
DOID_0060037	has_subclass	DOID_0112050
DOID_0060037	has_subclass	DOID_0112051
DOID_0060037	has_subclass	DOID_0112052
DOID_0060037	has_subclass	DOID_0112053
DOID_0060037	has_subclass	DOID_0112054
DOID_0060037	has_subclass	DOID_0112055
DOID_0060037	has_subclass	DOID_0112056
DOID_0060037	has_subclass	DOID_0112057
DOID_0060037	has_subclass	DOID_0112058
DOID_0060037	has_subclass	DOID_0112059
DOID_0060037	has_subclass	DOID_0112060
DOID_0060037	has_subclass	DOID_0112126
DOID_0060037	has_subclass	DOID_0112339
DOID_0060037	has_subclass	DOID_1059
DOID_0060037	has_subclass	DOID_10600
DOID_0060037	has_subclass	DOID_1094
DOID_0060037	has_subclass	DOID_11119
DOID_0060037	has_subclass	DOID_11385
DOID_0060037	has_subclass	DOID_1206
DOID_0060037	has_subclass	DOID_12685
DOID_0060037	has_subclass	DOID_12849
DOID_0060037	has_subclass	DOID_12995
DOID_0060037	has_subclass	DOID_13417
DOID_0060037	has_subclass	DOID_13487
DOID_0060037	has_subclass	DOID_14744
DOID_0060037	has_subclass	DOID_2033
DOID_0060037	has_subclass	DOID_2303
DOID_0060037	has_subclass	DOID_2768
DOID_0060037	has_subclass	DOID_2769
DOID_0060037	has_subclass	DOID_4090
DOID_0060037	has_subclass	DOID_4186
DOID_0060037	has_subclass	DOID_4188
DOID_0060037	has_subclass	DOID_4189
DOID_0060037	has_subclass	DOID_4541
DOID_0060037	has_subclass	DOID_4970
DOID_0060037	has_subclass	DOID_92
DOID_0060037	has_subclass	DOID_93
DOID_0060037	has_subclass	DOID_9923
DOID_0060038	has_subclass	DOID_0050647
DOID_0060038	has_subclass	DOID_0050665
DOID_0060038	has_subclass	DOID_0050666
DOID_0060038	has_subclass	DOID_0050667
DOID_0060038	has_subclass	DOID_0050668
DOID_0060038	has_subclass	DOID_0050681
DOID_0060038	has_subclass	DOID_0050764
DOID_0060038	has_subclass	DOID_0050776
DOID_0060038	has_subclass	DOID_0050888
DOID_0060038	has_subclass	DOID_0050889
DOID_0060038	has_subclass	DOID_0060046
DOID_0060038	has_subclass	DOID_0060130
DOID_0060038	has_subclass	DOID_0060131
DOID_0060038	has_subclass	DOID_0060132
DOID_0060038	has_subclass	DOID_0060133
DOID_0060038	has_subclass	DOID_0060134
DOID_0060038	has_subclass	DOID_0060136
DOID_0060038	has_subclass	DOID_0060137
DOID_0060038	has_subclass	DOID_0060138
DOID_0060038	has_subclass	DOID_0060139
DOID_0060038	has_subclass	DOID_0060140
DOID_0060038	has_subclass	DOID_0060141
DOID_0060038	has_subclass	DOID_0060142
DOID_0060038	has_subclass	DOID_0060143
DOID_0060038	has_subclass	DOID_0060144
DOID_0060038	has_subclass	DOID_0060146
DOID_0060038	has_subclass	DOID_0060147
DOID_0060038	has_subclass	DOID_0060148
DOID_0060038	has_subclass	DOID_0060149
DOID_0060038	has_subclass	DOID_0060150
DOID_0060038	has_subclass	DOID_0060151
DOID_0060038	has_subclass	DOID_0060152
DOID_0060038	has_subclass	DOID_0060153
DOID_0060038	has_subclass	DOID_0060154
DOID_0060038	has_subclass	DOID_0060155
DOID_0060038	has_subclass	DOID_0060156
DOID_0060038	has_subclass	DOID_0060179
DOID_0060038	has_subclass	DOID_0060243
DOID_0060038	has_subclass	DOID_0060244
DOID_0060038	has_subclass	DOID_0060309
DOID_0060038	has_subclass	DOID_0060799
DOID_0060038	has_subclass	DOID_0060800
DOID_0060038	has_subclass	DOID_0060801
DOID_0060038	has_subclass	DOID_0060802
DOID_0060038	has_subclass	DOID_0060803
DOID_0060038	has_subclass	DOID_0060804
DOID_0060038	has_subclass	DOID_0060805
DOID_0060038	has_subclass	DOID_0060806
DOID_0060038	has_subclass	DOID_0060807
DOID_0060038	has_subclass	DOID_0060808
DOID_0060038	has_subclass	DOID_0060809
DOID_0060038	has_subclass	DOID_0060810
DOID_0060038	has_subclass	DOID_0060811
DOID_0060038	has_subclass	DOID_0060812
DOID_0060038	has_subclass	DOID_0060813
DOID_0060038	has_subclass	DOID_0060814
DOID_0060038	has_subclass	DOID_0060815
DOID_0060038	has_subclass	DOID_0060816
DOID_0060038	has_subclass	DOID_0060817
DOID_0060038	has_subclass	DOID_0060818
DOID_0060038	has_subclass	DOID_0060819
DOID_0060038	has_subclass	DOID_0060820
DOID_0060038	has_subclass	DOID_0060821
DOID_0060038	has_subclass	DOID_0060822
DOID_0060038	has_subclass	DOID_0060823
DOID_0060038	has_subclass	DOID_0060824
DOID_0060038	has_subclass	DOID_0060825
DOID_0060038	has_subclass	DOID_0060826
DOID_0060038	has_subclass	DOID_0060827
DOID_0060038	has_subclass	DOID_0060828
DOID_0060038	has_subclass	DOID_0060830
DOID_0060038	has_subclass	DOID_0060929
DOID_0060038	has_subclass	DOID_0061015
DOID_0060038	has_subclass	DOID_0070422
DOID_0060038	has_subclass	DOID_0070538
DOID_0060038	has_subclass	DOID_0070653
DOID_0060038	has_subclass	DOID_0070698
DOID_0060038	has_subclass	DOID_0070776
DOID_0060038	has_subclass	DOID_0070777
DOID_0060038	has_subclass	DOID_0080240
DOID_0060038	has_subclass	DOID_0080241
DOID_0060038	has_subclass	DOID_0080242
DOID_0060038	has_subclass	DOID_0080311
DOID_0060038	has_subclass	DOID_0080473
DOID_0060038	has_subclass	DOID_0080982
DOID_0060038	has_subclass	DOID_0080984
DOID_0060038	has_subclass	DOID_0080985
DOID_0060038	has_subclass	DOID_0081052
DOID_0060038	has_subclass	DOID_0081123
DOID_0060038	has_subclass	DOID_0111275
DOID_0060038	has_subclass	DOID_0111331
DOID_0060038	has_subclass	DOID_0111332
DOID_0060038	has_subclass	DOID_0111403
DOID_0060038	has_subclass	DOID_0111456
DOID_0060038	has_subclass	DOID_0111838
DOID_0060038	has_subclass	DOID_0111840
DOID_0060038	has_subclass	DOID_0111843
DOID_0060038	has_subclass	DOID_0111844
DOID_0060038	has_subclass	DOID_0111845
DOID_0060038	has_subclass	DOID_0112016
DOID_0060038	has_subclass	DOID_0112017
DOID_0060038	has_subclass	DOID_0112018
DOID_0060038	has_subclass	DOID_0112019
DOID_0060038	has_subclass	DOID_0112020
DOID_0060038	has_subclass	DOID_0112021
DOID_0060038	has_subclass	DOID_0112022
DOID_0060038	has_subclass	DOID_0112023
DOID_0060038	has_subclass	DOID_0112024
DOID_0060038	has_subclass	DOID_0112025
DOID_0060038	has_subclass	DOID_0112026
DOID_0060038	has_subclass	DOID_0112027
DOID_0060038	has_subclass	DOID_0112028
DOID_0060038	has_subclass	DOID_0112029
DOID_0060038	has_subclass	DOID_0112030
DOID_0060038	has_subclass	DOID_0112031
DOID_0060038	has_subclass	DOID_0112032
DOID_0060038	has_subclass	DOID_0112033
DOID_0060038	has_subclass	DOID_0112034
DOID_0060038	has_subclass	DOID_0112035
DOID_0060038	has_subclass	DOID_0112036
DOID_0060038	has_subclass	DOID_0112037
DOID_0060038	has_subclass	DOID_0112038
DOID_0060038	has_subclass	DOID_0112039
DOID_0060038	has_subclass	DOID_0112040
DOID_0060038	has_subclass	DOID_0112041
DOID_0060038	has_subclass	DOID_0112042
DOID_0060038	has_subclass	DOID_0112043
DOID_0060038	has_subclass	DOID_0112044
DOID_0060038	has_subclass	DOID_0112045
DOID_0060038	has_subclass	DOID_0112046
DOID_0060038	has_subclass	DOID_0112047
DOID_0060038	has_subclass	DOID_0112048
DOID_0060038	has_subclass	DOID_0112049
DOID_0060038	has_subclass	DOID_0112050
DOID_0060038	has_subclass	DOID_0112051
DOID_0060038	has_subclass	DOID_0112052
DOID_0060038	has_subclass	DOID_0112053
DOID_0060038	has_subclass	DOID_0112054
DOID_0060038	has_subclass	DOID_0112055
DOID_0060038	has_subclass	DOID_0112056
DOID_0060038	has_subclass	DOID_0112057
DOID_0060038	has_subclass	DOID_0112058
DOID_0060038	has_subclass	DOID_0112059
DOID_0060038	has_subclass	DOID_0112060
DOID_0060038	has_subclass	DOID_0112126
DOID_0060038	has_subclass	DOID_0112339
DOID_0060038	has_subclass	DOID_10600
DOID_0060038	has_subclass	DOID_11119
DOID_0060038	has_subclass	DOID_11385
DOID_0060038	has_subclass	DOID_12685
DOID_0060038	has_subclass	DOID_13417
DOID_0060038	has_subclass	DOID_14744
DOID_0060038	has_subclass	DOID_2768
DOID_0060038	has_subclass	DOID_4090
DOID_0060038	has_subclass	DOID_4186
DOID_0060038	has_subclass	DOID_4188
DOID_0060038	has_subclass	DOID_4189
DOID_0060038	has_subclass	DOID_4541
DOID_0060038	has_subclass	DOID_4970
DOID_0060038	has_subclass	DOID_92
DOID_0060038	has_subclass	DOID_93
DOID_0060039	has_subclass	DOID_0040098
DOID_0060039	has_subclass	DOID_0060157
DOID_0060039	has_subclass	DOID_0060851
DOID_0060039	has_subclass	DOID_0080850
DOID_0060039	has_subclass	DOID_0080851
DOID_0060039	has_subclass	DOID_0080852
DOID_0060039	has_subclass	DOID_11656
DOID_0060039	has_subclass	DOID_14482
DOID_0060039	has_subclass	DOID_8506
DOID_0060040	has_subclass	DOID_0050432
DOID_0060040	has_subclass	DOID_0060042
DOID_0060040	has_subclass	DOID_12849
DOID_0060043	has_subclass	DOID_10131
DOID_0060043	has_subclass	DOID_10236
DOID_0060043	has_subclass	DOID_10834
DOID_0060043	has_subclass	DOID_11120
DOID_0060043	has_subclass	DOID_1233
DOID_0060043	has_subclass	DOID_1235
DOID_0060043	has_subclass	DOID_13351
DOID_0060043	has_subclass	DOID_13709
DOID_0060043	has_subclass	DOID_13868
DOID_0060043	has_subclass	DOID_9336
DOID_0060044	has_subclass	DOID_1233
DOID_0060049	has_subclass	DOID_4780
DOID_0060056	has_subclass	DOID_11123
DOID_0060056	has_subclass	DOID_11450
DOID_0060056	has_subclass	DOID_1556
DOID_0060056	has_subclass	DOID_9809
DOID_0060058	has_subclass	DOID_0050744
DOID_0060058	has_subclass	DOID_0050745
DOID_0060058	has_subclass	DOID_0050746
DOID_0060058	has_subclass	DOID_0050873
DOID_0060058	has_subclass	DOID_0060901
DOID_0060058	has_subclass	DOID_0070324
DOID_0060058	has_subclass	DOID_0070623
DOID_0060058	has_subclass	DOID_0070624
DOID_0060058	has_subclass	DOID_0070625
DOID_0060058	has_subclass	DOID_0070626
DOID_0060058	has_subclass	DOID_0070627
DOID_0060058	has_subclass	DOID_0070628
DOID_0060058	has_subclass	DOID_0080192
DOID_0060058	has_subclass	DOID_0080210
DOID_0060058	has_subclass	DOID_0080630
DOID_0060058	has_subclass	DOID_0080643
DOID_0060058	has_subclass	DOID_0080644
DOID_0060058	has_subclass	DOID_0080645
DOID_0060058	has_subclass	DOID_0080646
DOID_0060058	has_subclass	DOID_0080647
DOID_0060058	has_subclass	DOID_0080648
DOID_0060058	has_subclass	DOID_0080649
DOID_0060058	has_subclass	DOID_0080650
DOID_0060058	has_subclass	DOID_0080651
DOID_0060058	has_subclass	DOID_0080779
DOID_0060058	has_subclass	DOID_0080996
DOID_0060058	has_subclass	DOID_0080997
DOID_0060058	has_subclass	DOID_0081004
DOID_0060058	has_subclass	DOID_0081041
DOID_0060058	has_subclass	DOID_0081042
DOID_0060058	has_subclass	DOID_0081064
DOID_0060058	has_subclass	DOID_0081065
DOID_0060058	has_subclass	DOID_0081066
DOID_0060058	has_subclass	DOID_0081067
DOID_0060058	has_subclass	DOID_0081068
DOID_0060058	has_subclass	DOID_0081069
DOID_0060058	has_subclass	DOID_0081070
DOID_0060058	has_subclass	DOID_0081071
DOID_0060058	has_subclass	DOID_0081311
DOID_0060058	has_subclass	DOID_0081313
DOID_0060058	has_subclass	DOID_0081411
DOID_0060058	has_subclass	DOID_0081412
DOID_0060058	has_subclass	DOID_0081452
DOID_0060058	has_subclass	DOID_1039
DOID_0060058	has_subclass	DOID_1703
DOID_0060058	has_subclass	DOID_285
DOID_0060058	has_subclass	DOID_5820
DOID_0060058	has_subclass	DOID_6867
DOID_0060058	has_subclass	DOID_707
DOID_0060058	has_subclass	DOID_711
DOID_0060058	has_subclass	DOID_713
DOID_0060058	has_subclass	DOID_8543
DOID_0060058	has_subclass	DOID_8628
DOID_0060058	has_subclass	DOID_8642
DOID_0060058	has_subclass	DOID_8651
DOID_0060058	has_subclass	DOID_8654
DOID_0060058	has_subclass	DOID_8838
DOID_0060060	has_subclass	DOID_0050745
DOID_0060060	has_subclass	DOID_0050746
DOID_0060060	has_subclass	DOID_0050873
DOID_0060060	has_subclass	DOID_0060901
DOID_0060060	has_subclass	DOID_0080192
DOID_0060060	has_subclass	DOID_0080210
DOID_0060060	has_subclass	DOID_0080779
DOID_0060060	has_subclass	DOID_0080996
DOID_0060060	has_subclass	DOID_0080997
DOID_0060060	has_subclass	DOID_0081004
DOID_0060060	has_subclass	DOID_0081064
DOID_0060060	has_subclass	DOID_0081065
DOID_0060060	has_subclass	DOID_0081066
DOID_0060060	has_subclass	DOID_0081067
DOID_0060060	has_subclass	DOID_0081068
DOID_0060060	has_subclass	DOID_0081069
DOID_0060060	has_subclass	DOID_0081070
DOID_0060060	has_subclass	DOID_0081071
DOID_0060060	has_subclass	DOID_0081311
DOID_0060060	has_subclass	DOID_0081313
DOID_0060060	has_subclass	DOID_0081452
DOID_0060060	has_subclass	DOID_5820
DOID_0060071	has_subclass	DOID_0050610
DOID_0060071	has_subclass	DOID_0050611
DOID_0060071	has_subclass	DOID_0050612
DOID_0060071	has_subclass	DOID_0050870
DOID_0060071	has_subclass	DOID_4943
DOID_0060071	has_subclass	DOID_5172
DOID_0060071	has_subclass	DOID_6198
DOID_0060071	has_subclass	DOID_8661
DOID_0060071	has_subclass	DOID_8800
DOID_0060071	has_subclass	DOID_8802
DOID_0060071	has_subclass	DOID_8826
DOID_0060071	has_subclass	DOID_9011
DOID_0060071	has_subclass	DOID_9024
DOID_0060071	has_subclass	DOID_9087
DOID_0060071	has_subclass	DOID_9132
DOID_0060071	has_subclass	DOID_9138
DOID_0060071	has_subclass	DOID_9174
DOID_0060071	has_subclass	DOID_9234
DOID_0060072	has_subclass	DOID_0050621
DOID_0060072	has_subclass	DOID_0050622
DOID_0060072	has_subclass	DOID_0050623
DOID_0060072	has_subclass	DOID_0050624
DOID_0060072	has_subclass	DOID_0050625
DOID_0060072	has_subclass	DOID_0050849
DOID_0060072	has_subclass	DOID_0050860
DOID_0060072	has_subclass	DOID_0050868
DOID_0060072	has_subclass	DOID_0050869
DOID_0060072	has_subclass	DOID_0050893
DOID_0060072	has_subclass	DOID_0050894
DOID_0060072	has_subclass	DOID_0050898
DOID_0060072	has_subclass	DOID_0050906
DOID_0060072	has_subclass	DOID_0050910
DOID_0060072	has_subclass	DOID_0050912
DOID_0060072	has_subclass	DOID_0050915
DOID_0060072	has_subclass	DOID_0050927
DOID_0060072	has_subclass	DOID_0060086
DOID_0060072	has_subclass	DOID_0060088
DOID_0060072	has_subclass	DOID_0060090
DOID_0060072	has_subclass	DOID_0060091
DOID_0060072	has_subclass	DOID_0060095
DOID_0060072	has_subclass	DOID_0060096
DOID_0060072	has_subclass	DOID_0060109
DOID_0060072	has_subclass	DOID_0060110
DOID_0060072	has_subclass	DOID_0060112
DOID_0060072	has_subclass	DOID_0060115
DOID_0060072	has_subclass	DOID_0060121
DOID_0060072	has_subclass	DOID_0060688
DOID_0060072	has_subclass	DOID_0080365
DOID_0060072	has_subclass	DOID_0080601
DOID_0060072	has_subclass	DOID_0080602
DOID_0060072	has_subclass	DOID_0080615
DOID_0060072	has_subclass	DOID_0080619
DOID_0060072	has_subclass	DOID_0080640
DOID_0060072	has_subclass	DOID_0080829
DOID_0060072	has_subclass	DOID_0080830
DOID_0060072	has_subclass	DOID_0080895
DOID_0060072	has_subclass	DOID_0081259
DOID_0060072	has_subclass	DOID_0081260
DOID_0060072	has_subclass	DOID_0081261
DOID_0060072	has_subclass	DOID_0081283
DOID_0060072	has_subclass	DOID_0081284
DOID_0060072	has_subclass	DOID_0081285
DOID_0060072	has_subclass	DOID_0081302
DOID_0060072	has_subclass	DOID_0081303
DOID_0060072	has_subclass	DOID_0081305
DOID_0060072	has_subclass	DOID_0081463
DOID_0060072	has_subclass	DOID_0111366
DOID_0060072	has_subclass	DOID_10069
DOID_0060072	has_subclass	DOID_10070
DOID_0060072	has_subclass	DOID_10071
DOID_0060072	has_subclass	DOID_10087
DOID_0060072	has_subclass	DOID_10187
DOID_0060072	has_subclass	DOID_10188
DOID_0060072	has_subclass	DOID_10194
DOID_0060072	has_subclass	DOID_10195
DOID_0060072	has_subclass	DOID_10201
DOID_0060072	has_subclass	DOID_10203
DOID_0060072	has_subclass	DOID_10206
DOID_0060072	has_subclass	DOID_10207
DOID_0060072	has_subclass	DOID_10209
DOID_0060072	has_subclass	DOID_11294
DOID_0060072	has_subclass	DOID_11885
DOID_0060072	has_subclass	DOID_11887
DOID_0060072	has_subclass	DOID_11888
DOID_0060072	has_subclass	DOID_127
DOID_0060072	has_subclass	DOID_13081
DOID_0060072	has_subclass	DOID_13109
DOID_0060072	has_subclass	DOID_13110
DOID_0060072	has_subclass	DOID_13222
DOID_0060072	has_subclass	DOID_13223
DOID_0060072	has_subclass	DOID_1350
DOID_0060072	has_subclass	DOID_13560
DOID_0060072	has_subclass	DOID_1358
DOID_0060072	has_subclass	DOID_13691
DOID_0060072	has_subclass	DOID_1371
DOID_0060072	has_subclass	DOID_1373
DOID_0060072	has_subclass	DOID_139
DOID_0060072	has_subclass	DOID_13951
DOID_0060072	has_subclass	DOID_13953
DOID_0060072	has_subclass	DOID_13955
DOID_0060072	has_subclass	DOID_13956
DOID_0060072	has_subclass	DOID_13957
DOID_0060072	has_subclass	DOID_13958
DOID_0060072	has_subclass	DOID_14308
DOID_0060072	has_subclass	DOID_1475
DOID_0060072	has_subclass	DOID_1626
DOID_0060072	has_subclass	DOID_1627
DOID_0060072	has_subclass	DOID_172
DOID_0060072	has_subclass	DOID_1738
DOID_0060072	has_subclass	DOID_2060
DOID_0060072	has_subclass	DOID_2064
DOID_0060072	has_subclass	DOID_2066
DOID_0060072	has_subclass	DOID_2068
DOID_0060072	has_subclass	DOID_2075
DOID_0060072	has_subclass	DOID_2080
DOID_0060072	has_subclass	DOID_2139
DOID_0060072	has_subclass	DOID_2142
DOID_0060072	has_subclass	DOID_2173
DOID_0060072	has_subclass	DOID_2286
DOID_0060072	has_subclass	DOID_2410
DOID_0060072	has_subclass	DOID_2411
DOID_0060072	has_subclass	DOID_2425
DOID_0060072	has_subclass	DOID_2426
DOID_0060072	has_subclass	DOID_2433
DOID_0060072	has_subclass	DOID_2435
DOID_0060072	has_subclass	DOID_2436
DOID_0060072	has_subclass	DOID_2438
DOID_0060072	has_subclass	DOID_248
DOID_0060072	has_subclass	DOID_2495
DOID_0060072	has_subclass	DOID_254
DOID_0060072	has_subclass	DOID_255
DOID_0060072	has_subclass	DOID_2597
DOID_0060072	has_subclass	DOID_2598
DOID_0060072	has_subclass	DOID_2601
DOID_0060072	has_subclass	DOID_2602
DOID_0060072	has_subclass	DOID_2614
DOID_0060072	has_subclass	DOID_2615
DOID_0060072	has_subclass	DOID_2616
DOID_0060072	has_subclass	DOID_2626
DOID_0060072	has_subclass	DOID_2634
DOID_0060072	has_subclass	DOID_2636
DOID_0060072	has_subclass	DOID_2640
DOID_0060072	has_subclass	DOID_2648
DOID_0060072	has_subclass	DOID_2649
DOID_0060072	has_subclass	DOID_2658
DOID_0060072	has_subclass	DOID_2660
DOID_0060072	has_subclass	DOID_2670
DOID_0060072	has_subclass	DOID_2673
DOID_0060072	has_subclass	DOID_2679
DOID_0060072	has_subclass	DOID_2682
DOID_0060072	has_subclass	DOID_2691
DOID_0060072	has_subclass	DOID_2697
DOID_0060072	has_subclass	DOID_2698
DOID_0060072	has_subclass	DOID_271
DOID_0060072	has_subclass	DOID_275
DOID_0060072	has_subclass	DOID_277
DOID_0060072	has_subclass	DOID_2883
DOID_0060072	has_subclass	DOID_2891
DOID_0060072	has_subclass	DOID_3081
DOID_0060072	has_subclass	DOID_3116
DOID_0060072	has_subclass	DOID_3117
DOID_0060072	has_subclass	DOID_3120
DOID_0060072	has_subclass	DOID_3165
DOID_0060072	has_subclass	DOID_3172
DOID_0060072	has_subclass	DOID_3177
DOID_0060072	has_subclass	DOID_3178
DOID_0060072	has_subclass	DOID_3179
DOID_0060072	has_subclass	DOID_3267
DOID_0060072	has_subclass	DOID_3269
DOID_0060072	has_subclass	DOID_3314
DOID_0060072	has_subclass	DOID_3317
DOID_0060072	has_subclass	DOID_3318
DOID_0060072	has_subclass	DOID_3544
DOID_0060072	has_subclass	DOID_3578
DOID_0060072	has_subclass	DOID_3617
DOID_0060072	has_subclass	DOID_3683
DOID_0060072	has_subclass	DOID_3813
DOID_0060072	has_subclass	DOID_3892
DOID_0060072	has_subclass	DOID_3917
DOID_0060072	has_subclass	DOID_3918
DOID_0060072	has_subclass	DOID_4028
DOID_0060072	has_subclass	DOID_4147
DOID_0060072	has_subclass	DOID_4148
DOID_0060072	has_subclass	DOID_452
DOID_0060072	has_subclass	DOID_4587
DOID_0060072	has_subclass	DOID_4608
DOID_0060072	has_subclass	DOID_4630
DOID_0060072	has_subclass	DOID_4658
DOID_0060072	has_subclass	DOID_467
DOID_0060072	has_subclass	DOID_468
DOID_0060072	has_subclass	DOID_469
DOID_0060072	has_subclass	DOID_470
DOID_0060072	has_subclass	DOID_471
DOID_0060072	has_subclass	DOID_4715
DOID_0060072	has_subclass	DOID_472
DOID_0060072	has_subclass	DOID_474
DOID_0060072	has_subclass	DOID_4843
DOID_0060072	has_subclass	DOID_4844
DOID_0060072	has_subclass	DOID_4845
DOID_0060072	has_subclass	DOID_4851
DOID_0060072	has_subclass	DOID_4852
DOID_0060072	has_subclass	DOID_486
DOID_0060072	has_subclass	DOID_490
DOID_0060072	has_subclass	DOID_492
DOID_0060072	has_subclass	DOID_495
DOID_0060072	has_subclass	DOID_496
DOID_0060072	has_subclass	DOID_4994
DOID_0060072	has_subclass	DOID_4995
DOID_0060072	has_subclass	DOID_501
DOID_0060072	has_subclass	DOID_5043
DOID_0060072	has_subclass	DOID_5044
DOID_0060072	has_subclass	DOID_505
DOID_0060072	has_subclass	DOID_5075
DOID_0060072	has_subclass	DOID_5077
DOID_0060072	has_subclass	DOID_5078
DOID_0060072	has_subclass	DOID_5117
DOID_0060072	has_subclass	DOID_5124
DOID_0060072	has_subclass	DOID_5125
DOID_0060072	has_subclass	DOID_5126
DOID_0060072	has_subclass	DOID_5127
DOID_0060072	has_subclass	DOID_5128
DOID_0060072	has_subclass	DOID_5132
DOID_0060072	has_subclass	DOID_5134
DOID_0060072	has_subclass	DOID_5136
DOID_0060072	has_subclass	DOID_5137
DOID_0060072	has_subclass	DOID_5138
DOID_0060072	has_subclass	DOID_5139
DOID_0060072	has_subclass	DOID_5140
DOID_0060072	has_subclass	DOID_5142
DOID_0060072	has_subclass	DOID_5143
DOID_0060072	has_subclass	DOID_5146
DOID_0060072	has_subclass	DOID_5147
DOID_0060072	has_subclass	DOID_5157
DOID_0060072	has_subclass	DOID_5238
DOID_0060072	has_subclass	DOID_5364
DOID_0060072	has_subclass	DOID_5374
DOID_0060072	has_subclass	DOID_5375
DOID_0060072	has_subclass	DOID_5381
DOID_0060072	has_subclass	DOID_5382
DOID_0060072	has_subclass	DOID_5384
DOID_0060072	has_subclass	DOID_5385
DOID_0060072	has_subclass	DOID_5386
DOID_0060072	has_subclass	DOID_5387
DOID_0060072	has_subclass	DOID_5390
DOID_0060072	has_subclass	DOID_5393
DOID_0060072	has_subclass	DOID_5401
DOID_0060072	has_subclass	DOID_5402
DOID_0060072	has_subclass	DOID_5403
DOID_0060072	has_subclass	DOID_5427
DOID_0060072	has_subclass	DOID_5429
DOID_0060072	has_subclass	DOID_5432
DOID_0060072	has_subclass	DOID_5433
DOID_0060072	has_subclass	DOID_5437
DOID_0060072	has_subclass	DOID_5446
DOID_0060072	has_subclass	DOID_5457
DOID_0060072	has_subclass	DOID_5468
DOID_0060072	has_subclass	DOID_5469
DOID_0060072	has_subclass	DOID_5475
DOID_0060072	has_subclass	DOID_5476
DOID_0060072	has_subclass	DOID_5482
DOID_0060072	has_subclass	DOID_5500
DOID_0060072	has_subclass	DOID_5504
DOID_0060072	has_subclass	DOID_5505
DOID_0060072	has_subclass	DOID_5507
DOID_0060072	has_subclass	DOID_5565
DOID_0060072	has_subclass	DOID_5643
DOID_0060072	has_subclass	DOID_5726
DOID_0060072	has_subclass	DOID_5728
DOID_0060072	has_subclass	DOID_5759
DOID_0060072	has_subclass	DOID_5763
DOID_0060072	has_subclass	DOID_5766
DOID_0060072	has_subclass	DOID_5767
DOID_0060072	has_subclass	DOID_5895
DOID_0060072	has_subclass	DOID_5896
DOID_0060072	has_subclass	DOID_5897
DOID_0060072	has_subclass	DOID_5900
DOID_0060072	has_subclass	DOID_5915
DOID_0060072	has_subclass	DOID_5916
DOID_0060072	has_subclass	DOID_5917
DOID_0060072	has_subclass	DOID_5949
DOID_0060072	has_subclass	DOID_60006
DOID_0060072	has_subclass	DOID_60007
DOID_0060072	has_subclass	DOID_6048
DOID_0060072	has_subclass	DOID_6059
DOID_0060072	has_subclass	DOID_6065
DOID_0060072	has_subclass	DOID_6118
DOID_0060072	has_subclass	DOID_6203
DOID_0060072	has_subclass	DOID_6204
DOID_0060072	has_subclass	DOID_6211
DOID_0060072	has_subclass	DOID_6239
DOID_0060072	has_subclass	DOID_6257
DOID_0060072	has_subclass	DOID_6258
DOID_0060072	has_subclass	DOID_6259
DOID_0060072	has_subclass	DOID_6404
DOID_0060072	has_subclass	DOID_6468
DOID_0060072	has_subclass	DOID_6469
DOID_0060072	has_subclass	DOID_6518
DOID_0060072	has_subclass	DOID_6562
DOID_0060072	has_subclass	DOID_6564
DOID_0060072	has_subclass	DOID_657
DOID_0060072	has_subclass	DOID_6608
DOID_0060072	has_subclass	DOID_6613
DOID_0060072	has_subclass	DOID_6621
DOID_0060072	has_subclass	DOID_663
DOID_0060072	has_subclass	DOID_664
DOID_0060072	has_subclass	DOID_6733
DOID_0060072	has_subclass	DOID_6752
DOID_0060072	has_subclass	DOID_6811
DOID_0060072	has_subclass	DOID_6812
DOID_0060072	has_subclass	DOID_6906
DOID_0060072	has_subclass	DOID_6932
DOID_0060072	has_subclass	DOID_6933
DOID_0060072	has_subclass	DOID_6934
DOID_0060072	has_subclass	DOID_6935
DOID_0060072	has_subclass	DOID_6936
DOID_0060072	has_subclass	DOID_6947
DOID_0060072	has_subclass	DOID_7013
DOID_0060072	has_subclass	DOID_7071
DOID_0060072	has_subclass	DOID_7079
DOID_0060072	has_subclass	DOID_7105
DOID_0060072	has_subclass	DOID_7160
DOID_0060072	has_subclass	DOID_7181
DOID_0060072	has_subclass	DOID_7191
DOID_0060072	has_subclass	DOID_7235
DOID_0060072	has_subclass	DOID_730
DOID_0060072	has_subclass	DOID_731
DOID_0060072	has_subclass	DOID_7333
DOID_0060072	has_subclass	DOID_7334
DOID_0060072	has_subclass	DOID_7380
DOID_0060072	has_subclass	DOID_7402
DOID_0060072	has_subclass	DOID_745
DOID_0060072	has_subclass	DOID_7532
DOID_0060072	has_subclass	DOID_7607
DOID_0060072	has_subclass	DOID_7608
DOID_0060072	has_subclass	DOID_7609
DOID_0060072	has_subclass	DOID_7610
DOID_0060072	has_subclass	DOID_7611
DOID_0060072	has_subclass	DOID_7678
DOID_0060072	has_subclass	DOID_7679
DOID_0060072	has_subclass	DOID_7735
DOID_0060072	has_subclass	DOID_7752
DOID_0060072	has_subclass	DOID_7762
DOID_0060072	has_subclass	DOID_7851
DOID_0060072	has_subclass	DOID_7868
DOID_0060072	has_subclass	DOID_7878
DOID_0060072	has_subclass	DOID_7880
DOID_0060072	has_subclass	DOID_7984
DOID_0060072	has_subclass	DOID_7996
DOID_0060072	has_subclass	DOID_8002
DOID_0060072	has_subclass	DOID_8003
DOID_0060072	has_subclass	DOID_8012
DOID_0060072	has_subclass	DOID_8020
DOID_0060072	has_subclass	DOID_8093
DOID_0060072	has_subclass	DOID_8102
DOID_0060072	has_subclass	DOID_8104
DOID_0060072	has_subclass	DOID_8105
DOID_0060072	has_subclass	DOID_8109
DOID_0060072	has_subclass	DOID_8162
DOID_0060072	has_subclass	DOID_8177
DOID_0060072	has_subclass	DOID_8178
DOID_0060072	has_subclass	DOID_8179
DOID_0060072	has_subclass	DOID_8224
DOID_0060072	has_subclass	DOID_8225
DOID_0060072	has_subclass	DOID_8227
DOID_0060072	has_subclass	DOID_8230
DOID_0060072	has_subclass	DOID_8292
DOID_0060072	has_subclass	DOID_8331
DOID_0060072	has_subclass	DOID_8419
DOID_0060072	has_subclass	DOID_8426
DOID_0060072	has_subclass	DOID_907
DOID_0060072	has_subclass	DOID_916
DOID_0060072	has_subclass	DOID_917
DOID_0060072	has_subclass	DOID_9442
DOID_0060072	has_subclass	DOID_9445
DOID_0060072	has_subclass	DOID_959
DOID_0060072	has_subclass	DOID_960
DOID_0060073	has_subclass	DOID_0050744
DOID_0060073	has_subclass	DOID_0050745
DOID_0060073	has_subclass	DOID_0050746
DOID_0060073	has_subclass	DOID_0050873
DOID_0060073	has_subclass	DOID_0060060
DOID_0060073	has_subclass	DOID_0060219
DOID_0060073	has_subclass	DOID_0060592
DOID_0060073	has_subclass	DOID_0060901
DOID_0060073	has_subclass	DOID_0070324
DOID_0060073	has_subclass	DOID_0070623
DOID_0060073	has_subclass	DOID_0070624
DOID_0060073	has_subclass	DOID_0070625
DOID_0060073	has_subclass	DOID_0070626
DOID_0060073	has_subclass	DOID_0070627
DOID_0060073	has_subclass	DOID_0070628
DOID_0060073	has_subclass	DOID_0080146
DOID_0060073	has_subclass	DOID_0080192
DOID_0060073	has_subclass	DOID_0080210
DOID_0060073	has_subclass	DOID_0080618
DOID_0060073	has_subclass	DOID_0080630
DOID_0060073	has_subclass	DOID_0080638
DOID_0060073	has_subclass	DOID_0080643
DOID_0060073	has_subclass	DOID_0080644
DOID_0060073	has_subclass	DOID_0080645
DOID_0060073	has_subclass	DOID_0080646
DOID_0060073	has_subclass	DOID_0080647
DOID_0060073	has_subclass	DOID_0080648
DOID_0060073	has_subclass	DOID_0080649
DOID_0060073	has_subclass	DOID_0080650
DOID_0060073	has_subclass	DOID_0080651
DOID_0060073	has_subclass	DOID_0080779
DOID_0060073	has_subclass	DOID_0080996
DOID_0060073	has_subclass	DOID_0080997
DOID_0060073	has_subclass	DOID_0081004
DOID_0060073	has_subclass	DOID_0081041
DOID_0060073	has_subclass	DOID_0081042
DOID_0060073	has_subclass	DOID_0081064
DOID_0060073	has_subclass	DOID_0081065
DOID_0060073	has_subclass	DOID_0081066
DOID_0060073	has_subclass	DOID_0081067
DOID_0060073	has_subclass	DOID_0081068
DOID_0060073	has_subclass	DOID_0081069
DOID_0060073	has_subclass	DOID_0081070
DOID_0060073	has_subclass	DOID_0081071
DOID_0060073	has_subclass	DOID_0081311
DOID_0060073	has_subclass	DOID_0081313
DOID_0060073	has_subclass	DOID_0081411
DOID_0060073	has_subclass	DOID_0081412
DOID_0060073	has_subclass	DOID_0081452
DOID_0060073	has_subclass	DOID_10146
DOID_0060073	has_subclass	DOID_10290
DOID_0060073	has_subclass	DOID_1039
DOID_0060073	has_subclass	DOID_1040
DOID_0060073	has_subclass	DOID_10540
DOID_0060073	has_subclass	DOID_10813
DOID_0060073	has_subclass	DOID_1106
DOID_0060073	has_subclass	DOID_11241
DOID_0060073	has_subclass	DOID_11821
DOID_0060073	has_subclass	DOID_12001
DOID_0060073	has_subclass	DOID_12339
DOID_0060073	has_subclass	DOID_12972
DOID_0060073	has_subclass	DOID_13996
DOID_0060073	has_subclass	DOID_14150
DOID_0060073	has_subclass	DOID_14489
DOID_0060073	has_subclass	DOID_1522
DOID_0060073	has_subclass	DOID_1523
DOID_0060073	has_subclass	DOID_1703
DOID_0060073	has_subclass	DOID_1792
DOID_0060073	has_subclass	DOID_2150
DOID_0060073	has_subclass	DOID_285
DOID_0060073	has_subclass	DOID_3234
DOID_0060073	has_subclass	DOID_3275
DOID_0060073	has_subclass	DOID_3278
DOID_0060073	has_subclass	DOID_3279
DOID_0060073	has_subclass	DOID_3280
DOID_0060073	has_subclass	DOID_3281
DOID_0060073	has_subclass	DOID_3283
DOID_0060073	has_subclass	DOID_4554
DOID_0060073	has_subclass	DOID_4678
DOID_0060073	has_subclass	DOID_5626
DOID_0060073	has_subclass	DOID_5815
DOID_0060073	has_subclass	DOID_5820
DOID_0060073	has_subclass	DOID_5821
DOID_0060073	has_subclass	DOID_5823
DOID_0060073	has_subclass	DOID_5825
DOID_0060073	has_subclass	DOID_5826
DOID_0060073	has_subclass	DOID_6547
DOID_0060073	has_subclass	DOID_6723
DOID_0060073	has_subclass	DOID_6758
DOID_0060073	has_subclass	DOID_6759
DOID_0060073	has_subclass	DOID_6760
DOID_0060073	has_subclass	DOID_6867
DOID_0060073	has_subclass	DOID_6868
DOID_0060073	has_subclass	DOID_707
DOID_0060073	has_subclass	DOID_711
DOID_0060073	has_subclass	DOID_713
DOID_0060073	has_subclass	DOID_7214
DOID_0060073	has_subclass	DOID_774
DOID_0060073	has_subclass	DOID_7927
DOID_0060073	has_subclass	DOID_8135
DOID_0060073	has_subclass	DOID_8543
DOID_0060073	has_subclass	DOID_8567
DOID_0060073	has_subclass	DOID_8628
DOID_0060073	has_subclass	DOID_8642
DOID_0060073	has_subclass	DOID_8651
DOID_0060073	has_subclass	DOID_8654
DOID_0060073	has_subclass	DOID_8838
DOID_0060073	has_subclass	DOID_901
DOID_0060073	has_subclass	DOID_903
DOID_0060073	has_subclass	DOID_9986
DOID_0060082	has_subclass	DOID_2639
DOID_0060082	has_subclass	DOID_2656
DOID_0060082	has_subclass	DOID_6491
DOID_0060082	has_subclass	DOID_6492
DOID_0060082	has_subclass	DOID_7223
DOID_0060082	has_subclass	DOID_7538
DOID_0060082	has_subclass	DOID_7539
DOID_0060082	has_subclass	DOID_7540
DOID_0060083	has_subclass	DOID_0050744
DOID_0060083	has_subclass	DOID_0050745
DOID_0060083	has_subclass	DOID_0050746
DOID_0060083	has_subclass	DOID_0050873
DOID_0060083	has_subclass	DOID_0060058
DOID_0060083	has_subclass	DOID_0060060
DOID_0060083	has_subclass	DOID_0060219
DOID_0060083	has_subclass	DOID_0060592
DOID_0060083	has_subclass	DOID_0060901
DOID_0060083	has_subclass	DOID_0070324
DOID_0060083	has_subclass	DOID_0070623
DOID_0060083	has_subclass	DOID_0070624
DOID_0060083	has_subclass	DOID_0070625
DOID_0060083	has_subclass	DOID_0070626
DOID_0060083	has_subclass	DOID_0070627
DOID_0060083	has_subclass	DOID_0070628
DOID_0060083	has_subclass	DOID_0080146
DOID_0060083	has_subclass	DOID_0080192
DOID_0060083	has_subclass	DOID_0080210
DOID_0060083	has_subclass	DOID_0080618
DOID_0060083	has_subclass	DOID_0080630
DOID_0060083	has_subclass	DOID_0080638
DOID_0060083	has_subclass	DOID_0080643
DOID_0060083	has_subclass	DOID_0080644
DOID_0060083	has_subclass	DOID_0080645
DOID_0060083	has_subclass	DOID_0080646
DOID_0060083	has_subclass	DOID_0080647
DOID_0060083	has_subclass	DOID_0080648
DOID_0060083	has_subclass	DOID_0080649
DOID_0060083	has_subclass	DOID_0080650
DOID_0060083	has_subclass	DOID_0080651
DOID_0060083	has_subclass	DOID_0080779
DOID_0060083	has_subclass	DOID_0080996
DOID_0060083	has_subclass	DOID_0080997
DOID_0060083	has_subclass	DOID_0081004
DOID_0060083	has_subclass	DOID_0081041
DOID_0060083	has_subclass	DOID_0081042
DOID_0060083	has_subclass	DOID_0081064
DOID_0060083	has_subclass	DOID_0081065
DOID_0060083	has_subclass	DOID_0081066
DOID_0060083	has_subclass	DOID_0081067
DOID_0060083	has_subclass	DOID_0081068
DOID_0060083	has_subclass	DOID_0081069
DOID_0060083	has_subclass	DOID_0081070
DOID_0060083	has_subclass	DOID_0081071
DOID_0060083	has_subclass	DOID_0081311
DOID_0060083	has_subclass	DOID_0081313
DOID_0060083	has_subclass	DOID_0081411
DOID_0060083	has_subclass	DOID_0081412
DOID_0060083	has_subclass	DOID_0081452
DOID_0060083	has_subclass	DOID_10146
DOID_0060083	has_subclass	DOID_10290
DOID_0060083	has_subclass	DOID_1039
DOID_0060083	has_subclass	DOID_1040
DOID_0060083	has_subclass	DOID_10540
DOID_0060083	has_subclass	DOID_10619
DOID_0060083	has_subclass	DOID_10813
DOID_0060083	has_subclass	DOID_1106
DOID_0060083	has_subclass	DOID_11241
DOID_0060083	has_subclass	DOID_11821
DOID_0060083	has_subclass	DOID_12001
DOID_0060083	has_subclass	DOID_12339
DOID_0060083	has_subclass	DOID_12972
DOID_0060083	has_subclass	DOID_13996
DOID_0060083	has_subclass	DOID_14150
DOID_0060083	has_subclass	DOID_14489
DOID_0060083	has_subclass	DOID_1522
DOID_0060083	has_subclass	DOID_1523
DOID_0060083	has_subclass	DOID_1703
DOID_0060083	has_subclass	DOID_1792
DOID_0060083	has_subclass	DOID_2150
DOID_0060083	has_subclass	DOID_2689
DOID_0060083	has_subclass	DOID_285
DOID_0060083	has_subclass	DOID_3234
DOID_0060083	has_subclass	DOID_3275
DOID_0060083	has_subclass	DOID_3277
DOID_0060083	has_subclass	DOID_3278
DOID_0060083	has_subclass	DOID_3279
DOID_0060083	has_subclass	DOID_3280
DOID_0060083	has_subclass	DOID_3281
DOID_0060083	has_subclass	DOID_3283
DOID_0060083	has_subclass	DOID_4554
DOID_0060083	has_subclass	DOID_4678
DOID_0060083	has_subclass	DOID_5626
DOID_0060083	has_subclass	DOID_5815
DOID_0060083	has_subclass	DOID_5820
DOID_0060083	has_subclass	DOID_5821
DOID_0060083	has_subclass	DOID_5823
DOID_0060083	has_subclass	DOID_5825
DOID_0060083	has_subclass	DOID_5826
DOID_0060083	has_subclass	DOID_6547
DOID_0060083	has_subclass	DOID_6723
DOID_0060083	has_subclass	DOID_6758
DOID_0060083	has_subclass	DOID_6759
DOID_0060083	has_subclass	DOID_6760
DOID_0060083	has_subclass	DOID_6867
DOID_0060083	has_subclass	DOID_6868
DOID_0060083	has_subclass	DOID_707
DOID_0060083	has_subclass	DOID_711
DOID_0060083	has_subclass	DOID_713
DOID_0060083	has_subclass	DOID_7214
DOID_0060083	has_subclass	DOID_774
DOID_0060083	has_subclass	DOID_7927
DOID_0060083	has_subclass	DOID_8135
DOID_0060083	has_subclass	DOID_8538
DOID_0060083	has_subclass	DOID_8543
DOID_0060083	has_subclass	DOID_8567
DOID_0060083	has_subclass	DOID_8628
DOID_0060083	has_subclass	DOID_8642
DOID_0060083	has_subclass	DOID_8651
DOID_0060083	has_subclass	DOID_8654
DOID_0060083	has_subclass	DOID_8838
DOID_0060083	has_subclass	DOID_8937
DOID_0060083	has_subclass	DOID_901
DOID_0060083	has_subclass	DOID_903
DOID_0060083	has_subclass	DOID_9986
DOID_0060084	has_subclass	DOID_0050849
DOID_0060084	has_subclass	DOID_0050860
DOID_0060084	has_subclass	DOID_0050868
DOID_0060084	has_subclass	DOID_0050869
DOID_0060084	has_subclass	DOID_0050893
DOID_0060084	has_subclass	DOID_0050898
DOID_0060084	has_subclass	DOID_0050910
DOID_0060084	has_subclass	DOID_0050912
DOID_0060084	has_subclass	DOID_0050915
DOID_0060084	has_subclass	DOID_0050927
DOID_0060084	has_subclass	DOID_0060688
DOID_0060084	has_subclass	DOID_0080602
DOID_0060084	has_subclass	DOID_0080895
DOID_0060084	has_subclass	DOID_0081259
DOID_0060084	has_subclass	DOID_0081463
DOID_0060084	has_subclass	DOID_0111366
DOID_0060084	has_subclass	DOID_10070
DOID_0060084	has_subclass	DOID_11294
DOID_0060084	has_subclass	DOID_13081
DOID_0060084	has_subclass	DOID_13109
DOID_0060084	has_subclass	DOID_13691
DOID_0060084	has_subclass	DOID_1371
DOID_0060084	has_subclass	DOID_139
DOID_0060084	has_subclass	DOID_14308
DOID_0060084	has_subclass	DOID_1626
DOID_0060084	has_subclass	DOID_1627
DOID_0060084	has_subclass	DOID_1738
DOID_0060084	has_subclass	DOID_2075
DOID_0060084	has_subclass	DOID_2142
DOID_0060084	has_subclass	DOID_248
DOID_0060084	has_subclass	DOID_254
DOID_0060084	has_subclass	DOID_2601
DOID_0060084	has_subclass	DOID_2614
DOID_0060084	has_subclass	DOID_2616
DOID_0060084	has_subclass	DOID_2626
DOID_0060084	has_subclass	DOID_2634
DOID_0060084	has_subclass	DOID_2658
DOID_0060084	has_subclass	DOID_2660
DOID_0060084	has_subclass	DOID_2670
DOID_0060084	has_subclass	DOID_2682
DOID_0060084	has_subclass	DOID_271
DOID_0060084	has_subclass	DOID_275
DOID_0060084	has_subclass	DOID_2891
DOID_0060084	has_subclass	DOID_3120
DOID_0060084	has_subclass	DOID_3172
DOID_0060084	has_subclass	DOID_3177
DOID_0060084	has_subclass	DOID_3178
DOID_0060084	has_subclass	DOID_3179
DOID_0060084	has_subclass	DOID_3318
DOID_0060084	has_subclass	DOID_3544
DOID_0060084	has_subclass	DOID_4028
DOID_0060084	has_subclass	DOID_4147
DOID_0060084	has_subclass	DOID_4630
DOID_0060084	has_subclass	DOID_467
DOID_0060084	has_subclass	DOID_468
DOID_0060084	has_subclass	DOID_469
DOID_0060084	has_subclass	DOID_470
DOID_0060084	has_subclass	DOID_471
DOID_0060084	has_subclass	DOID_474
DOID_0060084	has_subclass	DOID_486
DOID_0060084	has_subclass	DOID_490
DOID_0060084	has_subclass	DOID_492
DOID_0060084	has_subclass	DOID_495
DOID_0060084	has_subclass	DOID_496
DOID_0060084	has_subclass	DOID_505
DOID_0060084	has_subclass	DOID_5124
DOID_0060084	has_subclass	DOID_5125
DOID_0060084	has_subclass	DOID_5127
DOID_0060084	has_subclass	DOID_5128
DOID_0060084	has_subclass	DOID_5134
DOID_0060084	has_subclass	DOID_5136
DOID_0060084	has_subclass	DOID_5137
DOID_0060084	has_subclass	DOID_5138
DOID_0060084	has_subclass	DOID_5139
DOID_0060084	has_subclass	DOID_5143
DOID_0060084	has_subclass	DOID_5146
DOID_0060084	has_subclass	DOID_5381
DOID_0060084	has_subclass	DOID_5382
DOID_0060084	has_subclass	DOID_5385
DOID_0060084	has_subclass	DOID_5390
DOID_0060084	has_subclass	DOID_5393
DOID_0060084	has_subclass	DOID_5401
DOID_0060084	has_subclass	DOID_5402
DOID_0060084	has_subclass	DOID_5427
DOID_0060084	has_subclass	DOID_5432
DOID_0060084	has_subclass	DOID_5433
DOID_0060084	has_subclass	DOID_5437
DOID_0060084	has_subclass	DOID_5446
DOID_0060084	has_subclass	DOID_5565
DOID_0060084	has_subclass	DOID_5643
DOID_0060084	has_subclass	DOID_5728
DOID_0060084	has_subclass	DOID_5766
DOID_0060084	has_subclass	DOID_6059
DOID_0060084	has_subclass	DOID_6065
DOID_0060084	has_subclass	DOID_6118
DOID_0060084	has_subclass	DOID_6203
DOID_0060084	has_subclass	DOID_6204
DOID_0060084	has_subclass	DOID_6239
DOID_0060084	has_subclass	DOID_6562
DOID_0060084	has_subclass	DOID_6608
DOID_0060084	has_subclass	DOID_6613
DOID_0060084	has_subclass	DOID_6621
DOID_0060084	has_subclass	DOID_663
DOID_0060084	has_subclass	DOID_6733
DOID_0060084	has_subclass	DOID_6932
DOID_0060084	has_subclass	DOID_6933
DOID_0060084	has_subclass	DOID_6934
DOID_0060084	has_subclass	DOID_6935
DOID_0060084	has_subclass	DOID_7071
DOID_0060084	has_subclass	DOID_7079
DOID_0060084	has_subclass	DOID_7160
DOID_0060084	has_subclass	DOID_7333
DOID_0060084	has_subclass	DOID_7334
DOID_0060084	has_subclass	DOID_7380
DOID_0060084	has_subclass	DOID_745
DOID_0060084	has_subclass	DOID_7607
DOID_0060084	has_subclass	DOID_7608
DOID_0060084	has_subclass	DOID_7609
DOID_0060084	has_subclass	DOID_7610
DOID_0060084	has_subclass	DOID_7611
DOID_0060084	has_subclass	DOID_7851
DOID_0060084	has_subclass	DOID_7984
DOID_0060084	has_subclass	DOID_8003
DOID_0060084	has_subclass	DOID_8102
DOID_0060084	has_subclass	DOID_8104
DOID_0060084	has_subclass	DOID_8105
DOID_0060084	has_subclass	DOID_8109
DOID_0060084	has_subclass	DOID_8162
DOID_0060084	has_subclass	DOID_8224
DOID_0060084	has_subclass	DOID_8225
DOID_0060084	has_subclass	DOID_8227
DOID_0060084	has_subclass	DOID_8292
DOID_0060084	has_subclass	DOID_8331
DOID_0060084	has_subclass	DOID_8419
DOID_0060085	has_subclass	DOID_0050623
DOID_0060085	has_subclass	DOID_0050625
DOID_0060085	has_subclass	DOID_0050868
DOID_0060085	has_subclass	DOID_0050893
DOID_0060085	has_subclass	DOID_0050906
DOID_0060085	has_subclass	DOID_0060086
DOID_0060085	has_subclass	DOID_0060088
DOID_0060085	has_subclass	DOID_0060090
DOID_0060085	has_subclass	DOID_0060095
DOID_0060085	has_subclass	DOID_0060096
DOID_0060085	has_subclass	DOID_0060109
DOID_0060085	has_subclass	DOID_0060110
DOID_0060085	has_subclass	DOID_0060112
DOID_0060085	has_subclass	DOID_0060688
DOID_0060085	has_subclass	DOID_0080365
DOID_0060085	has_subclass	DOID_0080615
DOID_0060085	has_subclass	DOID_0080619
DOID_0060085	has_subclass	DOID_0080640
DOID_0060085	has_subclass	DOID_0080829
DOID_0060085	has_subclass	DOID_0080830
DOID_0060085	has_subclass	DOID_0080895
DOID_0060085	has_subclass	DOID_0081259
DOID_0060085	has_subclass	DOID_0081260
DOID_0060085	has_subclass	DOID_0081261
DOID_0060085	has_subclass	DOID_0081283
DOID_0060085	has_subclass	DOID_0081284
DOID_0060085	has_subclass	DOID_0081285
DOID_0060085	has_subclass	DOID_0081302
DOID_0060085	has_subclass	DOID_0081303
DOID_0060085	has_subclass	DOID_0081305
DOID_0060085	has_subclass	DOID_0081463
DOID_0060085	has_subclass	DOID_0111366
DOID_0060085	has_subclass	DOID_10069
DOID_0060085	has_subclass	DOID_10070
DOID_0060085	has_subclass	DOID_10071
DOID_0060085	has_subclass	DOID_10087
DOID_0060085	has_subclass	DOID_10187
DOID_0060085	has_subclass	DOID_10188
DOID_0060085	has_subclass	DOID_10194
DOID_0060085	has_subclass	DOID_10195
DOID_0060085	has_subclass	DOID_10201
DOID_0060085	has_subclass	DOID_10203
DOID_0060085	has_subclass	DOID_10206
DOID_0060085	has_subclass	DOID_10207
DOID_0060085	has_subclass	DOID_10209
DOID_0060085	has_subclass	DOID_11294
DOID_0060085	has_subclass	DOID_11885
DOID_0060085	has_subclass	DOID_11887
DOID_0060085	has_subclass	DOID_11888
DOID_0060085	has_subclass	DOID_13081
DOID_0060085	has_subclass	DOID_13109
DOID_0060085	has_subclass	DOID_13110
DOID_0060085	has_subclass	DOID_13222
DOID_0060085	has_subclass	DOID_13223
DOID_0060085	has_subclass	DOID_1350
DOID_0060085	has_subclass	DOID_13560
DOID_0060085	has_subclass	DOID_1358
DOID_0060085	has_subclass	DOID_13691
DOID_0060085	has_subclass	DOID_1371
DOID_0060085	has_subclass	DOID_1373
DOID_0060085	has_subclass	DOID_13951
DOID_0060085	has_subclass	DOID_13953
DOID_0060085	has_subclass	DOID_13955
DOID_0060085	has_subclass	DOID_13956
DOID_0060085	has_subclass	DOID_13957
DOID_0060085	has_subclass	DOID_13958
DOID_0060085	has_subclass	DOID_14308
DOID_0060085	has_subclass	DOID_1475
DOID_0060085	has_subclass	DOID_172
DOID_0060085	has_subclass	DOID_2060
DOID_0060085	has_subclass	DOID_2064
DOID_0060085	has_subclass	DOID_2066
DOID_0060085	has_subclass	DOID_2068
DOID_0060085	has_subclass	DOID_2075
DOID_0060085	has_subclass	DOID_2080
DOID_0060085	has_subclass	DOID_2139
DOID_0060085	has_subclass	DOID_2173
DOID_0060085	has_subclass	DOID_2286
DOID_0060085	has_subclass	DOID_2410
DOID_0060085	has_subclass	DOID_2411
DOID_0060085	has_subclass	DOID_2425
DOID_0060085	has_subclass	DOID_2426
DOID_0060085	has_subclass	DOID_2433
DOID_0060085	has_subclass	DOID_2435
DOID_0060085	has_subclass	DOID_2436
DOID_0060085	has_subclass	DOID_2438
DOID_0060085	has_subclass	DOID_248
DOID_0060085	has_subclass	DOID_2495
DOID_0060085	has_subclass	DOID_254
DOID_0060085	has_subclass	DOID_255
DOID_0060085	has_subclass	DOID_2597
DOID_0060085	has_subclass	DOID_2598
DOID_0060085	has_subclass	DOID_2616
DOID_0060085	has_subclass	DOID_2626
DOID_0060085	has_subclass	DOID_2636
DOID_0060085	has_subclass	DOID_2640
DOID_0060085	has_subclass	DOID_2648
DOID_0060085	has_subclass	DOID_2673
DOID_0060085	has_subclass	DOID_2679
DOID_0060085	has_subclass	DOID_2691
DOID_0060085	has_subclass	DOID_2697
DOID_0060085	has_subclass	DOID_2698
DOID_0060085	has_subclass	DOID_271
DOID_0060085	has_subclass	DOID_275
DOID_0060085	has_subclass	DOID_277
DOID_0060085	has_subclass	DOID_3081
DOID_0060085	has_subclass	DOID_3116
DOID_0060085	has_subclass	DOID_3117
DOID_0060085	has_subclass	DOID_3120
DOID_0060085	has_subclass	DOID_3165
DOID_0060085	has_subclass	DOID_3267
DOID_0060085	has_subclass	DOID_3269
DOID_0060085	has_subclass	DOID_3317
DOID_0060085	has_subclass	DOID_3578
DOID_0060085	has_subclass	DOID_3617
DOID_0060085	has_subclass	DOID_3683
DOID_0060085	has_subclass	DOID_3813
DOID_0060085	has_subclass	DOID_3892
DOID_0060085	has_subclass	DOID_3917
DOID_0060085	has_subclass	DOID_3918
DOID_0060085	has_subclass	DOID_4028
DOID_0060085	has_subclass	DOID_4147
DOID_0060085	has_subclass	DOID_4148
DOID_0060085	has_subclass	DOID_452
DOID_0060085	has_subclass	DOID_4587
DOID_0060085	has_subclass	DOID_4608
DOID_0060085	has_subclass	DOID_467
DOID_0060085	has_subclass	DOID_468
DOID_0060085	has_subclass	DOID_469
DOID_0060085	has_subclass	DOID_470
DOID_0060085	has_subclass	DOID_471
DOID_0060085	has_subclass	DOID_4715
DOID_0060085	has_subclass	DOID_472
DOID_0060085	has_subclass	DOID_474
DOID_0060085	has_subclass	DOID_4843
DOID_0060085	has_subclass	DOID_4844
DOID_0060085	has_subclass	DOID_4845
DOID_0060085	has_subclass	DOID_4851
DOID_0060085	has_subclass	DOID_4852
DOID_0060085	has_subclass	DOID_486
DOID_0060085	has_subclass	DOID_490
DOID_0060085	has_subclass	DOID_492
DOID_0060085	has_subclass	DOID_495
DOID_0060085	has_subclass	DOID_496
DOID_0060085	has_subclass	DOID_4994
DOID_0060085	has_subclass	DOID_4995
DOID_0060085	has_subclass	DOID_501
DOID_0060085	has_subclass	DOID_5043
DOID_0060085	has_subclass	DOID_5044
DOID_0060085	has_subclass	DOID_505
DOID_0060085	has_subclass	DOID_5075
DOID_0060085	has_subclass	DOID_5077
DOID_0060085	has_subclass	DOID_5078
DOID_0060085	has_subclass	DOID_5117
DOID_0060085	has_subclass	DOID_5125
DOID_0060085	has_subclass	DOID_5126
DOID_0060085	has_subclass	DOID_5132
DOID_0060085	has_subclass	DOID_5137
DOID_0060085	has_subclass	DOID_5140
DOID_0060085	has_subclass	DOID_5142
DOID_0060085	has_subclass	DOID_5146
DOID_0060085	has_subclass	DOID_5147
DOID_0060085	has_subclass	DOID_5157
DOID_0060085	has_subclass	DOID_5238
DOID_0060085	has_subclass	DOID_5364
DOID_0060085	has_subclass	DOID_5374
DOID_0060085	has_subclass	DOID_5375
DOID_0060085	has_subclass	DOID_5382
DOID_0060085	has_subclass	DOID_5386
DOID_0060085	has_subclass	DOID_5393
DOID_0060085	has_subclass	DOID_5427
DOID_0060085	has_subclass	DOID_5429
DOID_0060085	has_subclass	DOID_5457
DOID_0060085	has_subclass	DOID_5468
DOID_0060085	has_subclass	DOID_5469
DOID_0060085	has_subclass	DOID_5475
DOID_0060085	has_subclass	DOID_5476
DOID_0060085	has_subclass	DOID_5482
DOID_0060085	has_subclass	DOID_5500
DOID_0060085	has_subclass	DOID_5504
DOID_0060085	has_subclass	DOID_5505
DOID_0060085	has_subclass	DOID_5507
DOID_0060085	has_subclass	DOID_5726
DOID_0060085	has_subclass	DOID_5759
DOID_0060085	has_subclass	DOID_5763
DOID_0060085	has_subclass	DOID_5766
DOID_0060085	has_subclass	DOID_5767
DOID_0060085	has_subclass	DOID_5895
DOID_0060085	has_subclass	DOID_5896
DOID_0060085	has_subclass	DOID_5897
DOID_0060085	has_subclass	DOID_5900
DOID_0060085	has_subclass	DOID_5915
DOID_0060085	has_subclass	DOID_5916
DOID_0060085	has_subclass	DOID_5917
DOID_0060085	has_subclass	DOID_5949
DOID_0060085	has_subclass	DOID_60006
DOID_0060085	has_subclass	DOID_60007
DOID_0060085	has_subclass	DOID_6048
DOID_0060085	has_subclass	DOID_6059
DOID_0060085	has_subclass	DOID_6211
DOID_0060085	has_subclass	DOID_6257
DOID_0060085	has_subclass	DOID_6258
DOID_0060085	has_subclass	DOID_6259
DOID_0060085	has_subclass	DOID_6404
DOID_0060085	has_subclass	DOID_6468
DOID_0060085	has_subclass	DOID_6469
DOID_0060085	has_subclass	DOID_6518
DOID_0060085	has_subclass	DOID_6564
DOID_0060085	has_subclass	DOID_6621
DOID_0060085	has_subclass	DOID_663
DOID_0060085	has_subclass	DOID_664
DOID_0060085	has_subclass	DOID_6752
DOID_0060085	has_subclass	DOID_6811
DOID_0060085	has_subclass	DOID_6812
DOID_0060085	has_subclass	DOID_6906
DOID_0060085	has_subclass	DOID_6932
DOID_0060085	has_subclass	DOID_6935
DOID_0060085	has_subclass	DOID_6936
DOID_0060085	has_subclass	DOID_6947
DOID_0060085	has_subclass	DOID_7013
DOID_0060085	has_subclass	DOID_7071
DOID_0060085	has_subclass	DOID_7105
DOID_0060085	has_subclass	DOID_7181
DOID_0060085	has_subclass	DOID_7191
DOID_0060085	has_subclass	DOID_7235
DOID_0060085	has_subclass	DOID_730
DOID_0060085	has_subclass	DOID_7333
DOID_0060085	has_subclass	DOID_7402
DOID_0060085	has_subclass	DOID_7532
DOID_0060085	has_subclass	DOID_7678
DOID_0060085	has_subclass	DOID_7679
DOID_0060085	has_subclass	DOID_7735
DOID_0060085	has_subclass	DOID_7752
DOID_0060085	has_subclass	DOID_7762
DOID_0060085	has_subclass	DOID_7851
DOID_0060085	has_subclass	DOID_7868
DOID_0060085	has_subclass	DOID_7878
DOID_0060085	has_subclass	DOID_7880
DOID_0060085	has_subclass	DOID_7996
DOID_0060085	has_subclass	DOID_8002
DOID_0060085	has_subclass	DOID_8012
DOID_0060085	has_subclass	DOID_8020
DOID_0060085	has_subclass	DOID_8093
DOID_0060085	has_subclass	DOID_8177
DOID_0060085	has_subclass	DOID_8178
DOID_0060085	has_subclass	DOID_8179
DOID_0060085	has_subclass	DOID_8230
DOID_0060085	has_subclass	DOID_8331
DOID_0060085	has_subclass	DOID_8426
DOID_0060085	has_subclass	DOID_907
DOID_0060085	has_subclass	DOID_916
DOID_0060085	has_subclass	DOID_917
DOID_0060085	has_subclass	DOID_9442
DOID_0060085	has_subclass	DOID_9445
DOID_0060085	has_subclass	DOID_959
DOID_0060085	has_subclass	DOID_960
DOID_0060086	has_subclass	DOID_0060110
DOID_0060086	has_subclass	DOID_0080365
DOID_0060086	has_subclass	DOID_13222
DOID_0060086	has_subclass	DOID_13223
DOID_0060086	has_subclass	DOID_13560
DOID_0060086	has_subclass	DOID_1371
DOID_0060086	has_subclass	DOID_1373
DOID_0060086	has_subclass	DOID_13951
DOID_0060086	has_subclass	DOID_13953
DOID_0060086	has_subclass	DOID_13955
DOID_0060086	has_subclass	DOID_13956
DOID_0060086	has_subclass	DOID_13957
DOID_0060086	has_subclass	DOID_13958
DOID_0060086	has_subclass	DOID_2060
DOID_0060086	has_subclass	DOID_2064
DOID_0060086	has_subclass	DOID_2066
DOID_0060086	has_subclass	DOID_2068
DOID_0060086	has_subclass	DOID_2075
DOID_0060086	has_subclass	DOID_2080
DOID_0060086	has_subclass	DOID_2636
DOID_0060086	has_subclass	DOID_2640
DOID_0060086	has_subclass	DOID_2691
DOID_0060086	has_subclass	DOID_277
DOID_0060086	has_subclass	DOID_3267
DOID_0060086	has_subclass	DOID_3269
DOID_0060086	has_subclass	DOID_3578
DOID_0060086	has_subclass	DOID_4994
DOID_0060086	has_subclass	DOID_4995
DOID_0060086	has_subclass	DOID_5043
DOID_0060086	has_subclass	DOID_5117
DOID_0060086	has_subclass	DOID_5142
DOID_0060086	has_subclass	DOID_5382
DOID_0060086	has_subclass	DOID_5475
DOID_0060086	has_subclass	DOID_5476
DOID_0060086	has_subclass	DOID_5482
DOID_0060086	has_subclass	DOID_5726
DOID_0060086	has_subclass	DOID_5895
DOID_0060086	has_subclass	DOID_5896
DOID_0060086	has_subclass	DOID_5897
DOID_0060086	has_subclass	DOID_5915
DOID_0060086	has_subclass	DOID_5916
DOID_0060086	has_subclass	DOID_5917
DOID_0060086	has_subclass	DOID_6211
DOID_0060086	has_subclass	DOID_6468
DOID_0060086	has_subclass	DOID_6469
DOID_0060086	has_subclass	DOID_6518
DOID_0060086	has_subclass	DOID_7013
DOID_0060086	has_subclass	DOID_7191
DOID_0060086	has_subclass	DOID_7878
DOID_0060086	has_subclass	DOID_7880
DOID_0060086	has_subclass	DOID_8177
DOID_0060086	has_subclass	DOID_8178
DOID_0060086	has_subclass	DOID_8179
DOID_0060086	has_subclass	DOID_9442
DOID_0060086	has_subclass	DOID_9445
DOID_0060088	has_subclass	DOID_5382
DOID_0060088	has_subclass	DOID_6518
DOID_0060089	has_subclass	DOID_0050773
DOID_0060089	has_subclass	DOID_0050868
DOID_0060089	has_subclass	DOID_0050891
DOID_0060089	has_subclass	DOID_0061216
DOID_0060089	has_subclass	DOID_0061217
DOID_0060089	has_subclass	DOID_0061218
DOID_0060089	has_subclass	DOID_0061219
DOID_0060089	has_subclass	DOID_0061220
DOID_0060089	has_subclass	DOID_0061221
DOID_0060089	has_subclass	DOID_0061222
DOID_0060089	has_subclass	DOID_0111366
DOID_0060089	has_subclass	DOID_0112008
DOID_0060089	has_subclass	DOID_0112009
DOID_0060089	has_subclass	DOID_0112010
DOID_0060089	has_subclass	DOID_12028
DOID_0060089	has_subclass	DOID_3317
DOID_0060089	has_subclass	DOID_3828
DOID_0060089	has_subclass	DOID_3829
DOID_0060089	has_subclass	DOID_4542
DOID_0060089	has_subclass	DOID_5392
DOID_0060089	has_subclass	DOID_5715
DOID_0060089	has_subclass	DOID_7179
DOID_0060089	has_subclass	DOID_907
DOID_0060089	has_subclass	DOID_917
DOID_0060090	has_subclass	DOID_0080830
DOID_0060090	has_subclass	DOID_0081259
DOID_0060090	has_subclass	DOID_0081260
DOID_0060090	has_subclass	DOID_0081261
DOID_0060090	has_subclass	DOID_4843
DOID_0060090	has_subclass	DOID_4844
DOID_0060090	has_subclass	DOID_4845
DOID_0060090	has_subclass	DOID_4851
DOID_0060090	has_subclass	DOID_4852
DOID_0060090	has_subclass	DOID_5075
DOID_0060090	has_subclass	DOID_5077
DOID_0060090	has_subclass	DOID_5500
DOID_0060090	has_subclass	DOID_5504
DOID_0060090	has_subclass	DOID_5505
DOID_0060090	has_subclass	DOID_5507
DOID_0060090	has_subclass	DOID_6621
DOID_0060090	has_subclass	DOID_6811
DOID_0060090	has_subclass	DOID_6812
DOID_0060091	has_subclass	DOID_0060688
DOID_0060091	has_subclass	DOID_0080895
DOID_0060091	has_subclass	DOID_11294
DOID_0060091	has_subclass	DOID_13081
DOID_0060091	has_subclass	DOID_14308
DOID_0060091	has_subclass	DOID_1475
DOID_0060091	has_subclass	DOID_2286
DOID_0060091	has_subclass	DOID_2435
DOID_0060091	has_subclass	DOID_2436
DOID_0060091	has_subclass	DOID_254
DOID_0060091	has_subclass	DOID_2626
DOID_0060091	has_subclass	DOID_271
DOID_0060091	has_subclass	DOID_275
DOID_0060091	has_subclass	DOID_3081
DOID_0060091	has_subclass	DOID_4028
DOID_0060091	has_subclass	DOID_467
DOID_0060091	has_subclass	DOID_468
DOID_0060091	has_subclass	DOID_469
DOID_0060091	has_subclass	DOID_470
DOID_0060091	has_subclass	DOID_471
DOID_0060091	has_subclass	DOID_474
DOID_0060091	has_subclass	DOID_486
DOID_0060091	has_subclass	DOID_490
DOID_0060091	has_subclass	DOID_492
DOID_0060091	has_subclass	DOID_495
DOID_0060091	has_subclass	DOID_496
DOID_0060091	has_subclass	DOID_505
DOID_0060091	has_subclass	DOID_5393
DOID_0060091	has_subclass	DOID_5766
DOID_0060091	has_subclass	DOID_6048
DOID_0060091	has_subclass	DOID_6621
DOID_0060091	has_subclass	DOID_663
DOID_0060091	has_subclass	DOID_6906
DOID_0060091	has_subclass	DOID_7996
DOID_0060091	has_subclass	DOID_8020
DOID_0060091	has_subclass	DOID_8331
DOID_0060092	has_subclass	DOID_8304
DOID_0060095	has_subclass	DOID_13222
DOID_0060095	has_subclass	DOID_13560
DOID_0060095	has_subclass	DOID_13951
DOID_0060095	has_subclass	DOID_13953
DOID_0060095	has_subclass	DOID_13955
DOID_0060095	has_subclass	DOID_13956
DOID_0060095	has_subclass	DOID_13957
DOID_0060095	has_subclass	DOID_4995
DOID_0060095	has_subclass	DOID_5476
DOID_0060095	has_subclass	DOID_5915
DOID_0060095	has_subclass	DOID_5917
DOID_0060095	has_subclass	DOID_7878
DOID_0060095	has_subclass	DOID_8177
DOID_0060095	has_subclass	DOID_8178
DOID_0060095	has_subclass	DOID_8179
DOID_0060095	has_subclass	DOID_9442
DOID_0060095	has_subclass	DOID_9445
DOID_0060096	has_subclass	DOID_10203
DOID_0060096	has_subclass	DOID_6752
DOID_0060097	has_subclass	DOID_0081026
DOID_0060097	has_subclass	DOID_10199
DOID_0060097	has_subclass	DOID_10352
DOID_0060097	has_subclass	DOID_1616
DOID_0060097	has_subclass	DOID_1618
DOID_0060097	has_subclass	DOID_1623
DOID_0060097	has_subclass	DOID_1625
DOID_0060097	has_subclass	DOID_1629
DOID_0060097	has_subclass	DOID_1631
DOID_0060097	has_subclass	DOID_1641
DOID_0060097	has_subclass	DOID_1789
DOID_0060097	has_subclass	DOID_2639
DOID_0060097	has_subclass	DOID_2656
DOID_0060097	has_subclass	DOID_3009
DOID_0060097	has_subclass	DOID_476
DOID_0060097	has_subclass	DOID_5728
DOID_0060097	has_subclass	DOID_6491
DOID_0060097	has_subclass	DOID_6492
DOID_0060097	has_subclass	DOID_6641
DOID_0060097	has_subclass	DOID_7223
DOID_0060097	has_subclass	DOID_7511
DOID_0060097	has_subclass	DOID_7538
DOID_0060097	has_subclass	DOID_7539
DOID_0060097	has_subclass	DOID_7540
DOID_0060097	has_subclass	DOID_9504
DOID_0060099	has_subclass	DOID_0050871
DOID_0060099	has_subclass	DOID_0070665
DOID_0060099	has_subclass	DOID_0070666
DOID_0060099	has_subclass	DOID_0080109
DOID_0060099	has_subclass	DOID_0080366
DOID_0060099	has_subclass	DOID_2691
DOID_0060099	has_subclass	DOID_2701
DOID_0060099	has_subclass	DOID_315
DOID_0060099	has_subclass	DOID_3814
DOID_0060099	has_subclass	DOID_4044
DOID_0060099	has_subclass	DOID_4231
DOID_0060099	has_subclass	DOID_4310
DOID_0060099	has_subclass	DOID_4386
DOID_0060099	has_subclass	DOID_4415
DOID_0060099	has_subclass	DOID_4418
DOID_0060099	has_subclass	DOID_468
DOID_0060099	has_subclass	DOID_5039
DOID_0060099	has_subclass	DOID_5398
DOID_0060099	has_subclass	DOID_7016
DOID_0060099	has_subclass	DOID_8274
DOID_0060100	has_subclass	DOID_0050695
DOID_0060100	has_subclass	DOID_0060102
DOID_0060100	has_subclass	DOID_0080894
DOID_0060100	has_subclass	DOID_0080897
DOID_0060100	has_subclass	DOID_14032
DOID_0060100	has_subclass	DOID_14033
DOID_0060100	has_subclass	DOID_2704
DOID_0060100	has_subclass	DOID_2706
DOID_0060100	has_subclass	DOID_3352
DOID_0060100	has_subclass	DOID_4136
DOID_0060100	has_subclass	DOID_5158
DOID_0060100	has_subclass	DOID_5484
DOID_0060100	has_subclass	DOID_5485
DOID_0060100	has_subclass	DOID_5487
DOID_0060100	has_subclass	DOID_5488
DOID_0060100	has_subclass	DOID_5492
DOID_0060100	has_subclass	DOID_5494
DOID_0060100	has_subclass	DOID_5495
DOID_0060100	has_subclass	DOID_6333
DOID_0060100	has_subclass	DOID_7381
DOID_0060100	has_subclass	DOID_7474
DOID_0060100	has_subclass	DOID_8632
DOID_0060103	has_subclass	DOID_0080903
DOID_0060103	has_subclass	DOID_7631
DOID_0060106	has_subclass	DOID_4584
DOID_0060106	has_subclass	DOID_6113
DOID_0060106	has_subclass	DOID_6115
DOID_0060108	has_subclass	DOID_0050901
DOID_0060108	has_subclass	DOID_7750
DOID_0060110	has_subclass	DOID_8177
DOID_0060110	has_subclass	DOID_8178
DOID_0060110	has_subclass	DOID_8179
DOID_0060112	has_subclass	DOID_3267
DOID_0060112	has_subclass	DOID_5895
DOID_0060112	has_subclass	DOID_5896
DOID_0060112	has_subclass	DOID_6468
DOID_0060112	has_subclass	DOID_7013
DOID_0060112	has_subclass	DOID_7191
DOID_0060114	has_subclass	DOID_6505
DOID_0060115	has_subclass	DOID_0050906
DOID_0060115	has_subclass	DOID_0060688
DOID_0060115	has_subclass	DOID_0080619
DOID_0060115	has_subclass	DOID_0080829
DOID_0060115	has_subclass	DOID_0080830
DOID_0060115	has_subclass	DOID_0081259
DOID_0060115	has_subclass	DOID_0081260
DOID_0060115	has_subclass	DOID_0081261
DOID_0060115	has_subclass	DOID_0081283
DOID_0060115	has_subclass	DOID_0081284
DOID_0060115	has_subclass	DOID_0081285
DOID_0060115	has_subclass	DOID_0081302
DOID_0060115	has_subclass	DOID_0081303
DOID_0060115	has_subclass	DOID_0081305
DOID_0060115	has_subclass	DOID_10203
DOID_0060115	has_subclass	DOID_2426
DOID_0060115	has_subclass	DOID_2679
DOID_0060115	has_subclass	DOID_3617
DOID_0060115	has_subclass	DOID_3813
DOID_0060115	has_subclass	DOID_4587
DOID_0060115	has_subclass	DOID_4843
DOID_0060115	has_subclass	DOID_4844
DOID_0060115	has_subclass	DOID_4845
DOID_0060115	has_subclass	DOID_4851
DOID_0060115	has_subclass	DOID_4852
DOID_0060115	has_subclass	DOID_501
DOID_0060115	has_subclass	DOID_5075
DOID_0060115	has_subclass	DOID_5077
DOID_0060115	has_subclass	DOID_5078
DOID_0060115	has_subclass	DOID_5126
DOID_0060115	has_subclass	DOID_5393
DOID_0060115	has_subclass	DOID_5500
DOID_0060115	has_subclass	DOID_5504
DOID_0060115	has_subclass	DOID_5505
DOID_0060115	has_subclass	DOID_5507
DOID_0060115	has_subclass	DOID_5900
DOID_0060115	has_subclass	DOID_6621
DOID_0060115	has_subclass	DOID_6752
DOID_0060115	has_subclass	DOID_6811
DOID_0060115	has_subclass	DOID_6812
DOID_0060115	has_subclass	DOID_7071
DOID_0060115	has_subclass	DOID_8331
DOID_0060116	has_subclass	DOID_1752
DOID_0060116	has_subclass	DOID_295
DOID_0060116	has_subclass	DOID_6037
DOID_0060116	has_subclass	DOID_6903
DOID_0060116	has_subclass	DOID_775
DOID_0060118	has_subclass	DOID_0050937
DOID_0060118	has_subclass	DOID_0080532
DOID_0060118	has_subclass	DOID_10146
DOID_0060118	has_subclass	DOID_10234
DOID_0060118	has_subclass	DOID_10507
DOID_0060118	has_subclass	DOID_11481
DOID_0060118	has_subclass	DOID_11482
DOID_0060118	has_subclass	DOID_115
DOID_0060118	has_subclass	DOID_116
DOID_0060118	has_subclass	DOID_117
DOID_0060118	has_subclass	DOID_118
DOID_0060118	has_subclass	DOID_12339
DOID_0060118	has_subclass	DOID_12341
DOID_0060118	has_subclass	DOID_14535
DOID_0060118	has_subclass	DOID_1787
DOID_0060118	has_subclass	DOID_1869
DOID_0060118	has_subclass	DOID_3275
DOID_0060118	has_subclass	DOID_3277
DOID_0060118	has_subclass	DOID_3278
DOID_0060118	has_subclass	DOID_3279
DOID_0060118	has_subclass	DOID_3280
DOID_0060118	has_subclass	DOID_3281
DOID_0060118	has_subclass	DOID_3283
DOID_0060118	has_subclass	DOID_4554
DOID_0060118	has_subclass	DOID_4678
DOID_0060118	has_subclass	DOID_4699
DOID_0060118	has_subclass	DOID_5137
DOID_0060118	has_subclass	DOID_5261
DOID_0060118	has_subclass	DOID_5262
DOID_0060118	has_subclass	DOID_5284
DOID_0060118	has_subclass	DOID_5626
DOID_0060118	has_subclass	DOID_5874
DOID_0060118	has_subclass	DOID_5875
DOID_0060118	has_subclass	DOID_5877
DOID_0060118	has_subclass	DOID_6033
DOID_0060118	has_subclass	DOID_6034
DOID_0060118	has_subclass	DOID_6201
DOID_0060118	has_subclass	DOID_6547
DOID_0060118	has_subclass	DOID_6723
DOID_0060118	has_subclass	DOID_6758
DOID_0060118	has_subclass	DOID_7214
DOID_0060118	has_subclass	DOID_7927
DOID_0060118	has_subclass	DOID_8012
DOID_0060118	has_subclass	DOID_9299
DOID_0060119	has_subclass	DOID_0070664
DOID_0060119	has_subclass	DOID_8556
DOID_0060119	has_subclass	DOID_8660
DOID_0060119	has_subclass	DOID_8663
DOID_0060119	has_subclass	DOID_8688
DOID_0060119	has_subclass	DOID_8937
DOID_0060119	has_subclass	DOID_8969
DOID_0060119	has_subclass	DOID_9235
DOID_0060121	has_subclass	DOID_10188
DOID_0060121	has_subclass	DOID_13081
DOID_0060121	has_subclass	DOID_13691
DOID_0060121	has_subclass	DOID_172
DOID_0060121	has_subclass	DOID_2173
DOID_0060121	has_subclass	DOID_2410
DOID_0060121	has_subclass	DOID_2411
DOID_0060121	has_subclass	DOID_2425
DOID_0060121	has_subclass	DOID_2433
DOID_0060121	has_subclass	DOID_2435
DOID_0060121	has_subclass	DOID_2438
DOID_0060121	has_subclass	DOID_2495
DOID_0060121	has_subclass	DOID_2648
DOID_0060121	has_subclass	DOID_5132
DOID_0060121	has_subclass	DOID_5374
DOID_0060121	has_subclass	DOID_5375
DOID_0060121	has_subclass	DOID_5759
DOID_0060121	has_subclass	DOID_5949
DOID_0060121	has_subclass	DOID_6048
DOID_0060121	has_subclass	DOID_663
DOID_0060121	has_subclass	DOID_664
DOID_0060121	has_subclass	DOID_7181
DOID_0060121	has_subclass	DOID_8426
DOID_0060122	has_subclass	DOID_0070326
DOID_0060122	has_subclass	DOID_0070327
DOID_0060122	has_subclass	DOID_10040
DOID_0060122	has_subclass	DOID_10044
DOID_0060122	has_subclass	DOID_10047
DOID_0060122	has_subclass	DOID_10054
DOID_0060122	has_subclass	DOID_1243
DOID_0060122	has_subclass	DOID_13168
DOID_0060122	has_subclass	DOID_1906
DOID_0060122	has_subclass	DOID_2095
DOID_0060122	has_subclass	DOID_2430
DOID_0060122	has_subclass	DOID_2513
DOID_0060122	has_subclass	DOID_2687
DOID_0060122	has_subclass	DOID_3450
DOID_0060122	has_subclass	DOID_3451
DOID_0060122	has_subclass	DOID_3965
DOID_0060122	has_subclass	DOID_4277
DOID_0060122	has_subclass	DOID_4278
DOID_0060122	has_subclass	DOID_4279
DOID_0060122	has_subclass	DOID_4280
DOID_0060122	has_subclass	DOID_4281
DOID_0060122	has_subclass	DOID_4282
DOID_0060122	has_subclass	DOID_4283
DOID_0060122	has_subclass	DOID_4286
DOID_0060122	has_subclass	DOID_4289
DOID_0060122	has_subclass	DOID_4290
DOID_0060122	has_subclass	DOID_4291
DOID_0060122	has_subclass	DOID_4292
DOID_0060122	has_subclass	DOID_4293
DOID_0060122	has_subclass	DOID_4294
DOID_0060122	has_subclass	DOID_4295
DOID_0060122	has_subclass	DOID_4299
DOID_0060122	has_subclass	DOID_4300
DOID_0060122	has_subclass	DOID_4302
DOID_0060122	has_subclass	DOID_4303
DOID_0060122	has_subclass	DOID_4304
DOID_0060122	has_subclass	DOID_4517
DOID_0060122	has_subclass	DOID_4683
DOID_0060122	has_subclass	DOID_4839
DOID_0060122	has_subclass	DOID_4840
DOID_0060122	has_subclass	DOID_4871
DOID_0060122	has_subclass	DOID_4920
DOID_0060122	has_subclass	DOID_4921
DOID_0060122	has_subclass	DOID_4933
DOID_0060122	has_subclass	DOID_4934
DOID_0060122	has_subclass	DOID_5042
DOID_0060122	has_subclass	DOID_5063
DOID_0060122	has_subclass	DOID_5273
DOID_0060122	has_subclass	DOID_5274
DOID_0060122	has_subclass	DOID_5376
DOID_0060122	has_subclass	DOID_5522
DOID_0060122	has_subclass	DOID_5569
DOID_0060122	has_subclass	DOID_5570
DOID_0060122	has_subclass	DOID_5590
DOID_0060122	has_subclass	DOID_5591
DOID_0060122	has_subclass	DOID_5667
DOID_0060122	has_subclass	DOID_5712
DOID_0060122	has_subclass	DOID_6367
DOID_0060122	has_subclass	DOID_6425
DOID_0060122	has_subclass	DOID_6446
DOID_0060122	has_subclass	DOID_7039
DOID_0060122	has_subclass	DOID_7049
DOID_0060122	has_subclass	DOID_7566
DOID_0060122	has_subclass	DOID_7639
DOID_0060122	has_subclass	DOID_7960
DOID_0060122	has_subclass	DOID_8006
DOID_0060122	has_subclass	DOID_8923
DOID_0060123	has_subclass	DOID_0070666
DOID_0060123	has_subclass	DOID_4415
DOID_0060123	has_subclass	DOID_4418
DOID_0060123	has_subclass	DOID_7016
DOID_0060158	has_subclass	DOID_0050083
DOID_0060158	has_subclass	DOID_0050810
DOID_0060158	has_subclass	DOID_0060699
DOID_0060158	has_subclass	DOID_0060700
DOID_0060158	has_subclass	DOID_0060701
DOID_0060158	has_subclass	DOID_0060702
DOID_0060158	has_subclass	DOID_0061135
DOID_0060158	has_subclass	DOID_0061136
DOID_0060158	has_subclass	DOID_0112127
DOID_0060158	has_subclass	DOID_10575
DOID_0060158	has_subclass	DOID_11249
DOID_0060158	has_subclass	DOID_11491
DOID_0060158	has_subclass	DOID_11981
DOID_0060158	has_subclass	DOID_12678
DOID_0060158	has_subclass	DOID_13120
DOID_0060158	has_subclass	DOID_13198
DOID_0060158	has_subclass	DOID_13381
DOID_0060158	has_subclass	DOID_13724
DOID_0060158	has_subclass	DOID_14026
DOID_0060158	has_subclass	DOID_4500
DOID_0060158	has_subclass	DOID_5112
DOID_0060158	has_subclass	DOID_5113
DOID_0060158	has_subclass	DOID_654
DOID_0060158	has_subclass	DOID_8454
DOID_0060158	has_subclass	DOID_8455
DOID_0060158	has_subclass	DOID_8456
DOID_0060158	has_subclass	DOID_8457
DOID_0060158	has_subclass	DOID_9970
DOID_0060158	has_subclass	DOID_9972
DOID_0060159	has_subclass	DOID_0050476
DOID_0060159	has_subclass	DOID_0050715
DOID_0060159	has_subclass	DOID_0050716
DOID_0060159	has_subclass	DOID_0050717
DOID_0060159	has_subclass	DOID_0050732
DOID_0060159	has_subclass	DOID_0050733
DOID_0060159	has_subclass	DOID_0060740
DOID_0060159	has_subclass	DOID_0060741
DOID_0060159	has_subclass	DOID_0060742
DOID_0060159	has_subclass	DOID_0060743
DOID_0060159	has_subclass	DOID_0061203
DOID_0060159	has_subclass	DOID_0061204
DOID_0060159	has_subclass	DOID_0110002
DOID_0060159	has_subclass	DOID_0110004
DOID_0060159	has_subclass	DOID_0110006
DOID_0060159	has_subclass	DOID_0111814
DOID_0060260	has_subclass	DOID_0061148
DOID_0060262	has_subclass	DOID_0050893
DOID_0060262	has_subclass	DOID_10201
DOID_0060262	has_subclass	DOID_12298
DOID_0060262	has_subclass	DOID_3120
DOID_0060262	has_subclass	DOID_3499
DOID_0060262	has_subclass	DOID_3500
DOID_0060262	has_subclass	DOID_4057
DOID_0060262	has_subclass	DOID_4948
DOID_0060262	has_subclass	DOID_5140
DOID_0060262	has_subclass	DOID_5150
DOID_0060262	has_subclass	DOID_5275
DOID_0060262	has_subclass	DOID_5627
DOID_0060262	has_subclass	DOID_6998
DOID_0060262	has_subclass	DOID_7133
DOID_0060262	has_subclass	DOID_7222
DOID_0060262	has_subclass	DOID_8135
DOID_0060262	has_subclass	DOID_8167
DOID_0060264	has_subclass	DOID_0060265
DOID_0060264	has_subclass	DOID_0060266
DOID_0060264	has_subclass	DOID_0060267
DOID_0060264	has_subclass	DOID_0112323
DOID_0060264	has_subclass	DOID_0112329
DOID_0060307	has_subclass	DOID_0051011
DOID_0060307	has_subclass	DOID_0051012
DOID_0060340	has_subclass	DOID_0060376
DOID_0060340	has_subclass	DOID_0061294
DOID_0060340	has_subclass	DOID_0061297
DOID_0060340	has_subclass	DOID_0070115
DOID_0060340	has_subclass	DOID_0070116
DOID_0060340	has_subclass	DOID_0070117
DOID_0060340	has_subclass	DOID_0070118
DOID_0060340	has_subclass	DOID_0070119
DOID_0060340	has_subclass	DOID_0070120
DOID_0060340	has_subclass	DOID_0070121
DOID_0060340	has_subclass	DOID_0070122
DOID_0060340	has_subclass	DOID_0070703
DOID_0060340	has_subclass	DOID_0080253
DOID_0060340	has_subclass	DOID_0080275
DOID_0060340	has_subclass	DOID_0080276
DOID_0060340	has_subclass	DOID_0080277
DOID_0060340	has_subclass	DOID_0080278
DOID_0060340	has_subclass	DOID_0080279
DOID_0060340	has_subclass	DOID_0110980
DOID_0060340	has_subclass	DOID_0110981
DOID_0060340	has_subclass	DOID_0110982
DOID_0060340	has_subclass	DOID_0110983
DOID_0060340	has_subclass	DOID_0110984
DOID_0060340	has_subclass	DOID_0110985
DOID_0060340	has_subclass	DOID_0110986
DOID_0060340	has_subclass	DOID_0110987
DOID_0060340	has_subclass	DOID_0110988
DOID_0060340	has_subclass	DOID_0110989
DOID_0060340	has_subclass	DOID_0110990
DOID_0060340	has_subclass	DOID_0110991
DOID_0060340	has_subclass	DOID_0110992
DOID_0060340	has_subclass	DOID_0110993
DOID_0060340	has_subclass	DOID_0110994
DOID_0060340	has_subclass	DOID_0110995
DOID_0060340	has_subclass	DOID_0110996
DOID_0060340	has_subclass	DOID_0110997
DOID_0060340	has_subclass	DOID_0110998
DOID_0060340	has_subclass	DOID_0110999
DOID_0060340	has_subclass	DOID_0111000
DOID_0060340	has_subclass	DOID_0111001
DOID_0060340	has_subclass	DOID_0111002
DOID_0060340	has_subclass	DOID_0111003
DOID_0060340	has_subclass	DOID_0111004
DOID_0060440	has_subclass	DOID_0080670
DOID_0060440	has_subclass	DOID_0080671
DOID_0060441	has_subclass	DOID_0060444
DOID_0060441	has_subclass	DOID_0080530
DOID_0060495	has_subclass	DOID_0040001
DOID_0060495	has_subclass	DOID_0060525
DOID_0060495	has_subclass	DOID_0060526
DOID_0060495	has_subclass	DOID_0060527
DOID_0060495	has_subclass	DOID_0060528
DOID_0060495	has_subclass	DOID_0060529
DOID_0060495	has_subclass	DOID_0060530
DOID_0060495	has_subclass	DOID_0060531
DOID_0060496	has_subclass	DOID_0040038
DOID_0060496	has_subclass	DOID_0040045
DOID_0060496	has_subclass	DOID_0040047
DOID_0060496	has_subclass	DOID_0040048
DOID_0060496	has_subclass	DOID_0040049
DOID_0060496	has_subclass	DOID_0040050
DOID_0060496	has_subclass	DOID_0040051
DOID_0060496	has_subclass	DOID_0040054
DOID_0060496	has_subclass	DOID_0080825
DOID_0060500	has_subclass	DOID_0040003
DOID_0060500	has_subclass	DOID_0040004
DOID_0060500	has_subclass	DOID_0040005
DOID_0060500	has_subclass	DOID_0040020
DOID_0060500	has_subclass	DOID_0040023
DOID_0060500	has_subclass	DOID_0040024
DOID_0060500	has_subclass	DOID_0040025
DOID_0060500	has_subclass	DOID_0040030
DOID_0060500	has_subclass	DOID_0040033
DOID_0060500	has_subclass	DOID_0040037
DOID_0060500	has_subclass	DOID_0040103
DOID_0060500	has_subclass	DOID_0060520
DOID_0060502	has_subclass	DOID_0060057
DOID_0060502	has_subclass	DOID_0060503
DOID_0060502	has_subclass	DOID_0060504
DOID_0060502	has_subclass	DOID_0060505
DOID_0060502	has_subclass	DOID_0060506
DOID_0060502	has_subclass	DOID_0060507
DOID_0060502	has_subclass	DOID_0060508
DOID_0060502	has_subclass	DOID_0060509
DOID_0060502	has_subclass	DOID_0060510
DOID_0060502	has_subclass	DOID_0060511
DOID_0060502	has_subclass	DOID_0060512
DOID_0060502	has_subclass	DOID_0060513
DOID_0060502	has_subclass	DOID_0060514
DOID_0060502	has_subclass	DOID_0060515
DOID_0060502	has_subclass	DOID_0060516
DOID_0060502	has_subclass	DOID_0060517
DOID_0060502	has_subclass	DOID_0060518
DOID_0060502	has_subclass	DOID_0060904
DOID_0060502	has_subclass	DOID_3660
DOID_0060502	has_subclass	DOID_4378
DOID_0060502	has_subclass	DOID_4379
DOID_0060503	has_subclass	DOID_4378
DOID_0060523	has_subclass	DOID_0060531
DOID_0060524	has_subclass	DOID_0060525
DOID_0060524	has_subclass	DOID_0060527
DOID_0060524	has_subclass	DOID_0060528
DOID_0060524	has_subclass	DOID_0060529
DOID_0060536	has_subclass	DOID_0112066
DOID_0060536	has_subclass	DOID_0112068
DOID_0060536	has_subclass	DOID_0112069
DOID_0060536	has_subclass	DOID_0112071
DOID_0060536	has_subclass	DOID_0112073
DOID_0060536	has_subclass	DOID_0112074
DOID_0060536	has_subclass	DOID_0112078
DOID_0060536	has_subclass	DOID_0112084
DOID_0060536	has_subclass	DOID_0112085
DOID_0060536	has_subclass	DOID_0112087
DOID_0060536	has_subclass	DOID_0112090
DOID_0060536	has_subclass	DOID_0112093
DOID_0060536	has_subclass	DOID_0112094
DOID_0060536	has_subclass	DOID_0112096
DOID_0060536	has_subclass	DOID_0112097
DOID_0060536	has_subclass	DOID_0112099
DOID_0060536	has_subclass	DOID_0112101
DOID_0060564	has_subclass	DOID_0040092
DOID_0060564	has_subclass	DOID_0050812
DOID_0060564	has_subclass	DOID_0050900
DOID_0060564	has_subclass	DOID_0051046
DOID_0060564	has_subclass	DOID_0060247
DOID_0060564	has_subclass	DOID_0060490
DOID_0060564	has_subclass	DOID_0061255
DOID_0060564	has_subclass	DOID_0080603
DOID_0060564	has_subclass	DOID_0080605
DOID_0060564	has_subclass	DOID_0081270
DOID_0060564	has_subclass	DOID_0081271
DOID_0060564	has_subclass	DOID_0111167
DOID_0060564	has_subclass	DOID_0112150
DOID_0060564	has_subclass	DOID_0112196
DOID_0060564	has_subclass	DOID_0112360
DOID_0060564	has_subclass	DOID_0112361
DOID_0060564	has_subclass	DOID_0112362
DOID_0060564	has_subclass	DOID_0112363
DOID_0060564	has_subclass	DOID_0112364
DOID_0060564	has_subclass	DOID_0112365
DOID_0060564	has_subclass	DOID_4668
DOID_0060564	has_subclass	DOID_5684
DOID_0060564	has_subclass	DOID_9373
DOID_0060704	has_subclass	DOID_0081308
DOID_0060704	has_subclass	DOID_0081309
DOID_0060704	has_subclass	DOID_0081310
DOID_0060704	has_subclass	DOID_0111152
DOID_0070003	has_subclass	DOID_4767
DOID_0070003	has_subclass	DOID_4768
DOID_0070003	has_subclass	DOID_4769
DOID_0070004	has_subclass	DOID_0060888
DOID_0070004	has_subclass	DOID_0080165
DOID_0070004	has_subclass	DOID_0080166
DOID_0070004	has_subclass	DOID_0080167
DOID_0070004	has_subclass	DOID_0111344
DOID_0070004	has_subclass	DOID_2224
DOID_0070004	has_subclass	DOID_8997
DOID_0070004	has_subclass	DOID_9541
DOID_0070004	has_subclass	DOID_9547
DOID_0070004	has_subclass	DOID_9550
DOID_0070004	has_subclass	DOID_9551
DOID_0070297	has_subclass	DOID_0051031
DOID_0070297	has_subclass	DOID_0051032
DOID_0070297	has_subclass	DOID_0051033
DOID_0070297	has_subclass	DOID_0051034
DOID_0070297	has_subclass	DOID_0051035
DOID_0070297	has_subclass	DOID_0051036
DOID_0070297	has_subclass	DOID_0051037
DOID_0070297	has_subclass	DOID_0051038
DOID_0070297	has_subclass	DOID_0051039
DOID_0070297	has_subclass	DOID_0051040
DOID_0070297	has_subclass	DOID_0051041
DOID_0070297	has_subclass	DOID_0051074
DOID_0070297	has_subclass	DOID_0070277
DOID_0070297	has_subclass	DOID_0070278
DOID_0070297	has_subclass	DOID_0070279
DOID_0070297	has_subclass	DOID_0070280
DOID_0070297	has_subclass	DOID_0070281
DOID_0070297	has_subclass	DOID_0070282
DOID_0070297	has_subclass	DOID_0070283
DOID_0070297	has_subclass	DOID_0070284
DOID_0070297	has_subclass	DOID_0070285
DOID_0070297	has_subclass	DOID_0070286
DOID_0070297	has_subclass	DOID_0070287
DOID_0070297	has_subclass	DOID_0070288
DOID_0070297	has_subclass	DOID_0070289
DOID_0070297	has_subclass	DOID_0070290
DOID_0070297	has_subclass	DOID_0070291
DOID_0070297	has_subclass	DOID_0070292
DOID_0070297	has_subclass	DOID_0070293
DOID_0070297	has_subclass	DOID_0070294
DOID_0070297	has_subclass	DOID_0070295
DOID_0070309	has_subclass	DOID_0050561
DOID_0070309	has_subclass	DOID_0050708
DOID_0070309	has_subclass	DOID_0060172
DOID_0070309	has_subclass	DOID_0111324
DOID_0070309	has_subclass	DOID_0111325
DOID_0070309	has_subclass	DOID_0111326
DOID_0070309	has_subclass	DOID_0111327
DOID_0070309	has_subclass	DOID_0111328
DOID_0070309	has_subclass	DOID_0111689
DOID_0070309	has_subclass	DOID_0111690
DOID_0070309	has_subclass	DOID_0111691
DOID_0070309	has_subclass	DOID_0111692
DOID_0070309	has_subclass	DOID_0111696
DOID_0070309	has_subclass	DOID_1825
DOID_0070309	has_subclass	DOID_2538
DOID_0070309	has_subclass	DOID_3329
DOID_0070309	has_subclass	DOID_4890
DOID_0070309	has_subclass	DOID_7725
DOID_0070656	has_subclass	DOID_0080324
DOID_0070656	has_subclass	DOID_0080325
DOID_0080000	has_subclass	DOID_0050692
DOID_0080000	has_subclass	DOID_0050924
DOID_0080000	has_subclass	DOID_0060338
DOID_0080000	has_subclass	DOID_0080579
DOID_0080000	has_subclass	DOID_0080580
DOID_0080000	has_subclass	DOID_0080900
DOID_0080000	has_subclass	DOID_10480
DOID_0080000	has_subclass	DOID_13884
DOID_0080000	has_subclass	DOID_1965
DOID_0080000	has_subclass	DOID_1967
DOID_0080000	has_subclass	DOID_3246
DOID_0080000	has_subclass	DOID_3247
DOID_0080000	has_subclass	DOID_3250
DOID_0080000	has_subclass	DOID_3253
DOID_0080000	has_subclass	DOID_3254
DOID_0080000	has_subclass	DOID_3255
DOID_0080000	has_subclass	DOID_3260
DOID_0080000	has_subclass	DOID_3367
DOID_0080000	has_subclass	DOID_3827
DOID_0080000	has_subclass	DOID_4043
DOID_0080000	has_subclass	DOID_4048
DOID_0080000	has_subclass	DOID_4049
DOID_0080000	has_subclass	DOID_4051
DOID_0080000	has_subclass	DOID_4059
DOID_0080000	has_subclass	DOID_4065
DOID_0080000	has_subclass	DOID_4066
DOID_0080000	has_subclass	DOID_4230
DOID_0080000	has_subclass	DOID_4239
DOID_0080000	has_subclass	DOID_5251
DOID_0080000	has_subclass	DOID_5253
DOID_0080000	has_subclass	DOID_5254
DOID_0080000	has_subclass	DOID_5258
DOID_0080000	has_subclass	DOID_5259
DOID_0080000	has_subclass	DOID_5263
DOID_0080000	has_subclass	DOID_5264
DOID_0080000	has_subclass	DOID_5265
DOID_0080000	has_subclass	DOID_5267
DOID_0080000	has_subclass	DOID_5268
DOID_0080000	has_subclass	DOID_5271
DOID_0080000	has_subclass	DOID_5275
DOID_0080000	has_subclass	DOID_5288
DOID_0080000	has_subclass	DOID_5292
DOID_0080000	has_subclass	DOID_5293
DOID_0080000	has_subclass	DOID_6786
DOID_0080000	has_subclass	DOID_6847
DOID_0080000	has_subclass	DOID_7389
DOID_0080000	has_subclass	DOID_7390
DOID_0080000	has_subclass	DOID_7463
DOID_0080000	has_subclass	DOID_8251
DOID_0080001	has_subclass	DOID_0040092
DOID_0080001	has_subclass	DOID_0050445
DOID_0080001	has_subclass	DOID_0050568
DOID_0080001	has_subclass	DOID_0050592
DOID_0080001	has_subclass	DOID_0050648
DOID_0080001	has_subclass	DOID_0050812
DOID_0080001	has_subclass	DOID_0050897
DOID_0080001	has_subclass	DOID_0050900
DOID_0080001	has_subclass	DOID_0051046
DOID_0080001	has_subclass	DOID_0060034
DOID_0080001	has_subclass	DOID_0060247
DOID_0080001	has_subclass	DOID_0060343
DOID_0080001	has_subclass	DOID_0060490
DOID_0080001	has_subclass	DOID_0060886
DOID_0080001	has_subclass	DOID_0060930
DOID_0080001	has_subclass	DOID_0060931
DOID_0080001	has_subclass	DOID_0060932
DOID_0080001	has_subclass	DOID_0060992
DOID_0080001	has_subclass	DOID_0061155
DOID_0080001	has_subclass	DOID_0061229
DOID_0080001	has_subclass	DOID_0061255
DOID_0080001	has_subclass	DOID_0070648
DOID_0080001	has_subclass	DOID_0070649
DOID_0080001	has_subclass	DOID_0080011
DOID_0080001	has_subclass	DOID_0080027
DOID_0080001	has_subclass	DOID_0080031
DOID_0080001	has_subclass	DOID_0080032
DOID_0080001	has_subclass	DOID_0080039
DOID_0080001	has_subclass	DOID_0080050
DOID_0080001	has_subclass	DOID_0080054
DOID_0080001	has_subclass	DOID_0080293
DOID_0080001	has_subclass	DOID_0080295
DOID_0080001	has_subclass	DOID_0080353
DOID_0080001	has_subclass	DOID_0080603
DOID_0080001	has_subclass	DOID_0080605
DOID_0080001	has_subclass	DOID_0080639
DOID_0080001	has_subclass	DOID_0080787
DOID_0080001	has_subclass	DOID_0080788
DOID_0080001	has_subclass	DOID_0080807
DOID_0080001	has_subclass	DOID_0080883
DOID_0080001	has_subclass	DOID_0080884
DOID_0080001	has_subclass	DOID_0080885
DOID_0080001	has_subclass	DOID_0081247
DOID_0080001	has_subclass	DOID_0081270
DOID_0080001	has_subclass	DOID_0081271
DOID_0080001	has_subclass	DOID_0090020
DOID_0080001	has_subclass	DOID_0090021
DOID_0080001	has_subclass	DOID_0090022
DOID_0080001	has_subclass	DOID_0090024
DOID_0080001	has_subclass	DOID_0090025
DOID_0080001	has_subclass	DOID_0090027
DOID_0080001	has_subclass	DOID_0090116
DOID_0080001	has_subclass	DOID_0110085
DOID_0080001	has_subclass	DOID_0110086
DOID_0080001	has_subclass	DOID_0110087
DOID_0080001	has_subclass	DOID_0110088
DOID_0080001	has_subclass	DOID_0110089
DOID_0080001	has_subclass	DOID_0110090
DOID_0080001	has_subclass	DOID_0110091
DOID_0080001	has_subclass	DOID_0110092
DOID_0080001	has_subclass	DOID_0110093
DOID_0080001	has_subclass	DOID_0110094
DOID_0080001	has_subclass	DOID_0110095
DOID_0080001	has_subclass	DOID_0110096
DOID_0080001	has_subclass	DOID_0110097
DOID_0080001	has_subclass	DOID_0110633
DOID_0080001	has_subclass	DOID_0111167
DOID_0080001	has_subclass	DOID_0111542
DOID_0080001	has_subclass	DOID_0111673
DOID_0080001	has_subclass	DOID_0111732
DOID_0080001	has_subclass	DOID_0111782
DOID_0080001	has_subclass	DOID_0111783
DOID_0080001	has_subclass	DOID_0111785
DOID_0080001	has_subclass	DOID_0111786
DOID_0080001	has_subclass	DOID_0111787
DOID_0080001	has_subclass	DOID_0111788
DOID_0080001	has_subclass	DOID_0111789
DOID_0080001	has_subclass	DOID_0112150
DOID_0080001	has_subclass	DOID_0112196
DOID_0080001	has_subclass	DOID_0112340
DOID_0080001	has_subclass	DOID_0112360
DOID_0080001	has_subclass	DOID_0112361
DOID_0080001	has_subclass	DOID_0112362
DOID_0080001	has_subclass	DOID_0112363
DOID_0080001	has_subclass	DOID_0112364
DOID_0080001	has_subclass	DOID_0112365
DOID_0080001	has_subclass	DOID_10149
DOID_0080001	has_subclass	DOID_10151
DOID_0080001	has_subclass	DOID_10573
DOID_0080001	has_subclass	DOID_10609
DOID_0080001	has_subclass	DOID_11476
DOID_0080001	has_subclass	DOID_11836
DOID_0080001	has_subclass	DOID_11991
DOID_0080001	has_subclass	DOID_12559
DOID_0080001	has_subclass	DOID_13300
DOID_0080001	has_subclass	DOID_14780
DOID_0080001	has_subclass	DOID_1856
DOID_0080001	has_subclass	DOID_1862
DOID_0080001	has_subclass	DOID_1863
DOID_0080001	has_subclass	DOID_2247
DOID_0080001	has_subclass	DOID_2300
DOID_0080001	has_subclass	DOID_2338
DOID_0080001	has_subclass	DOID_2775
DOID_0080001	has_subclass	DOID_2776
DOID_0080001	has_subclass	DOID_3258
DOID_0080001	has_subclass	DOID_3259
DOID_0080001	has_subclass	DOID_3341
DOID_0080001	has_subclass	DOID_3347
DOID_0080001	has_subclass	DOID_3351
DOID_0080001	has_subclass	DOID_3354
DOID_0080001	has_subclass	DOID_3356
DOID_0080001	has_subclass	DOID_3361
DOID_0080001	has_subclass	DOID_3368
DOID_0080001	has_subclass	DOID_3371
DOID_0080001	has_subclass	DOID_3372
DOID_0080001	has_subclass	DOID_3373
DOID_0080001	has_subclass	DOID_3374
DOID_0080001	has_subclass	DOID_3376
DOID_0080001	has_subclass	DOID_3377
DOID_0080001	has_subclass	DOID_3379
DOID_0080001	has_subclass	DOID_3381
DOID_0080001	has_subclass	DOID_3643
DOID_0080001	has_subclass	DOID_3842
DOID_0080001	has_subclass	DOID_4141
DOID_0080001	has_subclass	DOID_4143
DOID_0080001	has_subclass	DOID_4153
DOID_0080001	has_subclass	DOID_4253
DOID_0080001	has_subclass	DOID_4254
DOID_0080001	has_subclass	DOID_4384
DOID_0080001	has_subclass	DOID_4388
DOID_0080001	has_subclass	DOID_4435
DOID_0080001	has_subclass	DOID_4618
DOID_0080001	has_subclass	DOID_4667
DOID_0080001	has_subclass	DOID_4668
DOID_0080001	has_subclass	DOID_4997
DOID_0080001	has_subclass	DOID_5090
DOID_0080001	has_subclass	DOID_5546
DOID_0080001	has_subclass	DOID_5684
DOID_0080001	has_subclass	DOID_5809
DOID_0080001	has_subclass	DOID_5859
DOID_0080001	has_subclass	DOID_5861
DOID_0080001	has_subclass	DOID_5862
DOID_0080001	has_subclass	DOID_5866
DOID_0080001	has_subclass	DOID_5867
DOID_0080001	has_subclass	DOID_6322
DOID_0080001	has_subclass	DOID_6489
DOID_0080001	has_subclass	DOID_6494
DOID_0080001	has_subclass	DOID_6579
DOID_0080001	has_subclass	DOID_6682
DOID_0080001	has_subclass	DOID_6762
DOID_0080001	has_subclass	DOID_6951
DOID_0080001	has_subclass	DOID_7103
DOID_0080001	has_subclass	DOID_7147
DOID_0080001	has_subclass	DOID_7542
DOID_0080001	has_subclass	DOID_7602
DOID_0080001	has_subclass	DOID_7603
DOID_0080001	has_subclass	DOID_7612
DOID_0080001	has_subclass	DOID_7713
DOID_0080001	has_subclass	DOID_8058
DOID_0080001	has_subclass	DOID_9373
DOID_0080001	has_subclass	DOID_9987
DOID_0080005	has_subclass	DOID_0050445
DOID_0080005	has_subclass	DOID_0060343
DOID_0080005	has_subclass	DOID_0060886
DOID_0080005	has_subclass	DOID_0061229
DOID_0080005	has_subclass	DOID_0070648
DOID_0080005	has_subclass	DOID_0070649
DOID_0080005	has_subclass	DOID_0080032
DOID_0080005	has_subclass	DOID_0080039
DOID_0080005	has_subclass	DOID_0080353
DOID_0080005	has_subclass	DOID_0080807
DOID_0080005	has_subclass	DOID_0112340
DOID_0080005	has_subclass	DOID_11476
DOID_0080005	has_subclass	DOID_11991
DOID_0080005	has_subclass	DOID_12559
DOID_0080005	has_subclass	DOID_1856
DOID_0080005	has_subclass	DOID_3341
DOID_0080005	has_subclass	DOID_4253
DOID_0080005	has_subclass	DOID_4997
DOID_0080006	has_subclass	DOID_0060931
DOID_0080006	has_subclass	DOID_0060932
DOID_0080006	has_subclass	DOID_0080293
DOID_0080006	has_subclass	DOID_0080295
DOID_0080006	has_subclass	DOID_0080884
DOID_0080006	has_subclass	DOID_0080885
DOID_0080006	has_subclass	DOID_0090021
DOID_0080006	has_subclass	DOID_0090022
DOID_0080006	has_subclass	DOID_0090024
DOID_0080006	has_subclass	DOID_0090025
DOID_0080006	has_subclass	DOID_0090027
DOID_0080006	has_subclass	DOID_0110085
DOID_0080006	has_subclass	DOID_0110086
DOID_0080006	has_subclass	DOID_0110087
DOID_0080006	has_subclass	DOID_0110088
DOID_0080006	has_subclass	DOID_0110089
DOID_0080006	has_subclass	DOID_0110090
DOID_0080006	has_subclass	DOID_0110091
DOID_0080006	has_subclass	DOID_0110092
DOID_0080006	has_subclass	DOID_0110093
DOID_0080006	has_subclass	DOID_0110094
DOID_0080006	has_subclass	DOID_0110095
DOID_0080006	has_subclass	DOID_0110096
DOID_0080006	has_subclass	DOID_0110097
DOID_0080006	has_subclass	DOID_0111783
DOID_0080006	has_subclass	DOID_0111785
DOID_0080006	has_subclass	DOID_0111786
DOID_0080006	has_subclass	DOID_0111787
DOID_0080006	has_subclass	DOID_0111788
DOID_0080006	has_subclass	DOID_0111789
DOID_0080010	has_subclass	DOID_0060250
DOID_0080011	has_subclass	DOID_0060343
DOID_0080011	has_subclass	DOID_0070649
DOID_0080011	has_subclass	DOID_12559
DOID_0080011	has_subclass	DOID_1856
DOID_0080012	has_subclass	DOID_0081453
DOID_0080012	has_subclass	DOID_0081454
DOID_0080012	has_subclass	DOID_0111815
DOID_0080014	has_subclass	DOID_0050460
DOID_0080014	has_subclass	DOID_0060352
DOID_0080014	has_subclass	DOID_0060389
DOID_0080014	has_subclass	DOID_0060390
DOID_0080014	has_subclass	DOID_0060392
DOID_0080014	has_subclass	DOID_0060394
DOID_0080014	has_subclass	DOID_0060395
DOID_0080014	has_subclass	DOID_0060397
DOID_0080014	has_subclass	DOID_0060398
DOID_0080014	has_subclass	DOID_0060399
DOID_0080014	has_subclass	DOID_0060400
DOID_0080014	has_subclass	DOID_0060401
DOID_0080014	has_subclass	DOID_0060402
DOID_0080014	has_subclass	DOID_0060405
DOID_0080014	has_subclass	DOID_0060406
DOID_0080014	has_subclass	DOID_0060410
DOID_0080014	has_subclass	DOID_0060411
DOID_0080014	has_subclass	DOID_0060412
DOID_0080014	has_subclass	DOID_0060413
DOID_0080014	has_subclass	DOID_0060414
DOID_0080014	has_subclass	DOID_0060415
DOID_0080014	has_subclass	DOID_0060416
DOID_0080014	has_subclass	DOID_0060417
DOID_0080014	has_subclass	DOID_0060418
DOID_0080014	has_subclass	DOID_0060419
DOID_0080014	has_subclass	DOID_0060420
DOID_0080014	has_subclass	DOID_0060421
DOID_0080014	has_subclass	DOID_0060422
DOID_0080014	has_subclass	DOID_0060423
DOID_0080014	has_subclass	DOID_0060424
DOID_0080014	has_subclass	DOID_0060425
DOID_0080014	has_subclass	DOID_0060426
DOID_0080014	has_subclass	DOID_0060427
DOID_0080014	has_subclass	DOID_0060428
DOID_0080014	has_subclass	DOID_0060430
DOID_0080014	has_subclass	DOID_0060431
DOID_0080014	has_subclass	DOID_0060432
DOID_0080014	has_subclass	DOID_0060433
DOID_0080014	has_subclass	DOID_0060434
DOID_0080014	has_subclass	DOID_0060435
DOID_0080014	has_subclass	DOID_0060436
DOID_0080014	has_subclass	DOID_0060437
DOID_0080014	has_subclass	DOID_0060452
DOID_0080014	has_subclass	DOID_0060458
DOID_0080014	has_subclass	DOID_0060459
DOID_0080014	has_subclass	DOID_0060460
DOID_0080014	has_subclass	DOID_0060461
DOID_0080014	has_subclass	DOID_0060732
DOID_0080014	has_subclass	DOID_0060768
DOID_0080014	has_subclass	DOID_0060853
DOID_0080014	has_subclass	DOID_0060858
DOID_0080014	has_subclass	DOID_0060878
DOID_0080014	has_subclass	DOID_0070186
DOID_0080014	has_subclass	DOID_0070270
DOID_0080014	has_subclass	DOID_0070515
DOID_0080014	has_subclass	DOID_0070614
DOID_0080014	has_subclass	DOID_0080354
DOID_0080014	has_subclass	DOID_0080926
DOID_0080014	has_subclass	DOID_0090016
DOID_0080014	has_subclass	DOID_0090025
DOID_0080014	has_subclass	DOID_0110029
DOID_0080014	has_subclass	DOID_0110121
DOID_0080014	has_subclass	DOID_0110577
DOID_0080014	has_subclass	DOID_0111159
DOID_0080014	has_subclass	DOID_0111685
DOID_0080014	has_subclass	DOID_0111687
DOID_0080014	has_subclass	DOID_0111704
DOID_0080014	has_subclass	DOID_0111723
DOID_0080014	has_subclass	DOID_0111771
DOID_0080014	has_subclass	DOID_0111775
DOID_0080014	has_subclass	DOID_0111816
DOID_0080014	has_subclass	DOID_0111860
DOID_0080014	has_subclass	DOID_1085
DOID_0080014	has_subclass	DOID_12580
DOID_0080014	has_subclass	DOID_12583
DOID_0080014	has_subclass	DOID_14250
DOID_0080014	has_subclass	DOID_14515
DOID_0080014	has_subclass	DOID_14699
DOID_0080014	has_subclass	DOID_1921
DOID_0080014	has_subclass	DOID_1928
DOID_0080015	has_subclass	DOID_0050453
DOID_0080015	has_subclass	DOID_0050454
DOID_0080015	has_subclass	DOID_0050558
DOID_0080015	has_subclass	DOID_0050559
DOID_0080015	has_subclass	DOID_0050560
DOID_0080015	has_subclass	DOID_0050570
DOID_0080015	has_subclass	DOID_0050588
DOID_0080015	has_subclass	DOID_0050663
DOID_0080015	has_subclass	DOID_0051001
DOID_0080015	has_subclass	DOID_0051002
DOID_0080015	has_subclass	DOID_0060285
DOID_0080015	has_subclass	DOID_0060775
DOID_0080015	has_subclass	DOID_0060776
DOID_0080015	has_subclass	DOID_0060902
DOID_0080015	has_subclass	DOID_0060942
DOID_0080015	has_subclass	DOID_0060943
DOID_0080015	has_subclass	DOID_0060946
DOID_0080015	has_subclass	DOID_0060948
DOID_0080015	has_subclass	DOID_0060985
DOID_0080015	has_subclass	DOID_0060986
DOID_0080015	has_subclass	DOID_0061002
DOID_0080015	has_subclass	DOID_0061005
DOID_0080015	has_subclass	DOID_0061148
DOID_0080015	has_subclass	DOID_0061198
DOID_0080015	has_subclass	DOID_0061199
DOID_0080015	has_subclass	DOID_0061200
DOID_0080015	has_subclass	DOID_0061201
DOID_0080015	has_subclass	DOID_0061202
DOID_0080015	has_subclass	DOID_0061245
DOID_0080015	has_subclass	DOID_0061246
DOID_0080015	has_subclass	DOID_0061269
DOID_0080015	has_subclass	DOID_0061270
DOID_0080015	has_subclass	DOID_0070123
DOID_0080015	has_subclass	DOID_0070124
DOID_0080015	has_subclass	DOID_0070125
DOID_0080015	has_subclass	DOID_0070126
DOID_0080015	has_subclass	DOID_0070127
DOID_0080015	has_subclass	DOID_0070128
DOID_0080015	has_subclass	DOID_0070636
DOID_0080015	has_subclass	DOID_0070639
DOID_0080015	has_subclass	DOID_0070716
DOID_0080015	has_subclass	DOID_0080197
DOID_0080015	has_subclass	DOID_0080552
DOID_0080015	has_subclass	DOID_0080553
DOID_0080015	has_subclass	DOID_0080554
DOID_0080015	has_subclass	DOID_0080555
DOID_0080015	has_subclass	DOID_0080556
DOID_0080015	has_subclass	DOID_0080557
DOID_0080015	has_subclass	DOID_0080558
DOID_0080015	has_subclass	DOID_0080559
DOID_0080015	has_subclass	DOID_0080560
DOID_0080015	has_subclass	DOID_0080561
DOID_0080015	has_subclass	DOID_0080562
DOID_0080015	has_subclass	DOID_0080563
DOID_0080015	has_subclass	DOID_0080564
DOID_0080015	has_subclass	DOID_0080565
DOID_0080015	has_subclass	DOID_0080566
DOID_0080015	has_subclass	DOID_0080567
DOID_0080015	has_subclass	DOID_0080568
DOID_0080015	has_subclass	DOID_0080569
DOID_0080015	has_subclass	DOID_0080570
DOID_0080015	has_subclass	DOID_0080571
DOID_0080015	has_subclass	DOID_0080572
DOID_0080015	has_subclass	DOID_0080573
DOID_0080015	has_subclass	DOID_0080574
DOID_0080015	has_subclass	DOID_0080589
DOID_0080015	has_subclass	DOID_0080590
DOID_0080015	has_subclass	DOID_0080591
DOID_0080015	has_subclass	DOID_0080592
DOID_0080015	has_subclass	DOID_0081015
DOID_0080015	has_subclass	DOID_0081017
DOID_0080015	has_subclass	DOID_0081019
DOID_0080015	has_subclass	DOID_0081169
DOID_0080015	has_subclass	DOID_0081335
DOID_0080015	has_subclass	DOID_0110080
DOID_0080015	has_subclass	DOID_0110329
DOID_0080015	has_subclass	DOID_0110330
DOID_0080015	has_subclass	DOID_0110331
DOID_0080015	has_subclass	DOID_0110332
DOID_0080015	has_subclass	DOID_0110333
DOID_0080015	has_subclass	DOID_0110632
DOID_0080015	has_subclass	DOID_0110633
DOID_0080015	has_subclass	DOID_0110634
DOID_0080015	has_subclass	DOID_0110635
DOID_0080015	has_subclass	DOID_0110636
DOID_0080015	has_subclass	DOID_0110637
DOID_0080015	has_subclass	DOID_0110639
DOID_0080015	has_subclass	DOID_0110640
DOID_0080015	has_subclass	DOID_0110712
DOID_0080015	has_subclass	DOID_0110713
DOID_0080015	has_subclass	DOID_0110714
DOID_0080015	has_subclass	DOID_0110715
DOID_0080015	has_subclass	DOID_0110862
DOID_0080015	has_subclass	DOID_0110863
DOID_0080015	has_subclass	DOID_0110864
DOID_0080015	has_subclass	DOID_0110865
DOID_0080015	has_subclass	DOID_0110866
DOID_0080015	has_subclass	DOID_0110867
DOID_0080015	has_subclass	DOID_0110868
DOID_0080015	has_subclass	DOID_0110869
DOID_0080015	has_subclass	DOID_0110870
DOID_0080015	has_subclass	DOID_0110871
DOID_0080015	has_subclass	DOID_0110916
DOID_0080015	has_subclass	DOID_0110917
DOID_0080015	has_subclass	DOID_0110918
DOID_0080015	has_subclass	DOID_0111066
DOID_0080015	has_subclass	DOID_0111067
DOID_0080015	has_subclass	DOID_0111068
DOID_0080015	has_subclass	DOID_0111069
DOID_0080015	has_subclass	DOID_0111070
DOID_0080015	has_subclass	DOID_0111071
DOID_0080015	has_subclass	DOID_0111135
DOID_0080015	has_subclass	DOID_0111136
DOID_0080015	has_subclass	DOID_0111137
DOID_0080015	has_subclass	DOID_0111138
DOID_0080015	has_subclass	DOID_0111169
DOID_0080015	has_subclass	DOID_0111229
DOID_0080015	has_subclass	DOID_0111230
DOID_0080015	has_subclass	DOID_0111231
DOID_0080015	has_subclass	DOID_0111232
DOID_0080015	has_subclass	DOID_0111233
DOID_0080015	has_subclass	DOID_0111234
DOID_0080015	has_subclass	DOID_0111235
DOID_0080015	has_subclass	DOID_0111236
DOID_0080015	has_subclass	DOID_0111237
DOID_0080015	has_subclass	DOID_0111238
DOID_0080015	has_subclass	DOID_0111239
DOID_0080015	has_subclass	DOID_0111240
DOID_0080015	has_subclass	DOID_0111241
DOID_0080015	has_subclass	DOID_0111242
DOID_0080015	has_subclass	DOID_0111399
DOID_0080015	has_subclass	DOID_0111401
DOID_0080015	has_subclass	DOID_0111717
DOID_0080015	has_subclass	DOID_0111718
DOID_0080015	has_subclass	DOID_0111719
DOID_0080015	has_subclass	DOID_0111720
DOID_0080015	has_subclass	DOID_0111835
DOID_0080015	has_subclass	DOID_0111836
DOID_0080015	has_subclass	DOID_0111837
DOID_0080015	has_subclass	DOID_0111839
DOID_0080015	has_subclass	DOID_0111846
DOID_0080015	has_subclass	DOID_0111863
DOID_0080015	has_subclass	DOID_0112227
DOID_0080015	has_subclass	DOID_0112228
DOID_0080015	has_subclass	DOID_0112229
DOID_0080015	has_subclass	DOID_0112230
DOID_0080015	has_subclass	DOID_0112231
DOID_0080015	has_subclass	DOID_0112232
DOID_0080015	has_subclass	DOID_0112233
DOID_0080015	has_subclass	DOID_0112234
DOID_0080015	has_subclass	DOID_0112235
DOID_0080015	has_subclass	DOID_0112237
DOID_0080015	has_subclass	DOID_0112238
DOID_0080015	has_subclass	DOID_0112239
DOID_0080015	has_subclass	DOID_0112374
DOID_0080015	has_subclass	DOID_0112375
DOID_0080015	has_subclass	DOID_0112376
DOID_0080015	has_subclass	DOID_0112380
DOID_0080015	has_subclass	DOID_12971
DOID_0080015	has_subclass	DOID_1338
DOID_0080015	has_subclass	DOID_8082
DOID_0080015	has_subclass	DOID_8083
DOID_0080027	has_subclass	DOID_0060247
DOID_0080027	has_subclass	DOID_0081270
DOID_0080027	has_subclass	DOID_0081271
DOID_0080298	has_subclass	DOID_0111135
DOID_0080298	has_subclass	DOID_0111136
DOID_0080298	has_subclass	DOID_0111137
DOID_0080298	has_subclass	DOID_0111138
DOID_0080299	has_subclass	DOID_0070202
DOID_0080299	has_subclass	DOID_0070203
DOID_0080299	has_subclass	DOID_0070204
DOID_0080299	has_subclass	DOID_0070205
DOID_0080299	has_subclass	DOID_0070206
DOID_0080299	has_subclass	DOID_0070207
DOID_0080320	has_subclass	DOID_4817
DOID_0080322	has_subclass	DOID_0080212
DOID_0080322	has_subclass	DOID_0080273
DOID_0080347	has_subclass	DOID_0070325
DOID_0080355	has_subclass	DOID_0070322
DOID_0080355	has_subclass	DOID_0070328
DOID_0080355	has_subclass	DOID_0080182
DOID_0080355	has_subclass	DOID_268
DOID_0080355	has_subclass	DOID_270
DOID_0080355	has_subclass	DOID_4047
DOID_0080355	has_subclass	DOID_5015
DOID_0080355	has_subclass	DOID_5016
DOID_0080355	has_subclass	DOID_5022
DOID_0080355	has_subclass	DOID_5026
DOID_0080355	has_subclass	DOID_5296
DOID_0080355	has_subclass	DOID_5789
DOID_0080355	has_subclass	DOID_5798
DOID_0080355	has_subclass	DOID_6370
DOID_0080355	has_subclass	DOID_684
DOID_0080355	has_subclass	DOID_686
DOID_0080355	has_subclass	DOID_687
DOID_0080355	has_subclass	DOID_8022
DOID_0080355	has_subclass	DOID_901
DOID_0080364	has_subclass	DOID_3110
DOID_0080364	has_subclass	DOID_3111
DOID_0080364	has_subclass	DOID_3114
DOID_0080364	has_subclass	DOID_3603
DOID_0080364	has_subclass	DOID_7729
DOID_0080373	has_subclass	DOID_10368
DOID_0080373	has_subclass	DOID_10802
DOID_0080373	has_subclass	DOID_9401
DOID_0080374	has_subclass	DOID_4944
DOID_0080377	has_subclass	DOID_0080476
DOID_0080377	has_subclass	DOID_0080477
DOID_0080377	has_subclass	DOID_0080478
DOID_0080377	has_subclass	DOID_0080479
DOID_0080377	has_subclass	DOID_0080480
DOID_0080377	has_subclass	DOID_0080481
DOID_0080377	has_subclass	DOID_0080482
DOID_0080377	has_subclass	DOID_0080483
DOID_0080377	has_subclass	DOID_0080484
DOID_0080377	has_subclass	DOID_0080485
DOID_0080377	has_subclass	DOID_0080486
DOID_0080377	has_subclass	DOID_0080487
DOID_0080524	has_subclass	DOID_3962
DOID_0080524	has_subclass	DOID_3964
DOID_0080524	has_subclass	DOID_8161
DOID_0080525	has_subclass	DOID_3964
DOID_0080525	has_subclass	DOID_8161
DOID_0080577	has_subclass	DOID_0050553
DOID_0080577	has_subclass	DOID_0050947
DOID_0080577	has_subclass	DOID_0050967
DOID_0080577	has_subclass	DOID_0060912
DOID_0080577	has_subclass	DOID_0060918
DOID_0080577	has_subclass	DOID_0080952
DOID_0080577	has_subclass	DOID_0090100
DOID_0080577	has_subclass	DOID_0110090
DOID_0080577	has_subclass	DOID_0110646
DOID_0080577	has_subclass	DOID_0110650
DOID_0080577	has_subclass	DOID_0110831
DOID_0080577	has_subclass	DOID_0110839
DOID_0080577	has_subclass	DOID_0110950
DOID_0080577	has_subclass	DOID_0110984
DOID_0080577	has_subclass	DOID_0111193
DOID_0080577	has_subclass	DOID_0111752
DOID_0080577	has_subclass	DOID_0112265
DOID_0080577	has_subclass	DOID_13269
DOID_0080577	has_subclass	DOID_14557
DOID_0080577	has_subclass	DOID_9250
DOID_0080599	has_subclass	DOID_0081012
DOID_0080599	has_subclass	DOID_0081013
DOID_0080599	has_subclass	DOID_0081014
DOID_0080601	has_subclass	DOID_13691
DOID_0080601	has_subclass	DOID_2658
DOID_0080601	has_subclass	DOID_2660
DOID_0080601	has_subclass	DOID_5565
DOID_0080601	has_subclass	DOID_7071
DOID_0080601	has_subclass	DOID_7079
DOID_0080602	has_subclass	DOID_13691
DOID_0080602	has_subclass	DOID_2658
DOID_0080602	has_subclass	DOID_7071
DOID_0080602	has_subclass	DOID_7079
DOID_0080616	has_subclass	DOID_2673
DOID_0080638	has_subclass	DOID_0070623
DOID_0080638	has_subclass	DOID_0070624
DOID_0080638	has_subclass	DOID_0070625
DOID_0080638	has_subclass	DOID_0070626
DOID_0080638	has_subclass	DOID_0070627
DOID_0080638	has_subclass	DOID_0070628
DOID_0080638	has_subclass	DOID_0080643
DOID_0080638	has_subclass	DOID_0080644
DOID_0080638	has_subclass	DOID_0080645
DOID_0080638	has_subclass	DOID_0080646
DOID_0080638	has_subclass	DOID_0080647
DOID_0080638	has_subclass	DOID_0080648
DOID_0080638	has_subclass	DOID_0080649
DOID_0080638	has_subclass	DOID_0080650
DOID_0080638	has_subclass	DOID_0080651
DOID_0080638	has_subclass	DOID_0081411
DOID_0080638	has_subclass	DOID_0081412
DOID_0080639	has_subclass	DOID_0050897
DOID_0080639	has_subclass	DOID_0081247
DOID_0080639	has_subclass	DOID_3356
DOID_0080639	has_subclass	DOID_3361
DOID_0080639	has_subclass	DOID_3372
DOID_0080639	has_subclass	DOID_3373
DOID_0080639	has_subclass	DOID_3374
DOID_0080639	has_subclass	DOID_3376
DOID_0080639	has_subclass	DOID_3377
DOID_0080639	has_subclass	DOID_3379
DOID_0080639	has_subclass	DOID_5809
DOID_0080639	has_subclass	DOID_5859
DOID_0080639	has_subclass	DOID_5861
DOID_0080639	has_subclass	DOID_5862
DOID_0080639	has_subclass	DOID_5866
DOID_0080639	has_subclass	DOID_5867
DOID_0080639	has_subclass	DOID_6489
DOID_0080639	has_subclass	DOID_6494
DOID_0080639	has_subclass	DOID_6951
DOID_0080639	has_subclass	DOID_7542
DOID_0080639	has_subclass	DOID_7602
DOID_0080639	has_subclass	DOID_7603
DOID_0080639	has_subclass	DOID_7612
DOID_0080690	has_subclass	DOID_0070480
DOID_0080690	has_subclass	DOID_0070481
DOID_0080690	has_subclass	DOID_0080692
DOID_0080690	has_subclass	DOID_0080693
DOID_0080690	has_subclass	DOID_0111252
DOID_0080690	has_subclass	DOID_0111460
DOID_0080690	has_subclass	DOID_0111461
DOID_0080690	has_subclass	DOID_0111463
DOID_0080809	has_subclass	DOID_0040038
DOID_0080809	has_subclass	DOID_0040045
DOID_0080809	has_subclass	DOID_0040047
DOID_0080809	has_subclass	DOID_0040048
DOID_0080809	has_subclass	DOID_0040049
DOID_0080809	has_subclass	DOID_0040050
DOID_0080809	has_subclass	DOID_0040051
DOID_0080809	has_subclass	DOID_0040054
DOID_0080809	has_subclass	DOID_0080819
DOID_0080809	has_subclass	DOID_0080820
DOID_0080809	has_subclass	DOID_0080821
DOID_0080809	has_subclass	DOID_0080822
DOID_0080809	has_subclass	DOID_0080825
DOID_0080809	has_subclass	DOID_9415
DOID_0080811	has_subclass	DOID_0040038
DOID_0080811	has_subclass	DOID_0040045
DOID_0080811	has_subclass	DOID_0040047
DOID_0080811	has_subclass	DOID_0040048
DOID_0080811	has_subclass	DOID_0040049
DOID_0080811	has_subclass	DOID_0040050
DOID_0080811	has_subclass	DOID_0040051
DOID_0080811	has_subclass	DOID_0040054
DOID_0080811	has_subclass	DOID_0080825
DOID_0080829	has_subclass	DOID_4843
DOID_0080829	has_subclass	DOID_4845
DOID_0080829	has_subclass	DOID_4851
DOID_0080829	has_subclass	DOID_5075
DOID_0080829	has_subclass	DOID_5077
DOID_0080829	has_subclass	DOID_5500
DOID_0080829	has_subclass	DOID_5504
DOID_0080829	has_subclass	DOID_5505
DOID_0080829	has_subclass	DOID_5507
DOID_0080829	has_subclass	DOID_6811
DOID_0080829	has_subclass	DOID_6812
DOID_0080830	has_subclass	DOID_4845
DOID_0080830	has_subclass	DOID_6811
DOID_0080830	has_subclass	DOID_6812
DOID_0081286	has_subclass	DOID_7631
DOID_0081312	has_subclass	DOID_0050749
DOID_0081312	has_subclass	DOID_0060061
DOID_0081312	has_subclass	DOID_0070333
DOID_0081312	has_subclass	DOID_0070662
DOID_0081312	has_subclass	DOID_0080797
DOID_0081312	has_subclass	DOID_0081036
DOID_0081312	has_subclass	DOID_0081037
DOID_0081312	has_subclass	DOID_0081038
DOID_0081312	has_subclass	DOID_0081039
DOID_0081312	has_subclass	DOID_0081049
DOID_0081312	has_subclass	DOID_0081050
DOID_0081312	has_subclass	DOID_0111147
DOID_0081312	has_subclass	DOID_8541
DOID_0081312	has_subclass	DOID_8691
DOID_0081337	has_subclass	DOID_0081374
DOID_0081337	has_subclass	DOID_0081375
DOID_0081337	has_subclass	DOID_0110927
DOID_0081337	has_subclass	DOID_0110928
DOID_0081337	has_subclass	DOID_0110930
DOID_0081337	has_subclass	DOID_0110933
DOID_0081337	has_subclass	DOID_0110934
DOID_0081337	has_subclass	DOID_0110935
DOID_0081337	has_subclass	DOID_0111226
DOID_0081452	has_subclass	DOID_0080192
DOID_0081452	has_subclass	DOID_0080996
DOID_0081452	has_subclass	DOID_0080997
DOID_0081452	has_subclass	DOID_0081064
DOID_0081452	has_subclass	DOID_0081065
DOID_0081452	has_subclass	DOID_0081066
DOID_0081452	has_subclass	DOID_0081067
DOID_0081452	has_subclass	DOID_0081068
DOID_0081452	has_subclass	DOID_0081069
DOID_0081452	has_subclass	DOID_0081070
DOID_0081452	has_subclass	DOID_0081071
DOID_0081452	has_subclass	DOID_0081313
DOID_0111167	has_subclass	DOID_0081270
DOID_0111167	has_subclass	DOID_0081271
DOID_0111716	has_subclass	DOID_0111718
DOID_0111716	has_subclass	DOID_0111719
DOID_0111716	has_subclass	DOID_0111720
DOID_0111782	has_subclass	DOID_0111786
DOID_0111782	has_subclass	DOID_0111787
DOID_0111866	has_subclass	DOID_0050528
DOID_0111866	has_subclass	DOID_0061024
DOID_0111866	has_subclass	DOID_0111868
DOID_0111866	has_subclass	DOID_0111872
DOID_0111866	has_subclass	DOID_0111874
DOID_0111910	has_subclass	DOID_0070163
DOID_0111910	has_subclass	DOID_0070184
DOID_0111910	has_subclass	DOID_0111922
DOID_0111910	has_subclass	DOID_0111924
DOID_0111962	has_subclass	DOID_0060007
DOID_0111962	has_subclass	DOID_0060008
DOID_0111962	has_subclass	DOID_0060009
DOID_0111962	has_subclass	DOID_0060010
DOID_0111962	has_subclass	DOID_0060011
DOID_0111962	has_subclass	DOID_0060012
DOID_0111962	has_subclass	DOID_0060013
DOID_0111962	has_subclass	DOID_0060014
DOID_0111962	has_subclass	DOID_0060016
DOID_0111962	has_subclass	DOID_0060017
DOID_0111962	has_subclass	DOID_0060018
DOID_0111962	has_subclass	DOID_0060019
DOID_0111962	has_subclass	DOID_0060769
DOID_0111962	has_subclass	DOID_0061074
DOID_0111962	has_subclass	DOID_0061090
DOID_0111962	has_subclass	DOID_0090012
DOID_0111962	has_subclass	DOID_0090014
DOID_0111962	has_subclass	DOID_0111937
DOID_0111962	has_subclass	DOID_0111938
DOID_0111962	has_subclass	DOID_0111957
DOID_0111962	has_subclass	DOID_0111974
DOID_0111962	has_subclass	DOID_5810
DOID_0111962	has_subclass	DOID_5812
DOID_0112374	has_subclass	DOID_0050559
DOID_0112374	has_subclass	DOID_0050588
DOID_0112374	has_subclass	DOID_0110635
DOID_0112374	has_subclass	DOID_0110637
DOID_0112374	has_subclass	DOID_0111230
DOID_0112374	has_subclass	DOID_0111231
DOID_0112374	has_subclass	DOID_0111232
DOID_0112374	has_subclass	DOID_0111233
DOID_0112374	has_subclass	DOID_0111234
DOID_0112374	has_subclass	DOID_0111235
DOID_0112374	has_subclass	DOID_0111236
DOID_0112374	has_subclass	DOID_0111237
DOID_0112374	has_subclass	DOID_0111238
DOID_0112374	has_subclass	DOID_0111239
DOID_0112374	has_subclass	DOID_0111240
DOID_0112374	has_subclass	DOID_0111241
DOID_0112374	has_subclass	DOID_0111242
DOID_0112374	has_subclass	DOID_0112376
DOID_0112374	has_subclass	DOID_0112380
DOID_100	has_subclass	DOID_14397
DOID_1002	has_subclass	DOID_7527
DOID_10020	has_subclass	DOID_3501
DOID_10020	has_subclass	DOID_3502
DOID_10020	has_subclass	DOID_3693
DOID_10020	has_subclass	DOID_5308
DOID_10020	has_subclass	DOID_7136
DOID_10020	has_subclass	DOID_8110
DOID_10021	has_subclass	DOID_3501
DOID_10021	has_subclass	DOID_3502
DOID_10021	has_subclass	DOID_3693
DOID_10021	has_subclass	DOID_4932
DOID_10021	has_subclass	DOID_5308
DOID_10021	has_subclass	DOID_5628
DOID_10021	has_subclass	DOID_7136
DOID_10021	has_subclass	DOID_8110
DOID_10024	has_subclass	DOID_0111181
DOID_10024	has_subclass	DOID_0111182
DOID_10024	has_subclass	DOID_0111183
DOID_1005	has_subclass	DOID_4560
DOID_1005	has_subclass	DOID_4561
DOID_1005	has_subclass	DOID_7527
DOID_1005	has_subclass	DOID_7528
DOID_10123	has_subclass	DOID_11452
DOID_10123	has_subclass	DOID_12043
DOID_10124	has_subclass	DOID_0060440
DOID_10124	has_subclass	DOID_0060441
DOID_10124	has_subclass	DOID_0060443
DOID_10124	has_subclass	DOID_0060444
DOID_10124	has_subclass	DOID_0060446
DOID_10124	has_subclass	DOID_0060447
DOID_10124	has_subclass	DOID_0060450
DOID_10124	has_subclass	DOID_0060451
DOID_10124	has_subclass	DOID_0060453
DOID_10124	has_subclass	DOID_0060454
DOID_10124	has_subclass	DOID_0060649
DOID_10124	has_subclass	DOID_0080530
DOID_10124	has_subclass	DOID_0080670
DOID_10124	has_subclass	DOID_0080671
DOID_10124	has_subclass	DOID_10525
DOID_10124	has_subclass	DOID_10526
DOID_10124	has_subclass	DOID_11031
DOID_10124	has_subclass	DOID_11032
DOID_10124	has_subclass	DOID_11033
DOID_10124	has_subclass	DOID_11034
DOID_10124	has_subclass	DOID_11164
DOID_10124	has_subclass	DOID_11267
DOID_10124	has_subclass	DOID_11342
DOID_10124	has_subclass	DOID_11541
DOID_10124	has_subclass	DOID_11554
DOID_10124	has_subclass	DOID_11555
DOID_10124	has_subclass	DOID_11793
DOID_10124	has_subclass	DOID_12307
DOID_10124	has_subclass	DOID_12318
DOID_10124	has_subclass	DOID_13448
DOID_10124	has_subclass	DOID_13538
DOID_10124	has_subclass	DOID_14507
DOID_10124	has_subclass	DOID_2879
DOID_10124	has_subclass	DOID_8400
DOID_10124	has_subclass	DOID_8943
DOID_10154	has_subclass	DOID_10020
DOID_10154	has_subclass	DOID_10816
DOID_10154	has_subclass	DOID_3501
DOID_10154	has_subclass	DOID_3502
DOID_10154	has_subclass	DOID_3693
DOID_10154	has_subclass	DOID_4906
DOID_10154	has_subclass	DOID_4932
DOID_10154	has_subclass	DOID_5308
DOID_10154	has_subclass	DOID_5628
DOID_10154	has_subclass	DOID_7136
DOID_10154	has_subclass	DOID_7479
DOID_10154	has_subclass	DOID_7959
DOID_10154	has_subclass	DOID_8110
DOID_10155	has_subclass	DOID_0050911
DOID_10155	has_subclass	DOID_0050925
DOID_10155	has_subclass	DOID_10020
DOID_10155	has_subclass	DOID_10021
DOID_10155	has_subclass	DOID_10816
DOID_10155	has_subclass	DOID_13996
DOID_10155	has_subclass	DOID_3501
DOID_10155	has_subclass	DOID_3502
DOID_10155	has_subclass	DOID_3559
DOID_10155	has_subclass	DOID_3693
DOID_10155	has_subclass	DOID_4906
DOID_10155	has_subclass	DOID_4907
DOID_10155	has_subclass	DOID_4932
DOID_10155	has_subclass	DOID_5271
DOID_10155	has_subclass	DOID_5308
DOID_10155	has_subclass	DOID_5628
DOID_10155	has_subclass	DOID_5740
DOID_10155	has_subclass	DOID_7136
DOID_10155	has_subclass	DOID_7479
DOID_10155	has_subclass	DOID_7506
DOID_10155	has_subclass	DOID_7959
DOID_10155	has_subclass	DOID_8110
DOID_10155	has_subclass	DOID_8151
DOID_10241	has_subclass	DOID_0110031
DOID_10273	has_subclass	DOID_0050650
DOID_10273	has_subclass	DOID_0110218
DOID_10273	has_subclass	DOID_0110219
DOID_10273	has_subclass	DOID_0110220
DOID_10273	has_subclass	DOID_0110221
DOID_10273	has_subclass	DOID_0110222
DOID_10273	has_subclass	DOID_0110223
DOID_10273	has_subclass	DOID_0110224
DOID_10273	has_subclass	DOID_0110225
DOID_10273	has_subclass	DOID_0110226
DOID_10273	has_subclass	DOID_13884
DOID_10283	has_subclass	DOID_0080909
DOID_10283	has_subclass	DOID_10287
DOID_10283	has_subclass	DOID_2526
DOID_10283	has_subclass	DOID_3024
DOID_10283	has_subclass	DOID_3251
DOID_10283	has_subclass	DOID_3252
DOID_10283	has_subclass	DOID_3504
DOID_10283	has_subclass	DOID_3703
DOID_10283	has_subclass	DOID_4011
DOID_10283	has_subclass	DOID_4524
DOID_10283	has_subclass	DOID_4868
DOID_10283	has_subclass	DOID_5282
DOID_10283	has_subclass	DOID_7152
DOID_10283	has_subclass	DOID_7246
DOID_10286	has_subclass	DOID_3024
DOID_10286	has_subclass	DOID_3504
DOID_10286	has_subclass	DOID_3703
DOID_10286	has_subclass	DOID_7246
DOID_10314	has_subclass	DOID_0080740
DOID_10314	has_subclass	DOID_4562
DOID_10354	has_subclass	DOID_10353
DOID_10354	has_subclass	DOID_5999
DOID_10354	has_subclass	DOID_8310
DOID_1037	has_subclass	DOID_0081041
DOID_1037	has_subclass	DOID_0081042
DOID_1037	has_subclass	DOID_1039
DOID_1037	has_subclass	DOID_1703
DOID_1037	has_subclass	DOID_285
DOID_1037	has_subclass	DOID_711
DOID_1037	has_subclass	DOID_713
DOID_104	has_subclass	DOID_0040083
DOID_104	has_subclass	DOID_0040084
DOID_104	has_subclass	DOID_0050152
DOID_104	has_subclass	DOID_10461
DOID_104	has_subclass	DOID_1116
DOID_104	has_subclass	DOID_11263
DOID_104	has_subclass	DOID_11265
DOID_104	has_subclass	DOID_11337
DOID_104	has_subclass	DOID_11736
DOID_104	has_subclass	DOID_11750
DOID_104	has_subclass	DOID_1260
DOID_104	has_subclass	DOID_13272
DOID_104	has_subclass	DOID_13276
DOID_104	has_subclass	DOID_13800
DOID_104	has_subclass	DOID_14089
DOID_104	has_subclass	DOID_14115
DOID_104	has_subclass	DOID_217
DOID_104	has_subclass	DOID_4562
DOID_104	has_subclass	DOID_4974
DOID_104	has_subclass	DOID_8478
DOID_104	has_subclass	DOID_873
DOID_104	has_subclass	DOID_9159
DOID_104	has_subclass	DOID_9699
DOID_104	has_subclass	DOID_9978
DOID_1040	has_subclass	DOID_0081041
DOID_1040	has_subclass	DOID_0081042
DOID_1040	has_subclass	DOID_711
DOID_1040	has_subclass	DOID_713
DOID_10534	has_subclass	DOID_0080764
DOID_10534	has_subclass	DOID_10547
DOID_10534	has_subclass	DOID_6270
DOID_10534	has_subclass	DOID_6271
DOID_10534	has_subclass	DOID_6700
DOID_10534	has_subclass	DOID_6703
DOID_10534	has_subclass	DOID_6948
DOID_10534	has_subclass	DOID_8118
DOID_10575	has_subclass	DOID_0060699
DOID_10575	has_subclass	DOID_0060700
DOID_10575	has_subclass	DOID_0060701
DOID_10575	has_subclass	DOID_0060702
DOID_10575	has_subclass	DOID_0061135
DOID_10575	has_subclass	DOID_0061136
DOID_10579	has_subclass	DOID_0051014
DOID_10579	has_subclass	DOID_0080316
DOID_10579	has_subclass	DOID_0080317
DOID_10579	has_subclass	DOID_0080318
DOID_1059	has_subclass	DOID_0050647
DOID_1059	has_subclass	DOID_0050681
DOID_1059	has_subclass	DOID_0050764
DOID_1059	has_subclass	DOID_0050776
DOID_1059	has_subclass	DOID_0060179
DOID_1059	has_subclass	DOID_0060309
DOID_1059	has_subclass	DOID_0060799
DOID_1059	has_subclass	DOID_0060800
DOID_1059	has_subclass	DOID_0060801
DOID_1059	has_subclass	DOID_0060802
DOID_1059	has_subclass	DOID_0060803
DOID_1059	has_subclass	DOID_0060804
DOID_1059	has_subclass	DOID_0060805
DOID_1059	has_subclass	DOID_0060806
DOID_1059	has_subclass	DOID_0060807
DOID_1059	has_subclass	DOID_0060808
DOID_1059	has_subclass	DOID_0060809
DOID_1059	has_subclass	DOID_0060810
DOID_1059	has_subclass	DOID_0060811
DOID_1059	has_subclass	DOID_0060812
DOID_1059	has_subclass	DOID_0060813
DOID_1059	has_subclass	DOID_0060814
DOID_1059	has_subclass	DOID_0060815
DOID_1059	has_subclass	DOID_0060816
DOID_1059	has_subclass	DOID_0060817
DOID_1059	has_subclass	DOID_0060818
DOID_1059	has_subclass	DOID_0060819
DOID_1059	has_subclass	DOID_0060820
DOID_1059	has_subclass	DOID_0060821
DOID_1059	has_subclass	DOID_0060822
DOID_1059	has_subclass	DOID_0060823
DOID_1059	has_subclass	DOID_0060824
DOID_1059	has_subclass	DOID_0060825
DOID_1059	has_subclass	DOID_0060826
DOID_1059	has_subclass	DOID_0060827
DOID_1059	has_subclass	DOID_0060828
DOID_1059	has_subclass	DOID_0060830
DOID_1059	has_subclass	DOID_0060929
DOID_1059	has_subclass	DOID_0061015
DOID_1059	has_subclass	DOID_0070422
DOID_1059	has_subclass	DOID_0070538
DOID_1059	has_subclass	DOID_0070653
DOID_1059	has_subclass	DOID_0070698
DOID_1059	has_subclass	DOID_0070776
DOID_1059	has_subclass	DOID_0070777
DOID_1059	has_subclass	DOID_0080240
DOID_1059	has_subclass	DOID_0080241
DOID_1059	has_subclass	DOID_0080242
DOID_1059	has_subclass	DOID_0080311
DOID_1059	has_subclass	DOID_0080473
DOID_1059	has_subclass	DOID_0080982
DOID_1059	has_subclass	DOID_0080984
DOID_1059	has_subclass	DOID_0080985
DOID_1059	has_subclass	DOID_0081123
DOID_1059	has_subclass	DOID_0111331
DOID_1059	has_subclass	DOID_0111332
DOID_1059	has_subclass	DOID_0111403
DOID_1059	has_subclass	DOID_0111456
DOID_1059	has_subclass	DOID_0111838
DOID_1059	has_subclass	DOID_0111840
DOID_1059	has_subclass	DOID_0111843
DOID_1059	has_subclass	DOID_0111844
DOID_1059	has_subclass	DOID_0111845
DOID_1059	has_subclass	DOID_0112016
DOID_1059	has_subclass	DOID_0112017
DOID_1059	has_subclass	DOID_0112018
DOID_1059	has_subclass	DOID_0112019
DOID_1059	has_subclass	DOID_0112020
DOID_1059	has_subclass	DOID_0112021
DOID_1059	has_subclass	DOID_0112022
DOID_1059	has_subclass	DOID_0112023
DOID_1059	has_subclass	DOID_0112024
DOID_1059	has_subclass	DOID_0112025
DOID_1059	has_subclass	DOID_0112026
DOID_1059	has_subclass	DOID_0112027
DOID_1059	has_subclass	DOID_0112028
DOID_1059	has_subclass	DOID_0112029
DOID_1059	has_subclass	DOID_0112030
DOID_1059	has_subclass	DOID_0112031
DOID_1059	has_subclass	DOID_0112032
DOID_1059	has_subclass	DOID_0112033
DOID_1059	has_subclass	DOID_0112034
DOID_1059	has_subclass	DOID_0112035
DOID_1059	has_subclass	DOID_0112036
DOID_1059	has_subclass	DOID_0112037
DOID_1059	has_subclass	DOID_0112038
DOID_1059	has_subclass	DOID_0112039
DOID_1059	has_subclass	DOID_0112040
DOID_1059	has_subclass	DOID_0112041
DOID_1059	has_subclass	DOID_0112042
DOID_1059	has_subclass	DOID_0112043
DOID_1059	has_subclass	DOID_0112044
DOID_1059	has_subclass	DOID_0112045
DOID_1059	has_subclass	DOID_0112046
DOID_1059	has_subclass	DOID_0112047
DOID_1059	has_subclass	DOID_0112048
DOID_1059	has_subclass	DOID_0112049
DOID_1059	has_subclass	DOID_0112050
DOID_1059	has_subclass	DOID_0112051
DOID_1059	has_subclass	DOID_0112052
DOID_1059	has_subclass	DOID_0112053
DOID_1059	has_subclass	DOID_0112054
DOID_1059	has_subclass	DOID_0112055
DOID_1059	has_subclass	DOID_0112056
DOID_1059	has_subclass	DOID_0112057
DOID_1059	has_subclass	DOID_0112058
DOID_1059	has_subclass	DOID_0112059
DOID_1059	has_subclass	DOID_0112060
DOID_1059	has_subclass	DOID_0112126
DOID_1059	has_subclass	DOID_0112339
DOID_1059	has_subclass	DOID_14744
DOID_10591	has_subclass	DOID_13133
DOID_10595	has_subclass	DOID_0051043
DOID_10595	has_subclass	DOID_0061251
DOID_10595	has_subclass	DOID_0110148
DOID_10595	has_subclass	DOID_0110149
DOID_10595	has_subclass	DOID_0110150
DOID_10595	has_subclass	DOID_0110151
DOID_10595	has_subclass	DOID_0110152
DOID_10595	has_subclass	DOID_0110153
DOID_10595	has_subclass	DOID_0110154
DOID_10595	has_subclass	DOID_0110155
DOID_10595	has_subclass	DOID_0110156
DOID_10595	has_subclass	DOID_0110157
DOID_10595	has_subclass	DOID_0110158
DOID_10595	has_subclass	DOID_0110159
DOID_10595	has_subclass	DOID_0110160
DOID_10595	has_subclass	DOID_0110161
DOID_10595	has_subclass	DOID_0110162
DOID_10595	has_subclass	DOID_0110163
DOID_10595	has_subclass	DOID_0110164
DOID_10595	has_subclass	DOID_0110165
DOID_10595	has_subclass	DOID_0110166
DOID_10595	has_subclass	DOID_0110167
DOID_10595	has_subclass	DOID_0110168
DOID_10595	has_subclass	DOID_0110169
DOID_10595	has_subclass	DOID_0110170
DOID_10595	has_subclass	DOID_0110171
DOID_10595	has_subclass	DOID_0110173
DOID_10595	has_subclass	DOID_0110174
DOID_10595	has_subclass	DOID_0110175
DOID_10595	has_subclass	DOID_0110176
DOID_10595	has_subclass	DOID_0110177
DOID_10595	has_subclass	DOID_0110178
DOID_10595	has_subclass	DOID_0110179
DOID_10595	has_subclass	DOID_0110180
DOID_10595	has_subclass	DOID_0110181
DOID_10595	has_subclass	DOID_0110182
DOID_10595	has_subclass	DOID_0111557
DOID_10595	has_subclass	DOID_0111558
DOID_10595	has_subclass	DOID_0111559
DOID_10595	has_subclass	DOID_0111560
DOID_10619	has_subclass	DOID_0060219
DOID_10629	has_subclass	DOID_0060835
DOID_10629	has_subclass	DOID_0060836
DOID_10629	has_subclass	DOID_0060842
DOID_10629	has_subclass	DOID_0111799
DOID_10629	has_subclass	DOID_0111800
DOID_10629	has_subclass	DOID_0111802
DOID_10629	has_subclass	DOID_0111803
DOID_10629	has_subclass	DOID_0111804
DOID_10629	has_subclass	DOID_0111805
DOID_10629	has_subclass	DOID_0111806
DOID_10629	has_subclass	DOID_0111807
DOID_10629	has_subclass	DOID_0111812
DOID_1067	has_subclass	DOID_1068
DOID_1074	has_subclass	DOID_0051066
DOID_1074	has_subclass	DOID_11823
DOID_1074	has_subclass	DOID_12556
DOID_1074	has_subclass	DOID_4675
DOID_1074	has_subclass	DOID_783
DOID_10754	has_subclass	DOID_10435
DOID_10754	has_subclass	DOID_11181
DOID_10754	has_subclass	DOID_14247
DOID_10754	has_subclass	DOID_14248
DOID_10754	has_subclass	DOID_14435
DOID_10763	has_subclass	DOID_10177
DOID_10763	has_subclass	DOID_10590
DOID_10763	has_subclass	DOID_1073
DOID_10763	has_subclass	DOID_11520
DOID_10763	has_subclass	DOID_11664
DOID_10763	has_subclass	DOID_13129
DOID_10763	has_subclass	DOID_13133
DOID_10763	has_subclass	DOID_13143
DOID_10763	has_subclass	DOID_13145
DOID_10763	has_subclass	DOID_13593
DOID_10763	has_subclass	DOID_1591
DOID_10811	has_subclass	DOID_0080799
DOID_10811	has_subclass	DOID_4930
DOID_10811	has_subclass	DOID_8415
DOID_10854	has_subclass	DOID_10301
DOID_10871	has_subclass	DOID_0061238
DOID_10871	has_subclass	DOID_0061239
DOID_10871	has_subclass	DOID_0061240
DOID_10871	has_subclass	DOID_0061241
DOID_10907	has_subclass	DOID_0051031
DOID_10907	has_subclass	DOID_0051032
DOID_10907	has_subclass	DOID_0051033
DOID_10907	has_subclass	DOID_0051034
DOID_10907	has_subclass	DOID_0051035
DOID_10907	has_subclass	DOID_0051036
DOID_10907	has_subclass	DOID_0051037
DOID_10907	has_subclass	DOID_0051038
DOID_10907	has_subclass	DOID_0051039
DOID_10907	has_subclass	DOID_0051040
DOID_10907	has_subclass	DOID_0051041
DOID_10907	has_subclass	DOID_0051074
DOID_10907	has_subclass	DOID_0061100
DOID_10907	has_subclass	DOID_0070277
DOID_10907	has_subclass	DOID_0070278
DOID_10907	has_subclass	DOID_0070279
DOID_10907	has_subclass	DOID_0070280
DOID_10907	has_subclass	DOID_0070281
DOID_10907	has_subclass	DOID_0070282
DOID_10907	has_subclass	DOID_0070283
DOID_10907	has_subclass	DOID_0070284
DOID_10907	has_subclass	DOID_0070285
DOID_10907	has_subclass	DOID_0070286
DOID_10907	has_subclass	DOID_0070287
DOID_10907	has_subclass	DOID_0070288
DOID_10907	has_subclass	DOID_0070289
DOID_10907	has_subclass	DOID_0070290
DOID_10907	has_subclass	DOID_0070291
DOID_10907	has_subclass	DOID_0070292
DOID_10907	has_subclass	DOID_0070293
DOID_10907	has_subclass	DOID_0070294
DOID_10907	has_subclass	DOID_0070295
DOID_10907	has_subclass	DOID_0070296
DOID_10908	has_subclass	DOID_0070682
DOID_10908	has_subclass	DOID_0070685
DOID_10908	has_subclass	DOID_0070686
DOID_10941	has_subclass	DOID_0080964
DOID_10941	has_subclass	DOID_0080965
DOID_10941	has_subclass	DOID_0080966
DOID_10941	has_subclass	DOID_0080967
DOID_10941	has_subclass	DOID_0080968
DOID_10941	has_subclass	DOID_0080969
DOID_10941	has_subclass	DOID_0080970
DOID_10941	has_subclass	DOID_0080971
DOID_10941	has_subclass	DOID_0080972
DOID_10941	has_subclass	DOID_0080973
DOID_10941	has_subclass	DOID_0080974
DOID_10941	has_subclass	DOID_0080975
DOID_10944	has_subclass	DOID_0050865
DOID_10944	has_subclass	DOID_0080641
DOID_10944	has_subclass	DOID_14111
DOID_10944	has_subclass	DOID_1453
DOID_10944	has_subclass	DOID_1455
DOID_10952	has_subclass	DOID_0060911
DOID_10952	has_subclass	DOID_3052
DOID_10974	has_subclass	DOID_10971
DOID_10974	has_subclass	DOID_12265
DOID_110	has_subclass	DOID_0050537
DOID_110	has_subclass	DOID_0070354
DOID_110	has_subclass	DOID_0110227
DOID_110	has_subclass	DOID_0110229
DOID_110	has_subclass	DOID_0110230
DOID_110	has_subclass	DOID_0110231
DOID_110	has_subclass	DOID_0110232
DOID_110	has_subclass	DOID_0110233
DOID_110	has_subclass	DOID_0110234
DOID_110	has_subclass	DOID_0110236
DOID_110	has_subclass	DOID_0110238
DOID_110	has_subclass	DOID_0110240
DOID_110	has_subclass	DOID_0110242
DOID_110	has_subclass	DOID_0110243
DOID_110	has_subclass	DOID_0110244
DOID_110	has_subclass	DOID_0110246
DOID_110	has_subclass	DOID_0110249
DOID_110	has_subclass	DOID_0110250
DOID_110	has_subclass	DOID_0110251
DOID_110	has_subclass	DOID_0110252
DOID_110	has_subclass	DOID_0110253
DOID_110	has_subclass	DOID_0110254
DOID_110	has_subclass	DOID_0110255
DOID_110	has_subclass	DOID_0110259
DOID_110	has_subclass	DOID_0110260
DOID_110	has_subclass	DOID_0110261
DOID_110	has_subclass	DOID_0110265
DOID_110	has_subclass	DOID_0110266
DOID_110	has_subclass	DOID_0110267
DOID_110	has_subclass	DOID_0110268
DOID_110	has_subclass	DOID_0110270
DOID_110	has_subclass	DOID_0110271
DOID_110	has_subclass	DOID_0110272
DOID_110	has_subclass	DOID_0111149
DOID_110	has_subclass	DOID_0111150
DOID_110	has_subclass	DOID_10997
DOID_110	has_subclass	DOID_13328
DOID_110	has_subclass	DOID_13574
DOID_110	has_subclass	DOID_13717
DOID_110	has_subclass	DOID_13822
DOID_110	has_subclass	DOID_13963
DOID_110	has_subclass	DOID_13964
DOID_110	has_subclass	DOID_82
DOID_110	has_subclass	DOID_9669
DOID_1100	has_subclass	DOID_0050928
DOID_1100	has_subclass	DOID_0050933
DOID_1100	has_subclass	DOID_0050934
DOID_1100	has_subclass	DOID_10971
DOID_1100	has_subclass	DOID_10972
DOID_1100	has_subclass	DOID_12265
DOID_1100	has_subclass	DOID_13050
DOID_1100	has_subclass	DOID_2143
DOID_1100	has_subclass	DOID_2145
DOID_1100	has_subclass	DOID_2146
DOID_1100	has_subclass	DOID_2150
DOID_1100	has_subclass	DOID_2151
DOID_1100	has_subclass	DOID_2152
DOID_1100	has_subclass	DOID_2153
DOID_1100	has_subclass	DOID_2155
DOID_1100	has_subclass	DOID_2156
DOID_1100	has_subclass	DOID_2636
DOID_1100	has_subclass	DOID_2640
DOID_1100	has_subclass	DOID_2641
DOID_1100	has_subclass	DOID_3267
DOID_1100	has_subclass	DOID_3269
DOID_1100	has_subclass	DOID_3578
DOID_1100	has_subclass	DOID_3604
DOID_1100	has_subclass	DOID_3605
DOID_1100	has_subclass	DOID_3713
DOID_1100	has_subclass	DOID_4001
DOID_1100	has_subclass	DOID_4115
DOID_1100	has_subclass	DOID_4217
DOID_1100	has_subclass	DOID_4441
DOID_1100	has_subclass	DOID_4527
DOID_1100	has_subclass	DOID_4555
DOID_1100	has_subclass	DOID_4894
DOID_1100	has_subclass	DOID_5117
DOID_1100	has_subclass	DOID_5169
DOID_1100	has_subclass	DOID_5207
DOID_1100	has_subclass	DOID_5208
DOID_1100	has_subclass	DOID_5304
DOID_1100	has_subclass	DOID_5350
DOID_1100	has_subclass	DOID_5351
DOID_1100	has_subclass	DOID_5482
DOID_1100	has_subclass	DOID_5511
DOID_1100	has_subclass	DOID_5550
DOID_1100	has_subclass	DOID_5567
DOID_1100	has_subclass	DOID_5681
DOID_1100	has_subclass	DOID_5744
DOID_1100	has_subclass	DOID_5746
DOID_1100	has_subclass	DOID_5828
DOID_1100	has_subclass	DOID_5895
DOID_1100	has_subclass	DOID_5896
DOID_1100	has_subclass	DOID_5897
DOID_1100	has_subclass	DOID_5936
DOID_1100	has_subclass	DOID_6083
DOID_1100	has_subclass	DOID_6170
DOID_1100	has_subclass	DOID_6179
DOID_1100	has_subclass	DOID_6211
DOID_1100	has_subclass	DOID_6212
DOID_1100	has_subclass	DOID_6230
DOID_1100	has_subclass	DOID_6331
DOID_1100	has_subclass	DOID_6408
DOID_1100	has_subclass	DOID_6445
DOID_1100	has_subclass	DOID_6468
DOID_1100	has_subclass	DOID_6469
DOID_1100	has_subclass	DOID_6511
DOID_1100	has_subclass	DOID_6512
DOID_1100	has_subclass	DOID_6514
DOID_1100	has_subclass	DOID_6554
DOID_1100	has_subclass	DOID_6774
DOID_1100	has_subclass	DOID_6898
DOID_1100	has_subclass	DOID_6901
DOID_1100	has_subclass	DOID_7013
DOID_1100	has_subclass	DOID_7037
DOID_1100	has_subclass	DOID_7191
DOID_1100	has_subclass	DOID_7438
DOID_1100	has_subclass	DOID_7591
DOID_1100	has_subclass	DOID_7650
DOID_1100	has_subclass	DOID_7651
DOID_1100	has_subclass	DOID_7665
DOID_1100	has_subclass	DOID_7880
DOID_1100	has_subclass	DOID_8036
DOID_1100	has_subclass	DOID_8336
DOID_1100	has_subclass	DOID_9597
DOID_1107	has_subclass	DOID_3747
DOID_1107	has_subclass	DOID_7941
DOID_11130	has_subclass	DOID_10177
DOID_11130	has_subclass	DOID_11520
DOID_11130	has_subclass	DOID_11664
DOID_11130	has_subclass	DOID_13145
DOID_11130	has_subclass	DOID_1591
DOID_1115	has_subclass	DOID_0050608
DOID_1115	has_subclass	DOID_0081249
DOID_1115	has_subclass	DOID_0081250
DOID_1115	has_subclass	DOID_0081402
DOID_1115	has_subclass	DOID_0081403
DOID_1115	has_subclass	DOID_0081404
DOID_1115	has_subclass	DOID_0081405
DOID_1115	has_subclass	DOID_3251
DOID_1115	has_subclass	DOID_3252
DOID_1115	has_subclass	DOID_3258
DOID_1115	has_subclass	DOID_3259
DOID_1115	has_subclass	DOID_4053
DOID_1115	has_subclass	DOID_4061
DOID_1115	has_subclass	DOID_4227
DOID_1115	has_subclass	DOID_4232
DOID_1115	has_subclass	DOID_4384
DOID_1115	has_subclass	DOID_4389
DOID_1115	has_subclass	DOID_4514
DOID_1115	has_subclass	DOID_4517
DOID_1115	has_subclass	DOID_4524
DOID_1115	has_subclass	DOID_4985
DOID_1115	has_subclass	DOID_5169
DOID_1115	has_subclass	DOID_5273
DOID_1115	has_subclass	DOID_5276
DOID_1115	has_subclass	DOID_5282
DOID_1115	has_subclass	DOID_5297
DOID_1115	has_subclass	DOID_5712
DOID_1115	has_subclass	DOID_6190
DOID_1115	has_subclass	DOID_6208
DOID_1115	has_subclass	DOID_6785
DOID_1115	has_subclass	DOID_7152
DOID_1115	has_subclass	DOID_8023
DOID_11155	has_subclass	DOID_0060603
DOID_11199	has_subclass	DOID_0061150
DOID_11201	has_subclass	DOID_0061150
DOID_11201	has_subclass	DOID_0111387
DOID_11201	has_subclass	DOID_7607
DOID_11201	has_subclass	DOID_7608
DOID_11201	has_subclass	DOID_7609
DOID_11201	has_subclass	DOID_7610
DOID_11201	has_subclass	DOID_7611
DOID_11252	has_subclass	DOID_0050554
DOID_11252	has_subclass	DOID_0060063
DOID_11252	has_subclass	DOID_0060066
DOID_11252	has_subclass	DOID_0060335
DOID_11252	has_subclass	DOID_0080209
DOID_11252	has_subclass	DOID_0110031
DOID_11252	has_subclass	DOID_1099
DOID_11256	has_subclass	DOID_11254
DOID_11335	has_subclass	DOID_12055
DOID_11343	has_subclass	DOID_11594
DOID_11343	has_subclass	DOID_13676
DOID_11343	has_subclass	DOID_13787
DOID_11343	has_subclass	DOID_13788
DOID_11343	has_subclass	DOID_13789
DOID_11343	has_subclass	DOID_13794
DOID_11343	has_subclass	DOID_13861
DOID_11343	has_subclass	DOID_14287
DOID_114	has_subclass	DOID_0050431
DOID_114	has_subclass	DOID_0050434
DOID_114	has_subclass	DOID_0050451
DOID_114	has_subclass	DOID_0050650
DOID_114	has_subclass	DOID_0050793
DOID_114	has_subclass	DOID_0050824
DOID_114	has_subclass	DOID_0050826
DOID_114	has_subclass	DOID_0050827
DOID_114	has_subclass	DOID_0051073
DOID_114	has_subclass	DOID_0060000
DOID_114	has_subclass	DOID_0060036
DOID_114	has_subclass	DOID_0060068
DOID_114	has_subclass	DOID_0060224
DOID_114	has_subclass	DOID_0060480
DOID_114	has_subclass	DOID_0061025
DOID_114	has_subclass	DOID_0061102
DOID_114	has_subclass	DOID_0070533
DOID_114	has_subclass	DOID_0070534
DOID_114	has_subclass	DOID_0070535
DOID_114	has_subclass	DOID_0080169
DOID_114	has_subclass	DOID_0080326
DOID_114	has_subclass	DOID_0080662
DOID_114	has_subclass	DOID_0080740
DOID_114	has_subclass	DOID_0080959
DOID_114	has_subclass	DOID_0081157
DOID_114	has_subclass	DOID_0081158
DOID_114	has_subclass	DOID_0081160
DOID_114	has_subclass	DOID_0081161
DOID_114	has_subclass	DOID_0081162
DOID_114	has_subclass	DOID_0110070
DOID_114	has_subclass	DOID_0110072
DOID_114	has_subclass	DOID_0110073
DOID_114	has_subclass	DOID_0110074
DOID_114	has_subclass	DOID_0110075
DOID_114	has_subclass	DOID_0110076
DOID_114	has_subclass	DOID_0110077
DOID_114	has_subclass	DOID_0110081
DOID_114	has_subclass	DOID_0110082
DOID_114	has_subclass	DOID_0110083
DOID_114	has_subclass	DOID_0110084
DOID_114	has_subclass	DOID_0110218
DOID_114	has_subclass	DOID_0110219
DOID_114	has_subclass	DOID_0110220
DOID_114	has_subclass	DOID_0110221
DOID_114	has_subclass	DOID_0110222
DOID_114	has_subclass	DOID_0110223
DOID_114	has_subclass	DOID_0110224
DOID_114	has_subclass	DOID_0110225
DOID_114	has_subclass	DOID_0110226
DOID_114	has_subclass	DOID_0110307
DOID_114	has_subclass	DOID_0110308
DOID_114	has_subclass	DOID_0110309
DOID_114	has_subclass	DOID_0110310
DOID_114	has_subclass	DOID_0110311
DOID_114	has_subclass	DOID_0110312
DOID_114	has_subclass	DOID_0110313
DOID_114	has_subclass	DOID_0110314
DOID_114	has_subclass	DOID_0110315
DOID_114	has_subclass	DOID_0110316
DOID_114	has_subclass	DOID_0110317
DOID_114	has_subclass	DOID_0110318
DOID_114	has_subclass	DOID_0110319
DOID_114	has_subclass	DOID_0110320
DOID_114	has_subclass	DOID_0110321
DOID_114	has_subclass	DOID_0110322
DOID_114	has_subclass	DOID_0110323
DOID_114	has_subclass	DOID_0110324
DOID_114	has_subclass	DOID_0110326
DOID_114	has_subclass	DOID_0110327
DOID_114	has_subclass	DOID_0110328
DOID_114	has_subclass	DOID_0110423
DOID_114	has_subclass	DOID_0110425
DOID_114	has_subclass	DOID_0110426
DOID_114	has_subclass	DOID_0110437
DOID_114	has_subclass	DOID_0110438
DOID_114	has_subclass	DOID_0110440
DOID_114	has_subclass	DOID_0110441
DOID_114	has_subclass	DOID_0110442
DOID_114	has_subclass	DOID_0110443
DOID_114	has_subclass	DOID_0110446
DOID_114	has_subclass	DOID_0110448
DOID_114	has_subclass	DOID_0110452
DOID_114	has_subclass	DOID_0110453
DOID_114	has_subclass	DOID_0110454
DOID_114	has_subclass	DOID_0110456
DOID_114	has_subclass	DOID_0110458
DOID_114	has_subclass	DOID_0110459
DOID_114	has_subclass	DOID_0110460
DOID_114	has_subclass	DOID_0110645
DOID_114	has_subclass	DOID_0110646
DOID_114	has_subclass	DOID_0110648
DOID_114	has_subclass	DOID_0110649
DOID_114	has_subclass	DOID_0111425
DOID_114	has_subclass	DOID_0111426
DOID_114	has_subclass	DOID_0111427
DOID_114	has_subclass	DOID_0111701
DOID_114	has_subclass	DOID_0111753
DOID_114	has_subclass	DOID_0111765
DOID_114	has_subclass	DOID_10272
DOID_114	has_subclass	DOID_10314
DOID_114	has_subclass	DOID_11502
DOID_114	has_subclass	DOID_116
DOID_114	has_subclass	DOID_11984
DOID_114	has_subclass	DOID_12929
DOID_114	has_subclass	DOID_12930
DOID_114	has_subclass	DOID_12932
DOID_114	has_subclass	DOID_13209
DOID_114	has_subclass	DOID_13884
DOID_114	has_subclass	DOID_14265
DOID_114	has_subclass	DOID_14289
DOID_114	has_subclass	DOID_14535
DOID_114	has_subclass	DOID_1754
DOID_114	has_subclass	DOID_2842
DOID_114	has_subclass	DOID_2843
DOID_114	has_subclass	DOID_3362
DOID_114	has_subclass	DOID_384
DOID_114	has_subclass	DOID_396
DOID_114	has_subclass	DOID_397
DOID_114	has_subclass	DOID_4078
DOID_114	has_subclass	DOID_4080
DOID_114	has_subclass	DOID_4562
DOID_114	has_subclass	DOID_4699
DOID_114	has_subclass	DOID_5261
DOID_114	has_subclass	DOID_5262
DOID_114	has_subclass	DOID_5644
DOID_114	has_subclass	DOID_5748
DOID_114	has_subclass	DOID_5749
DOID_114	has_subclass	DOID_5877
DOID_114	has_subclass	DOID_6033
DOID_114	has_subclass	DOID_6034
DOID_114	has_subclass	DOID_61
DOID_114	has_subclass	DOID_6201
DOID_114	has_subclass	DOID_6547
DOID_114	has_subclass	DOID_9299
DOID_114	has_subclass	DOID_988
DOID_114	has_subclass	DOID_9997
DOID_11400	has_subclass	DOID_11401
DOID_11465	has_subclass	DOID_14022
DOID_11465	has_subclass	DOID_1811
DOID_11465	has_subclass	DOID_3222
DOID_11472	has_subclass	DOID_7584
DOID_11472	has_subclass	DOID_7585
DOID_11506	has_subclass	DOID_14248
DOID_1168	has_subclass	DOID_0090105
DOID_1168	has_subclass	DOID_0111418
DOID_1168	has_subclass	DOID_0111419
DOID_1168	has_subclass	DOID_0111420
DOID_117	has_subclass	DOID_4699
DOID_117	has_subclass	DOID_5261
DOID_117	has_subclass	DOID_6033
DOID_117	has_subclass	DOID_6034
DOID_117	has_subclass	DOID_6201
DOID_11717	has_subclass	DOID_0061172
DOID_11717	has_subclass	DOID_0061173
DOID_11717	has_subclass	DOID_0061174
DOID_11724	has_subclass	DOID_0061130
DOID_11724	has_subclass	DOID_0061131
DOID_11724	has_subclass	DOID_0061132
DOID_11724	has_subclass	DOID_0061133
DOID_11724	has_subclass	DOID_0061134
DOID_11724	has_subclass	DOID_0080762
DOID_11724	has_subclass	DOID_0110275
DOID_11724	has_subclass	DOID_0110276
DOID_11724	has_subclass	DOID_0110277
DOID_11724	has_subclass	DOID_0110278
DOID_11724	has_subclass	DOID_0110279
DOID_11724	has_subclass	DOID_0110280
DOID_11724	has_subclass	DOID_0110281
DOID_11724	has_subclass	DOID_0110282
DOID_11724	has_subclass	DOID_0110283
DOID_11724	has_subclass	DOID_0110284
DOID_11724	has_subclass	DOID_0110285
DOID_11724	has_subclass	DOID_0110287
DOID_11724	has_subclass	DOID_0110288
DOID_11724	has_subclass	DOID_0110289
DOID_11724	has_subclass	DOID_0110290
DOID_11724	has_subclass	DOID_0110292
DOID_11724	has_subclass	DOID_0110293
DOID_11724	has_subclass	DOID_0110294
DOID_11724	has_subclass	DOID_0110295
DOID_11724	has_subclass	DOID_0110296
DOID_11724	has_subclass	DOID_0110297
DOID_11724	has_subclass	DOID_0110298
DOID_11724	has_subclass	DOID_0110299
DOID_11724	has_subclass	DOID_0110303
DOID_11724	has_subclass	DOID_0110304
DOID_11724	has_subclass	DOID_0110305
DOID_11724	has_subclass	DOID_0110306
DOID_11817	has_subclass	DOID_5957
DOID_11817	has_subclass	DOID_7244
DOID_11819	has_subclass	DOID_14491
DOID_11819	has_subclass	DOID_5539
DOID_11819	has_subclass	DOID_6845
DOID_11819	has_subclass	DOID_6888
DOID_1188	has_subclass	DOID_12168
DOID_1188	has_subclass	DOID_12170
DOID_1188	has_subclass	DOID_12526
DOID_1188	has_subclass	DOID_1835
DOID_1188	has_subclass	DOID_1844
DOID_1188	has_subclass	DOID_571
DOID_1188	has_subclass	DOID_572
DOID_11885	has_subclass	DOID_6935
DOID_119	has_subclass	DOID_136
DOID_119	has_subclass	DOID_4117
DOID_119	has_subclass	DOID_5170
DOID_119	has_subclass	DOID_5283
DOID_119	has_subclass	DOID_6787
DOID_119	has_subclass	DOID_6848
DOID_1192	has_subclass	DOID_0050935
DOID_1192	has_subclass	DOID_10812
DOID_1192	has_subclass	DOID_1201
DOID_1192	has_subclass	DOID_12984
DOID_1192	has_subclass	DOID_14125
DOID_1192	has_subclass	DOID_14534
DOID_1192	has_subclass	DOID_2814
DOID_1192	has_subclass	DOID_2816
DOID_1192	has_subclass	DOID_2817
DOID_1192	has_subclass	DOID_3198
DOID_1192	has_subclass	DOID_3201
DOID_1192	has_subclass	DOID_3202
DOID_1192	has_subclass	DOID_337
DOID_1192	has_subclass	DOID_3419
DOID_1192	has_subclass	DOID_3421
DOID_1192	has_subclass	DOID_369
DOID_1192	has_subclass	DOID_370
DOID_1192	has_subclass	DOID_371
DOID_1192	has_subclass	DOID_4160
DOID_1192	has_subclass	DOID_4163
DOID_1192	has_subclass	DOID_4696
DOID_1192	has_subclass	DOID_4697
DOID_1192	has_subclass	DOID_4991
DOID_1192	has_subclass	DOID_4992
DOID_1192	has_subclass	DOID_5193
DOID_1192	has_subclass	DOID_5194
DOID_1192	has_subclass	DOID_5195
DOID_1192	has_subclass	DOID_5632
DOID_1192	has_subclass	DOID_5940
DOID_1192	has_subclass	DOID_6334
DOID_1192	has_subclass	DOID_6335
DOID_1192	has_subclass	DOID_6344
DOID_1192	has_subclass	DOID_6345
DOID_1192	has_subclass	DOID_6575
DOID_1192	has_subclass	DOID_6576
DOID_1192	has_subclass	DOID_6707
DOID_1192	has_subclass	DOID_769
DOID_1192	has_subclass	DOID_7732
DOID_1192	has_subclass	DOID_7949
DOID_1192	has_subclass	DOID_7951
DOID_1192	has_subclass	DOID_8256
DOID_1192	has_subclass	DOID_8353
DOID_1192	has_subclass	DOID_8369
DOID_1192	has_subclass	DOID_8420
DOID_11920	has_subclass	DOID_12003
DOID_11920	has_subclass	DOID_4875
DOID_11934	has_subclass	DOID_0050865
DOID_11934	has_subclass	DOID_5520
DOID_11971	has_subclass	DOID_0060242
DOID_11971	has_subclass	DOID_0060703
DOID_11971	has_subclass	DOID_0061009
DOID_11971	has_subclass	DOID_0061010
DOID_11971	has_subclass	DOID_0111813
DOID_11971	has_subclass	DOID_0111816
DOID_11971	has_subclass	DOID_0111818
DOID_11971	has_subclass	DOID_0111819
DOID_11971	has_subclass	DOID_0111820
DOID_11971	has_subclass	DOID_2339
DOID_11984	has_subclass	DOID_0061102
DOID_11984	has_subclass	DOID_0110307
DOID_11984	has_subclass	DOID_0110308
DOID_11984	has_subclass	DOID_0110309
DOID_11984	has_subclass	DOID_0110310
DOID_11984	has_subclass	DOID_0110311
DOID_11984	has_subclass	DOID_0110312
DOID_11984	has_subclass	DOID_0110313
DOID_11984	has_subclass	DOID_0110314
DOID_11984	has_subclass	DOID_0110315
DOID_11984	has_subclass	DOID_0110316
DOID_11984	has_subclass	DOID_0110317
DOID_11984	has_subclass	DOID_0110318
DOID_11984	has_subclass	DOID_0110319
DOID_11984	has_subclass	DOID_0110320
DOID_11984	has_subclass	DOID_0110321
DOID_11984	has_subclass	DOID_0110322
DOID_11984	has_subclass	DOID_0110323
DOID_11984	has_subclass	DOID_0110324
DOID_11984	has_subclass	DOID_0110326
DOID_11984	has_subclass	DOID_0110327
DOID_11984	has_subclass	DOID_0110328
DOID_120	has_subclass	DOID_0050918
DOID_120	has_subclass	DOID_0050928
DOID_120	has_subclass	DOID_0050933
DOID_120	has_subclass	DOID_0050934
DOID_120	has_subclass	DOID_134
DOID_120	has_subclass	DOID_136
DOID_120	has_subclass	DOID_138
DOID_120	has_subclass	DOID_1901
DOID_120	has_subclass	DOID_1910
DOID_120	has_subclass	DOID_2143
DOID_120	has_subclass	DOID_2145
DOID_120	has_subclass	DOID_2146
DOID_120	has_subclass	DOID_2150
DOID_120	has_subclass	DOID_2151
DOID_120	has_subclass	DOID_2152
DOID_120	has_subclass	DOID_2153
DOID_120	has_subclass	DOID_2155
DOID_120	has_subclass	DOID_2156
DOID_120	has_subclass	DOID_2641
DOID_120	has_subclass	DOID_3604
DOID_120	has_subclass	DOID_3605
DOID_120	has_subclass	DOID_3713
DOID_120	has_subclass	DOID_4001
DOID_120	has_subclass	DOID_4115
DOID_120	has_subclass	DOID_4117
DOID_120	has_subclass	DOID_4217
DOID_120	has_subclass	DOID_4441
DOID_120	has_subclass	DOID_4527
DOID_120	has_subclass	DOID_4555
DOID_120	has_subclass	DOID_4894
DOID_120	has_subclass	DOID_5169
DOID_120	has_subclass	DOID_5170
DOID_120	has_subclass	DOID_5171
DOID_120	has_subclass	DOID_5207
DOID_120	has_subclass	DOID_5208
DOID_120	has_subclass	DOID_5283
DOID_120	has_subclass	DOID_5304
DOID_120	has_subclass	DOID_5350
DOID_120	has_subclass	DOID_5351
DOID_120	has_subclass	DOID_5511
DOID_120	has_subclass	DOID_5550
DOID_120	has_subclass	DOID_5567
DOID_120	has_subclass	DOID_5681
DOID_120	has_subclass	DOID_5744
DOID_120	has_subclass	DOID_5746
DOID_120	has_subclass	DOID_5828
DOID_120	has_subclass	DOID_5936
DOID_120	has_subclass	DOID_6083
DOID_120	has_subclass	DOID_6170
DOID_120	has_subclass	DOID_6179
DOID_120	has_subclass	DOID_6212
DOID_120	has_subclass	DOID_6230
DOID_120	has_subclass	DOID_6331
DOID_120	has_subclass	DOID_6408
DOID_120	has_subclass	DOID_6445
DOID_120	has_subclass	DOID_6511
DOID_120	has_subclass	DOID_6512
DOID_120	has_subclass	DOID_6514
DOID_120	has_subclass	DOID_6554
DOID_120	has_subclass	DOID_6774
DOID_120	has_subclass	DOID_6787
DOID_120	has_subclass	DOID_6788
DOID_120	has_subclass	DOID_6848
DOID_120	has_subclass	DOID_6898
DOID_120	has_subclass	DOID_6901
DOID_120	has_subclass	DOID_7037
DOID_120	has_subclass	DOID_7438
DOID_120	has_subclass	DOID_7591
DOID_120	has_subclass	DOID_7650
DOID_120	has_subclass	DOID_7651
DOID_120	has_subclass	DOID_7665
DOID_120	has_subclass	DOID_8036
DOID_120	has_subclass	DOID_8336
DOID_120	has_subclass	DOID_9597
DOID_1205	has_subclass	DOID_0040002
DOID_1205	has_subclass	DOID_0040003
DOID_1205	has_subclass	DOID_0040004
DOID_1205	has_subclass	DOID_0040005
DOID_1205	has_subclass	DOID_0040006
DOID_1205	has_subclass	DOID_0040007
DOID_1205	has_subclass	DOID_0040008
DOID_1205	has_subclass	DOID_0040009
DOID_1205	has_subclass	DOID_0040010
DOID_1205	has_subclass	DOID_0040011
DOID_1205	has_subclass	DOID_0040012
DOID_1205	has_subclass	DOID_0040013
DOID_1205	has_subclass	DOID_0040014
DOID_1205	has_subclass	DOID_0040015
DOID_1205	has_subclass	DOID_0040016
DOID_1205	has_subclass	DOID_0040017
DOID_1205	has_subclass	DOID_0040018
DOID_1205	has_subclass	DOID_0040019
DOID_1205	has_subclass	DOID_0040020
DOID_1205	has_subclass	DOID_0040021
DOID_1205	has_subclass	DOID_0040022
DOID_1205	has_subclass	DOID_0040023
DOID_1205	has_subclass	DOID_0040024
DOID_1205	has_subclass	DOID_0040025
DOID_1205	has_subclass	DOID_0040026
DOID_1205	has_subclass	DOID_0040027
DOID_1205	has_subclass	DOID_0040028
DOID_1205	has_subclass	DOID_0040029
DOID_1205	has_subclass	DOID_0040030
DOID_1205	has_subclass	DOID_0040031
DOID_1205	has_subclass	DOID_0040032
DOID_1205	has_subclass	DOID_0040033
DOID_1205	has_subclass	DOID_0040034
DOID_1205	has_subclass	DOID_0040035
DOID_1205	has_subclass	DOID_0040036
DOID_1205	has_subclass	DOID_0040037
DOID_1205	has_subclass	DOID_0040038
DOID_1205	has_subclass	DOID_0040045
DOID_1205	has_subclass	DOID_0040046
DOID_1205	has_subclass	DOID_0040047
DOID_1205	has_subclass	DOID_0040048
DOID_1205	has_subclass	DOID_0040049
DOID_1205	has_subclass	DOID_0040050
DOID_1205	has_subclass	DOID_0040051
DOID_1205	has_subclass	DOID_0040052
DOID_1205	has_subclass	DOID_0040053
DOID_1205	has_subclass	DOID_0040054
DOID_1205	has_subclass	DOID_0040055
DOID_1205	has_subclass	DOID_0040056
DOID_1205	has_subclass	DOID_0040057
DOID_1205	has_subclass	DOID_0040058
DOID_1205	has_subclass	DOID_0040059
DOID_1205	has_subclass	DOID_0040064
DOID_1205	has_subclass	DOID_0040065
DOID_1205	has_subclass	DOID_0040066
DOID_1205	has_subclass	DOID_0040067
DOID_1205	has_subclass	DOID_0040068
DOID_1205	has_subclass	DOID_0040069
DOID_1205	has_subclass	DOID_0040070
DOID_1205	has_subclass	DOID_0040071
DOID_1205	has_subclass	DOID_0040072
DOID_1205	has_subclass	DOID_0040073
DOID_1205	has_subclass	DOID_0040074
DOID_1205	has_subclass	DOID_0040075
DOID_1205	has_subclass	DOID_0040076
DOID_1205	has_subclass	DOID_0040077
DOID_1205	has_subclass	DOID_0040078
DOID_1205	has_subclass	DOID_0040079
DOID_1205	has_subclass	DOID_0040080
DOID_1205	has_subclass	DOID_0040082
DOID_1205	has_subclass	DOID_0040101
DOID_1205	has_subclass	DOID_0040102
DOID_1205	has_subclass	DOID_0040103
DOID_1205	has_subclass	DOID_0060519
DOID_1205	has_subclass	DOID_0060520
DOID_1205	has_subclass	DOID_0080825
DOID_1205	has_subclass	DOID_11289
DOID_1205	has_subclass	DOID_12522
DOID_1205	has_subclass	DOID_13891
DOID_1205	has_subclass	DOID_14453
DOID_1205	has_subclass	DOID_2314
DOID_1205	has_subclass	DOID_2708
DOID_1205	has_subclass	DOID_2710
DOID_1205	has_subclass	DOID_3819
DOID_1205	has_subclass	DOID_840
DOID_1205	has_subclass	DOID_9415
DOID_121	has_subclass	DOID_11968
DOID_121	has_subclass	DOID_125
DOID_121	has_subclass	DOID_133
DOID_121	has_subclass	DOID_135
DOID_121	has_subclass	DOID_137
DOID_121	has_subclass	DOID_3766
DOID_121	has_subclass	DOID_6505
DOID_12192	has_subclass	DOID_2781
DOID_1222	has_subclass	DOID_0050463
DOID_1222	has_subclass	DOID_0050603
DOID_1222	has_subclass	DOID_0050604
DOID_1222	has_subclass	DOID_0050648
DOID_1222	has_subclass	DOID_0050680
DOID_1222	has_subclass	DOID_0050690
DOID_1222	has_subclass	DOID_0050767
DOID_1222	has_subclass	DOID_0050775
DOID_1222	has_subclass	DOID_0050812
DOID_1222	has_subclass	DOID_0051046
DOID_1222	has_subclass	DOID_0060247
DOID_1222	has_subclass	DOID_0060288
DOID_1222	has_subclass	DOID_0060387
DOID_1222	has_subclass	DOID_0060462
DOID_1222	has_subclass	DOID_0060490
DOID_1222	has_subclass	DOID_0060569
DOID_1222	has_subclass	DOID_0060608
DOID_1222	has_subclass	DOID_0060609
DOID_1222	has_subclass	DOID_0060847
DOID_1222	has_subclass	DOID_0070299
DOID_1222	has_subclass	DOID_0070300
DOID_1222	has_subclass	DOID_0070302
DOID_1222	has_subclass	DOID_0080019
DOID_1222	has_subclass	DOID_0080020
DOID_1222	has_subclass	DOID_0080021
DOID_1222	has_subclass	DOID_0080026
DOID_1222	has_subclass	DOID_0080027
DOID_1222	has_subclass	DOID_0080038
DOID_1222	has_subclass	DOID_0080047
DOID_1222	has_subclass	DOID_0080721
DOID_1222	has_subclass	DOID_0080722
DOID_1222	has_subclass	DOID_0080723
DOID_1222	has_subclass	DOID_0080724
DOID_1222	has_subclass	DOID_0080844
DOID_1222	has_subclass	DOID_0080845
DOID_1222	has_subclass	DOID_0081270
DOID_1222	has_subclass	DOID_0081271
DOID_1222	has_subclass	DOID_0111167
DOID_1222	has_subclass	DOID_0111243
DOID_1222	has_subclass	DOID_0111367
DOID_1222	has_subclass	DOID_0111508
DOID_1222	has_subclass	DOID_0111512
DOID_1222	has_subclass	DOID_0111513
DOID_1222	has_subclass	DOID_0111533
DOID_1222	has_subclass	DOID_0112150
DOID_1222	has_subclass	DOID_0112195
DOID_1222	has_subclass	DOID_0112196
DOID_1222	has_subclass	DOID_12721
DOID_1222	has_subclass	DOID_13357
DOID_1222	has_subclass	DOID_13481
DOID_1222	has_subclass	DOID_14687
DOID_1222	has_subclass	DOID_14798
DOID_1222	has_subclass	DOID_2556
DOID_1222	has_subclass	DOID_2557
DOID_1222	has_subclass	DOID_4258
DOID_1222	has_subclass	DOID_4480
DOID_1222	has_subclass	DOID_5684
DOID_1227	has_subclass	DOID_0080625
DOID_1227	has_subclass	DOID_0112128
DOID_1227	has_subclass	DOID_0112129
DOID_1227	has_subclass	DOID_0112130
DOID_1227	has_subclass	DOID_0112131
DOID_1227	has_subclass	DOID_0112132
DOID_1227	has_subclass	DOID_0112133
DOID_1227	has_subclass	DOID_0112134
DOID_1227	has_subclass	DOID_0112135
DOID_1227	has_subclass	DOID_0112136
DOID_1227	has_subclass	DOID_9771
DOID_12336	has_subclass	DOID_0061177
DOID_12336	has_subclass	DOID_0070163
DOID_12336	has_subclass	DOID_0070164
DOID_12336	has_subclass	DOID_0070165
DOID_12336	has_subclass	DOID_0070171
DOID_12336	has_subclass	DOID_0070172
DOID_12336	has_subclass	DOID_0070174
DOID_12336	has_subclass	DOID_0070179
DOID_12336	has_subclass	DOID_0070180
DOID_12336	has_subclass	DOID_0070182
DOID_12336	has_subclass	DOID_0070183
DOID_12336	has_subclass	DOID_0070184
DOID_12336	has_subclass	DOID_0070185
DOID_12336	has_subclass	DOID_0070186
DOID_12336	has_subclass	DOID_0070188
DOID_12336	has_subclass	DOID_0070189
DOID_12336	has_subclass	DOID_0070571
DOID_12336	has_subclass	DOID_0070572
DOID_12336	has_subclass	DOID_0070573
DOID_12336	has_subclass	DOID_0070574
DOID_12336	has_subclass	DOID_0070577
DOID_12336	has_subclass	DOID_0070578
DOID_12336	has_subclass	DOID_0070580
DOID_12336	has_subclass	DOID_0070581
DOID_12336	has_subclass	DOID_0070585
DOID_12336	has_subclass	DOID_0070586
DOID_12336	has_subclass	DOID_0070587
DOID_12336	has_subclass	DOID_0070588
DOID_12336	has_subclass	DOID_0070589
DOID_12336	has_subclass	DOID_0070592
DOID_12336	has_subclass	DOID_0070593
DOID_12336	has_subclass	DOID_0070597
DOID_12336	has_subclass	DOID_0070598
DOID_12336	has_subclass	DOID_0070599
DOID_12336	has_subclass	DOID_0070725
DOID_12336	has_subclass	DOID_0070727
DOID_12336	has_subclass	DOID_0070730
DOID_12336	has_subclass	DOID_0070731
DOID_12336	has_subclass	DOID_0111863
DOID_12336	has_subclass	DOID_0111911
DOID_12336	has_subclass	DOID_0111914
DOID_12336	has_subclass	DOID_0111918
DOID_12336	has_subclass	DOID_0111920
DOID_12336	has_subclass	DOID_0111921
DOID_12336	has_subclass	DOID_0111922
DOID_12336	has_subclass	DOID_0111924
DOID_12336	has_subclass	DOID_0111925
DOID_12336	has_subclass	DOID_0111928
DOID_12336	has_subclass	DOID_0111930
DOID_12336	has_subclass	DOID_0112163
DOID_12336	has_subclass	DOID_0112164
DOID_12336	has_subclass	DOID_0112176
DOID_12336	has_subclass	DOID_0112270
DOID_12336	has_subclass	DOID_0112311
DOID_12336	has_subclass	DOID_0112338
DOID_12336	has_subclass	DOID_0112352
DOID_12336	has_subclass	DOID_0112354
DOID_12377	has_subclass	DOID_0070349
DOID_12377	has_subclass	DOID_0070350
DOID_12377	has_subclass	DOID_0070351
DOID_12377	has_subclass	DOID_0081425
DOID_12377	has_subclass	DOID_0081426
DOID_12377	has_subclass	DOID_0081427
DOID_12377	has_subclass	DOID_0081428
DOID_12377	has_subclass	DOID_0081429
DOID_12377	has_subclass	DOID_0111064
DOID_12377	has_subclass	DOID_0111065
DOID_12377	has_subclass	DOID_0111211
DOID_12377	has_subclass	DOID_0111213
DOID_12377	has_subclass	DOID_0111214
DOID_1240	has_subclass	DOID_0060761
DOID_1240	has_subclass	DOID_0080149
DOID_1240	has_subclass	DOID_0081088
DOID_1240	has_subclass	DOID_6003
DOID_1240	has_subclass	DOID_6958
DOID_1240	has_subclass	DOID_8527
DOID_1240	has_subclass	DOID_8552
DOID_1240	has_subclass	DOID_8593
DOID_1240	has_subclass	DOID_8696
DOID_1240	has_subclass	DOID_8864
DOID_1242	has_subclass	DOID_9698
DOID_12449	has_subclass	DOID_0060978
DOID_12449	has_subclass	DOID_0111082
DOID_12449	has_subclass	DOID_0111083
DOID_12449	has_subclass	DOID_0111084
DOID_12449	has_subclass	DOID_0111087
DOID_12449	has_subclass	DOID_0111088
DOID_12449	has_subclass	DOID_0111089
DOID_12449	has_subclass	DOID_0111090
DOID_12449	has_subclass	DOID_0111093
DOID_12449	has_subclass	DOID_0111094
DOID_12449	has_subclass	DOID_0111095
DOID_12449	has_subclass	DOID_0111097
DOID_12449	has_subclass	DOID_0111098
DOID_12449	has_subclass	DOID_0111878
DOID_12449	has_subclass	DOID_0111880
DOID_12449	has_subclass	DOID_0111881
DOID_12449	has_subclass	DOID_0111882
DOID_12449	has_subclass	DOID_0111883
DOID_12449	has_subclass	DOID_0111884
DOID_12449	has_subclass	DOID_0111885
DOID_12449	has_subclass	DOID_0111888
DOID_12449	has_subclass	DOID_0111890
DOID_12449	has_subclass	DOID_0111892
DOID_12449	has_subclass	DOID_0111894
DOID_12449	has_subclass	DOID_1339
DOID_12449	has_subclass	DOID_1340
DOID_12449	has_subclass	DOID_13636
DOID_1245	has_subclass	DOID_1293
DOID_1245	has_subclass	DOID_13389
DOID_1245	has_subclass	DOID_2071
DOID_1245	has_subclass	DOID_2097
DOID_1245	has_subclass	DOID_2098
DOID_1245	has_subclass	DOID_2101
DOID_1245	has_subclass	DOID_3740
DOID_1245	has_subclass	DOID_4301
DOID_1245	has_subclass	DOID_5761
DOID_1245	has_subclass	DOID_6339
DOID_1245	has_subclass	DOID_6448
DOID_1245	has_subclass	DOID_6569
DOID_1245	has_subclass	DOID_7048
DOID_1245	has_subclass	DOID_7363
DOID_1245	has_subclass	DOID_7408
DOID_1245	has_subclass	DOID_7409
DOID_1245	has_subclass	DOID_7565
DOID_1245	has_subclass	DOID_7567
DOID_1247	has_subclass	DOID_0060354
DOID_1247	has_subclass	DOID_0060601
DOID_1247	has_subclass	DOID_0060651
DOID_1247	has_subclass	DOID_0060692
DOID_1247	has_subclass	DOID_0060995
DOID_1247	has_subclass	DOID_0111045
DOID_1247	has_subclass	DOID_0111046
DOID_1247	has_subclass	DOID_0111049
DOID_1247	has_subclass	DOID_0111050
DOID_1247	has_subclass	DOID_0111055
DOID_1247	has_subclass	DOID_0111056
DOID_1247	has_subclass	DOID_0111057
DOID_1247	has_subclass	DOID_0111059
DOID_1247	has_subclass	DOID_0111823
DOID_1247	has_subclass	DOID_11125
DOID_1247	has_subclass	DOID_11126
DOID_1247	has_subclass	DOID_12134
DOID_1247	has_subclass	DOID_12259
DOID_1247	has_subclass	DOID_1587
DOID_1247	has_subclass	DOID_1588
DOID_1247	has_subclass	DOID_2219
DOID_1247	has_subclass	DOID_2223
DOID_1247	has_subclass	DOID_2228
DOID_1247	has_subclass	DOID_2229
DOID_12577	has_subclass	DOID_13658
DOID_12603	has_subclass	DOID_0060592
DOID_12603	has_subclass	DOID_0080144
DOID_12603	has_subclass	DOID_0080145
DOID_12603	has_subclass	DOID_5604
DOID_12603	has_subclass	DOID_9954
DOID_12678	has_subclass	DOID_0060700
DOID_12678	has_subclass	DOID_0060701
DOID_12678	has_subclass	DOID_0060702
DOID_127	has_subclass	DOID_6608
DOID_12759	has_subclass	DOID_6041
DOID_12759	has_subclass	DOID_6525
DOID_12759	has_subclass	DOID_6996
DOID_12759	has_subclass	DOID_7041
DOID_1279	has_subclass	DOID_0081015
DOID_1279	has_subclass	DOID_0081017
DOID_1279	has_subclass	DOID_0081019
DOID_1279	has_subclass	DOID_11771
DOID_1279	has_subclass	DOID_13174
DOID_12798	has_subclass	DOID_0060222
DOID_12798	has_subclass	DOID_0111389
DOID_12798	has_subclass	DOID_0111390
DOID_1287	has_subclass	DOID_0050644
DOID_1287	has_subclass	DOID_0050792
DOID_1287	has_subclass	DOID_0050828
DOID_1287	has_subclass	DOID_0050830
DOID_1287	has_subclass	DOID_0060228
DOID_1287	has_subclass	DOID_0060688
DOID_1287	has_subclass	DOID_0060903
DOID_1287	has_subclass	DOID_0080895
DOID_1287	has_subclass	DOID_0080938
DOID_1287	has_subclass	DOID_0080964
DOID_1287	has_subclass	DOID_0080965
DOID_1287	has_subclass	DOID_0080966
DOID_1287	has_subclass	DOID_0080967
DOID_1287	has_subclass	DOID_0080968
DOID_1287	has_subclass	DOID_0080969
DOID_1287	has_subclass	DOID_0080970
DOID_1287	has_subclass	DOID_0080971
DOID_1287	has_subclass	DOID_0080972
DOID_1287	has_subclass	DOID_0080973
DOID_1287	has_subclass	DOID_0080974
DOID_1287	has_subclass	DOID_0080975
DOID_1287	has_subclass	DOID_0111151
DOID_1287	has_subclass	DOID_0111547
DOID_1287	has_subclass	DOID_0111563
DOID_1287	has_subclass	DOID_0111567
DOID_1287	has_subclass	DOID_10234
DOID_1287	has_subclass	DOID_10300
DOID_1287	has_subclass	DOID_10507
DOID_1287	has_subclass	DOID_10556
DOID_1287	has_subclass	DOID_10880
DOID_1287	has_subclass	DOID_10941
DOID_1287	has_subclass	DOID_112
DOID_1287	has_subclass	DOID_11294
DOID_1287	has_subclass	DOID_11299
DOID_1287	has_subclass	DOID_11481
DOID_1287	has_subclass	DOID_11482
DOID_1287	has_subclass	DOID_115
DOID_1287	has_subclass	DOID_116
DOID_1287	has_subclass	DOID_11695
DOID_1287	has_subclass	DOID_117
DOID_1287	has_subclass	DOID_11713
DOID_1287	has_subclass	DOID_118
DOID_1287	has_subclass	DOID_11840
DOID_1287	has_subclass	DOID_11847
DOID_1287	has_subclass	DOID_12282
DOID_1287	has_subclass	DOID_1272
DOID_1287	has_subclass	DOID_12918
DOID_1287	has_subclass	DOID_13081
DOID_1287	has_subclass	DOID_13095
DOID_1287	has_subclass	DOID_13096
DOID_1287	has_subclass	DOID_13098
DOID_1287	has_subclass	DOID_13099
DOID_1287	has_subclass	DOID_13252
DOID_1287	has_subclass	DOID_13446
DOID_1287	has_subclass	DOID_14006
DOID_1287	has_subclass	DOID_14308
DOID_1287	has_subclass	DOID_14392
DOID_1287	has_subclass	DOID_14535
DOID_1287	has_subclass	DOID_1787
DOID_1287	has_subclass	DOID_1869
DOID_1287	has_subclass	DOID_223
DOID_1287	has_subclass	DOID_2508
DOID_1287	has_subclass	DOID_254
DOID_1287	has_subclass	DOID_255
DOID_1287	has_subclass	DOID_271
DOID_1287	has_subclass	DOID_275
DOID_1287	has_subclass	DOID_3103
DOID_1287	has_subclass	DOID_3393
DOID_1287	has_subclass	DOID_341
DOID_1287	has_subclass	DOID_342
DOID_1287	has_subclass	DOID_3527
DOID_1287	has_subclass	DOID_3875
DOID_1287	has_subclass	DOID_4028
DOID_1287	has_subclass	DOID_4265
DOID_1287	has_subclass	DOID_4266
DOID_1287	has_subclass	DOID_4522
DOID_1287	has_subclass	DOID_467
DOID_1287	has_subclass	DOID_468
DOID_1287	has_subclass	DOID_469
DOID_1287	has_subclass	DOID_4699
DOID_1287	has_subclass	DOID_470
DOID_1287	has_subclass	DOID_471
DOID_1287	has_subclass	DOID_474
DOID_1287	has_subclass	DOID_486
DOID_1287	has_subclass	DOID_490
DOID_1287	has_subclass	DOID_492
DOID_1287	has_subclass	DOID_495
DOID_1287	has_subclass	DOID_496
DOID_1287	has_subclass	DOID_505
DOID_1287	has_subclass	DOID_5137
DOID_1287	has_subclass	DOID_5261
DOID_1287	has_subclass	DOID_5262
DOID_1287	has_subclass	DOID_5393
DOID_1287	has_subclass	DOID_5729
DOID_1287	has_subclass	DOID_5766
DOID_1287	has_subclass	DOID_5843
DOID_1287	has_subclass	DOID_5844
DOID_1287	has_subclass	DOID_5845
DOID_1287	has_subclass	DOID_5846
DOID_1287	has_subclass	DOID_5847
DOID_1287	has_subclass	DOID_5848
DOID_1287	has_subclass	DOID_5849
DOID_1287	has_subclass	DOID_5850
DOID_1287	has_subclass	DOID_5851
DOID_1287	has_subclass	DOID_5852
DOID_1287	has_subclass	DOID_5853
DOID_1287	has_subclass	DOID_5854
DOID_1287	has_subclass	DOID_5855
DOID_1287	has_subclass	DOID_5877
DOID_1287	has_subclass	DOID_6033
DOID_1287	has_subclass	DOID_6034
DOID_1287	has_subclass	DOID_6201
DOID_1287	has_subclass	DOID_6547
DOID_1287	has_subclass	DOID_6621
DOID_1287	has_subclass	DOID_663
DOID_1287	has_subclass	DOID_7389
DOID_1287	has_subclass	DOID_7390
DOID_1287	has_subclass	DOID_8012
DOID_1287	has_subclass	DOID_8331
DOID_1287	has_subclass	DOID_864
DOID_1287	has_subclass	DOID_866
DOID_1287	has_subclass	DOID_8805
DOID_1287	has_subclass	DOID_9286
DOID_1287	has_subclass	DOID_9299
DOID_1287	has_subclass	DOID_9767
DOID_1289	has_subclass	DOID_0050766
DOID_1289	has_subclass	DOID_0051082
DOID_1289	has_subclass	DOID_0060265
DOID_1289	has_subclass	DOID_0060266
DOID_1289	has_subclass	DOID_0060267
DOID_1289	has_subclass	DOID_0060272
DOID_1289	has_subclass	DOID_0060273
DOID_1289	has_subclass	DOID_0060274
DOID_1289	has_subclass	DOID_0060275
DOID_1289	has_subclass	DOID_0060276
DOID_1289	has_subclass	DOID_0060277
DOID_1289	has_subclass	DOID_0060278
DOID_1289	has_subclass	DOID_0060279
DOID_1289	has_subclass	DOID_0060368
DOID_1289	has_subclass	DOID_0060369
DOID_1289	has_subclass	DOID_0060370
DOID_1289	has_subclass	DOID_0060893
DOID_1289	has_subclass	DOID_0060894
DOID_1289	has_subclass	DOID_0070486
DOID_1289	has_subclass	DOID_0081291
DOID_1289	has_subclass	DOID_0110735
DOID_1289	has_subclass	DOID_0110739
DOID_1289	has_subclass	DOID_0112107
DOID_1289	has_subclass	DOID_0112322
DOID_1289	has_subclass	DOID_0112323
DOID_1289	has_subclass	DOID_0112325
DOID_1289	has_subclass	DOID_0112326
DOID_1289	has_subclass	DOID_0112327
DOID_1289	has_subclass	DOID_0112328
DOID_1289	has_subclass	DOID_0112329
DOID_1289	has_subclass	DOID_0112333
DOID_1289	has_subclass	DOID_14330
DOID_1289	has_subclass	DOID_14332
DOID_1294	has_subclass	DOID_2097
DOID_1294	has_subclass	DOID_3740
DOID_1294	has_subclass	DOID_6339
DOID_1294	has_subclass	DOID_6448
DOID_1294	has_subclass	DOID_7048
DOID_1294	has_subclass	DOID_7363
DOID_1294	has_subclass	DOID_7408
DOID_1294	has_subclass	DOID_7409
DOID_12960	has_subclass	DOID_0061098
DOID_12960	has_subclass	DOID_0061099
DOID_12987	has_subclass	DOID_0050590
DOID_12987	has_subclass	DOID_0080625
DOID_12987	has_subclass	DOID_0112128
DOID_12987	has_subclass	DOID_0112129
DOID_12987	has_subclass	DOID_0112130
DOID_12987	has_subclass	DOID_0112131
DOID_12987	has_subclass	DOID_0112132
DOID_12987	has_subclass	DOID_0112133
DOID_12987	has_subclass	DOID_0112134
DOID_12987	has_subclass	DOID_0112135
DOID_12987	has_subclass	DOID_0112136
DOID_12987	has_subclass	DOID_11245
DOID_12987	has_subclass	DOID_5339
DOID_12987	has_subclass	DOID_9771
DOID_1307	has_subclass	DOID_0051060
DOID_1307	has_subclass	DOID_0060672
DOID_1307	has_subclass	DOID_0081388
DOID_1307	has_subclass	DOID_0081389
DOID_1307	has_subclass	DOID_0081390
DOID_1307	has_subclass	DOID_0081391
DOID_1307	has_subclass	DOID_0081392
DOID_1307	has_subclass	DOID_0111227
DOID_1307	has_subclass	DOID_11870
DOID_13089	has_subclass	DOID_0060228
DOID_13089	has_subclass	DOID_0080964
DOID_13089	has_subclass	DOID_0080965
DOID_13089	has_subclass	DOID_0080966
DOID_13089	has_subclass	DOID_0080967
DOID_13089	has_subclass	DOID_0080968
DOID_13089	has_subclass	DOID_0080969
DOID_13089	has_subclass	DOID_0080970
DOID_13089	has_subclass	DOID_0080971
DOID_13089	has_subclass	DOID_0080972
DOID_13089	has_subclass	DOID_0080973
DOID_13089	has_subclass	DOID_0080974
DOID_13089	has_subclass	DOID_0080975
DOID_13089	has_subclass	DOID_10941
DOID_13089	has_subclass	DOID_13099
DOID_13141	has_subclass	DOID_12029
DOID_1319	has_subclass	DOID_0050903
DOID_1319	has_subclass	DOID_0060103
DOID_1319	has_subclass	DOID_0080903
DOID_1319	has_subclass	DOID_0081286
DOID_1319	has_subclass	DOID_0081315
DOID_1319	has_subclass	DOID_0081316
DOID_1319	has_subclass	DOID_12016
DOID_1319	has_subclass	DOID_14384
DOID_1319	has_subclass	DOID_2135
DOID_1319	has_subclass	DOID_3644
DOID_1319	has_subclass	DOID_368
DOID_1319	has_subclass	DOID_3865
DOID_1319	has_subclass	DOID_3870
DOID_1319	has_subclass	DOID_4164
DOID_1319	has_subclass	DOID_4584
DOID_1319	has_subclass	DOID_4788
DOID_1319	has_subclass	DOID_4790
DOID_1319	has_subclass	DOID_4791
DOID_1319	has_subclass	DOID_5057
DOID_1319	has_subclass	DOID_5815
DOID_1319	has_subclass	DOID_6112
DOID_1319	has_subclass	DOID_6113
DOID_1319	has_subclass	DOID_6115
DOID_1319	has_subclass	DOID_6337
DOID_1319	has_subclass	DOID_6939
DOID_1319	has_subclass	DOID_7007
DOID_1319	has_subclass	DOID_7398
DOID_1319	has_subclass	DOID_7429
DOID_1319	has_subclass	DOID_7502
DOID_1319	has_subclass	DOID_7631
DOID_1319	has_subclass	DOID_910
DOID_1324	has_subclass	DOID_0050932
DOID_1324	has_subclass	DOID_0080777
DOID_1324	has_subclass	DOID_4872
DOID_1324	has_subclass	DOID_5409
DOID_1324	has_subclass	DOID_5411
DOID_1324	has_subclass	DOID_5414
DOID_1324	has_subclass	DOID_7081
DOID_1324	has_subclass	DOID_7267
DOID_1324	has_subclass	DOID_7596
DOID_1324	has_subclass	DOID_8207
DOID_13250	has_subclass	DOID_0060296
DOID_13250	has_subclass	DOID_0060777
DOID_13250	has_subclass	DOID_0060781
DOID_13268	has_subclass	DOID_13270
DOID_13268	has_subclass	DOID_3132
DOID_13268	has_subclass	DOID_3890
DOID_13268	has_subclass	DOID_4346
DOID_13268	has_subclass	DOID_5230
DOID_13399	has_subclass	DOID_0050679
DOID_13399	has_subclass	DOID_0110007
DOID_13399	has_subclass	DOID_0110009
DOID_13399	has_subclass	DOID_0110010
DOID_1340	has_subclass	DOID_0111878
DOID_1340	has_subclass	DOID_0111880
DOID_1340	has_subclass	DOID_0111881
DOID_1340	has_subclass	DOID_0111882
DOID_1340	has_subclass	DOID_0111883
DOID_1340	has_subclass	DOID_0111884
DOID_1340	has_subclass	DOID_0111885
DOID_1340	has_subclass	DOID_0111888
DOID_1340	has_subclass	DOID_0111890
DOID_1340	has_subclass	DOID_0111892
DOID_1340	has_subclass	DOID_0111894
DOID_1342	has_subclass	DOID_0060978
DOID_1342	has_subclass	DOID_0111082
DOID_1342	has_subclass	DOID_0111083
DOID_1342	has_subclass	DOID_0111084
DOID_1342	has_subclass	DOID_0111087
DOID_1342	has_subclass	DOID_0111088
DOID_1342	has_subclass	DOID_0111089
DOID_1342	has_subclass	DOID_0111090
DOID_1342	has_subclass	DOID_0111093
DOID_1342	has_subclass	DOID_0111094
DOID_1342	has_subclass	DOID_0111095
DOID_1342	has_subclass	DOID_0111097
DOID_1342	has_subclass	DOID_0111098
DOID_1342	has_subclass	DOID_0111878
DOID_1342	has_subclass	DOID_0111880
DOID_1342	has_subclass	DOID_0111881
DOID_1342	has_subclass	DOID_0111882
DOID_1342	has_subclass	DOID_0111883
DOID_1342	has_subclass	DOID_0111884
DOID_1342	has_subclass	DOID_0111885
DOID_1342	has_subclass	DOID_0111888
DOID_1342	has_subclass	DOID_0111890
DOID_1342	has_subclass	DOID_0111892
DOID_1342	has_subclass	DOID_0111894
DOID_1342	has_subclass	DOID_1339
DOID_13452	has_subclass	DOID_14287
DOID_13476	has_subclass	DOID_7586
DOID_13476	has_subclass	DOID_7587
DOID_1350	has_subclass	DOID_7678
DOID_1350	has_subclass	DOID_7679
DOID_1350	has_subclass	DOID_7868
DOID_1350	has_subclass	DOID_8093
DOID_1352	has_subclass	DOID_0080799
DOID_1352	has_subclass	DOID_10790
DOID_1352	has_subclass	DOID_10791
DOID_1352	has_subclass	DOID_1355
DOID_1352	has_subclass	DOID_1357
DOID_1352	has_subclass	DOID_1360
DOID_1352	has_subclass	DOID_1362
DOID_1352	has_subclass	DOID_1363
DOID_1352	has_subclass	DOID_14225
DOID_1352	has_subclass	DOID_2441
DOID_1352	has_subclass	DOID_2442
DOID_1352	has_subclass	DOID_2763
DOID_1352	has_subclass	DOID_2764
DOID_1352	has_subclass	DOID_2766
DOID_1352	has_subclass	DOID_4003
DOID_1352	has_subclass	DOID_7198
DOID_1352	has_subclass	DOID_7684
DOID_1352	has_subclass	DOID_7910
DOID_1352	has_subclass	DOID_9312
DOID_1352	has_subclass	DOID_9506
DOID_1352	has_subclass	DOID_9507
DOID_13550	has_subclass	DOID_13549
DOID_13550	has_subclass	DOID_1404
DOID_13550	has_subclass	DOID_14445
DOID_13580	has_subclass	DOID_0070221
DOID_13580	has_subclass	DOID_0070222
DOID_13580	has_subclass	DOID_0070225
DOID_13580	has_subclass	DOID_0070226
DOID_13580	has_subclass	DOID_0070227
DOID_13580	has_subclass	DOID_0070228
DOID_13580	has_subclass	DOID_0070229
DOID_1380	has_subclass	DOID_2870
DOID_1380	has_subclass	DOID_3707
DOID_1380	has_subclass	DOID_4005
DOID_1380	has_subclass	DOID_5299
DOID_1380	has_subclass	DOID_6777
DOID_1380	has_subclass	DOID_6865
DOID_1380	has_subclass	DOID_7289
DOID_1380	has_subclass	DOID_7293
DOID_1380	has_subclass	DOID_7436
DOID_1380	has_subclass	DOID_7664
DOID_1383	has_subclass	DOID_0060603
DOID_1383	has_subclass	DOID_0070319
DOID_1383	has_subclass	DOID_0070320
DOID_1383	has_subclass	DOID_0070321
DOID_1383	has_subclass	DOID_11153
DOID_1383	has_subclass	DOID_11156
DOID_1383	has_subclass	DOID_2280
DOID_1387	has_subclass	DOID_0111061
DOID_1387	has_subclass	DOID_0111062
DOID_1389	has_subclass	DOID_7441
DOID_1389	has_subclass	DOID_7825
DOID_1398	has_subclass	DOID_0050266
DOID_1398	has_subclass	DOID_11079
DOID_1398	has_subclass	DOID_2409
DOID_1400	has_subclass	DOID_10138
DOID_1400	has_subclass	DOID_12756
DOID_1400	has_subclass	DOID_12809
DOID_1400	has_subclass	DOID_12895
DOID_1400	has_subclass	DOID_293
DOID_1400	has_subclass	DOID_294
DOID_1400	has_subclass	DOID_296
DOID_1400	has_subclass	DOID_298
DOID_1400	has_subclass	DOID_4685
DOID_1400	has_subclass	DOID_4870
DOID_1400	has_subclass	DOID_5529
DOID_1400	has_subclass	DOID_949
DOID_1400	has_subclass	DOID_952
DOID_1407	has_subclass	DOID_10442
DOID_1407	has_subclass	DOID_10443
DOID_1407	has_subclass	DOID_9378
DOID_1407	has_subclass	DOID_9384
DOID_1407	has_subclass	DOID_9388
DOID_1407	has_subclass	DOID_9389
DOID_1417	has_subclass	DOID_6041
DOID_1417	has_subclass	DOID_6438
DOID_1417	has_subclass	DOID_6525
DOID_1417	has_subclass	DOID_6996
DOID_1417	has_subclass	DOID_7041
DOID_1417	has_subclass	DOID_7807
DOID_1417	has_subclass	DOID_9776
DOID_1417	has_subclass	DOID_9794
DOID_1417	has_subclass	DOID_981
DOID_1417	has_subclass	DOID_9811
DOID_1417	has_subclass	DOID_9820
DOID_1417	has_subclass	DOID_9822
DOID_1417	has_subclass	DOID_9842
DOID_1426	has_subclass	DOID_14489
DOID_1426	has_subclass	DOID_14491
DOID_1426	has_subclass	DOID_4939
DOID_1426	has_subclass	DOID_5539
DOID_1426	has_subclass	DOID_6845
DOID_1426	has_subclass	DOID_6886
DOID_1426	has_subclass	DOID_6888
DOID_1432	has_subclass	DOID_0050679
DOID_1432	has_subclass	DOID_0110007
DOID_1432	has_subclass	DOID_0110009
DOID_1432	has_subclass	DOID_0110010
DOID_1432	has_subclass	DOID_11661
DOID_1432	has_subclass	DOID_13909
DOID_1432	has_subclass	DOID_13910
DOID_1432	has_subclass	DOID_13911
DOID_1432	has_subclass	DOID_13912
DOID_14330	has_subclass	DOID_0060368
DOID_14330	has_subclass	DOID_0060369
DOID_14330	has_subclass	DOID_0060370
DOID_14330	has_subclass	DOID_0060893
DOID_14330	has_subclass	DOID_0070486
DOID_1443	has_subclass	DOID_0051014
DOID_1443	has_subclass	DOID_0051015
DOID_1443	has_subclass	DOID_0070343
DOID_1443	has_subclass	DOID_0070396
DOID_1443	has_subclass	DOID_0070744
DOID_1443	has_subclass	DOID_0080315
DOID_1443	has_subclass	DOID_0080316
DOID_1443	has_subclass	DOID_0080317
DOID_1443	has_subclass	DOID_0080318
DOID_1443	has_subclass	DOID_0080523
DOID_1443	has_subclass	DOID_10588
DOID_14447	has_subclass	DOID_0061013
DOID_14447	has_subclass	DOID_0080493
DOID_14447	has_subclass	DOID_0080494
DOID_14447	has_subclass	DOID_0080496
DOID_14447	has_subclass	DOID_0080499
DOID_14447	has_subclass	DOID_0080500
DOID_1456	has_subclass	DOID_1455
DOID_14566	has_subclass	DOID_0050610
DOID_14566	has_subclass	DOID_0050611
DOID_14566	has_subclass	DOID_0050612
DOID_14566	has_subclass	DOID_0050615
DOID_14566	has_subclass	DOID_0050619
DOID_14566	has_subclass	DOID_0050621
DOID_14566	has_subclass	DOID_0050622
DOID_14566	has_subclass	DOID_0050623
DOID_14566	has_subclass	DOID_0050624
DOID_14566	has_subclass	DOID_0050625
DOID_14566	has_subclass	DOID_0050626
DOID_14566	has_subclass	DOID_0050686
DOID_14566	has_subclass	DOID_0050687
DOID_14566	has_subclass	DOID_0050744
DOID_14566	has_subclass	DOID_0050745
DOID_14566	has_subclass	DOID_0050746
DOID_14566	has_subclass	DOID_0050750
DOID_14566	has_subclass	DOID_0050849
DOID_14566	has_subclass	DOID_0050860
DOID_14566	has_subclass	DOID_0050865
DOID_14566	has_subclass	DOID_0050866
DOID_14566	has_subclass	DOID_0050868
DOID_14566	has_subclass	DOID_0050869
DOID_14566	has_subclass	DOID_0050870
DOID_14566	has_subclass	DOID_0050873
DOID_14566	has_subclass	DOID_0050893
DOID_14566	has_subclass	DOID_0050894
DOID_14566	has_subclass	DOID_0050898
DOID_14566	has_subclass	DOID_0050901
DOID_14566	has_subclass	DOID_0050903
DOID_14566	has_subclass	DOID_0050905
DOID_14566	has_subclass	DOID_0050906
DOID_14566	has_subclass	DOID_0050908
DOID_14566	has_subclass	DOID_0050910
DOID_14566	has_subclass	DOID_0050911
DOID_14566	has_subclass	DOID_0050912
DOID_14566	has_subclass	DOID_0050915
DOID_14566	has_subclass	DOID_0050918
DOID_14566	has_subclass	DOID_0050919
DOID_14566	has_subclass	DOID_0050925
DOID_14566	has_subclass	DOID_0050927
DOID_14566	has_subclass	DOID_0050928
DOID_14566	has_subclass	DOID_0050929
DOID_14566	has_subclass	DOID_0050933
DOID_14566	has_subclass	DOID_0050934
DOID_14566	has_subclass	DOID_0050937
DOID_14566	has_subclass	DOID_0060058
DOID_14566	has_subclass	DOID_0060060
DOID_14566	has_subclass	DOID_0060084
DOID_14566	has_subclass	DOID_0060085
DOID_14566	has_subclass	DOID_0060086
DOID_14566	has_subclass	DOID_0060088
DOID_14566	has_subclass	DOID_0060090
DOID_14566	has_subclass	DOID_0060091
DOID_14566	has_subclass	DOID_0060095
DOID_14566	has_subclass	DOID_0060096
DOID_14566	has_subclass	DOID_0060103
DOID_14566	has_subclass	DOID_0060106
DOID_14566	has_subclass	DOID_0060109
DOID_14566	has_subclass	DOID_0060110
DOID_14566	has_subclass	DOID_0060112
DOID_14566	has_subclass	DOID_0060115
DOID_14566	has_subclass	DOID_0060116
DOID_14566	has_subclass	DOID_0060121
DOID_14566	has_subclass	DOID_0060592
DOID_14566	has_subclass	DOID_0060688
DOID_14566	has_subclass	DOID_0060761
DOID_14566	has_subclass	DOID_0060888
DOID_14566	has_subclass	DOID_0060901
DOID_14566	has_subclass	DOID_0070003
DOID_14566	has_subclass	DOID_0070004
DOID_14566	has_subclass	DOID_0070324
DOID_14566	has_subclass	DOID_0070326
DOID_14566	has_subclass	DOID_0070327
DOID_14566	has_subclass	DOID_0070623
DOID_14566	has_subclass	DOID_0070624
DOID_14566	has_subclass	DOID_0070625
DOID_14566	has_subclass	DOID_0070626
DOID_14566	has_subclass	DOID_0070627
DOID_14566	has_subclass	DOID_0070628
DOID_14566	has_subclass	DOID_0080146
DOID_14566	has_subclass	DOID_0080149
DOID_14566	has_subclass	DOID_0080164
DOID_14566	has_subclass	DOID_0080165
DOID_14566	has_subclass	DOID_0080166
DOID_14566	has_subclass	DOID_0080167
DOID_14566	has_subclass	DOID_0080192
DOID_14566	has_subclass	DOID_0080210
DOID_14566	has_subclass	DOID_0080365
DOID_14566	has_subclass	DOID_0080372
DOID_14566	has_subclass	DOID_0080532
DOID_14566	has_subclass	DOID_0080601
DOID_14566	has_subclass	DOID_0080602
DOID_14566	has_subclass	DOID_0080615
DOID_14566	has_subclass	DOID_0080619
DOID_14566	has_subclass	DOID_0080630
DOID_14566	has_subclass	DOID_0080638
DOID_14566	has_subclass	DOID_0080640
DOID_14566	has_subclass	DOID_0080643
DOID_14566	has_subclass	DOID_0080644
DOID_14566	has_subclass	DOID_0080645
DOID_14566	has_subclass	DOID_0080646
DOID_14566	has_subclass	DOID_0080647
DOID_14566	has_subclass	DOID_0080648
DOID_14566	has_subclass	DOID_0080649
DOID_14566	has_subclass	DOID_0080650
DOID_14566	has_subclass	DOID_0080651
DOID_14566	has_subclass	DOID_0080684
DOID_14566	has_subclass	DOID_0080779
DOID_14566	has_subclass	DOID_0080799
DOID_14566	has_subclass	DOID_0080829
DOID_14566	has_subclass	DOID_0080830
DOID_14566	has_subclass	DOID_0080879
DOID_14566	has_subclass	DOID_0080880
DOID_14566	has_subclass	DOID_0080895
DOID_14566	has_subclass	DOID_0080900
DOID_14566	has_subclass	DOID_0080903
DOID_14566	has_subclass	DOID_0080905
DOID_14566	has_subclass	DOID_0080906
DOID_14566	has_subclass	DOID_0080909
DOID_14566	has_subclass	DOID_0080915
DOID_14566	has_subclass	DOID_0080996
DOID_14566	has_subclass	DOID_0080997
DOID_14566	has_subclass	DOID_0081004
DOID_14566	has_subclass	DOID_0081041
DOID_14566	has_subclass	DOID_0081042
DOID_14566	has_subclass	DOID_0081064
DOID_14566	has_subclass	DOID_0081065
DOID_14566	has_subclass	DOID_0081066
DOID_14566	has_subclass	DOID_0081067
DOID_14566	has_subclass	DOID_0081068
DOID_14566	has_subclass	DOID_0081069
DOID_14566	has_subclass	DOID_0081070
DOID_14566	has_subclass	DOID_0081071
DOID_14566	has_subclass	DOID_0081088
DOID_14566	has_subclass	DOID_0081244
DOID_14566	has_subclass	DOID_0081259
DOID_14566	has_subclass	DOID_0081260
DOID_14566	has_subclass	DOID_0081261
DOID_14566	has_subclass	DOID_0081277
DOID_14566	has_subclass	DOID_0081283
DOID_14566	has_subclass	DOID_0081284
DOID_14566	has_subclass	DOID_0081285
DOID_14566	has_subclass	DOID_0081286
DOID_14566	has_subclass	DOID_0081302
DOID_14566	has_subclass	DOID_0081303
DOID_14566	has_subclass	DOID_0081305
DOID_14566	has_subclass	DOID_0081311
DOID_14566	has_subclass	DOID_0081313
DOID_14566	has_subclass	DOID_0081315
DOID_14566	has_subclass	DOID_0081316
DOID_14566	has_subclass	DOID_0081411
DOID_14566	has_subclass	DOID_0081412
DOID_14566	has_subclass	DOID_0081452
DOID_14566	has_subclass	DOID_0081463
DOID_14566	has_subclass	DOID_0111344
DOID_14566	has_subclass	DOID_0111366
DOID_14566	has_subclass	DOID_10020
DOID_14566	has_subclass	DOID_10021
DOID_14566	has_subclass	DOID_10040
DOID_14566	has_subclass	DOID_10044
DOID_14566	has_subclass	DOID_10047
DOID_14566	has_subclass	DOID_10054
DOID_14566	has_subclass	DOID_10069
DOID_14566	has_subclass	DOID_10070
DOID_14566	has_subclass	DOID_10071
DOID_14566	has_subclass	DOID_10087
DOID_14566	has_subclass	DOID_10146
DOID_14566	has_subclass	DOID_10154
DOID_14566	has_subclass	DOID_10155
DOID_14566	has_subclass	DOID_10187
DOID_14566	has_subclass	DOID_10188
DOID_14566	has_subclass	DOID_10194
DOID_14566	has_subclass	DOID_10195
DOID_14566	has_subclass	DOID_10201
DOID_14566	has_subclass	DOID_10203
DOID_14566	has_subclass	DOID_10206
DOID_14566	has_subclass	DOID_10207
DOID_14566	has_subclass	DOID_10209
DOID_14566	has_subclass	DOID_10283
DOID_14566	has_subclass	DOID_10286
DOID_14566	has_subclass	DOID_10287
DOID_14566	has_subclass	DOID_10289
DOID_14566	has_subclass	DOID_10290
DOID_14566	has_subclass	DOID_1035
DOID_14566	has_subclass	DOID_10366
DOID_14566	has_subclass	DOID_10368
DOID_14566	has_subclass	DOID_1039
DOID_14566	has_subclass	DOID_1040
DOID_14566	has_subclass	DOID_10540
DOID_14566	has_subclass	DOID_10813
DOID_14566	has_subclass	DOID_10816
DOID_14566	has_subclass	DOID_1106
DOID_14566	has_subclass	DOID_11239
DOID_14566	has_subclass	DOID_11241
DOID_14566	has_subclass	DOID_11294
DOID_14566	has_subclass	DOID_116
DOID_14566	has_subclass	DOID_117
DOID_14566	has_subclass	DOID_11821
DOID_14566	has_subclass	DOID_11885
DOID_14566	has_subclass	DOID_11887
DOID_14566	has_subclass	DOID_11888
DOID_14566	has_subclass	DOID_119
DOID_14566	has_subclass	DOID_11920
DOID_14566	has_subclass	DOID_11934
DOID_14566	has_subclass	DOID_120
DOID_14566	has_subclass	DOID_12001
DOID_14566	has_subclass	DOID_12002
DOID_14566	has_subclass	DOID_12003
DOID_14566	has_subclass	DOID_12016
DOID_14566	has_subclass	DOID_12253
DOID_14566	has_subclass	DOID_12276
DOID_14566	has_subclass	DOID_12286
DOID_14566	has_subclass	DOID_12339
DOID_14566	has_subclass	DOID_12341
DOID_14566	has_subclass	DOID_1240
DOID_14566	has_subclass	DOID_127
DOID_14566	has_subclass	DOID_12965
DOID_14566	has_subclass	DOID_12969
DOID_14566	has_subclass	DOID_13005
DOID_14566	has_subclass	DOID_13081
DOID_14566	has_subclass	DOID_13109
DOID_14566	has_subclass	DOID_13110
DOID_14566	has_subclass	DOID_13160
DOID_14566	has_subclass	DOID_13169
DOID_14566	has_subclass	DOID_1319
DOID_14566	has_subclass	DOID_13222
DOID_14566	has_subclass	DOID_13223
DOID_14566	has_subclass	DOID_134
DOID_14566	has_subclass	DOID_1350
DOID_14566	has_subclass	DOID_1355
DOID_14566	has_subclass	DOID_13560
DOID_14566	has_subclass	DOID_1357
DOID_14566	has_subclass	DOID_1358
DOID_14566	has_subclass	DOID_136
DOID_14566	has_subclass	DOID_1360
DOID_14566	has_subclass	DOID_1362
DOID_14566	has_subclass	DOID_1363
DOID_14566	has_subclass	DOID_13691
DOID_14566	has_subclass	DOID_1371
DOID_14566	has_subclass	DOID_1373
DOID_14566	has_subclass	DOID_138
DOID_14566	has_subclass	DOID_139
DOID_14566	has_subclass	DOID_13951
DOID_14566	has_subclass	DOID_13953
DOID_14566	has_subclass	DOID_13955
DOID_14566	has_subclass	DOID_13956
DOID_14566	has_subclass	DOID_13957
DOID_14566	has_subclass	DOID_13958
DOID_14566	has_subclass	DOID_13996
DOID_14566	has_subclass	DOID_14150
DOID_14566	has_subclass	DOID_14151
DOID_14566	has_subclass	DOID_14308
DOID_14566	has_subclass	DOID_14384
DOID_14566	has_subclass	DOID_14489
DOID_14566	has_subclass	DOID_14535
DOID_14566	has_subclass	DOID_14545
DOID_14566	has_subclass	DOID_1475
DOID_14566	has_subclass	DOID_1522
DOID_14566	has_subclass	DOID_1523
DOID_14566	has_subclass	DOID_1542
DOID_14566	has_subclass	DOID_1626
DOID_14566	has_subclass	DOID_1627
DOID_14566	has_subclass	DOID_1659
DOID_14566	has_subclass	DOID_1703
DOID_14566	has_subclass	DOID_171
DOID_14566	has_subclass	DOID_172
DOID_14566	has_subclass	DOID_1738
DOID_14566	has_subclass	DOID_1752
DOID_14566	has_subclass	DOID_1788
DOID_14566	has_subclass	DOID_1790
DOID_14566	has_subclass	DOID_1792
DOID_14566	has_subclass	DOID_1901
DOID_14566	has_subclass	DOID_1909
DOID_14566	has_subclass	DOID_1910
DOID_14566	has_subclass	DOID_193
DOID_14566	has_subclass	DOID_1992
DOID_14566	has_subclass	DOID_2060
DOID_14566	has_subclass	DOID_2064
DOID_14566	has_subclass	DOID_2066
DOID_14566	has_subclass	DOID_2068
DOID_14566	has_subclass	DOID_2075
DOID_14566	has_subclass	DOID_2080
DOID_14566	has_subclass	DOID_2127
DOID_14566	has_subclass	DOID_2129
DOID_14566	has_subclass	DOID_2132
DOID_14566	has_subclass	DOID_2133
DOID_14566	has_subclass	DOID_2135
DOID_14566	has_subclass	DOID_2139
DOID_14566	has_subclass	DOID_2142
DOID_14566	has_subclass	DOID_2143
DOID_14566	has_subclass	DOID_2145
DOID_14566	has_subclass	DOID_2146
DOID_14566	has_subclass	DOID_2150
DOID_14566	has_subclass	DOID_2151
DOID_14566	has_subclass	DOID_2152
DOID_14566	has_subclass	DOID_2153
DOID_14566	has_subclass	DOID_2155
DOID_14566	has_subclass	DOID_2156
DOID_14566	has_subclass	DOID_2173
DOID_14566	has_subclass	DOID_2174
DOID_14566	has_subclass	DOID_2224
DOID_14566	has_subclass	DOID_2226
DOID_14566	has_subclass	DOID_2286
DOID_14566	has_subclass	DOID_2394
DOID_14566	has_subclass	DOID_2410
DOID_14566	has_subclass	DOID_2411
DOID_14566	has_subclass	DOID_2425
DOID_14566	has_subclass	DOID_2426
DOID_14566	has_subclass	DOID_2433
DOID_14566	has_subclass	DOID_2435
DOID_14566	has_subclass	DOID_2436
DOID_14566	has_subclass	DOID_2438
DOID_14566	has_subclass	DOID_2441
DOID_14566	has_subclass	DOID_2442
DOID_14566	has_subclass	DOID_248
DOID_14566	has_subclass	DOID_2495
DOID_14566	has_subclass	DOID_2526
DOID_14566	has_subclass	DOID_2531
DOID_14566	has_subclass	DOID_254
DOID_14566	has_subclass	DOID_255
DOID_14566	has_subclass	DOID_2597
DOID_14566	has_subclass	DOID_2598
DOID_14566	has_subclass	DOID_2601
DOID_14566	has_subclass	DOID_2602
DOID_14566	has_subclass	DOID_2614
DOID_14566	has_subclass	DOID_2615
DOID_14566	has_subclass	DOID_2616
DOID_14566	has_subclass	DOID_2626
DOID_14566	has_subclass	DOID_2634
DOID_14566	has_subclass	DOID_2636
DOID_14566	has_subclass	DOID_2640
DOID_14566	has_subclass	DOID_2641
DOID_14566	has_subclass	DOID_2648
DOID_14566	has_subclass	DOID_2649
DOID_14566	has_subclass	DOID_2658
DOID_14566	has_subclass	DOID_2660
DOID_14566	has_subclass	DOID_2670
DOID_14566	has_subclass	DOID_2673
DOID_14566	has_subclass	DOID_2679
DOID_14566	has_subclass	DOID_2682
DOID_14566	has_subclass	DOID_2685
DOID_14566	has_subclass	DOID_2691
DOID_14566	has_subclass	DOID_2697
DOID_14566	has_subclass	DOID_2698
DOID_14566	has_subclass	DOID_271
DOID_14566	has_subclass	DOID_275
DOID_14566	has_subclass	DOID_2763
DOID_14566	has_subclass	DOID_2764
DOID_14566	has_subclass	DOID_2766
DOID_14566	has_subclass	DOID_277
DOID_14566	has_subclass	DOID_285
DOID_14566	has_subclass	DOID_2883
DOID_14566	has_subclass	DOID_2891
DOID_14566	has_subclass	DOID_295
DOID_14566	has_subclass	DOID_2992
DOID_14566	has_subclass	DOID_2998
DOID_14566	has_subclass	DOID_3024
DOID_14566	has_subclass	DOID_3070
DOID_14566	has_subclass	DOID_3081
DOID_14566	has_subclass	DOID_3093
DOID_14566	has_subclass	DOID_3116
DOID_14566	has_subclass	DOID_3117
DOID_14566	has_subclass	DOID_3119
DOID_14566	has_subclass	DOID_3120
DOID_14566	has_subclass	DOID_3162
DOID_14566	has_subclass	DOID_3165
DOID_14566	has_subclass	DOID_3172
DOID_14566	has_subclass	DOID_3177
DOID_14566	has_subclass	DOID_3178
DOID_14566	has_subclass	DOID_3179
DOID_14566	has_subclass	DOID_3181
DOID_14566	has_subclass	DOID_3183
DOID_14566	has_subclass	DOID_3184
DOID_14566	has_subclass	DOID_3186
DOID_14566	has_subclass	DOID_3234
DOID_14566	has_subclass	DOID_3251
DOID_14566	has_subclass	DOID_3252
DOID_14566	has_subclass	DOID_3264
DOID_14566	has_subclass	DOID_3267
DOID_14566	has_subclass	DOID_3269
DOID_14566	has_subclass	DOID_3275
DOID_14566	has_subclass	DOID_3277
DOID_14566	has_subclass	DOID_3278
DOID_14566	has_subclass	DOID_3279
DOID_14566	has_subclass	DOID_3280
DOID_14566	has_subclass	DOID_3281
DOID_14566	has_subclass	DOID_3283
DOID_14566	has_subclass	DOID_3314
DOID_14566	has_subclass	DOID_3317
DOID_14566	has_subclass	DOID_3318
DOID_14566	has_subclass	DOID_3350
DOID_14566	has_subclass	DOID_3501
DOID_14566	has_subclass	DOID_3502
DOID_14566	has_subclass	DOID_3504
DOID_14566	has_subclass	DOID_3544
DOID_14566	has_subclass	DOID_355
DOID_14566	has_subclass	DOID_3559
DOID_14566	has_subclass	DOID_3578
DOID_14566	has_subclass	DOID_3604
DOID_14566	has_subclass	DOID_3605
DOID_14566	has_subclass	DOID_3617
DOID_14566	has_subclass	DOID_3620
DOID_14566	has_subclass	DOID_3640
DOID_14566	has_subclass	DOID_3644
DOID_14566	has_subclass	DOID_3664
DOID_14566	has_subclass	DOID_3666
DOID_14566	has_subclass	DOID_368
DOID_14566	has_subclass	DOID_3683
DOID_14566	has_subclass	DOID_3693
DOID_14566	has_subclass	DOID_3703
DOID_14566	has_subclass	DOID_3713
DOID_14566	has_subclass	DOID_3774
DOID_14566	has_subclass	DOID_3813
DOID_14566	has_subclass	DOID_3856
DOID_14566	has_subclass	DOID_3865
DOID_14566	has_subclass	DOID_3870
DOID_14566	has_subclass	DOID_3892
DOID_14566	has_subclass	DOID_3917
DOID_14566	has_subclass	DOID_3918
DOID_14566	has_subclass	DOID_4001
DOID_14566	has_subclass	DOID_4003
DOID_14566	has_subclass	DOID_4011
DOID_14566	has_subclass	DOID_4028
DOID_14566	has_subclass	DOID_4048
DOID_14566	has_subclass	DOID_4054
DOID_14566	has_subclass	DOID_4055
DOID_14566	has_subclass	DOID_4084
DOID_14566	has_subclass	DOID_4087
DOID_14566	has_subclass	DOID_4115
DOID_14566	has_subclass	DOID_4117
DOID_14566	has_subclass	DOID_4147
DOID_14566	has_subclass	DOID_4148
DOID_14566	has_subclass	DOID_4164
DOID_14566	has_subclass	DOID_4202
DOID_14566	has_subclass	DOID_4217
DOID_14566	has_subclass	DOID_4359
DOID_14566	has_subclass	DOID_4360
DOID_14566	has_subclass	DOID_4438
DOID_14566	has_subclass	DOID_4439
DOID_14566	has_subclass	DOID_4441
DOID_14566	has_subclass	DOID_4486
DOID_14566	has_subclass	DOID_4488
DOID_14566	has_subclass	DOID_4489
DOID_14566	has_subclass	DOID_4504
DOID_14566	has_subclass	DOID_452
DOID_14566	has_subclass	DOID_4524
DOID_14566	has_subclass	DOID_4527
DOID_14566	has_subclass	DOID_4554
DOID_14566	has_subclass	DOID_4555
DOID_14566	has_subclass	DOID_4584
DOID_14566	has_subclass	DOID_4587
DOID_14566	has_subclass	DOID_4608
DOID_14566	has_subclass	DOID_4630
DOID_14566	has_subclass	DOID_4658
DOID_14566	has_subclass	DOID_467
DOID_14566	has_subclass	DOID_4678
DOID_14566	has_subclass	DOID_468
DOID_14566	has_subclass	DOID_469
DOID_14566	has_subclass	DOID_4699
DOID_14566	has_subclass	DOID_470
DOID_14566	has_subclass	DOID_471
DOID_14566	has_subclass	DOID_4715
DOID_14566	has_subclass	DOID_472
DOID_14566	has_subclass	DOID_4739
DOID_14566	has_subclass	DOID_474
DOID_14566	has_subclass	DOID_4765
DOID_14566	has_subclass	DOID_4767
DOID_14566	has_subclass	DOID_4768
DOID_14566	has_subclass	DOID_4769
DOID_14566	has_subclass	DOID_4788
DOID_14566	has_subclass	DOID_4790
DOID_14566	has_subclass	DOID_4791
DOID_14566	has_subclass	DOID_4812
DOID_14566	has_subclass	DOID_4813
DOID_14566	has_subclass	DOID_4843
DOID_14566	has_subclass	DOID_4844
DOID_14566	has_subclass	DOID_4845
DOID_14566	has_subclass	DOID_4848
DOID_14566	has_subclass	DOID_4851
DOID_14566	has_subclass	DOID_4852
DOID_14566	has_subclass	DOID_4853
DOID_14566	has_subclass	DOID_4855
DOID_14566	has_subclass	DOID_4858
DOID_14566	has_subclass	DOID_486
DOID_14566	has_subclass	DOID_4860
DOID_14566	has_subclass	DOID_4868
DOID_14566	has_subclass	DOID_4875
DOID_14566	has_subclass	DOID_4876
DOID_14566	has_subclass	DOID_4894
DOID_14566	has_subclass	DOID_490
DOID_14566	has_subclass	DOID_4906
DOID_14566	has_subclass	DOID_4907
DOID_14566	has_subclass	DOID_492
DOID_14566	has_subclass	DOID_4932
DOID_14566	has_subclass	DOID_4943
DOID_14566	has_subclass	DOID_495
DOID_14566	has_subclass	DOID_4955
DOID_14566	has_subclass	DOID_496
DOID_14566	has_subclass	DOID_4960
DOID_14566	has_subclass	DOID_4994
DOID_14566	has_subclass	DOID_4995
DOID_14566	has_subclass	DOID_501
DOID_14566	has_subclass	DOID_502
DOID_14566	has_subclass	DOID_5043
DOID_14566	has_subclass	DOID_5044
DOID_14566	has_subclass	DOID_505
DOID_14566	has_subclass	DOID_5057
DOID_14566	has_subclass	DOID_5075
DOID_14566	has_subclass	DOID_5076
DOID_14566	has_subclass	DOID_5077
DOID_14566	has_subclass	DOID_5078
DOID_14566	has_subclass	DOID_5093
DOID_14566	has_subclass	DOID_5117
DOID_14566	has_subclass	DOID_512
DOID_14566	has_subclass	DOID_5124
DOID_14566	has_subclass	DOID_5125
DOID_14566	has_subclass	DOID_5126
DOID_14566	has_subclass	DOID_5127
DOID_14566	has_subclass	DOID_5128
DOID_14566	has_subclass	DOID_5132
DOID_14566	has_subclass	DOID_5134
DOID_14566	has_subclass	DOID_5136
DOID_14566	has_subclass	DOID_5137
DOID_14566	has_subclass	DOID_5138
DOID_14566	has_subclass	DOID_5139
DOID_14566	has_subclass	DOID_5140
DOID_14566	has_subclass	DOID_5142
DOID_14566	has_subclass	DOID_5143
DOID_14566	has_subclass	DOID_5146
DOID_14566	has_subclass	DOID_5147
DOID_14566	has_subclass	DOID_5157
DOID_14566	has_subclass	DOID_5169
DOID_14566	has_subclass	DOID_5170
DOID_14566	has_subclass	DOID_5171
DOID_14566	has_subclass	DOID_5172
DOID_14566	has_subclass	DOID_5207
DOID_14566	has_subclass	DOID_5208
DOID_14566	has_subclass	DOID_5238
DOID_14566	has_subclass	DOID_5254
DOID_14566	has_subclass	DOID_5261
DOID_14566	has_subclass	DOID_5262
DOID_14566	has_subclass	DOID_5271
DOID_14566	has_subclass	DOID_5282
DOID_14566	has_subclass	DOID_5283
DOID_14566	has_subclass	DOID_5284
DOID_14566	has_subclass	DOID_5304
DOID_14566	has_subclass	DOID_5308
DOID_14566	has_subclass	DOID_5343
DOID_14566	has_subclass	DOID_5349
DOID_14566	has_subclass	DOID_5350
DOID_14566	has_subclass	DOID_5351
DOID_14566	has_subclass	DOID_5364
DOID_14566	has_subclass	DOID_5374
DOID_14566	has_subclass	DOID_5375
DOID_14566	has_subclass	DOID_5381
DOID_14566	has_subclass	DOID_5382
DOID_14566	has_subclass	DOID_5384
DOID_14566	has_subclass	DOID_5385
DOID_14566	has_subclass	DOID_5386
DOID_14566	has_subclass	DOID_5387
DOID_14566	has_subclass	DOID_5390
DOID_14566	has_subclass	DOID_5393
DOID_14566	has_subclass	DOID_5401
DOID_14566	has_subclass	DOID_5402
DOID_14566	has_subclass	DOID_5403
DOID_14566	has_subclass	DOID_5427
DOID_14566	has_subclass	DOID_5429
DOID_14566	has_subclass	DOID_5432
DOID_14566	has_subclass	DOID_5433
DOID_14566	has_subclass	DOID_5437
DOID_14566	has_subclass	DOID_5446
DOID_14566	has_subclass	DOID_5457
DOID_14566	has_subclass	DOID_5465
DOID_14566	has_subclass	DOID_5468
DOID_14566	has_subclass	DOID_5469
DOID_14566	has_subclass	DOID_5475
DOID_14566	has_subclass	DOID_5476
DOID_14566	has_subclass	DOID_5482
DOID_14566	has_subclass	DOID_5500
DOID_14566	has_subclass	DOID_5504
DOID_14566	has_subclass	DOID_5505
DOID_14566	has_subclass	DOID_5507
DOID_14566	has_subclass	DOID_5511
DOID_14566	has_subclass	DOID_5520
DOID_14566	has_subclass	DOID_5550
DOID_14566	has_subclass	DOID_5557
DOID_14566	has_subclass	DOID_5565
DOID_14566	has_subclass	DOID_5567
DOID_14566	has_subclass	DOID_5621
DOID_14566	has_subclass	DOID_5626
DOID_14566	has_subclass	DOID_5628
DOID_14566	has_subclass	DOID_5634
DOID_14566	has_subclass	DOID_5643
DOID_14566	has_subclass	DOID_5677
DOID_14566	has_subclass	DOID_5680
DOID_14566	has_subclass	DOID_5681
DOID_14566	has_subclass	DOID_5726
DOID_14566	has_subclass	DOID_5728
DOID_14566	has_subclass	DOID_5740
DOID_14566	has_subclass	DOID_5744
DOID_14566	has_subclass	DOID_5746
DOID_14566	has_subclass	DOID_5759
DOID_14566	has_subclass	DOID_5763
DOID_14566	has_subclass	DOID_5766
DOID_14566	has_subclass	DOID_5767
DOID_14566	has_subclass	DOID_5772
DOID_14566	has_subclass	DOID_5815
DOID_14566	has_subclass	DOID_5820
DOID_14566	has_subclass	DOID_5821
DOID_14566	has_subclass	DOID_5823
DOID_14566	has_subclass	DOID_5825
DOID_14566	has_subclass	DOID_5826
DOID_14566	has_subclass	DOID_5828
DOID_14566	has_subclass	DOID_5874
DOID_14566	has_subclass	DOID_5875
DOID_14566	has_subclass	DOID_5877
DOID_14566	has_subclass	DOID_5895
DOID_14566	has_subclass	DOID_5896
DOID_14566	has_subclass	DOID_5897
DOID_14566	has_subclass	DOID_5900
DOID_14566	has_subclass	DOID_5915
DOID_14566	has_subclass	DOID_5916
DOID_14566	has_subclass	DOID_5917
DOID_14566	has_subclass	DOID_5921
DOID_14566	has_subclass	DOID_5922
DOID_14566	has_subclass	DOID_5936
DOID_14566	has_subclass	DOID_5949
DOID_14566	has_subclass	DOID_60006
DOID_14566	has_subclass	DOID_60007
DOID_14566	has_subclass	DOID_6003
DOID_14566	has_subclass	DOID_6004
DOID_14566	has_subclass	DOID_6015
DOID_14566	has_subclass	DOID_6016
DOID_14566	has_subclass	DOID_6018
DOID_14566	has_subclass	DOID_6019
DOID_14566	has_subclass	DOID_6033
DOID_14566	has_subclass	DOID_6034
DOID_14566	has_subclass	DOID_6037
DOID_14566	has_subclass	DOID_6039
DOID_14566	has_subclass	DOID_6041
DOID_14566	has_subclass	DOID_6043
DOID_14566	has_subclass	DOID_6048
DOID_14566	has_subclass	DOID_6052
DOID_14566	has_subclass	DOID_6059
DOID_14566	has_subclass	DOID_6065
DOID_14566	has_subclass	DOID_6082
DOID_14566	has_subclass	DOID_6083
DOID_14566	has_subclass	DOID_6112
DOID_14566	has_subclass	DOID_6113
DOID_14566	has_subclass	DOID_6115
DOID_14566	has_subclass	DOID_6118
DOID_14566	has_subclass	DOID_6128
DOID_14566	has_subclass	DOID_6162
DOID_14566	has_subclass	DOID_6170
DOID_14566	has_subclass	DOID_6179
DOID_14566	has_subclass	DOID_6198
DOID_14566	has_subclass	DOID_6201
DOID_14566	has_subclass	DOID_6203
DOID_14566	has_subclass	DOID_6204
DOID_14566	has_subclass	DOID_6211
DOID_14566	has_subclass	DOID_6212
DOID_14566	has_subclass	DOID_6230
DOID_14566	has_subclass	DOID_6239
DOID_14566	has_subclass	DOID_6257
DOID_14566	has_subclass	DOID_6258
DOID_14566	has_subclass	DOID_6259
DOID_14566	has_subclass	DOID_6262
DOID_14566	has_subclass	DOID_6286
DOID_14566	has_subclass	DOID_6331
DOID_14566	has_subclass	DOID_6337
DOID_14566	has_subclass	DOID_6367
DOID_14566	has_subclass	DOID_6379
DOID_14566	has_subclass	DOID_6404
DOID_14566	has_subclass	DOID_6408
DOID_14566	has_subclass	DOID_6445
DOID_14566	has_subclass	DOID_6451
DOID_14566	has_subclass	DOID_6468
DOID_14566	has_subclass	DOID_6469
DOID_14566	has_subclass	DOID_6500
DOID_14566	has_subclass	DOID_6501
DOID_14566	has_subclass	DOID_6511
DOID_14566	has_subclass	DOID_6512
DOID_14566	has_subclass	DOID_6514
DOID_14566	has_subclass	DOID_6518
DOID_14566	has_subclass	DOID_6522
DOID_14566	has_subclass	DOID_6523
DOID_14566	has_subclass	DOID_6547
DOID_14566	has_subclass	DOID_6554
DOID_14566	has_subclass	DOID_6562
DOID_14566	has_subclass	DOID_6564
DOID_14566	has_subclass	DOID_6566
DOID_14566	has_subclass	DOID_657
DOID_14566	has_subclass	DOID_6608
DOID_14566	has_subclass	DOID_6613
DOID_14566	has_subclass	DOID_6621
DOID_14566	has_subclass	DOID_663
DOID_14566	has_subclass	DOID_664
DOID_14566	has_subclass	DOID_6654
DOID_14566	has_subclass	DOID_6721
DOID_14566	has_subclass	DOID_6723
DOID_14566	has_subclass	DOID_6733
DOID_14566	has_subclass	DOID_6752
DOID_14566	has_subclass	DOID_6755
DOID_14566	has_subclass	DOID_6758
DOID_14566	has_subclass	DOID_6759
DOID_14566	has_subclass	DOID_6760
DOID_14566	has_subclass	DOID_6774
DOID_14566	has_subclass	DOID_6787
DOID_14566	has_subclass	DOID_6788
DOID_14566	has_subclass	DOID_6811
DOID_14566	has_subclass	DOID_6812
DOID_14566	has_subclass	DOID_6846
DOID_14566	has_subclass	DOID_6848
DOID_14566	has_subclass	DOID_6867
DOID_14566	has_subclass	DOID_6868
DOID_14566	has_subclass	DOID_6871
DOID_14566	has_subclass	DOID_6872
DOID_14566	has_subclass	DOID_6898
DOID_14566	has_subclass	DOID_6901
DOID_14566	has_subclass	DOID_6903
DOID_14566	has_subclass	DOID_6906
DOID_14566	has_subclass	DOID_6932
DOID_14566	has_subclass	DOID_6933
DOID_14566	has_subclass	DOID_6934
DOID_14566	has_subclass	DOID_6935
DOID_14566	has_subclass	DOID_6936
DOID_14566	has_subclass	DOID_6939
DOID_14566	has_subclass	DOID_6947
DOID_14566	has_subclass	DOID_6958
DOID_14566	has_subclass	DOID_7007
DOID_14566	has_subclass	DOID_7013
DOID_14566	has_subclass	DOID_7037
DOID_14566	has_subclass	DOID_7040
DOID_14566	has_subclass	DOID_7041
DOID_14566	has_subclass	DOID_7042
DOID_14566	has_subclass	DOID_707
DOID_14566	has_subclass	DOID_7071
DOID_14566	has_subclass	DOID_7079
DOID_14566	has_subclass	DOID_7105
DOID_14566	has_subclass	DOID_711
DOID_14566	has_subclass	DOID_712
DOID_14566	has_subclass	DOID_713
DOID_14566	has_subclass	DOID_7136
DOID_14566	has_subclass	DOID_7141
DOID_14566	has_subclass	DOID_7146
DOID_14566	has_subclass	DOID_7152
DOID_14566	has_subclass	DOID_7160
DOID_14566	has_subclass	DOID_7181
DOID_14566	has_subclass	DOID_7191
DOID_14566	has_subclass	DOID_7198
DOID_14566	has_subclass	DOID_7206
DOID_14566	has_subclass	DOID_7214
DOID_14566	has_subclass	DOID_7231
DOID_14566	has_subclass	DOID_7232
DOID_14566	has_subclass	DOID_7233
DOID_14566	has_subclass	DOID_7235
DOID_14566	has_subclass	DOID_7246
DOID_14566	has_subclass	DOID_730
DOID_14566	has_subclass	DOID_731
DOID_14566	has_subclass	DOID_7328
DOID_14566	has_subclass	DOID_7333
DOID_14566	has_subclass	DOID_7334
DOID_14566	has_subclass	DOID_7380
DOID_14566	has_subclass	DOID_7381
DOID_14566	has_subclass	DOID_7398
DOID_14566	has_subclass	DOID_7402
DOID_14566	has_subclass	DOID_7429
DOID_14566	has_subclass	DOID_7430
DOID_14566	has_subclass	DOID_7438
DOID_14566	has_subclass	DOID_745
DOID_14566	has_subclass	DOID_7474
DOID_14566	has_subclass	DOID_7479
DOID_14566	has_subclass	DOID_7502
DOID_14566	has_subclass	DOID_7506
DOID_14566	has_subclass	DOID_7516
DOID_14566	has_subclass	DOID_7532
DOID_14566	has_subclass	DOID_7591
DOID_14566	has_subclass	DOID_7607
DOID_14566	has_subclass	DOID_7608
DOID_14566	has_subclass	DOID_7609
DOID_14566	has_subclass	DOID_7610
DOID_14566	has_subclass	DOID_7611
DOID_14566	has_subclass	DOID_7631
DOID_14566	has_subclass	DOID_7650
DOID_14566	has_subclass	DOID_7651
DOID_14566	has_subclass	DOID_7665
DOID_14566	has_subclass	DOID_7678
DOID_14566	has_subclass	DOID_7679
DOID_14566	has_subclass	DOID_7684
DOID_14566	has_subclass	DOID_7735
DOID_14566	has_subclass	DOID_774
DOID_14566	has_subclass	DOID_775
DOID_14566	has_subclass	DOID_7752
DOID_14566	has_subclass	DOID_7762
DOID_14566	has_subclass	DOID_7817
DOID_14566	has_subclass	DOID_7848
DOID_14566	has_subclass	DOID_7849
DOID_14566	has_subclass	DOID_7851
DOID_14566	has_subclass	DOID_7867
DOID_14566	has_subclass	DOID_7868
DOID_14566	has_subclass	DOID_7878
DOID_14566	has_subclass	DOID_7880
DOID_14566	has_subclass	DOID_7907
DOID_14566	has_subclass	DOID_7910
DOID_14566	has_subclass	DOID_7912
DOID_14566	has_subclass	DOID_7927
DOID_14566	has_subclass	DOID_7936
DOID_14566	has_subclass	DOID_7945
DOID_14566	has_subclass	DOID_7959
DOID_14566	has_subclass	DOID_7984
DOID_14566	has_subclass	DOID_7994
DOID_14566	has_subclass	DOID_7996
DOID_14566	has_subclass	DOID_8002
DOID_14566	has_subclass	DOID_8003
DOID_14566	has_subclass	DOID_8012
DOID_14566	has_subclass	DOID_8020
DOID_14566	has_subclass	DOID_8036
DOID_14566	has_subclass	DOID_8078
DOID_14566	has_subclass	DOID_8093
DOID_14566	has_subclass	DOID_8102
DOID_14566	has_subclass	DOID_8104
DOID_14566	has_subclass	DOID_8105
DOID_14566	has_subclass	DOID_8109
DOID_14566	has_subclass	DOID_8110
DOID_14566	has_subclass	DOID_8135
DOID_14566	has_subclass	DOID_8151
DOID_14566	has_subclass	DOID_8162
DOID_14566	has_subclass	DOID_8167
DOID_14566	has_subclass	DOID_8177
DOID_14566	has_subclass	DOID_8178
DOID_14566	has_subclass	DOID_8179
DOID_14566	has_subclass	DOID_8224
DOID_14566	has_subclass	DOID_8225
DOID_14566	has_subclass	DOID_8227
DOID_14566	has_subclass	DOID_8230
DOID_14566	has_subclass	DOID_8243
DOID_14566	has_subclass	DOID_8275
DOID_14566	has_subclass	DOID_8292
DOID_14566	has_subclass	DOID_8305
DOID_14566	has_subclass	DOID_8331
DOID_14566	has_subclass	DOID_8336
DOID_14566	has_subclass	DOID_8419
DOID_14566	has_subclass	DOID_8426
DOID_14566	has_subclass	DOID_8527
DOID_14566	has_subclass	DOID_8543
DOID_14566	has_subclass	DOID_8552
DOID_14566	has_subclass	DOID_8564
DOID_14566	has_subclass	DOID_8567
DOID_14566	has_subclass	DOID_8578
DOID_14566	has_subclass	DOID_8593
DOID_14566	has_subclass	DOID_8618
DOID_14566	has_subclass	DOID_8628
DOID_14566	has_subclass	DOID_8630
DOID_14566	has_subclass	DOID_8635
DOID_14566	has_subclass	DOID_8642
DOID_14566	has_subclass	DOID_8651
DOID_14566	has_subclass	DOID_8654
DOID_14566	has_subclass	DOID_8661
DOID_14566	has_subclass	DOID_8683
DOID_14566	has_subclass	DOID_8692
DOID_14566	has_subclass	DOID_8696
DOID_14566	has_subclass	DOID_8702
DOID_14566	has_subclass	DOID_8719
DOID_14566	has_subclass	DOID_8800
DOID_14566	has_subclass	DOID_8802
DOID_14566	has_subclass	DOID_8826
DOID_14566	has_subclass	DOID_8838
DOID_14566	has_subclass	DOID_8864
DOID_14566	has_subclass	DOID_8866
DOID_14566	has_subclass	DOID_8883
DOID_14566	has_subclass	DOID_8923
DOID_14566	has_subclass	DOID_8930
DOID_14566	has_subclass	DOID_8997
DOID_14566	has_subclass	DOID_901
DOID_14566	has_subclass	DOID_9011
DOID_14566	has_subclass	DOID_9024
DOID_14566	has_subclass	DOID_903
DOID_14566	has_subclass	DOID_907
DOID_14566	has_subclass	DOID_9087
DOID_14566	has_subclass	DOID_910
DOID_14566	has_subclass	DOID_9132
DOID_14566	has_subclass	DOID_9138
DOID_14566	has_subclass	DOID_9149
DOID_14566	has_subclass	DOID_916
DOID_14566	has_subclass	DOID_917
DOID_14566	has_subclass	DOID_9174
DOID_14566	has_subclass	DOID_9188
DOID_14566	has_subclass	DOID_9234
DOID_14566	has_subclass	DOID_9253
DOID_14566	has_subclass	DOID_9254
DOID_14566	has_subclass	DOID_9261
DOID_14566	has_subclass	DOID_9299
DOID_14566	has_subclass	DOID_9442
DOID_14566	has_subclass	DOID_9445
DOID_14566	has_subclass	DOID_9538
DOID_14566	has_subclass	DOID_9541
DOID_14566	has_subclass	DOID_9544
DOID_14566	has_subclass	DOID_9547
DOID_14566	has_subclass	DOID_9550
DOID_14566	has_subclass	DOID_9551
DOID_14566	has_subclass	DOID_959
DOID_14566	has_subclass	DOID_9597
DOID_14566	has_subclass	DOID_960
DOID_14566	has_subclass	DOID_9986
DOID_1459	has_subclass	DOID_0070123
DOID_1459	has_subclass	DOID_0070124
DOID_1459	has_subclass	DOID_0070125
DOID_1459	has_subclass	DOID_0070126
DOID_1459	has_subclass	DOID_0070127
DOID_1459	has_subclass	DOID_0070128
DOID_1459	has_subclass	DOID_0111835
DOID_1459	has_subclass	DOID_0111836
DOID_1459	has_subclass	DOID_0111837
DOID_1470	has_subclass	DOID_9478
DOID_14717	has_subclass	DOID_0111220
DOID_14717	has_subclass	DOID_0111221
DOID_14717	has_subclass	DOID_0111222
DOID_1483	has_subclass	DOID_0060466
DOID_1483	has_subclass	DOID_0070771
DOID_1483	has_subclass	DOID_0070772
DOID_1483	has_subclass	DOID_0070774
DOID_1483	has_subclass	DOID_5338
DOID_15	has_subclass	DOID_0050269
DOID_15	has_subclass	DOID_0050697
DOID_15	has_subclass	DOID_0050862
DOID_15	has_subclass	DOID_0050928
DOID_15	has_subclass	DOID_0050933
DOID_15	has_subclass	DOID_0050934
DOID_15	has_subclass	DOID_0060086
DOID_15	has_subclass	DOID_0060088
DOID_15	has_subclass	DOID_0060095
DOID_15	has_subclass	DOID_0060109
DOID_15	has_subclass	DOID_0060110
DOID_15	has_subclass	DOID_0060112
DOID_15	has_subclass	DOID_0060329
DOID_15	has_subclass	DOID_0080365
DOID_15	has_subclass	DOID_0111144
DOID_15	has_subclass	DOID_1003
DOID_15	has_subclass	DOID_10206
DOID_15	has_subclass	DOID_10207
DOID_15	has_subclass	DOID_10971
DOID_15	has_subclass	DOID_10972
DOID_15	has_subclass	DOID_10974
DOID_15	has_subclass	DOID_1100
DOID_15	has_subclass	DOID_11060
DOID_15	has_subclass	DOID_11432
DOID_15	has_subclass	DOID_11629
DOID_15	has_subclass	DOID_11905
DOID_15	has_subclass	DOID_12265
DOID_15	has_subclass	DOID_12369
DOID_15	has_subclass	DOID_1245
DOID_15	has_subclass	DOID_12566
DOID_15	has_subclass	DOID_1260
DOID_15	has_subclass	DOID_12637
DOID_15	has_subclass	DOID_12735
DOID_15	has_subclass	DOID_1283
DOID_15	has_subclass	DOID_1284
DOID_15	has_subclass	DOID_1293
DOID_15	has_subclass	DOID_1294
DOID_15	has_subclass	DOID_13050
DOID_15	has_subclass	DOID_13222
DOID_15	has_subclass	DOID_13223
DOID_15	has_subclass	DOID_13389
DOID_15	has_subclass	DOID_13560
DOID_15	has_subclass	DOID_13589
DOID_15	has_subclass	DOID_1371
DOID_15	has_subclass	DOID_1373
DOID_15	has_subclass	DOID_13736
DOID_15	has_subclass	DOID_13811
DOID_15	has_subclass	DOID_13812
DOID_15	has_subclass	DOID_13938
DOID_15	has_subclass	DOID_13951
DOID_15	has_subclass	DOID_13953
DOID_15	has_subclass	DOID_13955
DOID_15	has_subclass	DOID_13956
DOID_15	has_subclass	DOID_13957
DOID_15	has_subclass	DOID_13958
DOID_15	has_subclass	DOID_14130
DOID_15	has_subclass	DOID_14131
DOID_15	has_subclass	DOID_14133
DOID_15	has_subclass	DOID_14275
DOID_15	has_subclass	DOID_14292
DOID_15	has_subclass	DOID_1677
DOID_15	has_subclass	DOID_2021
DOID_15	has_subclass	DOID_2024
DOID_15	has_subclass	DOID_2025
DOID_15	has_subclass	DOID_2059
DOID_15	has_subclass	DOID_2060
DOID_15	has_subclass	DOID_2064
DOID_15	has_subclass	DOID_2066
DOID_15	has_subclass	DOID_2068
DOID_15	has_subclass	DOID_2071
DOID_15	has_subclass	DOID_2072
DOID_15	has_subclass	DOID_2075
DOID_15	has_subclass	DOID_2076
DOID_15	has_subclass	DOID_2080
DOID_15	has_subclass	DOID_2093
DOID_15	has_subclass	DOID_2097
DOID_15	has_subclass	DOID_2098
DOID_15	has_subclass	DOID_2101
DOID_15	has_subclass	DOID_2143
DOID_15	has_subclass	DOID_2145
DOID_15	has_subclass	DOID_2146
DOID_15	has_subclass	DOID_2148
DOID_15	has_subclass	DOID_2150
DOID_15	has_subclass	DOID_2151
DOID_15	has_subclass	DOID_2152
DOID_15	has_subclass	DOID_2153
DOID_15	has_subclass	DOID_2155
DOID_15	has_subclass	DOID_2156
DOID_15	has_subclass	DOID_2273
DOID_15	has_subclass	DOID_2394
DOID_15	has_subclass	DOID_2401
DOID_15	has_subclass	DOID_2616
DOID_15	has_subclass	DOID_2636
DOID_15	has_subclass	DOID_2640
DOID_15	has_subclass	DOID_2641
DOID_15	has_subclass	DOID_2691
DOID_15	has_subclass	DOID_277
DOID_15	has_subclass	DOID_288
DOID_15	has_subclass	DOID_3267
DOID_15	has_subclass	DOID_3269
DOID_15	has_subclass	DOID_345
DOID_15	has_subclass	DOID_3578
DOID_15	has_subclass	DOID_3594
DOID_15	has_subclass	DOID_3596
DOID_15	has_subclass	DOID_3604
DOID_15	has_subclass	DOID_3605
DOID_15	has_subclass	DOID_3713
DOID_15	has_subclass	DOID_3740
DOID_15	has_subclass	DOID_3781
DOID_15	has_subclass	DOID_3891
DOID_15	has_subclass	DOID_3901
DOID_15	has_subclass	DOID_4001
DOID_15	has_subclass	DOID_4115
DOID_15	has_subclass	DOID_4217
DOID_15	has_subclass	DOID_429
DOID_15	has_subclass	DOID_4301
DOID_15	has_subclass	DOID_4320
DOID_15	has_subclass	DOID_4333
DOID_15	has_subclass	DOID_4441
DOID_15	has_subclass	DOID_4527
DOID_15	has_subclass	DOID_4555
DOID_15	has_subclass	DOID_4744
DOID_15	has_subclass	DOID_4894
DOID_15	has_subclass	DOID_4994
DOID_15	has_subclass	DOID_4995
DOID_15	has_subclass	DOID_5043
DOID_15	has_subclass	DOID_5117
DOID_15	has_subclass	DOID_5119
DOID_15	has_subclass	DOID_5142
DOID_15	has_subclass	DOID_5147
DOID_15	has_subclass	DOID_5169
DOID_15	has_subclass	DOID_5207
DOID_15	has_subclass	DOID_5208
DOID_15	has_subclass	DOID_5304
DOID_15	has_subclass	DOID_5350
DOID_15	has_subclass	DOID_5351
DOID_15	has_subclass	DOID_5382
DOID_15	has_subclass	DOID_5425
DOID_15	has_subclass	DOID_5475
DOID_15	has_subclass	DOID_5476
DOID_15	has_subclass	DOID_5482
DOID_15	has_subclass	DOID_5511
DOID_15	has_subclass	DOID_5550
DOID_15	has_subclass	DOID_5551
DOID_15	has_subclass	DOID_5567
DOID_15	has_subclass	DOID_5681
DOID_15	has_subclass	DOID_5711
DOID_15	has_subclass	DOID_5726
DOID_15	has_subclass	DOID_5744
DOID_15	has_subclass	DOID_5746
DOID_15	has_subclass	DOID_5761
DOID_15	has_subclass	DOID_5828
DOID_15	has_subclass	DOID_5895
DOID_15	has_subclass	DOID_5896
DOID_15	has_subclass	DOID_5897
DOID_15	has_subclass	DOID_5915
DOID_15	has_subclass	DOID_5916
DOID_15	has_subclass	DOID_5917
DOID_15	has_subclass	DOID_5936
DOID_15	has_subclass	DOID_6083
DOID_15	has_subclass	DOID_6160
DOID_15	has_subclass	DOID_6170
DOID_15	has_subclass	DOID_6179
DOID_15	has_subclass	DOID_6211
DOID_15	has_subclass	DOID_6212
DOID_15	has_subclass	DOID_6230
DOID_15	has_subclass	DOID_6331
DOID_15	has_subclass	DOID_6339
DOID_15	has_subclass	DOID_6408
DOID_15	has_subclass	DOID_6445
DOID_15	has_subclass	DOID_6448
DOID_15	has_subclass	DOID_6468
DOID_15	has_subclass	DOID_6469
DOID_15	has_subclass	DOID_6511
DOID_15	has_subclass	DOID_6512
DOID_15	has_subclass	DOID_6514
DOID_15	has_subclass	DOID_6518
DOID_15	has_subclass	DOID_6554
DOID_15	has_subclass	DOID_6569
DOID_15	has_subclass	DOID_6634
DOID_15	has_subclass	DOID_6639
DOID_15	has_subclass	DOID_6693
DOID_15	has_subclass	DOID_6774
DOID_15	has_subclass	DOID_6898
DOID_15	has_subclass	DOID_6901
DOID_15	has_subclass	DOID_7013
DOID_15	has_subclass	DOID_7037
DOID_15	has_subclass	DOID_7048
DOID_15	has_subclass	DOID_7191
DOID_15	has_subclass	DOID_727
DOID_15	has_subclass	DOID_7347
DOID_15	has_subclass	DOID_7363
DOID_15	has_subclass	DOID_7408
DOID_15	has_subclass	DOID_7409
DOID_15	has_subclass	DOID_7438
DOID_15	has_subclass	DOID_7518
DOID_15	has_subclass	DOID_7565
DOID_15	has_subclass	DOID_7567
DOID_15	has_subclass	DOID_7591
DOID_15	has_subclass	DOID_7650
DOID_15	has_subclass	DOID_7651
DOID_15	has_subclass	DOID_7665
DOID_15	has_subclass	DOID_780
DOID_15	has_subclass	DOID_7878
DOID_15	has_subclass	DOID_7880
DOID_15	has_subclass	DOID_8036
DOID_15	has_subclass	DOID_8177
DOID_15	has_subclass	DOID_8178
DOID_15	has_subclass	DOID_8179
DOID_15	has_subclass	DOID_8186
DOID_15	has_subclass	DOID_8187
DOID_15	has_subclass	DOID_8188
DOID_15	has_subclass	DOID_8255
DOID_15	has_subclass	DOID_8336
DOID_15	has_subclass	DOID_8488
DOID_15	has_subclass	DOID_9042
DOID_15	has_subclass	DOID_9346
DOID_15	has_subclass	DOID_9442
DOID_15	has_subclass	DOID_9445
DOID_15	has_subclass	DOID_9597
DOID_15	has_subclass	DOID_9667
DOID_15	has_subclass	DOID_9958
DOID_15	has_subclass	DOID_997
DOID_15	has_subclass	DOID_9978
DOID_150	has_subclass	DOID_0050432
DOID_150	has_subclass	DOID_0050587
DOID_150	has_subclass	DOID_0050628
DOID_150	has_subclass	DOID_0050647
DOID_150	has_subclass	DOID_0050665
DOID_150	has_subclass	DOID_0050666
DOID_150	has_subclass	DOID_0050667
DOID_150	has_subclass	DOID_0050668
DOID_150	has_subclass	DOID_0050681
DOID_150	has_subclass	DOID_0050696
DOID_150	has_subclass	DOID_0050764
DOID_150	has_subclass	DOID_0050776
DOID_150	has_subclass	DOID_0050847
DOID_150	has_subclass	DOID_0050848
DOID_150	has_subclass	DOID_0050856
DOID_150	has_subclass	DOID_0050888
DOID_150	has_subclass	DOID_0050889
DOID_150	has_subclass	DOID_0060001
DOID_150	has_subclass	DOID_0060038
DOID_150	has_subclass	DOID_0060040
DOID_150	has_subclass	DOID_0060041
DOID_150	has_subclass	DOID_0060042
DOID_150	has_subclass	DOID_0060045
DOID_150	has_subclass	DOID_0060046
DOID_150	has_subclass	DOID_0060130
DOID_150	has_subclass	DOID_0060131
DOID_150	has_subclass	DOID_0060132
DOID_150	has_subclass	DOID_0060133
DOID_150	has_subclass	DOID_0060134
DOID_150	has_subclass	DOID_0060136
DOID_150	has_subclass	DOID_0060137
DOID_150	has_subclass	DOID_0060138
DOID_150	has_subclass	DOID_0060139
DOID_150	has_subclass	DOID_0060140
DOID_150	has_subclass	DOID_0060141
DOID_150	has_subclass	DOID_0060142
DOID_150	has_subclass	DOID_0060143
DOID_150	has_subclass	DOID_0060144
DOID_150	has_subclass	DOID_0060146
DOID_150	has_subclass	DOID_0060147
DOID_150	has_subclass	DOID_0060148
DOID_150	has_subclass	DOID_0060149
DOID_150	has_subclass	DOID_0060150
DOID_150	has_subclass	DOID_0060151
DOID_150	has_subclass	DOID_0060152
DOID_150	has_subclass	DOID_0060153
DOID_150	has_subclass	DOID_0060154
DOID_150	has_subclass	DOID_0060155
DOID_150	has_subclass	DOID_0060156
DOID_150	has_subclass	DOID_0060163
DOID_150	has_subclass	DOID_0060164
DOID_150	has_subclass	DOID_0060179
DOID_150	has_subclass	DOID_0060243
DOID_150	has_subclass	DOID_0060244
DOID_150	has_subclass	DOID_0060309
DOID_150	has_subclass	DOID_0060606
DOID_150	has_subclass	DOID_0060799
DOID_150	has_subclass	DOID_0060800
DOID_150	has_subclass	DOID_0060801
DOID_150	has_subclass	DOID_0060802
DOID_150	has_subclass	DOID_0060803
DOID_150	has_subclass	DOID_0060804
DOID_150	has_subclass	DOID_0060805
DOID_150	has_subclass	DOID_0060806
DOID_150	has_subclass	DOID_0060807
DOID_150	has_subclass	DOID_0060808
DOID_150	has_subclass	DOID_0060809
DOID_150	has_subclass	DOID_0060810
DOID_150	has_subclass	DOID_0060811
DOID_150	has_subclass	DOID_0060812
DOID_150	has_subclass	DOID_0060813
DOID_150	has_subclass	DOID_0060814
DOID_150	has_subclass	DOID_0060815
DOID_150	has_subclass	DOID_0060816
DOID_150	has_subclass	DOID_0060817
DOID_150	has_subclass	DOID_0060818
DOID_150	has_subclass	DOID_0060819
DOID_150	has_subclass	DOID_0060820
DOID_150	has_subclass	DOID_0060821
DOID_150	has_subclass	DOID_0060822
DOID_150	has_subclass	DOID_0060823
DOID_150	has_subclass	DOID_0060824
DOID_150	has_subclass	DOID_0060825
DOID_150	has_subclass	DOID_0060826
DOID_150	has_subclass	DOID_0060827
DOID_150	has_subclass	DOID_0060828
DOID_150	has_subclass	DOID_0060830
DOID_150	has_subclass	DOID_0060929
DOID_150	has_subclass	DOID_0061006
DOID_150	has_subclass	DOID_0061015
DOID_150	has_subclass	DOID_0070077
DOID_150	has_subclass	DOID_0070078
DOID_150	has_subclass	DOID_0070080
DOID_150	has_subclass	DOID_0070084
DOID_150	has_subclass	DOID_0070086
DOID_150	has_subclass	DOID_0070087
DOID_150	has_subclass	DOID_0070089
DOID_150	has_subclass	DOID_0070090
DOID_150	has_subclass	DOID_0070422
DOID_150	has_subclass	DOID_0070538
DOID_150	has_subclass	DOID_0070653
DOID_150	has_subclass	DOID_0070657
DOID_150	has_subclass	DOID_0070661
DOID_150	has_subclass	DOID_0070698
DOID_150	has_subclass	DOID_0070776
DOID_150	has_subclass	DOID_0070777
DOID_150	has_subclass	DOID_0080240
DOID_150	has_subclass	DOID_0080241
DOID_150	has_subclass	DOID_0080242
DOID_150	has_subclass	DOID_0080281
DOID_150	has_subclass	DOID_0080302
DOID_150	has_subclass	DOID_0080311
DOID_150	has_subclass	DOID_0080473
DOID_150	has_subclass	DOID_0080831
DOID_150	has_subclass	DOID_0080832
DOID_150	has_subclass	DOID_0080982
DOID_150	has_subclass	DOID_0080984
DOID_150	has_subclass	DOID_0080985
DOID_150	has_subclass	DOID_0081052
DOID_150	has_subclass	DOID_0081123
DOID_150	has_subclass	DOID_0110011
DOID_150	has_subclass	DOID_0110012
DOID_150	has_subclass	DOID_0110013
DOID_150	has_subclass	DOID_0111141
DOID_150	has_subclass	DOID_0111275
DOID_150	has_subclass	DOID_0111331
DOID_150	has_subclass	DOID_0111332
DOID_150	has_subclass	DOID_0111403
DOID_150	has_subclass	DOID_0111456
DOID_150	has_subclass	DOID_0111838
DOID_150	has_subclass	DOID_0111840
DOID_150	has_subclass	DOID_0111843
DOID_150	has_subclass	DOID_0111844
DOID_150	has_subclass	DOID_0111845
DOID_150	has_subclass	DOID_0112016
DOID_150	has_subclass	DOID_0112017
DOID_150	has_subclass	DOID_0112018
DOID_150	has_subclass	DOID_0112019
DOID_150	has_subclass	DOID_0112020
DOID_150	has_subclass	DOID_0112021
DOID_150	has_subclass	DOID_0112022
DOID_150	has_subclass	DOID_0112023
DOID_150	has_subclass	DOID_0112024
DOID_150	has_subclass	DOID_0112025
DOID_150	has_subclass	DOID_0112026
DOID_150	has_subclass	DOID_0112027
DOID_150	has_subclass	DOID_0112028
DOID_150	has_subclass	DOID_0112029
DOID_150	has_subclass	DOID_0112030
DOID_150	has_subclass	DOID_0112031
DOID_150	has_subclass	DOID_0112032
DOID_150	has_subclass	DOID_0112033
DOID_150	has_subclass	DOID_0112034
DOID_150	has_subclass	DOID_0112035
DOID_150	has_subclass	DOID_0112036
DOID_150	has_subclass	DOID_0112037
DOID_150	has_subclass	DOID_0112038
DOID_150	has_subclass	DOID_0112039
DOID_150	has_subclass	DOID_0112040
DOID_150	has_subclass	DOID_0112041
DOID_150	has_subclass	DOID_0112042
DOID_150	has_subclass	DOID_0112043
DOID_150	has_subclass	DOID_0112044
DOID_150	has_subclass	DOID_0112045
DOID_150	has_subclass	DOID_0112046
DOID_150	has_subclass	DOID_0112047
DOID_150	has_subclass	DOID_0112048
DOID_150	has_subclass	DOID_0112049
DOID_150	has_subclass	DOID_0112050
DOID_150	has_subclass	DOID_0112051
DOID_150	has_subclass	DOID_0112052
DOID_150	has_subclass	DOID_0112053
DOID_150	has_subclass	DOID_0112054
DOID_150	has_subclass	DOID_0112055
DOID_150	has_subclass	DOID_0112056
DOID_150	has_subclass	DOID_0112057
DOID_150	has_subclass	DOID_0112058
DOID_150	has_subclass	DOID_0112059
DOID_150	has_subclass	DOID_0112060
DOID_150	has_subclass	DOID_0112126
DOID_150	has_subclass	DOID_0112339
DOID_150	has_subclass	DOID_1059
DOID_150	has_subclass	DOID_10600
DOID_150	has_subclass	DOID_10646
DOID_150	has_subclass	DOID_10685
DOID_150	has_subclass	DOID_10930
DOID_150	has_subclass	DOID_10931
DOID_150	has_subclass	DOID_10932
DOID_150	has_subclass	DOID_10933
DOID_150	has_subclass	DOID_10934
DOID_150	has_subclass	DOID_10936
DOID_150	has_subclass	DOID_10938
DOID_150	has_subclass	DOID_10939
DOID_150	has_subclass	DOID_1094
DOID_150	has_subclass	DOID_11037
DOID_150	has_subclass	DOID_11038
DOID_150	has_subclass	DOID_11119
DOID_150	has_subclass	DOID_11257
DOID_150	has_subclass	DOID_11328
DOID_150	has_subclass	DOID_11385
DOID_150	has_subclass	DOID_11569
DOID_150	has_subclass	DOID_1206
DOID_150	has_subclass	DOID_1229
DOID_150	has_subclass	DOID_12399
DOID_150	has_subclass	DOID_12400
DOID_150	has_subclass	DOID_12401
DOID_150	has_subclass	DOID_12402
DOID_150	has_subclass	DOID_12685
DOID_150	has_subclass	DOID_12849
DOID_150	has_subclass	DOID_12883
DOID_150	has_subclass	DOID_12995
DOID_150	has_subclass	DOID_13417
DOID_150	has_subclass	DOID_13487
DOID_150	has_subclass	DOID_13918
DOID_150	has_subclass	DOID_14320
DOID_150	has_subclass	DOID_14744
DOID_150	has_subclass	DOID_1509
DOID_150	has_subclass	DOID_1768
DOID_150	has_subclass	DOID_2030
DOID_150	has_subclass	DOID_2033
DOID_150	has_subclass	DOID_2055
DOID_150	has_subclass	DOID_2303
DOID_150	has_subclass	DOID_2468
DOID_150	has_subclass	DOID_2510
DOID_150	has_subclass	DOID_2745
DOID_150	has_subclass	DOID_2768
DOID_150	has_subclass	DOID_2769
DOID_150	has_subclass	DOID_2846
DOID_150	has_subclass	DOID_334
DOID_150	has_subclass	DOID_4090
DOID_150	has_subclass	DOID_4186
DOID_150	has_subclass	DOID_4188
DOID_150	has_subclass	DOID_4189
DOID_150	has_subclass	DOID_4541
DOID_150	has_subclass	DOID_4964
DOID_150	has_subclass	DOID_4970
DOID_150	has_subclass	DOID_5418
DOID_150	has_subclass	DOID_5419
DOID_150	has_subclass	DOID_591
DOID_150	has_subclass	DOID_593
DOID_150	has_subclass	DOID_594
DOID_150	has_subclass	DOID_6680
DOID_150	has_subclass	DOID_778
DOID_150	has_subclass	DOID_8986
DOID_150	has_subclass	DOID_9091
DOID_150	has_subclass	DOID_92
DOID_150	has_subclass	DOID_9207
DOID_150	has_subclass	DOID_9220
DOID_150	has_subclass	DOID_93
DOID_150	has_subclass	DOID_9828
DOID_150	has_subclass	DOID_9923
DOID_1518	has_subclass	DOID_0050910
DOID_1521	has_subclass	DOID_3039
DOID_1529	has_subclass	DOID_11838
DOID_1529	has_subclass	DOID_11839
DOID_1532	has_subclass	DOID_14305
DOID_154	has_subclass	DOID_1974
DOID_154	has_subclass	DOID_4422
DOID_1542	has_subclass	DOID_0050865
DOID_1555	has_subclass	DOID_14443
DOID_1555	has_subclass	DOID_1554
DOID_1555	has_subclass	DOID_743
DOID_1557	has_subclass	DOID_11123
DOID_1557	has_subclass	DOID_11450
DOID_1561	has_subclass	DOID_0070077
DOID_1561	has_subclass	DOID_0070078
DOID_1561	has_subclass	DOID_0070080
DOID_1561	has_subclass	DOID_0070084
DOID_1561	has_subclass	DOID_0070086
DOID_1561	has_subclass	DOID_0070087
DOID_1561	has_subclass	DOID_0070089
DOID_1561	has_subclass	DOID_0070090
DOID_1561	has_subclass	DOID_0080281
DOID_1561	has_subclass	DOID_10685
DOID_1561	has_subclass	DOID_10933
DOID_1561	has_subclass	DOID_11257
DOID_1561	has_subclass	DOID_11328
DOID_1561	has_subclass	DOID_1229
DOID_1561	has_subclass	DOID_14320
DOID_1561	has_subclass	DOID_2055
DOID_1561	has_subclass	DOID_4964
DOID_1561	has_subclass	DOID_5418
DOID_1561	has_subclass	DOID_5419
DOID_1561	has_subclass	DOID_591
DOID_1561	has_subclass	DOID_593
DOID_1561	has_subclass	DOID_594
DOID_1561	has_subclass	DOID_6680
DOID_1561	has_subclass	DOID_778
DOID_1564	has_subclass	DOID_0050278
DOID_1564	has_subclass	DOID_0050279
DOID_1564	has_subclass	DOID_0060645
DOID_1564	has_subclass	DOID_0080159
DOID_1564	has_subclass	DOID_10755
DOID_1564	has_subclass	DOID_12246
DOID_1564	has_subclass	DOID_12711
DOID_1564	has_subclass	DOID_13026
DOID_1564	has_subclass	DOID_13078
DOID_1564	has_subclass	DOID_13902
DOID_1564	has_subclass	DOID_1562
DOID_1564	has_subclass	DOID_1563
DOID_1564	has_subclass	DOID_4562
DOID_1564	has_subclass	DOID_8912
DOID_1564	has_subclass	DOID_9060
DOID_1573	has_subclass	DOID_0070687
DOID_1575	has_subclass	DOID_1577
DOID_1575	has_subclass	DOID_1578
DOID_1575	has_subclass	DOID_1580
DOID_1575	has_subclass	DOID_418
DOID_1579	has_subclass	DOID_0050073
DOID_1579	has_subclass	DOID_0050145
DOID_1579	has_subclass	DOID_0050148
DOID_1579	has_subclass	DOID_0050614
DOID_1579	has_subclass	DOID_0060310
DOID_1579	has_subclass	DOID_0060311
DOID_1579	has_subclass	DOID_0060313
DOID_1579	has_subclass	DOID_0060317
DOID_1579	has_subclass	DOID_0060646
DOID_1579	has_subclass	DOID_0060941
DOID_1579	has_subclass	DOID_0061125
DOID_1579	has_subclass	DOID_0080833
DOID_1579	has_subclass	DOID_0080834
DOID_1579	has_subclass	DOID_10032
DOID_1579	has_subclass	DOID_10080
DOID_1579	has_subclass	DOID_10195
DOID_1579	has_subclass	DOID_10247
DOID_1579	has_subclass	DOID_10398
DOID_1579	has_subclass	DOID_10456
DOID_1579	has_subclass	DOID_1082
DOID_1579	has_subclass	DOID_10955
DOID_1579	has_subclass	DOID_11049
DOID_1579	has_subclass	DOID_11161
DOID_1579	has_subclass	DOID_11162
DOID_1579	has_subclass	DOID_11195
DOID_1579	has_subclass	DOID_11339
DOID_1579	has_subclass	DOID_11394
DOID_1579	has_subclass	DOID_11396
DOID_1579	has_subclass	DOID_11527
DOID_1579	has_subclass	DOID_11650
DOID_1579	has_subclass	DOID_1176
DOID_1579	has_subclass	DOID_11797
DOID_1579	has_subclass	DOID_12117
DOID_1579	has_subclass	DOID_12120
DOID_1579	has_subclass	DOID_12132
DOID_1579	has_subclass	DOID_12375
DOID_1579	has_subclass	DOID_12474
DOID_1579	has_subclass	DOID_12716
DOID_1579	has_subclass	DOID_14224
DOID_1579	has_subclass	DOID_14305
DOID_1579	has_subclass	DOID_14319
DOID_1579	has_subclass	DOID_14472
DOID_1579	has_subclass	DOID_1532
DOID_1579	has_subclass	DOID_1578
DOID_1579	has_subclass	DOID_1583
DOID_1579	has_subclass	DOID_1584
DOID_1579	has_subclass	DOID_2122
DOID_1579	has_subclass	DOID_2275
DOID_1579	has_subclass	DOID_2799
DOID_1579	has_subclass	DOID_2810
DOID_1579	has_subclass	DOID_2942
DOID_1579	has_subclass	DOID_2957
DOID_1579	has_subclass	DOID_3082
DOID_1579	has_subclass	DOID_3225
DOID_1579	has_subclass	DOID_3227
DOID_1579	has_subclass	DOID_3319
DOID_1579	has_subclass	DOID_3436
DOID_1579	has_subclass	DOID_3437
DOID_1579	has_subclass	DOID_3677
DOID_1579	has_subclass	DOID_3683
DOID_1579	has_subclass	DOID_3798
DOID_1579	has_subclass	DOID_424
DOID_1579	has_subclass	DOID_4374
DOID_1579	has_subclass	DOID_490
DOID_1579	has_subclass	DOID_5157
DOID_1579	has_subclass	DOID_5364
DOID_1579	has_subclass	DOID_5386
DOID_1579	has_subclass	DOID_551
DOID_1579	has_subclass	DOID_552
DOID_1579	has_subclass	DOID_5547
DOID_1579	has_subclass	DOID_5763
DOID_1579	has_subclass	DOID_5767
DOID_1579	has_subclass	DOID_5870
DOID_1579	has_subclass	DOID_60001
DOID_1579	has_subclass	DOID_6132
DOID_1579	has_subclass	DOID_6564
DOID_1579	has_subclass	DOID_786
DOID_1579	has_subclass	DOID_849
DOID_1579	has_subclass	DOID_850
DOID_1579	has_subclass	DOID_8512
DOID_1579	has_subclass	DOID_8802
DOID_1579	has_subclass	DOID_9011
DOID_1579	has_subclass	DOID_9155
DOID_1579	has_subclass	DOID_9392
DOID_1579	has_subclass	DOID_9396
DOID_1579	has_subclass	DOID_9398
DOID_1579	has_subclass	DOID_9477
DOID_1579	has_subclass	DOID_9498
DOID_1579	has_subclass	DOID_9502
DOID_1596	has_subclass	DOID_1595
DOID_1596	has_subclass	DOID_9478
DOID_16	has_subclass	DOID_0050096
DOID_16	has_subclass	DOID_0050185
DOID_16	has_subclass	DOID_0050260
DOID_16	has_subclass	DOID_0050426
DOID_16	has_subclass	DOID_0050428
DOID_16	has_subclass	DOID_0050467
DOID_16	has_subclass	DOID_0050468
DOID_16	has_subclass	DOID_0050474
DOID_16	has_subclass	DOID_0050508
DOID_16	has_subclass	DOID_0050606
DOID_16	has_subclass	DOID_0050725
DOID_16	has_subclass	DOID_0060256
DOID_16	has_subclass	DOID_0060257
DOID_16	has_subclass	DOID_0060258
DOID_16	has_subclass	DOID_0060304
DOID_16	has_subclass	DOID_0060361
DOID_16	has_subclass	DOID_0060362
DOID_16	has_subclass	DOID_0060472
DOID_16	has_subclass	DOID_0060551
DOID_16	has_subclass	DOID_0060862
DOID_16	has_subclass	DOID_0060984
DOID_16	has_subclass	DOID_0070017
DOID_16	has_subclass	DOID_0070018
DOID_16	has_subclass	DOID_0070019
DOID_16	has_subclass	DOID_0070022
DOID_16	has_subclass	DOID_0070023
DOID_16	has_subclass	DOID_0070026
DOID_16	has_subclass	DOID_0070133
DOID_16	has_subclass	DOID_0070135
DOID_16	has_subclass	DOID_0070137
DOID_16	has_subclass	DOID_0070139
DOID_16	has_subclass	DOID_0070144
DOID_16	has_subclass	DOID_0070326
DOID_16	has_subclass	DOID_0070327
DOID_16	has_subclass	DOID_0070518
DOID_16	has_subclass	DOID_0070550
DOID_16	has_subclass	DOID_0070551
DOID_16	has_subclass	DOID_0070553
DOID_16	has_subclass	DOID_0070554
DOID_16	has_subclass	DOID_0070555
DOID_16	has_subclass	DOID_0080213
DOID_16	has_subclass	DOID_0080214
DOID_16	has_subclass	DOID_0080223
DOID_16	has_subclass	DOID_0080248
DOID_16	has_subclass	DOID_0080249
DOID_16	has_subclass	DOID_0080250
DOID_16	has_subclass	DOID_0080251
DOID_16	has_subclass	DOID_0080551
DOID_16	has_subclass	DOID_0080661
DOID_16	has_subclass	DOID_0080750
DOID_16	has_subclass	DOID_0080766
DOID_16	has_subclass	DOID_0080941
DOID_16	has_subclass	DOID_0090128
DOID_16	has_subclass	DOID_0111162
DOID_16	has_subclass	DOID_0111195
DOID_16	has_subclass	DOID_0111371
DOID_16	has_subclass	DOID_0111561
DOID_16	has_subclass	DOID_0111707
DOID_16	has_subclass	DOID_0111708
DOID_16	has_subclass	DOID_0111709
DOID_16	has_subclass	DOID_0111710
DOID_16	has_subclass	DOID_0111834
DOID_16	has_subclass	DOID_0112241
DOID_16	has_subclass	DOID_0112242
DOID_16	has_subclass	DOID_10040
DOID_16	has_subclass	DOID_10044
DOID_16	has_subclass	DOID_10047
DOID_16	has_subclass	DOID_10054
DOID_16	has_subclass	DOID_10122
DOID_16	has_subclass	DOID_10123
DOID_16	has_subclass	DOID_10188
DOID_16	has_subclass	DOID_1081
DOID_16	has_subclass	DOID_1082
DOID_16	has_subclass	DOID_11452
DOID_16	has_subclass	DOID_11668
DOID_16	has_subclass	DOID_12043
DOID_16	has_subclass	DOID_12211
DOID_16	has_subclass	DOID_12304
DOID_16	has_subclass	DOID_12305
DOID_16	has_subclass	DOID_12311
DOID_16	has_subclass	DOID_12403
DOID_16	has_subclass	DOID_1243
DOID_16	has_subclass	DOID_12841
DOID_16	has_subclass	DOID_13072
DOID_16	has_subclass	DOID_13074
DOID_16	has_subclass	DOID_13081
DOID_16	has_subclass	DOID_13117
DOID_16	has_subclass	DOID_13168
DOID_16	has_subclass	DOID_13271
DOID_16	has_subclass	DOID_13369
DOID_16	has_subclass	DOID_13523
DOID_16	has_subclass	DOID_13691
DOID_16	has_subclass	DOID_13778
DOID_16	has_subclass	DOID_13819
DOID_16	has_subclass	DOID_14116
DOID_16	has_subclass	DOID_14512
DOID_16	has_subclass	DOID_1525
DOID_16	has_subclass	DOID_1526
DOID_16	has_subclass	DOID_1558
DOID_16	has_subclass	DOID_161
DOID_16	has_subclass	DOID_172
DOID_16	has_subclass	DOID_1906
DOID_16	has_subclass	DOID_2053
DOID_16	has_subclass	DOID_2058
DOID_16	has_subclass	DOID_2095
DOID_16	has_subclass	DOID_2173
DOID_16	has_subclass	DOID_2383
DOID_16	has_subclass	DOID_2410
DOID_16	has_subclass	DOID_2411
DOID_16	has_subclass	DOID_2425
DOID_16	has_subclass	DOID_2430
DOID_16	has_subclass	DOID_2433
DOID_16	has_subclass	DOID_2435
DOID_16	has_subclass	DOID_2438
DOID_16	has_subclass	DOID_2495
DOID_16	has_subclass	DOID_2513
DOID_16	has_subclass	DOID_2648
DOID_16	has_subclass	DOID_2687
DOID_16	has_subclass	DOID_2729
DOID_16	has_subclass	DOID_2732
DOID_16	has_subclass	DOID_2733
DOID_16	has_subclass	DOID_2734
DOID_16	has_subclass	DOID_3136
DOID_16	has_subclass	DOID_3138
DOID_16	has_subclass	DOID_3140
DOID_16	has_subclass	DOID_3142
DOID_16	has_subclass	DOID_3144
DOID_16	has_subclass	DOID_3153
DOID_16	has_subclass	DOID_3156
DOID_16	has_subclass	DOID_3158
DOID_16	has_subclass	DOID_3165
DOID_16	has_subclass	DOID_3390
DOID_16	has_subclass	DOID_3450
DOID_16	has_subclass	DOID_3451
DOID_16	has_subclass	DOID_3486
DOID_16	has_subclass	DOID_3805
DOID_16	has_subclass	DOID_3923
DOID_16	has_subclass	DOID_3925
DOID_16	has_subclass	DOID_3926
DOID_16	has_subclass	DOID_3927
DOID_16	has_subclass	DOID_3928
DOID_16	has_subclass	DOID_3965
DOID_16	has_subclass	DOID_4159
DOID_16	has_subclass	DOID_4277
DOID_16	has_subclass	DOID_4278
DOID_16	has_subclass	DOID_4279
DOID_16	has_subclass	DOID_4280
DOID_16	has_subclass	DOID_4281
DOID_16	has_subclass	DOID_4282
DOID_16	has_subclass	DOID_4283
DOID_16	has_subclass	DOID_4286
DOID_16	has_subclass	DOID_4289
DOID_16	has_subclass	DOID_4290
DOID_16	has_subclass	DOID_4291
DOID_16	has_subclass	DOID_4292
DOID_16	has_subclass	DOID_4293
DOID_16	has_subclass	DOID_4294
DOID_16	has_subclass	DOID_4295
DOID_16	has_subclass	DOID_4299
DOID_16	has_subclass	DOID_4300
DOID_16	has_subclass	DOID_4302
DOID_16	has_subclass	DOID_4303
DOID_16	has_subclass	DOID_4304
DOID_16	has_subclass	DOID_4517
DOID_16	has_subclass	DOID_4683
DOID_16	has_subclass	DOID_4702
DOID_16	has_subclass	DOID_4839
DOID_16	has_subclass	DOID_4840
DOID_16	has_subclass	DOID_4871
DOID_16	has_subclass	DOID_4920
DOID_16	has_subclass	DOID_4921
DOID_16	has_subclass	DOID_4933
DOID_16	has_subclass	DOID_4934
DOID_16	has_subclass	DOID_5042
DOID_16	has_subclass	DOID_5063
DOID_16	has_subclass	DOID_5132
DOID_16	has_subclass	DOID_5273
DOID_16	has_subclass	DOID_5274
DOID_16	has_subclass	DOID_5374
DOID_16	has_subclass	DOID_5375
DOID_16	has_subclass	DOID_5376
DOID_16	has_subclass	DOID_5522
DOID_16	has_subclass	DOID_5569
DOID_16	has_subclass	DOID_5570
DOID_16	has_subclass	DOID_5590
DOID_16	has_subclass	DOID_5591
DOID_16	has_subclass	DOID_5667
DOID_16	has_subclass	DOID_5712
DOID_16	has_subclass	DOID_5759
DOID_16	has_subclass	DOID_5769
DOID_16	has_subclass	DOID_5949
DOID_16	has_subclass	DOID_6048
DOID_16	has_subclass	DOID_6367
DOID_16	has_subclass	DOID_6425
DOID_16	has_subclass	DOID_6446
DOID_16	has_subclass	DOID_663
DOID_16	has_subclass	DOID_664
DOID_16	has_subclass	DOID_6687
DOID_16	has_subclass	DOID_6873
DOID_16	has_subclass	DOID_7039
DOID_16	has_subclass	DOID_7049
DOID_16	has_subclass	DOID_7181
DOID_16	has_subclass	DOID_7365
DOID_16	has_subclass	DOID_7426
DOID_16	has_subclass	DOID_7566
DOID_16	has_subclass	DOID_7639
DOID_16	has_subclass	DOID_7960
DOID_16	has_subclass	DOID_8006
DOID_16	has_subclass	DOID_8108
DOID_16	has_subclass	DOID_8170
DOID_16	has_subclass	DOID_8255
DOID_16	has_subclass	DOID_8426
DOID_16	has_subclass	DOID_8529
DOID_16	has_subclass	DOID_8549
DOID_16	has_subclass	DOID_8687
DOID_16	has_subclass	DOID_8717
DOID_16	has_subclass	DOID_8736
DOID_16	has_subclass	DOID_8771
DOID_16	has_subclass	DOID_8881
DOID_16	has_subclass	DOID_8923
DOID_16	has_subclass	DOID_9008
DOID_16	has_subclass	DOID_9063
DOID_16	has_subclass	DOID_9097
DOID_16	has_subclass	DOID_9123
DOID_16	has_subclass	DOID_9153
DOID_16	has_subclass	DOID_9212
DOID_16	has_subclass	DOID_9540
DOID_16	has_subclass	DOID_9745
DOID_16	has_subclass	DOID_9746
DOID_16	has_subclass	DOID_9749
DOID_161	has_subclass	DOID_0050428
DOID_161	has_subclass	DOID_0060361
DOID_161	has_subclass	DOID_0060362
DOID_161	has_subclass	DOID_0060862
DOID_161	has_subclass	DOID_0070550
DOID_161	has_subclass	DOID_0070551
DOID_161	has_subclass	DOID_0070553
DOID_161	has_subclass	DOID_0070554
DOID_161	has_subclass	DOID_0070555
DOID_161	has_subclass	DOID_0080213
DOID_161	has_subclass	DOID_0080214
DOID_161	has_subclass	DOID_0080223
DOID_161	has_subclass	DOID_0080551
DOID_161	has_subclass	DOID_0090128
DOID_161	has_subclass	DOID_0111707
DOID_161	has_subclass	DOID_0111708
DOID_161	has_subclass	DOID_0111709
DOID_161	has_subclass	DOID_0111710
DOID_1612	has_subclass	DOID_0050938
DOID_1612	has_subclass	DOID_0060081
DOID_1612	has_subclass	DOID_0060548
DOID_1612	has_subclass	DOID_0070780
DOID_1612	has_subclass	DOID_0080674
DOID_1612	has_subclass	DOID_11889
DOID_1612	has_subclass	DOID_13799
DOID_1612	has_subclass	DOID_13972
DOID_1612	has_subclass	DOID_1642
DOID_1612	has_subclass	DOID_1647
DOID_1612	has_subclass	DOID_1649
DOID_1612	has_subclass	DOID_1650
DOID_1612	has_subclass	DOID_3457
DOID_1612	has_subclass	DOID_4060
DOID_1612	has_subclass	DOID_4511
DOID_1612	has_subclass	DOID_4877
DOID_1612	has_subclass	DOID_5050
DOID_1612	has_subclass	DOID_5285
DOID_1612	has_subclass	DOID_5370
DOID_1612	has_subclass	DOID_5592
DOID_1612	has_subclass	DOID_5675
DOID_1612	has_subclass	DOID_5701
DOID_1612	has_subclass	DOID_5760
DOID_1612	has_subclass	DOID_6001
DOID_1612	has_subclass	DOID_6629
DOID_1612	has_subclass	DOID_6657
DOID_1612	has_subclass	DOID_6741
DOID_1612	has_subclass	DOID_6742
DOID_1612	has_subclass	DOID_6776
DOID_1612	has_subclass	DOID_7520
DOID_1612	has_subclass	DOID_7521
DOID_1612	has_subclass	DOID_7578
DOID_1612	has_subclass	DOID_7787
DOID_1612	has_subclass	DOID_7843
DOID_1612	has_subclass	DOID_7953
DOID_1612	has_subclass	DOID_8029
DOID_1612	has_subclass	DOID_8068
DOID_1612	has_subclass	DOID_9773
DOID_162	has_subclass	DOID_0050615
DOID_162	has_subclass	DOID_0050619
DOID_162	has_subclass	DOID_0050626
DOID_162	has_subclass	DOID_0050744
DOID_162	has_subclass	DOID_0050745
DOID_162	has_subclass	DOID_0050746
DOID_162	has_subclass	DOID_0050750
DOID_162	has_subclass	DOID_0050865
DOID_162	has_subclass	DOID_0050866
DOID_162	has_subclass	DOID_0050873
DOID_162	has_subclass	DOID_0050901
DOID_162	has_subclass	DOID_0050903
DOID_162	has_subclass	DOID_0050905
DOID_162	has_subclass	DOID_0050908
DOID_162	has_subclass	DOID_0050911
DOID_162	has_subclass	DOID_0050918
DOID_162	has_subclass	DOID_0050919
DOID_162	has_subclass	DOID_0050925
DOID_162	has_subclass	DOID_0050928
DOID_162	has_subclass	DOID_0050929
DOID_162	has_subclass	DOID_0050933
DOID_162	has_subclass	DOID_0050934
DOID_162	has_subclass	DOID_0050937
DOID_162	has_subclass	DOID_0060058
DOID_162	has_subclass	DOID_0060060
DOID_162	has_subclass	DOID_0060103
DOID_162	has_subclass	DOID_0060106
DOID_162	has_subclass	DOID_0060116
DOID_162	has_subclass	DOID_0060592
DOID_162	has_subclass	DOID_0060761
DOID_162	has_subclass	DOID_0060888
DOID_162	has_subclass	DOID_0060901
DOID_162	has_subclass	DOID_0070003
DOID_162	has_subclass	DOID_0070004
DOID_162	has_subclass	DOID_0070324
DOID_162	has_subclass	DOID_0070326
DOID_162	has_subclass	DOID_0070327
DOID_162	has_subclass	DOID_0070623
DOID_162	has_subclass	DOID_0070624
DOID_162	has_subclass	DOID_0070625
DOID_162	has_subclass	DOID_0070626
DOID_162	has_subclass	DOID_0070627
DOID_162	has_subclass	DOID_0070628
DOID_162	has_subclass	DOID_0080146
DOID_162	has_subclass	DOID_0080149
DOID_162	has_subclass	DOID_0080164
DOID_162	has_subclass	DOID_0080165
DOID_162	has_subclass	DOID_0080166
DOID_162	has_subclass	DOID_0080167
DOID_162	has_subclass	DOID_0080192
DOID_162	has_subclass	DOID_0080210
DOID_162	has_subclass	DOID_0080372
DOID_162	has_subclass	DOID_0080532
DOID_162	has_subclass	DOID_0080630
DOID_162	has_subclass	DOID_0080638
DOID_162	has_subclass	DOID_0080643
DOID_162	has_subclass	DOID_0080644
DOID_162	has_subclass	DOID_0080645
DOID_162	has_subclass	DOID_0080646
DOID_162	has_subclass	DOID_0080647
DOID_162	has_subclass	DOID_0080648
DOID_162	has_subclass	DOID_0080649
DOID_162	has_subclass	DOID_0080650
DOID_162	has_subclass	DOID_0080651
DOID_162	has_subclass	DOID_0080684
DOID_162	has_subclass	DOID_0080779
DOID_162	has_subclass	DOID_0080799
DOID_162	has_subclass	DOID_0080879
DOID_162	has_subclass	DOID_0080880
DOID_162	has_subclass	DOID_0080900
DOID_162	has_subclass	DOID_0080903
DOID_162	has_subclass	DOID_0080905
DOID_162	has_subclass	DOID_0080906
DOID_162	has_subclass	DOID_0080909
DOID_162	has_subclass	DOID_0080915
DOID_162	has_subclass	DOID_0080996
DOID_162	has_subclass	DOID_0080997
DOID_162	has_subclass	DOID_0081004
DOID_162	has_subclass	DOID_0081041
DOID_162	has_subclass	DOID_0081042
DOID_162	has_subclass	DOID_0081064
DOID_162	has_subclass	DOID_0081065
DOID_162	has_subclass	DOID_0081066
DOID_162	has_subclass	DOID_0081067
DOID_162	has_subclass	DOID_0081068
DOID_162	has_subclass	DOID_0081069
DOID_162	has_subclass	DOID_0081070
DOID_162	has_subclass	DOID_0081071
DOID_162	has_subclass	DOID_0081088
DOID_162	has_subclass	DOID_0081244
DOID_162	has_subclass	DOID_0081277
DOID_162	has_subclass	DOID_0081286
DOID_162	has_subclass	DOID_0081311
DOID_162	has_subclass	DOID_0081313
DOID_162	has_subclass	DOID_0081315
DOID_162	has_subclass	DOID_0081316
DOID_162	has_subclass	DOID_0081411
DOID_162	has_subclass	DOID_0081412
DOID_162	has_subclass	DOID_0081452
DOID_162	has_subclass	DOID_0111344
DOID_162	has_subclass	DOID_10020
DOID_162	has_subclass	DOID_10021
DOID_162	has_subclass	DOID_10040
DOID_162	has_subclass	DOID_10044
DOID_162	has_subclass	DOID_10047
DOID_162	has_subclass	DOID_10054
DOID_162	has_subclass	DOID_10146
DOID_162	has_subclass	DOID_10154
DOID_162	has_subclass	DOID_10155
DOID_162	has_subclass	DOID_10283
DOID_162	has_subclass	DOID_10286
DOID_162	has_subclass	DOID_10287
DOID_162	has_subclass	DOID_10289
DOID_162	has_subclass	DOID_10290
DOID_162	has_subclass	DOID_1035
DOID_162	has_subclass	DOID_10366
DOID_162	has_subclass	DOID_10368
DOID_162	has_subclass	DOID_1039
DOID_162	has_subclass	DOID_1040
DOID_162	has_subclass	DOID_10540
DOID_162	has_subclass	DOID_10813
DOID_162	has_subclass	DOID_10816
DOID_162	has_subclass	DOID_1106
DOID_162	has_subclass	DOID_11239
DOID_162	has_subclass	DOID_11241
DOID_162	has_subclass	DOID_116
DOID_162	has_subclass	DOID_117
DOID_162	has_subclass	DOID_11821
DOID_162	has_subclass	DOID_119
DOID_162	has_subclass	DOID_11920
DOID_162	has_subclass	DOID_11934
DOID_162	has_subclass	DOID_120
DOID_162	has_subclass	DOID_12001
DOID_162	has_subclass	DOID_12002
DOID_162	has_subclass	DOID_12003
DOID_162	has_subclass	DOID_12016
DOID_162	has_subclass	DOID_12253
DOID_162	has_subclass	DOID_12276
DOID_162	has_subclass	DOID_12286
DOID_162	has_subclass	DOID_12339
DOID_162	has_subclass	DOID_12341
DOID_162	has_subclass	DOID_1240
DOID_162	has_subclass	DOID_12965
DOID_162	has_subclass	DOID_12969
DOID_162	has_subclass	DOID_13005
DOID_162	has_subclass	DOID_13160
DOID_162	has_subclass	DOID_13169
DOID_162	has_subclass	DOID_1319
DOID_162	has_subclass	DOID_134
DOID_162	has_subclass	DOID_1355
DOID_162	has_subclass	DOID_1357
DOID_162	has_subclass	DOID_136
DOID_162	has_subclass	DOID_1360
DOID_162	has_subclass	DOID_1362
DOID_162	has_subclass	DOID_1363
DOID_162	has_subclass	DOID_138
DOID_162	has_subclass	DOID_13996
DOID_162	has_subclass	DOID_14150
DOID_162	has_subclass	DOID_14151
DOID_162	has_subclass	DOID_14384
DOID_162	has_subclass	DOID_14489
DOID_162	has_subclass	DOID_14535
DOID_162	has_subclass	DOID_14545
DOID_162	has_subclass	DOID_1522
DOID_162	has_subclass	DOID_1523
DOID_162	has_subclass	DOID_1542
DOID_162	has_subclass	DOID_1659
DOID_162	has_subclass	DOID_1703
DOID_162	has_subclass	DOID_171
DOID_162	has_subclass	DOID_1752
DOID_162	has_subclass	DOID_1788
DOID_162	has_subclass	DOID_1790
DOID_162	has_subclass	DOID_1792
DOID_162	has_subclass	DOID_1901
DOID_162	has_subclass	DOID_1909
DOID_162	has_subclass	DOID_1910
DOID_162	has_subclass	DOID_193
DOID_162	has_subclass	DOID_1992
DOID_162	has_subclass	DOID_2127
DOID_162	has_subclass	DOID_2129
DOID_162	has_subclass	DOID_2132
DOID_162	has_subclass	DOID_2133
DOID_162	has_subclass	DOID_2135
DOID_162	has_subclass	DOID_2143
DOID_162	has_subclass	DOID_2145
DOID_162	has_subclass	DOID_2146
DOID_162	has_subclass	DOID_2150
DOID_162	has_subclass	DOID_2151
DOID_162	has_subclass	DOID_2152
DOID_162	has_subclass	DOID_2153
DOID_162	has_subclass	DOID_2155
DOID_162	has_subclass	DOID_2156
DOID_162	has_subclass	DOID_2174
DOID_162	has_subclass	DOID_2224
DOID_162	has_subclass	DOID_2226
DOID_162	has_subclass	DOID_2394
DOID_162	has_subclass	DOID_2441
DOID_162	has_subclass	DOID_2442
DOID_162	has_subclass	DOID_2526
DOID_162	has_subclass	DOID_2531
DOID_162	has_subclass	DOID_2641
DOID_162	has_subclass	DOID_2685
DOID_162	has_subclass	DOID_2763
DOID_162	has_subclass	DOID_2764
DOID_162	has_subclass	DOID_2766
DOID_162	has_subclass	DOID_285
DOID_162	has_subclass	DOID_295
DOID_162	has_subclass	DOID_2992
DOID_162	has_subclass	DOID_2998
DOID_162	has_subclass	DOID_3024
DOID_162	has_subclass	DOID_3070
DOID_162	has_subclass	DOID_3093
DOID_162	has_subclass	DOID_3119
DOID_162	has_subclass	DOID_3162
DOID_162	has_subclass	DOID_3181
DOID_162	has_subclass	DOID_3183
DOID_162	has_subclass	DOID_3184
DOID_162	has_subclass	DOID_3186
DOID_162	has_subclass	DOID_3234
DOID_162	has_subclass	DOID_3251
DOID_162	has_subclass	DOID_3252
DOID_162	has_subclass	DOID_3264
DOID_162	has_subclass	DOID_3275
DOID_162	has_subclass	DOID_3277
DOID_162	has_subclass	DOID_3278
DOID_162	has_subclass	DOID_3279
DOID_162	has_subclass	DOID_3280
DOID_162	has_subclass	DOID_3281
DOID_162	has_subclass	DOID_3283
DOID_162	has_subclass	DOID_3350
DOID_162	has_subclass	DOID_3501
DOID_162	has_subclass	DOID_3502
DOID_162	has_subclass	DOID_3504
DOID_162	has_subclass	DOID_355
DOID_162	has_subclass	DOID_3559
DOID_162	has_subclass	DOID_3604
DOID_162	has_subclass	DOID_3605
DOID_162	has_subclass	DOID_3620
DOID_162	has_subclass	DOID_3640
DOID_162	has_subclass	DOID_3644
DOID_162	has_subclass	DOID_3664
DOID_162	has_subclass	DOID_3666
DOID_162	has_subclass	DOID_368
DOID_162	has_subclass	DOID_3693
DOID_162	has_subclass	DOID_3703
DOID_162	has_subclass	DOID_3713
DOID_162	has_subclass	DOID_3774
DOID_162	has_subclass	DOID_3856
DOID_162	has_subclass	DOID_3865
DOID_162	has_subclass	DOID_3870
DOID_162	has_subclass	DOID_4001
DOID_162	has_subclass	DOID_4003
DOID_162	has_subclass	DOID_4011
DOID_162	has_subclass	DOID_4048
DOID_162	has_subclass	DOID_4054
DOID_162	has_subclass	DOID_4055
DOID_162	has_subclass	DOID_4084
DOID_162	has_subclass	DOID_4087
DOID_162	has_subclass	DOID_4115
DOID_162	has_subclass	DOID_4117
DOID_162	has_subclass	DOID_4164
DOID_162	has_subclass	DOID_4202
DOID_162	has_subclass	DOID_4217
DOID_162	has_subclass	DOID_4359
DOID_162	has_subclass	DOID_4360
DOID_162	has_subclass	DOID_4438
DOID_162	has_subclass	DOID_4439
DOID_162	has_subclass	DOID_4441
DOID_162	has_subclass	DOID_4486
DOID_162	has_subclass	DOID_4488
DOID_162	has_subclass	DOID_4489
DOID_162	has_subclass	DOID_4504
DOID_162	has_subclass	DOID_4524
DOID_162	has_subclass	DOID_4527
DOID_162	has_subclass	DOID_4554
DOID_162	has_subclass	DOID_4555
DOID_162	has_subclass	DOID_4584
DOID_162	has_subclass	DOID_4678
DOID_162	has_subclass	DOID_4699
DOID_162	has_subclass	DOID_4739
DOID_162	has_subclass	DOID_4765
DOID_162	has_subclass	DOID_4767
DOID_162	has_subclass	DOID_4768
DOID_162	has_subclass	DOID_4769
DOID_162	has_subclass	DOID_4788
DOID_162	has_subclass	DOID_4790
DOID_162	has_subclass	DOID_4791
DOID_162	has_subclass	DOID_4812
DOID_162	has_subclass	DOID_4813
DOID_162	has_subclass	DOID_4848
DOID_162	has_subclass	DOID_4853
DOID_162	has_subclass	DOID_4855
DOID_162	has_subclass	DOID_4858
DOID_162	has_subclass	DOID_4860
DOID_162	has_subclass	DOID_4868
DOID_162	has_subclass	DOID_4875
DOID_162	has_subclass	DOID_4876
DOID_162	has_subclass	DOID_4894
DOID_162	has_subclass	DOID_4906
DOID_162	has_subclass	DOID_4907
DOID_162	has_subclass	DOID_4932
DOID_162	has_subclass	DOID_4955
DOID_162	has_subclass	DOID_4960
DOID_162	has_subclass	DOID_502
DOID_162	has_subclass	DOID_5057
DOID_162	has_subclass	DOID_5076
DOID_162	has_subclass	DOID_5093
DOID_162	has_subclass	DOID_512
DOID_162	has_subclass	DOID_5169
DOID_162	has_subclass	DOID_5170
DOID_162	has_subclass	DOID_5171
DOID_162	has_subclass	DOID_5207
DOID_162	has_subclass	DOID_5208
DOID_162	has_subclass	DOID_5254
DOID_162	has_subclass	DOID_5261
DOID_162	has_subclass	DOID_5262
DOID_162	has_subclass	DOID_5271
DOID_162	has_subclass	DOID_5282
DOID_162	has_subclass	DOID_5283
DOID_162	has_subclass	DOID_5284
DOID_162	has_subclass	DOID_5304
DOID_162	has_subclass	DOID_5308
DOID_162	has_subclass	DOID_5343
DOID_162	has_subclass	DOID_5349
DOID_162	has_subclass	DOID_5350
DOID_162	has_subclass	DOID_5351
DOID_162	has_subclass	DOID_5511
DOID_162	has_subclass	DOID_5520
DOID_162	has_subclass	DOID_5550
DOID_162	has_subclass	DOID_5557
DOID_162	has_subclass	DOID_5567
DOID_162	has_subclass	DOID_5621
DOID_162	has_subclass	DOID_5626
DOID_162	has_subclass	DOID_5628
DOID_162	has_subclass	DOID_5634
DOID_162	has_subclass	DOID_5677
DOID_162	has_subclass	DOID_5680
DOID_162	has_subclass	DOID_5681
DOID_162	has_subclass	DOID_5740
DOID_162	has_subclass	DOID_5744
DOID_162	has_subclass	DOID_5746
DOID_162	has_subclass	DOID_5772
DOID_162	has_subclass	DOID_5815
DOID_162	has_subclass	DOID_5820
DOID_162	has_subclass	DOID_5821
DOID_162	has_subclass	DOID_5823
DOID_162	has_subclass	DOID_5825
DOID_162	has_subclass	DOID_5826
DOID_162	has_subclass	DOID_5828
DOID_162	has_subclass	DOID_5874
DOID_162	has_subclass	DOID_5875
DOID_162	has_subclass	DOID_5877
DOID_162	has_subclass	DOID_5921
DOID_162	has_subclass	DOID_5922
DOID_162	has_subclass	DOID_5936
DOID_162	has_subclass	DOID_6003
DOID_162	has_subclass	DOID_6004
DOID_162	has_subclass	DOID_6015
DOID_162	has_subclass	DOID_6016
DOID_162	has_subclass	DOID_6018
DOID_162	has_subclass	DOID_6019
DOID_162	has_subclass	DOID_6033
DOID_162	has_subclass	DOID_6034
DOID_162	has_subclass	DOID_6037
DOID_162	has_subclass	DOID_6039
DOID_162	has_subclass	DOID_6041
DOID_162	has_subclass	DOID_6043
DOID_162	has_subclass	DOID_6052
DOID_162	has_subclass	DOID_6082
DOID_162	has_subclass	DOID_6083
DOID_162	has_subclass	DOID_6112
DOID_162	has_subclass	DOID_6113
DOID_162	has_subclass	DOID_6115
DOID_162	has_subclass	DOID_6128
DOID_162	has_subclass	DOID_6162
DOID_162	has_subclass	DOID_6170
DOID_162	has_subclass	DOID_6179
DOID_162	has_subclass	DOID_6201
DOID_162	has_subclass	DOID_6212
DOID_162	has_subclass	DOID_6230
DOID_162	has_subclass	DOID_6262
DOID_162	has_subclass	DOID_6286
DOID_162	has_subclass	DOID_6331
DOID_162	has_subclass	DOID_6337
DOID_162	has_subclass	DOID_6367
DOID_162	has_subclass	DOID_6379
DOID_162	has_subclass	DOID_6408
DOID_162	has_subclass	DOID_6445
DOID_162	has_subclass	DOID_6451
DOID_162	has_subclass	DOID_6500
DOID_162	has_subclass	DOID_6501
DOID_162	has_subclass	DOID_6511
DOID_162	has_subclass	DOID_6512
DOID_162	has_subclass	DOID_6514
DOID_162	has_subclass	DOID_6522
DOID_162	has_subclass	DOID_6523
DOID_162	has_subclass	DOID_6547
DOID_162	has_subclass	DOID_6554
DOID_162	has_subclass	DOID_6566
DOID_162	has_subclass	DOID_6654
DOID_162	has_subclass	DOID_6721
DOID_162	has_subclass	DOID_6723
DOID_162	has_subclass	DOID_6755
DOID_162	has_subclass	DOID_6758
DOID_162	has_subclass	DOID_6759
DOID_162	has_subclass	DOID_6760
DOID_162	has_subclass	DOID_6774
DOID_162	has_subclass	DOID_6787
DOID_162	has_subclass	DOID_6788
DOID_162	has_subclass	DOID_6846
DOID_162	has_subclass	DOID_6848
DOID_162	has_subclass	DOID_6867
DOID_162	has_subclass	DOID_6868
DOID_162	has_subclass	DOID_6871
DOID_162	has_subclass	DOID_6872
DOID_162	has_subclass	DOID_6898
DOID_162	has_subclass	DOID_6901
DOID_162	has_subclass	DOID_6903
DOID_162	has_subclass	DOID_6939
DOID_162	has_subclass	DOID_6958
DOID_162	has_subclass	DOID_7007
DOID_162	has_subclass	DOID_7037
DOID_162	has_subclass	DOID_7040
DOID_162	has_subclass	DOID_7041
DOID_162	has_subclass	DOID_7042
DOID_162	has_subclass	DOID_707
DOID_162	has_subclass	DOID_711
DOID_162	has_subclass	DOID_712
DOID_162	has_subclass	DOID_713
DOID_162	has_subclass	DOID_7136
DOID_162	has_subclass	DOID_7141
DOID_162	has_subclass	DOID_7146
DOID_162	has_subclass	DOID_7152
DOID_162	has_subclass	DOID_7198
DOID_162	has_subclass	DOID_7206
DOID_162	has_subclass	DOID_7214
DOID_162	has_subclass	DOID_7231
DOID_162	has_subclass	DOID_7232
DOID_162	has_subclass	DOID_7233
DOID_162	has_subclass	DOID_7246
DOID_162	has_subclass	DOID_7328
DOID_162	has_subclass	DOID_7381
DOID_162	has_subclass	DOID_7398
DOID_162	has_subclass	DOID_7429
DOID_162	has_subclass	DOID_7430
DOID_162	has_subclass	DOID_7438
DOID_162	has_subclass	DOID_7474
DOID_162	has_subclass	DOID_7479
DOID_162	has_subclass	DOID_7502
DOID_162	has_subclass	DOID_7506
DOID_162	has_subclass	DOID_7516
DOID_162	has_subclass	DOID_7591
DOID_162	has_subclass	DOID_7631
DOID_162	has_subclass	DOID_7650
DOID_162	has_subclass	DOID_7651
DOID_162	has_subclass	DOID_7665
DOID_162	has_subclass	DOID_7684
DOID_162	has_subclass	DOID_774
DOID_162	has_subclass	DOID_775
DOID_162	has_subclass	DOID_7817
DOID_162	has_subclass	DOID_7848
DOID_162	has_subclass	DOID_7849
DOID_162	has_subclass	DOID_7867
DOID_162	has_subclass	DOID_7907
DOID_162	has_subclass	DOID_7910
DOID_162	has_subclass	DOID_7912
DOID_162	has_subclass	DOID_7927
DOID_162	has_subclass	DOID_7936
DOID_162	has_subclass	DOID_7945
DOID_162	has_subclass	DOID_7959
DOID_162	has_subclass	DOID_7994
DOID_162	has_subclass	DOID_8036
DOID_162	has_subclass	DOID_8078
DOID_162	has_subclass	DOID_8110
DOID_162	has_subclass	DOID_8135
DOID_162	has_subclass	DOID_8151
DOID_162	has_subclass	DOID_8167
DOID_162	has_subclass	DOID_8243
DOID_162	has_subclass	DOID_8275
DOID_162	has_subclass	DOID_8305
DOID_162	has_subclass	DOID_8336
DOID_162	has_subclass	DOID_8527
DOID_162	has_subclass	DOID_8543
DOID_162	has_subclass	DOID_8552
DOID_162	has_subclass	DOID_8564
DOID_162	has_subclass	DOID_8567
DOID_162	has_subclass	DOID_8578
DOID_162	has_subclass	DOID_8593
DOID_162	has_subclass	DOID_8618
DOID_162	has_subclass	DOID_8628
DOID_162	has_subclass	DOID_8630
DOID_162	has_subclass	DOID_8635
DOID_162	has_subclass	DOID_8642
DOID_162	has_subclass	DOID_8651
DOID_162	has_subclass	DOID_8654
DOID_162	has_subclass	DOID_8683
DOID_162	has_subclass	DOID_8692
DOID_162	has_subclass	DOID_8696
DOID_162	has_subclass	DOID_8702
DOID_162	has_subclass	DOID_8838
DOID_162	has_subclass	DOID_8864
DOID_162	has_subclass	DOID_8883
DOID_162	has_subclass	DOID_8923
DOID_162	has_subclass	DOID_8930
DOID_162	has_subclass	DOID_8997
DOID_162	has_subclass	DOID_901
DOID_162	has_subclass	DOID_903
DOID_162	has_subclass	DOID_910
DOID_162	has_subclass	DOID_9149
DOID_162	has_subclass	DOID_9188
DOID_162	has_subclass	DOID_9253
DOID_162	has_subclass	DOID_9254
DOID_162	has_subclass	DOID_9261
DOID_162	has_subclass	DOID_9299
DOID_162	has_subclass	DOID_9538
DOID_162	has_subclass	DOID_9541
DOID_162	has_subclass	DOID_9544
DOID_162	has_subclass	DOID_9547
DOID_162	has_subclass	DOID_9550
DOID_162	has_subclass	DOID_9551
DOID_162	has_subclass	DOID_9597
DOID_162	has_subclass	DOID_9986
DOID_1628	has_subclass	DOID_7984
DOID_1628	has_subclass	DOID_8224
DOID_1628	has_subclass	DOID_8225
DOID_1628	has_subclass	DOID_8227
DOID_1659	has_subclass	DOID_0050903
DOID_1659	has_subclass	DOID_0060103
DOID_1659	has_subclass	DOID_0080903
DOID_1659	has_subclass	DOID_0081286
DOID_1659	has_subclass	DOID_0081315
DOID_1659	has_subclass	DOID_12016
DOID_1659	has_subclass	DOID_14384
DOID_1659	has_subclass	DOID_2135
DOID_1659	has_subclass	DOID_3865
DOID_1659	has_subclass	DOID_3870
DOID_1659	has_subclass	DOID_4164
DOID_1659	has_subclass	DOID_4584
DOID_1659	has_subclass	DOID_4788
DOID_1659	has_subclass	DOID_4790
DOID_1659	has_subclass	DOID_5815
DOID_1659	has_subclass	DOID_6112
DOID_1659	has_subclass	DOID_6113
DOID_1659	has_subclass	DOID_6115
DOID_1659	has_subclass	DOID_7007
DOID_1659	has_subclass	DOID_7398
DOID_1659	has_subclass	DOID_7631
DOID_1659	has_subclass	DOID_910
DOID_1679	has_subclass	DOID_13690
DOID_1679	has_subclass	DOID_1678
DOID_1679	has_subclass	DOID_2392
DOID_1682	has_subclass	DOID_0050651
DOID_1686	has_subclass	DOID_11211
DOID_1686	has_subclass	DOID_11212
DOID_1686	has_subclass	DOID_13327
DOID_1686	has_subclass	DOID_14548
DOID_1686	has_subclass	DOID_9948
DOID_169	has_subclass	DOID_7959
DOID_1697	has_subclass	DOID_0060656
DOID_1697	has_subclass	DOID_0060710
DOID_1697	has_subclass	DOID_0060711
DOID_1697	has_subclass	DOID_0060712
DOID_1697	has_subclass	DOID_0060713
DOID_1697	has_subclass	DOID_0060714
DOID_1697	has_subclass	DOID_0060715
DOID_1697	has_subclass	DOID_0060716
DOID_1697	has_subclass	DOID_0060717
DOID_1697	has_subclass	DOID_0060718
DOID_1697	has_subclass	DOID_0060719
DOID_1697	has_subclass	DOID_0060720
DOID_1697	has_subclass	DOID_0061208
DOID_1697	has_subclass	DOID_0080257
DOID_1697	has_subclass	DOID_0080258
DOID_1697	has_subclass	DOID_0081358
DOID_1697	has_subclass	DOID_0081359
DOID_17	has_subclass	DOID_0040098
DOID_17	has_subclass	DOID_0050214
DOID_17	has_subclass	DOID_0050440
DOID_17	has_subclass	DOID_0050463
DOID_17	has_subclass	DOID_0050538
DOID_17	has_subclass	DOID_0050539
DOID_17	has_subclass	DOID_0050540
DOID_17	has_subclass	DOID_0050585
DOID_17	has_subclass	DOID_0050603
DOID_17	has_subclass	DOID_0050604
DOID_17	has_subclass	DOID_0050645
DOID_17	has_subclass	DOID_0050648
DOID_17	has_subclass	DOID_0050680
DOID_17	has_subclass	DOID_0050690
DOID_17	has_subclass	DOID_0050692
DOID_17	has_subclass	DOID_0050695
DOID_17	has_subclass	DOID_0050698
DOID_17	has_subclass	DOID_0050710
DOID_17	has_subclass	DOID_0050767
DOID_17	has_subclass	DOID_0050775
DOID_17	has_subclass	DOID_0050812
DOID_17	has_subclass	DOID_0050824
DOID_17	has_subclass	DOID_0050924
DOID_17	has_subclass	DOID_0051043
DOID_17	has_subclass	DOID_0051046
DOID_17	has_subclass	DOID_0060039
DOID_17	has_subclass	DOID_0060102
DOID_17	has_subclass	DOID_0060157
DOID_17	has_subclass	DOID_0060247
DOID_17	has_subclass	DOID_0060288
DOID_17	has_subclass	DOID_0060338
DOID_17	has_subclass	DOID_0060387
DOID_17	has_subclass	DOID_0060462
DOID_17	has_subclass	DOID_0060490
DOID_17	has_subclass	DOID_0060569
DOID_17	has_subclass	DOID_0060608
DOID_17	has_subclass	DOID_0060609
DOID_17	has_subclass	DOID_0060847
DOID_17	has_subclass	DOID_0060851
DOID_17	has_subclass	DOID_0060887
DOID_17	has_subclass	DOID_0061168
DOID_17	has_subclass	DOID_0061184
DOID_17	has_subclass	DOID_0061197
DOID_17	has_subclass	DOID_0061251
DOID_17	has_subclass	DOID_0070202
DOID_17	has_subclass	DOID_0070203
DOID_17	has_subclass	DOID_0070204
DOID_17	has_subclass	DOID_0070205
DOID_17	has_subclass	DOID_0070206
DOID_17	has_subclass	DOID_0070207
DOID_17	has_subclass	DOID_0070299
DOID_17	has_subclass	DOID_0070300
DOID_17	has_subclass	DOID_0070302
DOID_17	has_subclass	DOID_0070678
DOID_17	has_subclass	DOID_0070679
DOID_17	has_subclass	DOID_0080019
DOID_17	has_subclass	DOID_0080020
DOID_17	has_subclass	DOID_0080021
DOID_17	has_subclass	DOID_0080026
DOID_17	has_subclass	DOID_0080027
DOID_17	has_subclass	DOID_0080038
DOID_17	has_subclass	DOID_0080047
DOID_17	has_subclass	DOID_0080067
DOID_17	has_subclass	DOID_0080068
DOID_17	has_subclass	DOID_0080069
DOID_17	has_subclass	DOID_0080298
DOID_17	has_subclass	DOID_0080299
DOID_17	has_subclass	DOID_0080300
DOID_17	has_subclass	DOID_0080579
DOID_17	has_subclass	DOID_0080580
DOID_17	has_subclass	DOID_0080587
DOID_17	has_subclass	DOID_0080721
DOID_17	has_subclass	DOID_0080722
DOID_17	has_subclass	DOID_0080723
DOID_17	has_subclass	DOID_0080724
DOID_17	has_subclass	DOID_0080841
DOID_17	has_subclass	DOID_0080844
DOID_17	has_subclass	DOID_0080845
DOID_17	has_subclass	DOID_0080850
DOID_17	has_subclass	DOID_0080851
DOID_17	has_subclass	DOID_0080852
DOID_17	has_subclass	DOID_0080894
DOID_17	has_subclass	DOID_0080897
DOID_17	has_subclass	DOID_0080900
DOID_17	has_subclass	DOID_0081270
DOID_17	has_subclass	DOID_0081271
DOID_17	has_subclass	DOID_0110148
DOID_17	has_subclass	DOID_0110149
DOID_17	has_subclass	DOID_0110150
DOID_17	has_subclass	DOID_0110151
DOID_17	has_subclass	DOID_0110152
DOID_17	has_subclass	DOID_0110153
DOID_17	has_subclass	DOID_0110154
DOID_17	has_subclass	DOID_0110155
DOID_17	has_subclass	DOID_0110156
DOID_17	has_subclass	DOID_0110157
DOID_17	has_subclass	DOID_0110158
DOID_17	has_subclass	DOID_0110159
DOID_17	has_subclass	DOID_0110160
DOID_17	has_subclass	DOID_0110161
DOID_17	has_subclass	DOID_0110162
DOID_17	has_subclass	DOID_0110163
DOID_17	has_subclass	DOID_0110164
DOID_17	has_subclass	DOID_0110165
DOID_17	has_subclass	DOID_0110166
DOID_17	has_subclass	DOID_0110167
DOID_17	has_subclass	DOID_0110168
DOID_17	has_subclass	DOID_0110169
DOID_17	has_subclass	DOID_0110170
DOID_17	has_subclass	DOID_0110171
DOID_17	has_subclass	DOID_0110173
DOID_17	has_subclass	DOID_0110174
DOID_17	has_subclass	DOID_0110175
DOID_17	has_subclass	DOID_0110176
DOID_17	has_subclass	DOID_0110177
DOID_17	has_subclass	DOID_0110178
DOID_17	has_subclass	DOID_0110179
DOID_17	has_subclass	DOID_0110180
DOID_17	has_subclass	DOID_0110181
DOID_17	has_subclass	DOID_0110182
DOID_17	has_subclass	DOID_0110657
DOID_17	has_subclass	DOID_0110658
DOID_17	has_subclass	DOID_0110660
DOID_17	has_subclass	DOID_0110661
DOID_17	has_subclass	DOID_0110662
DOID_17	has_subclass	DOID_0110670
DOID_17	has_subclass	DOID_0110673
DOID_17	has_subclass	DOID_0110674
DOID_17	has_subclass	DOID_0110677
DOID_17	has_subclass	DOID_0110679
DOID_17	has_subclass	DOID_0110680
DOID_17	has_subclass	DOID_0111135
DOID_17	has_subclass	DOID_0111136
DOID_17	has_subclass	DOID_0111137
DOID_17	has_subclass	DOID_0111138
DOID_17	has_subclass	DOID_0111167
DOID_17	has_subclass	DOID_0111243
DOID_17	has_subclass	DOID_0111367
DOID_17	has_subclass	DOID_0111508
DOID_17	has_subclass	DOID_0111512
DOID_17	has_subclass	DOID_0111513
DOID_17	has_subclass	DOID_0111533
DOID_17	has_subclass	DOID_0111557
DOID_17	has_subclass	DOID_0111558
DOID_17	has_subclass	DOID_0111559
DOID_17	has_subclass	DOID_0111560
DOID_17	has_subclass	DOID_0111568
DOID_17	has_subclass	DOID_0112150
DOID_17	has_subclass	DOID_0112195
DOID_17	has_subclass	DOID_0112196
DOID_17	has_subclass	DOID_10480
DOID_17	has_subclass	DOID_10481
DOID_17	has_subclass	DOID_10595
DOID_17	has_subclass	DOID_10882
DOID_17	has_subclass	DOID_10986
DOID_17	has_subclass	DOID_11121
DOID_17	has_subclass	DOID_11189
DOID_17	has_subclass	DOID_11329
DOID_17	has_subclass	DOID_11623
DOID_17	has_subclass	DOID_11656
DOID_17	has_subclass	DOID_1222
DOID_17	has_subclass	DOID_12297
DOID_17	has_subclass	DOID_12306
DOID_17	has_subclass	DOID_12721
DOID_17	has_subclass	DOID_13353
DOID_17	has_subclass	DOID_13357
DOID_17	has_subclass	DOID_13481
DOID_17	has_subclass	DOID_13566
DOID_17	has_subclass	DOID_13585
DOID_17	has_subclass	DOID_13884
DOID_17	has_subclass	DOID_14021
DOID_17	has_subclass	DOID_14032
DOID_17	has_subclass	DOID_14033
DOID_17	has_subclass	DOID_14188
DOID_17	has_subclass	DOID_14223
DOID_17	has_subclass	DOID_14482
DOID_17	has_subclass	DOID_14687
DOID_17	has_subclass	DOID_14798
DOID_17	has_subclass	DOID_1575
DOID_17	has_subclass	DOID_1577
DOID_17	has_subclass	DOID_1578
DOID_17	has_subclass	DOID_1580
DOID_17	has_subclass	DOID_1965
DOID_17	has_subclass	DOID_1967
DOID_17	has_subclass	DOID_201
DOID_17	has_subclass	DOID_204
DOID_17	has_subclass	DOID_2256
DOID_17	has_subclass	DOID_2556
DOID_17	has_subclass	DOID_2557
DOID_17	has_subclass	DOID_2704
DOID_17	has_subclass	DOID_2706
DOID_17	has_subclass	DOID_2738
DOID_17	has_subclass	DOID_3141
DOID_17	has_subclass	DOID_3246
DOID_17	has_subclass	DOID_3247
DOID_17	has_subclass	DOID_3250
DOID_17	has_subclass	DOID_3253
DOID_17	has_subclass	DOID_3254
DOID_17	has_subclass	DOID_3255
DOID_17	has_subclass	DOID_3260
DOID_17	has_subclass	DOID_3352
DOID_17	has_subclass	DOID_3367
DOID_17	has_subclass	DOID_3635
DOID_17	has_subclass	DOID_3827
DOID_17	has_subclass	DOID_4043
DOID_17	has_subclass	DOID_4045
DOID_17	has_subclass	DOID_4048
DOID_17	has_subclass	DOID_4049
DOID_17	has_subclass	DOID_4051
DOID_17	has_subclass	DOID_4059
DOID_17	has_subclass	DOID_4065
DOID_17	has_subclass	DOID_4066
DOID_17	has_subclass	DOID_4136
DOID_17	has_subclass	DOID_418
DOID_17	has_subclass	DOID_419
DOID_17	has_subclass	DOID_4230
DOID_17	has_subclass	DOID_4239
DOID_17	has_subclass	DOID_4258
DOID_17	has_subclass	DOID_439
DOID_17	has_subclass	DOID_4480
DOID_17	has_subclass	DOID_5158
DOID_17	has_subclass	DOID_5251
DOID_17	has_subclass	DOID_5253
DOID_17	has_subclass	DOID_5254
DOID_17	has_subclass	DOID_5258
DOID_17	has_subclass	DOID_5259
DOID_17	has_subclass	DOID_5263
DOID_17	has_subclass	DOID_5264
DOID_17	has_subclass	DOID_5265
DOID_17	has_subclass	DOID_5267
DOID_17	has_subclass	DOID_5268
DOID_17	has_subclass	DOID_5271
DOID_17	has_subclass	DOID_5275
DOID_17	has_subclass	DOID_5288
DOID_17	has_subclass	DOID_5292
DOID_17	has_subclass	DOID_5293
DOID_17	has_subclass	DOID_5330
DOID_17	has_subclass	DOID_5484
DOID_17	has_subclass	DOID_5485
DOID_17	has_subclass	DOID_5487
DOID_17	has_subclass	DOID_5488
DOID_17	has_subclass	DOID_5492
DOID_17	has_subclass	DOID_5494
DOID_17	has_subclass	DOID_5495
DOID_17	has_subclass	DOID_5587
DOID_17	has_subclass	DOID_5608
DOID_17	has_subclass	DOID_5684
DOID_17	has_subclass	DOID_6227
DOID_17	has_subclass	DOID_6333
DOID_17	has_subclass	DOID_6786
DOID_17	has_subclass	DOID_6847
DOID_17	has_subclass	DOID_7326
DOID_17	has_subclass	DOID_7327
DOID_17	has_subclass	DOID_7381
DOID_17	has_subclass	DOID_7389
DOID_17	has_subclass	DOID_7390
DOID_17	has_subclass	DOID_7463
DOID_17	has_subclass	DOID_7474
DOID_17	has_subclass	DOID_811
DOID_17	has_subclass	DOID_819
DOID_17	has_subclass	DOID_8251
DOID_17	has_subclass	DOID_8506
DOID_17	has_subclass	DOID_8632
DOID_17	has_subclass	DOID_8936
DOID_17	has_subclass	DOID_9074
DOID_17	has_subclass	DOID_913
DOID_17	has_subclass	DOID_9182
DOID_17	has_subclass	DOID_9358
DOID_17	has_subclass	DOID_9598
DOID_17	has_subclass	DOID_9599
DOID_17	has_subclass	DOID_9600
DOID_17	has_subclass	DOID_9601
DOID_17	has_subclass	DOID_9602
DOID_17	has_subclass	DOID_9603
DOID_17	has_subclass	DOID_9790
DOID_17	has_subclass	DOID_9857
DOID_17	has_subclass	DOID_986
DOID_17	has_subclass	DOID_9957
DOID_170	has_subclass	DOID_0050923
DOID_170	has_subclass	DOID_0050925
DOID_170	has_subclass	DOID_0080522
DOID_170	has_subclass	DOID_0081244
DOID_170	has_subclass	DOID_0081251
DOID_170	has_subclass	DOID_0081457
DOID_170	has_subclass	DOID_0081458
DOID_170	has_subclass	DOID_0081459
DOID_170	has_subclass	DOID_0081460
DOID_170	has_subclass	DOID_0081461
DOID_170	has_subclass	DOID_10011
DOID_170	has_subclass	DOID_10146
DOID_170	has_subclass	DOID_1664
DOID_170	has_subclass	DOID_2992
DOID_170	has_subclass	DOID_3002
DOID_170	has_subclass	DOID_3275
DOID_170	has_subclass	DOID_3278
DOID_170	has_subclass	DOID_3279
DOID_170	has_subclass	DOID_3280
DOID_170	has_subclass	DOID_3281
DOID_170	has_subclass	DOID_3283
DOID_170	has_subclass	DOID_3963
DOID_170	has_subclass	DOID_3972
DOID_170	has_subclass	DOID_4430
DOID_170	has_subclass	DOID_4514
DOID_170	has_subclass	DOID_4515
DOID_170	has_subclass	DOID_4554
DOID_170	has_subclass	DOID_4678
DOID_170	has_subclass	DOID_4687
DOID_170	has_subclass	DOID_4915
DOID_170	has_subclass	DOID_4916
DOID_170	has_subclass	DOID_5030
DOID_170	has_subclass	DOID_5031
DOID_170	has_subclass	DOID_5396
DOID_170	has_subclass	DOID_5574
DOID_170	has_subclass	DOID_5577
DOID_170	has_subclass	DOID_5626
DOID_170	has_subclass	DOID_5777
DOID_170	has_subclass	DOID_6648
DOID_170	has_subclass	DOID_6723
DOID_170	has_subclass	DOID_7214
DOID_170	has_subclass	DOID_7927
DOID_170	has_subclass	DOID_7959
DOID_1701	has_subclass	DOID_0111066
DOID_1701	has_subclass	DOID_0111067
DOID_1701	has_subclass	DOID_0111068
DOID_1701	has_subclass	DOID_0111069
DOID_1701	has_subclass	DOID_0111070
DOID_1701	has_subclass	DOID_0111071
DOID_171	has_subclass	DOID_6871
DOID_1712	has_subclass	DOID_5804
DOID_173	has_subclass	DOID_2078
DOID_174	has_subclass	DOID_11684
DOID_174	has_subclass	DOID_11685
DOID_174	has_subclass	DOID_6943
DOID_174	has_subclass	DOID_6944
DOID_174	has_subclass	DOID_6945
DOID_1749	has_subclass	DOID_3740
DOID_1749	has_subclass	DOID_3741
DOID_1749	has_subclass	DOID_3752
DOID_1749	has_subclass	DOID_5907
DOID_1749	has_subclass	DOID_5908
DOID_1749	has_subclass	DOID_7047
DOID_1749	has_subclass	DOID_7048
DOID_1749	has_subclass	DOID_7363
DOID_1749	has_subclass	DOID_7408
DOID_1749	has_subclass	DOID_7409
DOID_1749	has_subclass	DOID_7459
DOID_1749	has_subclass	DOID_7460
DOID_1749	has_subclass	DOID_7461
DOID_1749	has_subclass	DOID_7583
DOID_1749	has_subclass	DOID_7958
DOID_1749	has_subclass	DOID_8009
DOID_1749	has_subclass	DOID_8013
DOID_175	has_subclass	DOID_0080190
DOID_175	has_subclass	DOID_265
DOID_175	has_subclass	DOID_268
DOID_175	has_subclass	DOID_4505
DOID_175	has_subclass	DOID_4510
DOID_175	has_subclass	DOID_4512
DOID_175	has_subclass	DOID_4513
DOID_175	has_subclass	DOID_4522
DOID_175	has_subclass	DOID_4525
DOID_175	has_subclass	DOID_4527
DOID_1756	has_subclass	DOID_12506
DOID_176	has_subclass	DOID_116
DOID_176	has_subclass	DOID_14535
DOID_176	has_subclass	DOID_4699
DOID_176	has_subclass	DOID_5261
DOID_176	has_subclass	DOID_5262
DOID_176	has_subclass	DOID_5877
DOID_176	has_subclass	DOID_6033
DOID_176	has_subclass	DOID_6034
DOID_176	has_subclass	DOID_6201
DOID_176	has_subclass	DOID_6547
DOID_176	has_subclass	DOID_9299
DOID_178	has_subclass	DOID_0050644
DOID_178	has_subclass	DOID_0050792
DOID_178	has_subclass	DOID_0050830
DOID_178	has_subclass	DOID_0060228
DOID_178	has_subclass	DOID_0060688
DOID_178	has_subclass	DOID_0080895
DOID_178	has_subclass	DOID_0080938
DOID_178	has_subclass	DOID_0080964
DOID_178	has_subclass	DOID_0080965
DOID_178	has_subclass	DOID_0080966
DOID_178	has_subclass	DOID_0080967
DOID_178	has_subclass	DOID_0080968
DOID_178	has_subclass	DOID_0080969
DOID_178	has_subclass	DOID_0080970
DOID_178	has_subclass	DOID_0080971
DOID_178	has_subclass	DOID_0080972
DOID_178	has_subclass	DOID_0080973
DOID_178	has_subclass	DOID_0080974
DOID_178	has_subclass	DOID_0080975
DOID_178	has_subclass	DOID_0111151
DOID_178	has_subclass	DOID_0111547
DOID_178	has_subclass	DOID_10300
DOID_178	has_subclass	DOID_10880
DOID_178	has_subclass	DOID_10941
DOID_178	has_subclass	DOID_112
DOID_178	has_subclass	DOID_11294
DOID_178	has_subclass	DOID_11299
DOID_178	has_subclass	DOID_11695
DOID_178	has_subclass	DOID_11713
DOID_178	has_subclass	DOID_11840
DOID_178	has_subclass	DOID_11847
DOID_178	has_subclass	DOID_12282
DOID_178	has_subclass	DOID_1272
DOID_178	has_subclass	DOID_12918
DOID_178	has_subclass	DOID_13081
DOID_178	has_subclass	DOID_13095
DOID_178	has_subclass	DOID_13096
DOID_178	has_subclass	DOID_13098
DOID_178	has_subclass	DOID_13099
DOID_178	has_subclass	DOID_13252
DOID_178	has_subclass	DOID_13446
DOID_178	has_subclass	DOID_14006
DOID_178	has_subclass	DOID_14308
DOID_178	has_subclass	DOID_14392
DOID_178	has_subclass	DOID_223
DOID_178	has_subclass	DOID_2508
DOID_178	has_subclass	DOID_254
DOID_178	has_subclass	DOID_271
DOID_178	has_subclass	DOID_275
DOID_178	has_subclass	DOID_3393
DOID_178	has_subclass	DOID_342
DOID_178	has_subclass	DOID_3527
DOID_178	has_subclass	DOID_3875
DOID_178	has_subclass	DOID_4028
DOID_178	has_subclass	DOID_4266
DOID_178	has_subclass	DOID_4522
DOID_178	has_subclass	DOID_467
DOID_178	has_subclass	DOID_468
DOID_178	has_subclass	DOID_469
DOID_178	has_subclass	DOID_470
DOID_178	has_subclass	DOID_471
DOID_178	has_subclass	DOID_474
DOID_178	has_subclass	DOID_486
DOID_178	has_subclass	DOID_490
DOID_178	has_subclass	DOID_492
DOID_178	has_subclass	DOID_495
DOID_178	has_subclass	DOID_496
DOID_178	has_subclass	DOID_505
DOID_178	has_subclass	DOID_5393
DOID_178	has_subclass	DOID_5766
DOID_178	has_subclass	DOID_5843
DOID_178	has_subclass	DOID_5844
DOID_178	has_subclass	DOID_5845
DOID_178	has_subclass	DOID_5846
DOID_178	has_subclass	DOID_5847
DOID_178	has_subclass	DOID_5848
DOID_178	has_subclass	DOID_5849
DOID_178	has_subclass	DOID_5850
DOID_178	has_subclass	DOID_5851
DOID_178	has_subclass	DOID_5852
DOID_178	has_subclass	DOID_5853
DOID_178	has_subclass	DOID_5854
DOID_178	has_subclass	DOID_5855
DOID_178	has_subclass	DOID_6621
DOID_178	has_subclass	DOID_663
DOID_178	has_subclass	DOID_7389
DOID_178	has_subclass	DOID_7390
DOID_178	has_subclass	DOID_8331
DOID_178	has_subclass	DOID_864
DOID_178	has_subclass	DOID_8805
DOID_178	has_subclass	DOID_9286
DOID_178	has_subclass	DOID_9767
DOID_1781	has_subclass	DOID_0050923
DOID_1781	has_subclass	DOID_0080522
DOID_1781	has_subclass	DOID_0081457
DOID_1781	has_subclass	DOID_0081458
DOID_1781	has_subclass	DOID_0081459
DOID_1781	has_subclass	DOID_0081460
DOID_1781	has_subclass	DOID_0081461
DOID_1781	has_subclass	DOID_3972
DOID_1781	has_subclass	DOID_4514
DOID_1781	has_subclass	DOID_4687
DOID_1785	has_subclass	DOID_4915
DOID_1785	has_subclass	DOID_5396
DOID_1791	has_subclass	DOID_6228
DOID_1793	has_subclass	DOID_3919
DOID_1799	has_subclass	DOID_7840
DOID_18	has_subclass	DOID_0040086
DOID_18	has_subclass	DOID_0050200
DOID_18	has_subclass	DOID_0050201
DOID_18	has_subclass	DOID_0050260
DOID_18	has_subclass	DOID_0050269
DOID_18	has_subclass	DOID_0050387
DOID_18	has_subclass	DOID_0050522
DOID_18	has_subclass	DOID_0050855
DOID_18	has_subclass	DOID_0051078
DOID_18	has_subclass	DOID_0060062
DOID_18	has_subclass	DOID_0060911
DOID_18	has_subclass	DOID_0061118
DOID_18	has_subclass	DOID_0061119
DOID_18	has_subclass	DOID_0061120
DOID_18	has_subclass	DOID_0061121
DOID_18	has_subclass	DOID_0061122
DOID_18	has_subclass	DOID_0070314
DOID_18	has_subclass	DOID_0070475
DOID_18	has_subclass	DOID_0070732
DOID_18	has_subclass	DOID_0080077
DOID_18	has_subclass	DOID_0080200
DOID_18	has_subclass	DOID_0080205
DOID_18	has_subclass	DOID_0080206
DOID_18	has_subclass	DOID_0080207
DOID_18	has_subclass	DOID_0080615
DOID_18	has_subclass	DOID_0080616
DOID_18	has_subclass	DOID_0080654
DOID_18	has_subclass	DOID_0080655
DOID_18	has_subclass	DOID_0080901
DOID_18	has_subclass	DOID_0080927
DOID_18	has_subclass	DOID_0080928
DOID_18	has_subclass	DOID_0080933
DOID_18	has_subclass	DOID_0080934
DOID_18	has_subclass	DOID_0080936
DOID_18	has_subclass	DOID_0081413
DOID_18	has_subclass	DOID_0081414
DOID_18	has_subclass	DOID_0081415
DOID_18	has_subclass	DOID_0081416
DOID_18	has_subclass	DOID_0081418
DOID_18	has_subclass	DOID_0111101
DOID_18	has_subclass	DOID_10177
DOID_18	has_subclass	DOID_10194
DOID_18	has_subclass	DOID_1063
DOID_18	has_subclass	DOID_1073
DOID_18	has_subclass	DOID_1076
DOID_18	has_subclass	DOID_10952
DOID_18	has_subclass	DOID_11054
DOID_18	has_subclass	DOID_11266
DOID_18	has_subclass	DOID_11400
DOID_18	has_subclass	DOID_11401
DOID_18	has_subclass	DOID_11520
DOID_18	has_subclass	DOID_11593
DOID_18	has_subclass	DOID_11664
DOID_18	has_subclass	DOID_11809
DOID_18	has_subclass	DOID_11811
DOID_18	has_subclass	DOID_11812
DOID_18	has_subclass	DOID_11813
DOID_18	has_subclass	DOID_11814
DOID_18	has_subclass	DOID_11818
DOID_18	has_subclass	DOID_11819
DOID_18	has_subclass	DOID_11820
DOID_18	has_subclass	DOID_12132
DOID_18	has_subclass	DOID_12369
DOID_18	has_subclass	DOID_12465
DOID_18	has_subclass	DOID_12554
DOID_18	has_subclass	DOID_12594
DOID_18	has_subclass	DOID_12679
DOID_18	has_subclass	DOID_13068
DOID_18	has_subclass	DOID_13145
DOID_18	has_subclass	DOID_1343
DOID_18	has_subclass	DOID_13461
DOID_18	has_subclass	DOID_13498
DOID_18	has_subclass	DOID_14146
DOID_18	has_subclass	DOID_1425
DOID_18	has_subclass	DOID_14489
DOID_18	has_subclass	DOID_14491
DOID_18	has_subclass	DOID_14766
DOID_18	has_subclass	DOID_1591
DOID_18	has_subclass	DOID_2154
DOID_18	has_subclass	DOID_262
DOID_18	has_subclass	DOID_263
DOID_18	has_subclass	DOID_2673
DOID_18	has_subclass	DOID_2697
DOID_18	has_subclass	DOID_2698
DOID_18	has_subclass	DOID_2743
DOID_18	has_subclass	DOID_2744
DOID_18	has_subclass	DOID_2973
DOID_18	has_subclass	DOID_2981
DOID_18	has_subclass	DOID_2982
DOID_18	has_subclass	DOID_2983
DOID_18	has_subclass	DOID_3052
DOID_18	has_subclass	DOID_3116
DOID_18	has_subclass	DOID_3508
DOID_18	has_subclass	DOID_3749
DOID_18	has_subclass	DOID_3750
DOID_18	has_subclass	DOID_4013
DOID_18	has_subclass	DOID_4022
DOID_18	has_subclass	DOID_4242
DOID_18	has_subclass	DOID_4450
DOID_18	has_subclass	DOID_4451
DOID_18	has_subclass	DOID_4454
DOID_18	has_subclass	DOID_4455
DOID_18	has_subclass	DOID_4463
DOID_18	has_subclass	DOID_4464
DOID_18	has_subclass	DOID_4465
DOID_18	has_subclass	DOID_4467
DOID_18	has_subclass	DOID_4471
DOID_18	has_subclass	DOID_4472
DOID_18	has_subclass	DOID_4473
DOID_18	has_subclass	DOID_4773
DOID_18	has_subclass	DOID_4780
DOID_18	has_subclass	DOID_4880
DOID_18	has_subclass	DOID_4939
DOID_18	has_subclass	DOID_5176
DOID_18	has_subclass	DOID_5178
DOID_18	has_subclass	DOID_5179
DOID_18	has_subclass	DOID_5182
DOID_18	has_subclass	DOID_5183
DOID_18	has_subclass	DOID_5189
DOID_18	has_subclass	DOID_5191
DOID_18	has_subclass	DOID_5199
DOID_18	has_subclass	DOID_5287
DOID_18	has_subclass	DOID_5539
DOID_18	has_subclass	DOID_559
DOID_18	has_subclass	DOID_5699
DOID_18	has_subclass	DOID_5982
DOID_18	has_subclass	DOID_5983
DOID_18	has_subclass	DOID_6163
DOID_18	has_subclass	DOID_6166
DOID_18	has_subclass	DOID_6167
DOID_18	has_subclass	DOID_6257
DOID_18	has_subclass	DOID_6258
DOID_18	has_subclass	DOID_6259
DOID_18	has_subclass	DOID_6404
DOID_18	has_subclass	DOID_6605
DOID_18	has_subclass	DOID_6606
DOID_18	has_subclass	DOID_6845
DOID_18	has_subclass	DOID_6886
DOID_18	has_subclass	DOID_6888
DOID_18	has_subclass	DOID_7192
DOID_18	has_subclass	DOID_734
DOID_18	has_subclass	DOID_736
DOID_18	has_subclass	DOID_738
DOID_18	has_subclass	DOID_7488
DOID_18	has_subclass	DOID_7571
DOID_18	has_subclass	DOID_7762
DOID_18	has_subclass	DOID_782
DOID_18	has_subclass	DOID_8082
DOID_18	has_subclass	DOID_8083
DOID_18	has_subclass	DOID_8108
DOID_18	has_subclass	DOID_8223
DOID_18	has_subclass	DOID_8259
DOID_18	has_subclass	DOID_827
DOID_18	has_subclass	DOID_8272
DOID_18	has_subclass	DOID_9234
DOID_18	has_subclass	DOID_9266
DOID_18	has_subclass	DOID_9339
DOID_18	has_subclass	DOID_9341
DOID_18	has_subclass	DOID_9589
DOID_18	has_subclass	DOID_9617
DOID_18	has_subclass	DOID_9620
DOID_18	has_subclass	DOID_9622
DOID_18	has_subclass	DOID_9808
DOID_18	has_subclass	DOID_9877
DOID_1802	has_subclass	DOID_12168
DOID_1802	has_subclass	DOID_1835
DOID_1802	has_subclass	DOID_1844
DOID_1802	has_subclass	DOID_571
DOID_1826	has_subclass	DOID_0050561
DOID_1826	has_subclass	DOID_0050562
DOID_1826	has_subclass	DOID_0050702
DOID_1826	has_subclass	DOID_0050703
DOID_1826	has_subclass	DOID_0050704
DOID_1826	has_subclass	DOID_0050705
DOID_1826	has_subclass	DOID_0050708
DOID_1826	has_subclass	DOID_0050709
DOID_1826	has_subclass	DOID_0051083
DOID_1826	has_subclass	DOID_0051084
DOID_1826	has_subclass	DOID_0051085
DOID_1826	has_subclass	DOID_0051087
DOID_1826	has_subclass	DOID_0051088
DOID_1826	has_subclass	DOID_0051089
DOID_1826	has_subclass	DOID_0051090
DOID_1826	has_subclass	DOID_0051091
DOID_1826	has_subclass	DOID_0060169
DOID_1826	has_subclass	DOID_0060170
DOID_1826	has_subclass	DOID_0060172
DOID_1826	has_subclass	DOID_0060475
DOID_1826	has_subclass	DOID_0060681
DOID_1826	has_subclass	DOID_0060682
DOID_1826	has_subclass	DOID_0060683
DOID_1826	has_subclass	DOID_0060684
DOID_1826	has_subclass	DOID_0060685
DOID_1826	has_subclass	DOID_0060686
DOID_1826	has_subclass	DOID_0060748
DOID_1826	has_subclass	DOID_0060750
DOID_1826	has_subclass	DOID_0060751
DOID_1826	has_subclass	DOID_0060754
DOID_1826	has_subclass	DOID_0060755
DOID_1826	has_subclass	DOID_0060848
DOID_1826	has_subclass	DOID_0070309
DOID_1826	has_subclass	DOID_0070377
DOID_1826	has_subclass	DOID_0070380
DOID_1826	has_subclass	DOID_0070381
DOID_1826	has_subclass	DOID_0070382
DOID_1826	has_subclass	DOID_0070385
DOID_1826	has_subclass	DOID_0070386
DOID_1826	has_subclass	DOID_0070390
DOID_1826	has_subclass	DOID_0070392
DOID_1826	has_subclass	DOID_0070393
DOID_1826	has_subclass	DOID_0070394
DOID_1826	has_subclass	DOID_0070545
DOID_1826	has_subclass	DOID_0080215
DOID_1826	has_subclass	DOID_0080284
DOID_1826	has_subclass	DOID_0080291
DOID_1826	has_subclass	DOID_0080349
DOID_1826	has_subclass	DOID_0080421
DOID_1826	has_subclass	DOID_0080422
DOID_1826	has_subclass	DOID_0080424
DOID_1826	has_subclass	DOID_0080426
DOID_1826	has_subclass	DOID_0080427
DOID_1826	has_subclass	DOID_0080433
DOID_1826	has_subclass	DOID_0080434
DOID_1826	has_subclass	DOID_0080435
DOID_1826	has_subclass	DOID_0080436
DOID_1826	has_subclass	DOID_0080437
DOID_1826	has_subclass	DOID_0080440
DOID_1826	has_subclass	DOID_0080442
DOID_1826	has_subclass	DOID_0080443
DOID_1826	has_subclass	DOID_0080445
DOID_1826	has_subclass	DOID_0080446
DOID_1826	has_subclass	DOID_0080447
DOID_1826	has_subclass	DOID_0080448
DOID_1826	has_subclass	DOID_0080449
DOID_1826	has_subclass	DOID_0080451
DOID_1826	has_subclass	DOID_0080452
DOID_1826	has_subclass	DOID_0080454
DOID_1826	has_subclass	DOID_0080455
DOID_1826	has_subclass	DOID_0080457
DOID_1826	has_subclass	DOID_0080459
DOID_1826	has_subclass	DOID_0080460
DOID_1826	has_subclass	DOID_0080461
DOID_1826	has_subclass	DOID_0080462
DOID_1826	has_subclass	DOID_0080463
DOID_1826	has_subclass	DOID_0080465
DOID_1826	has_subclass	DOID_0080472
DOID_1826	has_subclass	DOID_0081114
DOID_1826	has_subclass	DOID_0081116
DOID_1826	has_subclass	DOID_0081117
DOID_1826	has_subclass	DOID_0081118
DOID_1826	has_subclass	DOID_0081325
DOID_1826	has_subclass	DOID_0081420
DOID_1826	has_subclass	DOID_0081421
DOID_1826	has_subclass	DOID_0081422
DOID_1826	has_subclass	DOID_0081423
DOID_1826	has_subclass	DOID_0081424
DOID_1826	has_subclass	DOID_0110683
DOID_1826	has_subclass	DOID_0111293
DOID_1826	has_subclass	DOID_0111294
DOID_1826	has_subclass	DOID_0111295
DOID_1826	has_subclass	DOID_0111296
DOID_1826	has_subclass	DOID_0111299
DOID_1826	has_subclass	DOID_0111300
DOID_1826	has_subclass	DOID_0111301
DOID_1826	has_subclass	DOID_0111302
DOID_1826	has_subclass	DOID_0111324
DOID_1826	has_subclass	DOID_0111325
DOID_1826	has_subclass	DOID_0111326
DOID_1826	has_subclass	DOID_0111327
DOID_1826	has_subclass	DOID_0111328
DOID_1826	has_subclass	DOID_0111645
DOID_1826	has_subclass	DOID_0111689
DOID_1826	has_subclass	DOID_0111690
DOID_1826	has_subclass	DOID_0111691
DOID_1826	has_subclass	DOID_0111692
DOID_1826	has_subclass	DOID_0111696
DOID_1826	has_subclass	DOID_0112202
DOID_1826	has_subclass	DOID_0112203
DOID_1826	has_subclass	DOID_0112204
DOID_1826	has_subclass	DOID_0112205
DOID_1826	has_subclass	DOID_0112207
DOID_1826	has_subclass	DOID_0112209
DOID_1826	has_subclass	DOID_0112210
DOID_1826	has_subclass	DOID_0112211
DOID_1826	has_subclass	DOID_0112212
DOID_1826	has_subclass	DOID_0112214
DOID_1826	has_subclass	DOID_0112216
DOID_1826	has_subclass	DOID_0112218
DOID_1826	has_subclass	DOID_0112220
DOID_1826	has_subclass	DOID_0112222
DOID_1826	has_subclass	DOID_0112223
DOID_1826	has_subclass	DOID_0112275
DOID_1826	has_subclass	DOID_12382
DOID_1826	has_subclass	DOID_14264
DOID_1826	has_subclass	DOID_14777
DOID_1826	has_subclass	DOID_1825
DOID_1826	has_subclass	DOID_2538
DOID_1826	has_subclass	DOID_308
DOID_1826	has_subclass	DOID_3327
DOID_1826	has_subclass	DOID_3328
DOID_1826	has_subclass	DOID_3329
DOID_1826	has_subclass	DOID_3330
DOID_1826	has_subclass	DOID_3331
DOID_1826	has_subclass	DOID_4890
DOID_1826	has_subclass	DOID_5129
DOID_1826	has_subclass	DOID_7725
DOID_1827	has_subclass	DOID_0111293
DOID_1827	has_subclass	DOID_0111294
DOID_1827	has_subclass	DOID_0111295
DOID_1827	has_subclass	DOID_0111296
DOID_1827	has_subclass	DOID_0111299
DOID_1827	has_subclass	DOID_0111300
DOID_1827	has_subclass	DOID_0111301
DOID_1827	has_subclass	DOID_0111302
DOID_184	has_subclass	DOID_0050897
DOID_184	has_subclass	DOID_0081247
DOID_184	has_subclass	DOID_2338
DOID_184	has_subclass	DOID_2775
DOID_184	has_subclass	DOID_3258
DOID_184	has_subclass	DOID_3259
DOID_184	has_subclass	DOID_3347
DOID_184	has_subclass	DOID_3351
DOID_184	has_subclass	DOID_3354
DOID_184	has_subclass	DOID_3356
DOID_184	has_subclass	DOID_3361
DOID_184	has_subclass	DOID_3371
DOID_184	has_subclass	DOID_3372
DOID_184	has_subclass	DOID_3373
DOID_184	has_subclass	DOID_3374
DOID_184	has_subclass	DOID_3376
DOID_184	has_subclass	DOID_3377
DOID_184	has_subclass	DOID_3379
DOID_184	has_subclass	DOID_3643
DOID_184	has_subclass	DOID_3842
DOID_184	has_subclass	DOID_4141
DOID_184	has_subclass	DOID_4384
DOID_184	has_subclass	DOID_4388
DOID_184	has_subclass	DOID_4435
DOID_184	has_subclass	DOID_4618
DOID_184	has_subclass	DOID_5809
DOID_184	has_subclass	DOID_5859
DOID_184	has_subclass	DOID_5861
DOID_184	has_subclass	DOID_5862
DOID_184	has_subclass	DOID_5866
DOID_184	has_subclass	DOID_5867
DOID_184	has_subclass	DOID_6322
DOID_184	has_subclass	DOID_6489
DOID_184	has_subclass	DOID_6494
DOID_184	has_subclass	DOID_6762
DOID_184	has_subclass	DOID_6951
DOID_184	has_subclass	DOID_7103
DOID_184	has_subclass	DOID_7542
DOID_184	has_subclass	DOID_7602
DOID_184	has_subclass	DOID_7603
DOID_184	has_subclass	DOID_7612
DOID_184	has_subclass	DOID_7713
DOID_184	has_subclass	DOID_8058
DOID_184	has_subclass	DOID_9987
DOID_1852	has_subclass	DOID_0070222
DOID_1852	has_subclass	DOID_0070225
DOID_1852	has_subclass	DOID_0070226
DOID_1852	has_subclass	DOID_0070228
DOID_1852	has_subclass	DOID_0070229
DOID_1863	has_subclass	DOID_3643
DOID_1863	has_subclass	DOID_4435
DOID_1863	has_subclass	DOID_7103
DOID_1863	has_subclass	DOID_7713
DOID_1863	has_subclass	DOID_8058
DOID_1876	has_subclass	DOID_4762
DOID_1891	has_subclass	DOID_0080840
DOID_1891	has_subclass	DOID_0111433
DOID_1891	has_subclass	DOID_0111434
DOID_1891	has_subclass	DOID_0111435
DOID_1891	has_subclass	DOID_0111436
DOID_1891	has_subclass	DOID_0111438
DOID_1891	has_subclass	DOID_0111439
DOID_1891	has_subclass	DOID_0111440
DOID_1891	has_subclass	DOID_0111441
DOID_1891	has_subclass	DOID_0111442
DOID_1891	has_subclass	DOID_0111443
DOID_1891	has_subclass	DOID_10175
DOID_1891	has_subclass	DOID_10337
DOID_1891	has_subclass	DOID_10627
DOID_1891	has_subclass	DOID_10631
DOID_1891	has_subclass	DOID_1209
DOID_1891	has_subclass	DOID_13329
DOID_1891	has_subclass	DOID_14155
DOID_1891	has_subclass	DOID_14555
DOID_1909	has_subclass	DOID_0070326
DOID_1909	has_subclass	DOID_0070327
DOID_1909	has_subclass	DOID_10040
DOID_1909	has_subclass	DOID_10044
DOID_1909	has_subclass	DOID_10047
DOID_1909	has_subclass	DOID_10054
DOID_1909	has_subclass	DOID_6367
DOID_1909	has_subclass	DOID_6522
DOID_1909	has_subclass	DOID_6523
DOID_1909	has_subclass	DOID_6566
DOID_1909	has_subclass	DOID_7040
DOID_1909	has_subclass	DOID_7041
DOID_1909	has_subclass	DOID_7042
DOID_1923	has_subclass	DOID_0050791
DOID_1923	has_subclass	DOID_0112248
DOID_1924	has_subclass	DOID_0090071
DOID_1924	has_subclass	DOID_0090075
DOID_1924	has_subclass	DOID_0090077
DOID_1924	has_subclass	DOID_0090078
DOID_1924	has_subclass	DOID_0090080
DOID_1924	has_subclass	DOID_0090081
DOID_1924	has_subclass	DOID_0090082
DOID_1924	has_subclass	DOID_0090083
DOID_1924	has_subclass	DOID_0090086
DOID_1924	has_subclass	DOID_0090087
DOID_1924	has_subclass	DOID_0090088
DOID_1924	has_subclass	DOID_0090091
DOID_1924	has_subclass	DOID_0090093
DOID_1924	has_subclass	DOID_3614
DOID_1926	has_subclass	DOID_0112250
DOID_1927	has_subclass	DOID_0110957
DOID_1927	has_subclass	DOID_0110958
DOID_1927	has_subclass	DOID_0110959
DOID_1927	has_subclass	DOID_0110960
DOID_1927	has_subclass	DOID_0110961
DOID_1927	has_subclass	DOID_0112250
DOID_1927	has_subclass	DOID_3320
DOID_1927	has_subclass	DOID_3321
DOID_1927	has_subclass	DOID_3323
DOID_1927	has_subclass	DOID_4795
DOID_193	has_subclass	DOID_0050918
DOID_193	has_subclass	DOID_0050928
DOID_193	has_subclass	DOID_0050933
DOID_193	has_subclass	DOID_0050934
DOID_193	has_subclass	DOID_0080909
DOID_193	has_subclass	DOID_10283
DOID_193	has_subclass	DOID_10286
DOID_193	has_subclass	DOID_10287
DOID_193	has_subclass	DOID_10289
DOID_193	has_subclass	DOID_10290
DOID_193	has_subclass	DOID_10366
DOID_193	has_subclass	DOID_10368
DOID_193	has_subclass	DOID_119
DOID_193	has_subclass	DOID_12253
DOID_193	has_subclass	DOID_12276
DOID_193	has_subclass	DOID_12286
DOID_193	has_subclass	DOID_13169
DOID_193	has_subclass	DOID_134
DOID_193	has_subclass	DOID_136
DOID_193	has_subclass	DOID_138
DOID_193	has_subclass	DOID_14545
DOID_193	has_subclass	DOID_1901
DOID_193	has_subclass	DOID_1910
DOID_193	has_subclass	DOID_2143
DOID_193	has_subclass	DOID_2145
DOID_193	has_subclass	DOID_2146
DOID_193	has_subclass	DOID_2150
DOID_193	has_subclass	DOID_2151
DOID_193	has_subclass	DOID_2152
DOID_193	has_subclass	DOID_2153
DOID_193	has_subclass	DOID_2155
DOID_193	has_subclass	DOID_2156
DOID_193	has_subclass	DOID_2394
DOID_193	has_subclass	DOID_2526
DOID_193	has_subclass	DOID_2641
DOID_193	has_subclass	DOID_2992
DOID_193	has_subclass	DOID_2998
DOID_193	has_subclass	DOID_3024
DOID_193	has_subclass	DOID_3251
DOID_193	has_subclass	DOID_3252
DOID_193	has_subclass	DOID_3504
DOID_193	has_subclass	DOID_3604
DOID_193	has_subclass	DOID_3605
DOID_193	has_subclass	DOID_3703
DOID_193	has_subclass	DOID_3713
DOID_193	has_subclass	DOID_4001
DOID_193	has_subclass	DOID_4011
DOID_193	has_subclass	DOID_4054
DOID_193	has_subclass	DOID_4084
DOID_193	has_subclass	DOID_4087
DOID_193	has_subclass	DOID_4115
DOID_193	has_subclass	DOID_4117
DOID_193	has_subclass	DOID_4217
DOID_193	has_subclass	DOID_4441
DOID_193	has_subclass	DOID_4524
DOID_193	has_subclass	DOID_4527
DOID_193	has_subclass	DOID_4555
DOID_193	has_subclass	DOID_4739
DOID_193	has_subclass	DOID_4868
DOID_193	has_subclass	DOID_4894
DOID_193	has_subclass	DOID_512
DOID_193	has_subclass	DOID_5169
DOID_193	has_subclass	DOID_5170
DOID_193	has_subclass	DOID_5171
DOID_193	has_subclass	DOID_5207
DOID_193	has_subclass	DOID_5208
DOID_193	has_subclass	DOID_5282
DOID_193	has_subclass	DOID_5283
DOID_193	has_subclass	DOID_5304
DOID_193	has_subclass	DOID_5350
DOID_193	has_subclass	DOID_5351
DOID_193	has_subclass	DOID_5511
DOID_193	has_subclass	DOID_5550
DOID_193	has_subclass	DOID_5557
DOID_193	has_subclass	DOID_5567
DOID_193	has_subclass	DOID_5634
DOID_193	has_subclass	DOID_5680
DOID_193	has_subclass	DOID_5681
DOID_193	has_subclass	DOID_5744
DOID_193	has_subclass	DOID_5746
DOID_193	has_subclass	DOID_5828
DOID_193	has_subclass	DOID_5936
DOID_193	has_subclass	DOID_6082
DOID_193	has_subclass	DOID_6083
DOID_193	has_subclass	DOID_6162
DOID_193	has_subclass	DOID_6170
DOID_193	has_subclass	DOID_6179
DOID_193	has_subclass	DOID_6212
DOID_193	has_subclass	DOID_6230
DOID_193	has_subclass	DOID_6331
DOID_193	has_subclass	DOID_6408
DOID_193	has_subclass	DOID_6445
DOID_193	has_subclass	DOID_6511
DOID_193	has_subclass	DOID_6512
DOID_193	has_subclass	DOID_6514
DOID_193	has_subclass	DOID_6554
DOID_193	has_subclass	DOID_6721
DOID_193	has_subclass	DOID_6774
DOID_193	has_subclass	DOID_6787
DOID_193	has_subclass	DOID_6788
DOID_193	has_subclass	DOID_6848
DOID_193	has_subclass	DOID_6898
DOID_193	has_subclass	DOID_6901
DOID_193	has_subclass	DOID_7037
DOID_193	has_subclass	DOID_7141
DOID_193	has_subclass	DOID_7152
DOID_193	has_subclass	DOID_7246
DOID_193	has_subclass	DOID_7438
DOID_193	has_subclass	DOID_7591
DOID_193	has_subclass	DOID_7650
DOID_193	has_subclass	DOID_7651
DOID_193	has_subclass	DOID_7665
DOID_193	has_subclass	DOID_8036
DOID_193	has_subclass	DOID_8275
DOID_193	has_subclass	DOID_8336
DOID_193	has_subclass	DOID_9597
DOID_1934	has_subclass	DOID_0050654
DOID_1934	has_subclass	DOID_0060242
DOID_1934	has_subclass	DOID_0060467
DOID_1934	has_subclass	DOID_0060703
DOID_1934	has_subclass	DOID_0061009
DOID_1934	has_subclass	DOID_0061010
DOID_1934	has_subclass	DOID_0061255
DOID_1934	has_subclass	DOID_0081317
DOID_1934	has_subclass	DOID_0081318
DOID_1934	has_subclass	DOID_0081319
DOID_1934	has_subclass	DOID_0081320
DOID_1934	has_subclass	DOID_0111813
DOID_1934	has_subclass	DOID_0111816
DOID_1934	has_subclass	DOID_0111818
DOID_1934	has_subclass	DOID_0111819
DOID_1934	has_subclass	DOID_0111820
DOID_1934	has_subclass	DOID_0112360
DOID_1934	has_subclass	DOID_0112361
DOID_1934	has_subclass	DOID_0112362
DOID_1934	has_subclass	DOID_0112363
DOID_1934	has_subclass	DOID_0112364
DOID_1934	has_subclass	DOID_0112365
DOID_1934	has_subclass	DOID_11193
DOID_1934	has_subclass	DOID_14762
DOID_1934	has_subclass	DOID_2339
DOID_1934	has_subclass	DOID_2340
DOID_1962	has_subclass	DOID_0050004
DOID_1962	has_subclass	DOID_10399
DOID_1962	has_subclass	DOID_10400
DOID_1962	has_subclass	DOID_10973
DOID_1962	has_subclass	DOID_13942
DOID_1962	has_subclass	DOID_1963
DOID_1962	has_subclass	DOID_1965
DOID_1962	has_subclass	DOID_1970
DOID_1962	has_subclass	DOID_1973
DOID_1962	has_subclass	DOID_3173
DOID_1962	has_subclass	DOID_3704
DOID_1962	has_subclass	DOID_3705
DOID_1962	has_subclass	DOID_3706
DOID_1962	has_subclass	DOID_4008
DOID_1962	has_subclass	DOID_5124
DOID_1962	has_subclass	DOID_5196
DOID_1962	has_subclass	DOID_5301
DOID_1962	has_subclass	DOID_5324
DOID_1962	has_subclass	DOID_5540
DOID_1962	has_subclass	DOID_5564
DOID_1962	has_subclass	DOID_5597
DOID_1962	has_subclass	DOID_5598
DOID_1962	has_subclass	DOID_5732
DOID_1962	has_subclass	DOID_5831
DOID_1962	has_subclass	DOID_7266
DOID_1962	has_subclass	DOID_8186
DOID_1963	has_subclass	DOID_3704
DOID_1963	has_subclass	DOID_5301
DOID_1963	has_subclass	DOID_5597
DOID_1963	has_subclass	DOID_5598
DOID_1963	has_subclass	DOID_5831
DOID_1964	has_subclass	DOID_1973
DOID_1964	has_subclass	DOID_3704
DOID_1964	has_subclass	DOID_3706
DOID_1964	has_subclass	DOID_4008
DOID_1964	has_subclass	DOID_5301
DOID_1964	has_subclass	DOID_5540
DOID_1964	has_subclass	DOID_5597
DOID_1964	has_subclass	DOID_5598
DOID_1964	has_subclass	DOID_5831
DOID_1964	has_subclass	DOID_7266
DOID_1964	has_subclass	DOID_8186
DOID_1969	has_subclass	DOID_10965
DOID_1969	has_subclass	DOID_10967
DOID_1969	has_subclass	DOID_10968
DOID_1993	has_subclass	DOID_4053
DOID_1993	has_subclass	DOID_5297
DOID_1993	has_subclass	DOID_6190
DOID_1993	has_subclass	DOID_6959
DOID_200	has_subclass	DOID_1866
DOID_2001	has_subclass	DOID_11888
DOID_2001	has_subclass	DOID_12689
DOID_2001	has_subclass	DOID_3196
DOID_2001	has_subclass	DOID_3203
DOID_2001	has_subclass	DOID_3205
DOID_2001	has_subclass	DOID_3206
DOID_2001	has_subclass	DOID_6484
DOID_2001	has_subclass	DOID_6735
DOID_2001	has_subclass	DOID_956
DOID_2007	has_subclass	DOID_0050817
DOID_2007	has_subclass	DOID_0061238
DOID_2007	has_subclass	DOID_0061239
DOID_2007	has_subclass	DOID_0061240
DOID_2007	has_subclass	DOID_0061241
DOID_2007	has_subclass	DOID_0110014
DOID_2007	has_subclass	DOID_0110015
DOID_2007	has_subclass	DOID_0110017
DOID_2007	has_subclass	DOID_0110018
DOID_2007	has_subclass	DOID_0110019
DOID_2007	has_subclass	DOID_0110020
DOID_2007	has_subclass	DOID_0110021
DOID_2007	has_subclass	DOID_0110022
DOID_2007	has_subclass	DOID_0110023
DOID_2007	has_subclass	DOID_0110024
DOID_2007	has_subclass	DOID_0110025
DOID_2007	has_subclass	DOID_0110026
DOID_2007	has_subclass	DOID_0110027
DOID_2007	has_subclass	DOID_0110028
DOID_201	has_subclass	DOID_0050695
DOID_201	has_subclass	DOID_14032
DOID_201	has_subclass	DOID_14033
DOID_201	has_subclass	DOID_2704
DOID_201	has_subclass	DOID_5484
DOID_201	has_subclass	DOID_5485
DOID_201	has_subclass	DOID_5487
DOID_201	has_subclass	DOID_5488
DOID_201	has_subclass	DOID_5492
DOID_201	has_subclass	DOID_5494
DOID_201	has_subclass	DOID_5495
DOID_201	has_subclass	DOID_7381
DOID_201	has_subclass	DOID_7474
DOID_2021	has_subclass	DOID_2024
DOID_2021	has_subclass	DOID_2025
DOID_2021	has_subclass	DOID_3596
DOID_2021	has_subclass	DOID_4320
DOID_2021	has_subclass	DOID_5550
DOID_2021	has_subclass	DOID_5551
DOID_2021	has_subclass	DOID_6160
DOID_2021	has_subclass	DOID_6634
DOID_2021	has_subclass	DOID_6639
DOID_2021	has_subclass	DOID_6693
DOID_2021	has_subclass	DOID_7591
DOID_2021	has_subclass	DOID_7665
DOID_2021	has_subclass	DOID_8186
DOID_2021	has_subclass	DOID_8187
DOID_2021	has_subclass	DOID_8188
DOID_2021	has_subclass	DOID_8336
DOID_2030	has_subclass	DOID_11257
DOID_2030	has_subclass	DOID_593
DOID_2033	has_subclass	DOID_0060046
DOID_2033	has_subclass	DOID_0060130
DOID_2033	has_subclass	DOID_0060131
DOID_2033	has_subclass	DOID_0060132
DOID_2033	has_subclass	DOID_0060133
DOID_2033	has_subclass	DOID_0060134
DOID_2033	has_subclass	DOID_0060136
DOID_2033	has_subclass	DOID_0060137
DOID_2033	has_subclass	DOID_0060138
DOID_2033	has_subclass	DOID_0060139
DOID_2033	has_subclass	DOID_0060140
DOID_2033	has_subclass	DOID_0060141
DOID_2033	has_subclass	DOID_0060142
DOID_2033	has_subclass	DOID_0060143
DOID_2033	has_subclass	DOID_0060144
DOID_2033	has_subclass	DOID_0060146
DOID_2033	has_subclass	DOID_0060147
DOID_2033	has_subclass	DOID_0060148
DOID_2033	has_subclass	DOID_0060149
DOID_2033	has_subclass	DOID_0060150
DOID_2033	has_subclass	DOID_0060151
DOID_2033	has_subclass	DOID_0060152
DOID_2033	has_subclass	DOID_0060153
DOID_2033	has_subclass	DOID_0060154
DOID_2033	has_subclass	DOID_0060155
DOID_2033	has_subclass	DOID_0060156
DOID_2033	has_subclass	DOID_0060243
DOID_2033	has_subclass	DOID_0060244
DOID_2033	has_subclass	DOID_0111275
DOID_2033	has_subclass	DOID_11385
DOID_2033	has_subclass	DOID_13417
DOID_2033	has_subclass	DOID_4186
DOID_2033	has_subclass	DOID_4188
DOID_2033	has_subclass	DOID_4189
DOID_2033	has_subclass	DOID_4541
DOID_2033	has_subclass	DOID_4970
DOID_205	has_subclass	DOID_0051099
DOID_205	has_subclass	DOID_0060756
DOID_205	has_subclass	DOID_0060757
DOID_205	has_subclass	DOID_0081365
DOID_205	has_subclass	DOID_0081368
DOID_205	has_subclass	DOID_0081369
DOID_205	has_subclass	DOID_206
DOID_205	has_subclass	DOID_210
DOID_2053	has_subclass	DOID_8108
DOID_2053	has_subclass	DOID_8170
DOID_2053	has_subclass	DOID_8255
DOID_2059	has_subclass	DOID_11905
DOID_2059	has_subclass	DOID_1293
DOID_2059	has_subclass	DOID_1294
DOID_2059	has_subclass	DOID_13389
DOID_2059	has_subclass	DOID_2071
DOID_2059	has_subclass	DOID_2072
DOID_2059	has_subclass	DOID_2076
DOID_2059	has_subclass	DOID_2093
DOID_2059	has_subclass	DOID_2097
DOID_2059	has_subclass	DOID_2098
DOID_2059	has_subclass	DOID_2101
DOID_2059	has_subclass	DOID_2401
DOID_2059	has_subclass	DOID_3740
DOID_2059	has_subclass	DOID_4301
DOID_2059	has_subclass	DOID_5711
DOID_2059	has_subclass	DOID_5761
DOID_2059	has_subclass	DOID_6339
DOID_2059	has_subclass	DOID_6448
DOID_2059	has_subclass	DOID_6569
DOID_2059	has_subclass	DOID_7048
DOID_2059	has_subclass	DOID_7363
DOID_2059	has_subclass	DOID_7408
DOID_2059	has_subclass	DOID_7409
DOID_2059	has_subclass	DOID_7565
DOID_2059	has_subclass	DOID_7567
DOID_2072	has_subclass	DOID_6569
DOID_2095	has_subclass	DOID_4920
DOID_2095	has_subclass	DOID_4933
DOID_2095	has_subclass	DOID_5569
DOID_2095	has_subclass	DOID_5590
DOID_2095	has_subclass	DOID_5591
DOID_2095	has_subclass	DOID_6446
DOID_2095	has_subclass	DOID_7566
DOID_2095	has_subclass	DOID_7960
DOID_2113	has_subclass	DOID_13336
DOID_2115	has_subclass	DOID_0050222
DOID_2115	has_subclass	DOID_0060027
DOID_2115	has_subclass	DOID_0081136
DOID_2115	has_subclass	DOID_0081138
DOID_2115	has_subclass	DOID_0081141
DOID_2115	has_subclass	DOID_0081142
DOID_2115	has_subclass	DOID_0081143
DOID_2115	has_subclass	DOID_0081144
DOID_2115	has_subclass	DOID_0081147
DOID_2115	has_subclass	DOID_0081148
DOID_2115	has_subclass	DOID_0081150
DOID_2115	has_subclass	DOID_0081154
DOID_2115	has_subclass	DOID_0081156
DOID_2115	has_subclass	DOID_11701
DOID_2115	has_subclass	DOID_11702
DOID_2115	has_subclass	DOID_12177
DOID_2115	has_subclass	DOID_14176
DOID_2115	has_subclass	DOID_14179
DOID_2115	has_subclass	DOID_6024
DOID_2115	has_subclass	DOID_7263
DOID_2121	has_subclass	DOID_0111652
DOID_2121	has_subclass	DOID_0111653
DOID_2121	has_subclass	DOID_0111654
DOID_2121	has_subclass	DOID_0111656
DOID_2121	has_subclass	DOID_0111657
DOID_2121	has_subclass	DOID_0111659
DOID_2121	has_subclass	DOID_0111660
DOID_2121	has_subclass	DOID_0111663
DOID_214	has_subclass	DOID_0060945
DOID_214	has_subclass	DOID_0070704
DOID_214	has_subclass	DOID_0070706
DOID_214	has_subclass	DOID_0080960
DOID_214	has_subclass	DOID_0110053
DOID_214	has_subclass	DOID_0110054
DOID_214	has_subclass	DOID_0110056
DOID_214	has_subclass	DOID_0110057
DOID_214	has_subclass	DOID_0110058
DOID_214	has_subclass	DOID_0110059
DOID_214	has_subclass	DOID_0110062
DOID_214	has_subclass	DOID_0110063
DOID_214	has_subclass	DOID_0110064
DOID_214	has_subclass	DOID_0110065
DOID_214	has_subclass	DOID_0110066
DOID_214	has_subclass	DOID_10461
DOID_214	has_subclass	DOID_11736
DOID_214	has_subclass	DOID_13239
DOID_214	has_subclass	DOID_14089
DOID_214	has_subclass	DOID_14529
DOID_214	has_subclass	DOID_14550
DOID_214	has_subclass	DOID_217
DOID_214	has_subclass	DOID_2187
DOID_2151	has_subclass	DOID_0050933
DOID_2151	has_subclass	DOID_0050934
DOID_2151	has_subclass	DOID_3604
DOID_2151	has_subclass	DOID_3605
DOID_2151	has_subclass	DOID_3713
DOID_2151	has_subclass	DOID_4115
DOID_2151	has_subclass	DOID_4555
DOID_2151	has_subclass	DOID_4894
DOID_2151	has_subclass	DOID_5304
DOID_2151	has_subclass	DOID_5744
DOID_2151	has_subclass	DOID_5746
DOID_2151	has_subclass	DOID_5828
DOID_2151	has_subclass	DOID_6179
DOID_2151	has_subclass	DOID_6408
DOID_2151	has_subclass	DOID_6445
DOID_2151	has_subclass	DOID_6898
DOID_2151	has_subclass	DOID_7438
DOID_2151	has_subclass	DOID_7650
DOID_2151	has_subclass	DOID_7651
DOID_2152	has_subclass	DOID_0050933
DOID_2152	has_subclass	DOID_0050934
DOID_2152	has_subclass	DOID_3604
DOID_2152	has_subclass	DOID_3605
DOID_2152	has_subclass	DOID_3713
DOID_2152	has_subclass	DOID_4001
DOID_2152	has_subclass	DOID_4115
DOID_2152	has_subclass	DOID_4217
DOID_2152	has_subclass	DOID_4555
DOID_2152	has_subclass	DOID_4894
DOID_2152	has_subclass	DOID_5304
DOID_2152	has_subclass	DOID_5744
DOID_2152	has_subclass	DOID_5746
DOID_2152	has_subclass	DOID_5828
DOID_2152	has_subclass	DOID_6170
DOID_2152	has_subclass	DOID_6179
DOID_2152	has_subclass	DOID_6408
DOID_2152	has_subclass	DOID_6445
DOID_2152	has_subclass	DOID_6898
DOID_2152	has_subclass	DOID_7438
DOID_2152	has_subclass	DOID_7650
DOID_2152	has_subclass	DOID_7651
DOID_2155	has_subclass	DOID_5350
DOID_2155	has_subclass	DOID_5936
DOID_2155	has_subclass	DOID_6083
DOID_2155	has_subclass	DOID_6511
DOID_2155	has_subclass	DOID_6512
DOID_2155	has_subclass	DOID_6514
DOID_2155	has_subclass	DOID_6774
DOID_2155	has_subclass	DOID_7037
DOID_2155	has_subclass	DOID_7591
DOID_2155	has_subclass	DOID_7665
DOID_2155	has_subclass	DOID_8336
DOID_2156	has_subclass	DOID_2641
DOID_2156	has_subclass	DOID_5207
DOID_2156	has_subclass	DOID_5208
DOID_2156	has_subclass	DOID_5350
DOID_2156	has_subclass	DOID_5351
DOID_2156	has_subclass	DOID_5550
DOID_2156	has_subclass	DOID_5936
DOID_2156	has_subclass	DOID_6083
DOID_2156	has_subclass	DOID_6230
DOID_2156	has_subclass	DOID_6331
DOID_2156	has_subclass	DOID_6511
DOID_2156	has_subclass	DOID_6512
DOID_2156	has_subclass	DOID_6514
DOID_2156	has_subclass	DOID_6774
DOID_2156	has_subclass	DOID_7037
DOID_2156	has_subclass	DOID_7591
DOID_2156	has_subclass	DOID_7665
DOID_2156	has_subclass	DOID_8336
DOID_2163	has_subclass	DOID_0080797
DOID_2163	has_subclass	DOID_0080799
DOID_2163	has_subclass	DOID_4633
DOID_2163	has_subclass	DOID_4930
DOID_2163	has_subclass	DOID_4931
DOID_2163	has_subclass	DOID_5515
DOID_2163	has_subclass	DOID_8415
DOID_2174	has_subclass	DOID_6037
DOID_2174	has_subclass	DOID_775
DOID_219	has_subclass	DOID_0080183
DOID_219	has_subclass	DOID_12191
DOID_219	has_subclass	DOID_2781
DOID_219	has_subclass	DOID_2782
DOID_219	has_subclass	DOID_5519
DOID_219	has_subclass	DOID_6804
DOID_2218	has_subclass	DOID_0060995
DOID_2218	has_subclass	DOID_11126
DOID_2218	has_subclass	DOID_1587
DOID_2234	has_subclass	DOID_0060681
DOID_2234	has_subclass	DOID_0060682
DOID_2234	has_subclass	DOID_0060683
DOID_2234	has_subclass	DOID_0060684
DOID_2234	has_subclass	DOID_0060685
DOID_2234	has_subclass	DOID_0060686
DOID_2234	has_subclass	DOID_0060748
DOID_2234	has_subclass	DOID_0060750
DOID_2234	has_subclass	DOID_0060751
DOID_2234	has_subclass	DOID_0060754
DOID_2234	has_subclass	DOID_0060755
DOID_2234	has_subclass	DOID_0081421
DOID_2234	has_subclass	DOID_0081422
DOID_2234	has_subclass	DOID_0081423
DOID_2234	has_subclass	DOID_0081424
DOID_2237	has_subclass	DOID_0050204
DOID_2237	has_subclass	DOID_12549
DOID_2237	has_subclass	DOID_1883
DOID_2237	has_subclass	DOID_2043
DOID_2237	has_subclass	DOID_2047
DOID_2237	has_subclass	DOID_4411
DOID_225	has_subclass	DOID_0050331
DOID_225	has_subclass	DOID_0050430
DOID_225	has_subclass	DOID_0050465
DOID_225	has_subclass	DOID_0050469
DOID_225	has_subclass	DOID_0050777
DOID_225	has_subclass	DOID_0050778
DOID_225	has_subclass	DOID_0051067
DOID_225	has_subclass	DOID_0060233
DOID_225	has_subclass	DOID_0060316
DOID_225	has_subclass	DOID_0060364
DOID_225	has_subclass	DOID_0060374
DOID_225	has_subclass	DOID_0060376
DOID_225	has_subclass	DOID_0060377
DOID_225	has_subclass	DOID_0060381
DOID_225	has_subclass	DOID_0060559
DOID_225	has_subclass	DOID_0060560
DOID_225	has_subclass	DOID_0060571
DOID_225	has_subclass	DOID_0060572
DOID_225	has_subclass	DOID_0060575
DOID_225	has_subclass	DOID_0060576
DOID_225	has_subclass	DOID_0060577
DOID_225	has_subclass	DOID_0060612
DOID_225	has_subclass	DOID_0060613
DOID_225	has_subclass	DOID_0060653
DOID_225	has_subclass	DOID_0060654
DOID_225	has_subclass	DOID_0060958
DOID_225	has_subclass	DOID_0060959
DOID_225	has_subclass	DOID_0060962
DOID_225	has_subclass	DOID_0060970
DOID_225	has_subclass	DOID_0060981
DOID_225	has_subclass	DOID_0060982
DOID_225	has_subclass	DOID_0060997
DOID_225	has_subclass	DOID_0061073
DOID_225	has_subclass	DOID_0061115
DOID_225	has_subclass	DOID_0061116
DOID_225	has_subclass	DOID_0061117
DOID_225	has_subclass	DOID_0061154
DOID_225	has_subclass	DOID_0061261
DOID_225	has_subclass	DOID_0061262
DOID_225	has_subclass	DOID_0061263
DOID_225	has_subclass	DOID_0061264
DOID_225	has_subclass	DOID_0061265
DOID_225	has_subclass	DOID_0061266
DOID_225	has_subclass	DOID_0061267
DOID_225	has_subclass	DOID_0061268
DOID_225	has_subclass	DOID_0061277
DOID_225	has_subclass	DOID_0061278
DOID_225	has_subclass	DOID_0061279
DOID_225	has_subclass	DOID_0061280
DOID_225	has_subclass	DOID_0061281
DOID_225	has_subclass	DOID_0061282
DOID_225	has_subclass	DOID_0061283
DOID_225	has_subclass	DOID_0061289
DOID_225	has_subclass	DOID_0061290
DOID_225	has_subclass	DOID_0061291
DOID_225	has_subclass	DOID_0061292
DOID_225	has_subclass	DOID_0061294
DOID_225	has_subclass	DOID_0061297
DOID_225	has_subclass	DOID_0070005
DOID_225	has_subclass	DOID_0070006
DOID_225	has_subclass	DOID_0070007
DOID_225	has_subclass	DOID_0070008
DOID_225	has_subclass	DOID_0070009
DOID_225	has_subclass	DOID_0070010
DOID_225	has_subclass	DOID_0070011
DOID_225	has_subclass	DOID_0070012
DOID_225	has_subclass	DOID_0070013
DOID_225	has_subclass	DOID_0070115
DOID_225	has_subclass	DOID_0070116
DOID_225	has_subclass	DOID_0070117
DOID_225	has_subclass	DOID_0070118
DOID_225	has_subclass	DOID_0070119
DOID_225	has_subclass	DOID_0070120
DOID_225	has_subclass	DOID_0070121
DOID_225	has_subclass	DOID_0070122
DOID_225	has_subclass	DOID_0070271
DOID_225	has_subclass	DOID_0070272
DOID_225	has_subclass	DOID_0070273
DOID_225	has_subclass	DOID_0070274
DOID_225	has_subclass	DOID_0070275
DOID_225	has_subclass	DOID_0070276
DOID_225	has_subclass	DOID_0070480
DOID_225	has_subclass	DOID_0070481
DOID_225	has_subclass	DOID_0070484
DOID_225	has_subclass	DOID_0070618
DOID_225	has_subclass	DOID_0070655
DOID_225	has_subclass	DOID_0070703
DOID_225	has_subclass	DOID_0080244
DOID_225	has_subclass	DOID_0080245
DOID_225	has_subclass	DOID_0080246
DOID_225	has_subclass	DOID_0080247
DOID_225	has_subclass	DOID_0080253
DOID_225	has_subclass	DOID_0080254
DOID_225	has_subclass	DOID_0080256
DOID_225	has_subclass	DOID_0080275
DOID_225	has_subclass	DOID_0080276
DOID_225	has_subclass	DOID_0080277
DOID_225	has_subclass	DOID_0080278
DOID_225	has_subclass	DOID_0080279
DOID_225	has_subclass	DOID_0080289
DOID_225	has_subclass	DOID_0080324
DOID_225	has_subclass	DOID_0080325
DOID_225	has_subclass	DOID_0080345
DOID_225	has_subclass	DOID_0080346
DOID_225	has_subclass	DOID_0080395
DOID_225	has_subclass	DOID_0080396
DOID_225	has_subclass	DOID_0080397
DOID_225	has_subclass	DOID_0080398
DOID_225	has_subclass	DOID_0080399
DOID_225	has_subclass	DOID_0080400
DOID_225	has_subclass	DOID_0080401
DOID_225	has_subclass	DOID_0080402
DOID_225	has_subclass	DOID_0080403
DOID_225	has_subclass	DOID_0080404
DOID_225	has_subclass	DOID_0080405
DOID_225	has_subclass	DOID_0080406
DOID_225	has_subclass	DOID_0080407
DOID_225	has_subclass	DOID_0080408
DOID_225	has_subclass	DOID_0080505
DOID_225	has_subclass	DOID_0080506
DOID_225	has_subclass	DOID_0080507
DOID_225	has_subclass	DOID_0080508
DOID_225	has_subclass	DOID_0080509
DOID_225	has_subclass	DOID_0080585
DOID_225	has_subclass	DOID_0080586
DOID_225	has_subclass	DOID_0080593
DOID_225	has_subclass	DOID_0080628
DOID_225	has_subclass	DOID_0080675
DOID_225	has_subclass	DOID_0080691
DOID_225	has_subclass	DOID_0080692
DOID_225	has_subclass	DOID_0080693
DOID_225	has_subclass	DOID_0080785
DOID_225	has_subclass	DOID_0080786
DOID_225	has_subclass	DOID_0080907
DOID_225	has_subclass	DOID_0080908
DOID_225	has_subclass	DOID_0080945
DOID_225	has_subclass	DOID_0080950
DOID_225	has_subclass	DOID_0080951
DOID_225	has_subclass	DOID_0081043
DOID_225	has_subclass	DOID_0081112
DOID_225	has_subclass	DOID_0081121
DOID_225	has_subclass	DOID_0081321
DOID_225	has_subclass	DOID_0081333
DOID_225	has_subclass	DOID_0081334
DOID_225	has_subclass	DOID_0081371
DOID_225	has_subclass	DOID_0110213
DOID_225	has_subclass	DOID_0110214
DOID_225	has_subclass	DOID_0110716
DOID_225	has_subclass	DOID_0110717
DOID_225	has_subclass	DOID_0110718
DOID_225	has_subclass	DOID_0110719
DOID_225	has_subclass	DOID_0110826
DOID_225	has_subclass	DOID_0110827
DOID_225	has_subclass	DOID_0110829
DOID_225	has_subclass	DOID_0110830
DOID_225	has_subclass	DOID_0110831
DOID_225	has_subclass	DOID_0110832
DOID_225	has_subclass	DOID_0110833
DOID_225	has_subclass	DOID_0110834
DOID_225	has_subclass	DOID_0110835
DOID_225	has_subclass	DOID_0110837
DOID_225	has_subclass	DOID_0110838
DOID_225	has_subclass	DOID_0110839
DOID_225	has_subclass	DOID_0110840
DOID_225	has_subclass	DOID_0110843
DOID_225	has_subclass	DOID_0110844
DOID_225	has_subclass	DOID_0110845
DOID_225	has_subclass	DOID_0110846
DOID_225	has_subclass	DOID_0110847
DOID_225	has_subclass	DOID_0110848
DOID_225	has_subclass	DOID_0110849
DOID_225	has_subclass	DOID_0110850
DOID_225	has_subclass	DOID_0110947
DOID_225	has_subclass	DOID_0110948
DOID_225	has_subclass	DOID_0110949
DOID_225	has_subclass	DOID_0110950
DOID_225	has_subclass	DOID_0110951
DOID_225	has_subclass	DOID_0110953
DOID_225	has_subclass	DOID_0110954
DOID_225	has_subclass	DOID_0110955
DOID_225	has_subclass	DOID_0110956
DOID_225	has_subclass	DOID_0110980
DOID_225	has_subclass	DOID_0110981
DOID_225	has_subclass	DOID_0110982
DOID_225	has_subclass	DOID_0110983
DOID_225	has_subclass	DOID_0110984
DOID_225	has_subclass	DOID_0110985
DOID_225	has_subclass	DOID_0110986
DOID_225	has_subclass	DOID_0110987
DOID_225	has_subclass	DOID_0110988
DOID_225	has_subclass	DOID_0110989
DOID_225	has_subclass	DOID_0110990
DOID_225	has_subclass	DOID_0110991
DOID_225	has_subclass	DOID_0110992
DOID_225	has_subclass	DOID_0110993
DOID_225	has_subclass	DOID_0110994
DOID_225	has_subclass	DOID_0110995
DOID_225	has_subclass	DOID_0110996
DOID_225	has_subclass	DOID_0110997
DOID_225	has_subclass	DOID_0110998
DOID_225	has_subclass	DOID_0110999
DOID_225	has_subclass	DOID_0111000
DOID_225	has_subclass	DOID_0111001
DOID_225	has_subclass	DOID_0111002
DOID_225	has_subclass	DOID_0111003
DOID_225	has_subclass	DOID_0111004
DOID_225	has_subclass	DOID_0111252
DOID_225	has_subclass	DOID_0111353
DOID_225	has_subclass	DOID_0111354
DOID_225	has_subclass	DOID_0111376
DOID_225	has_subclass	DOID_0111377
DOID_225	has_subclass	DOID_0111378
DOID_225	has_subclass	DOID_0111379
DOID_225	has_subclass	DOID_0111385
DOID_225	has_subclass	DOID_0111386
DOID_225	has_subclass	DOID_0111423
DOID_225	has_subclass	DOID_0111424
DOID_225	has_subclass	DOID_0111460
DOID_225	has_subclass	DOID_0111461
DOID_225	has_subclass	DOID_0111463
DOID_225	has_subclass	DOID_0111683
DOID_225	has_subclass	DOID_0111706
DOID_225	has_subclass	DOID_0111755
DOID_225	has_subclass	DOID_0111756
DOID_225	has_subclass	DOID_0111825
DOID_225	has_subclass	DOID_0112102
DOID_225	has_subclass	DOID_0112103
DOID_225	has_subclass	DOID_0112104
DOID_225	has_subclass	DOID_0112158
DOID_225	has_subclass	DOID_0112178
DOID_225	has_subclass	DOID_0112179
DOID_225	has_subclass	DOID_10016
DOID_225	has_subclass	DOID_13515
DOID_225	has_subclass	DOID_14221
DOID_225	has_subclass	DOID_3204
DOID_225	has_subclass	DOID_3911
DOID_225	has_subclass	DOID_6683
DOID_225	has_subclass	DOID_674
DOID_225	has_subclass	DOID_9296
DOID_2253	has_subclass	DOID_10615
DOID_2253	has_subclass	DOID_10616
DOID_2253	has_subclass	DOID_1512
DOID_2253	has_subclass	DOID_1513
DOID_2253	has_subclass	DOID_2892
DOID_2253	has_subclass	DOID_2893
DOID_2253	has_subclass	DOID_3701
DOID_2253	has_subclass	DOID_3702
DOID_2253	has_subclass	DOID_3743
DOID_2253	has_subclass	DOID_3744
DOID_2253	has_subclass	DOID_4413
DOID_2253	has_subclass	DOID_4442
DOID_2253	has_subclass	DOID_4520
DOID_2253	has_subclass	DOID_4521
DOID_2253	has_subclass	DOID_4867
DOID_2253	has_subclass	DOID_4995
DOID_2253	has_subclass	DOID_5303
DOID_2253	has_subclass	DOID_5368
DOID_2253	has_subclass	DOID_5476
DOID_2253	has_subclass	DOID_5752
DOID_2253	has_subclass	DOID_5757
DOID_2253	has_subclass	DOID_5830
DOID_2253	has_subclass	DOID_6101
DOID_2253	has_subclass	DOID_6428
DOID_2253	has_subclass	DOID_6627
DOID_2253	has_subclass	DOID_6659
DOID_2253	has_subclass	DOID_6740
DOID_2253	has_subclass	DOID_7046
DOID_2253	has_subclass	DOID_7483
DOID_2253	has_subclass	DOID_7598
DOID_2253	has_subclass	DOID_7961
DOID_2253	has_subclass	DOID_8177
DOID_2253	has_subclass	DOID_8178
DOID_2253	has_subclass	DOID_8179
DOID_2253	has_subclass	DOID_8307
DOID_2253	has_subclass	DOID_8338
DOID_2253	has_subclass	DOID_8339
DOID_2253	has_subclass	DOID_8340
DOID_2253	has_subclass	DOID_8409
DOID_2253	has_subclass	DOID_9442
DOID_2253	has_subclass	DOID_9445
DOID_2256	has_subclass	DOID_0050812
DOID_2256	has_subclass	DOID_0051046
DOID_2256	has_subclass	DOID_0060247
DOID_2256	has_subclass	DOID_0060490
DOID_2256	has_subclass	DOID_0070299
DOID_2256	has_subclass	DOID_0070300
DOID_2256	has_subclass	DOID_0070302
DOID_2256	has_subclass	DOID_0080020
DOID_2256	has_subclass	DOID_0080021
DOID_2256	has_subclass	DOID_0080722
DOID_2256	has_subclass	DOID_0080723
DOID_2256	has_subclass	DOID_0080844
DOID_2256	has_subclass	DOID_0080845
DOID_2256	has_subclass	DOID_0081270
DOID_2256	has_subclass	DOID_0081271
DOID_2256	has_subclass	DOID_0111167
DOID_2256	has_subclass	DOID_0112150
DOID_2256	has_subclass	DOID_0112196
DOID_2256	has_subclass	DOID_5684
DOID_2277	has_subclass	DOID_0050791
DOID_2277	has_subclass	DOID_0050928
DOID_2277	has_subclass	DOID_0050933
DOID_2277	has_subclass	DOID_0050934
DOID_2277	has_subclass	DOID_0060112
DOID_2277	has_subclass	DOID_0111526
DOID_2277	has_subclass	DOID_0112248
DOID_2277	has_subclass	DOID_10971
DOID_2277	has_subclass	DOID_10972
DOID_2277	has_subclass	DOID_10974
DOID_2277	has_subclass	DOID_11383
DOID_2277	has_subclass	DOID_11432
DOID_2277	has_subclass	DOID_11613
DOID_2277	has_subclass	DOID_11994
DOID_2277	has_subclass	DOID_11996
DOID_2277	has_subclass	DOID_12253
DOID_2277	has_subclass	DOID_12265
DOID_2277	has_subclass	DOID_12276
DOID_2277	has_subclass	DOID_12286
DOID_2277	has_subclass	DOID_12332
DOID_2277	has_subclass	DOID_12698
DOID_2277	has_subclass	DOID_13050
DOID_2277	has_subclass	DOID_2143
DOID_2277	has_subclass	DOID_2145
DOID_2277	has_subclass	DOID_2146
DOID_2277	has_subclass	DOID_2148
DOID_2277	has_subclass	DOID_2150
DOID_2277	has_subclass	DOID_2151
DOID_2277	has_subclass	DOID_2152
DOID_2277	has_subclass	DOID_2153
DOID_2277	has_subclass	DOID_2155
DOID_2277	has_subclass	DOID_2156
DOID_2277	has_subclass	DOID_2394
DOID_2277	has_subclass	DOID_2518
DOID_2277	has_subclass	DOID_2636
DOID_2277	has_subclass	DOID_2640
DOID_2277	has_subclass	DOID_2641
DOID_2277	has_subclass	DOID_2998
DOID_2277	has_subclass	DOID_3089
DOID_2277	has_subclass	DOID_3267
DOID_2277	has_subclass	DOID_3269
DOID_2277	has_subclass	DOID_3578
DOID_2277	has_subclass	DOID_3579
DOID_2277	has_subclass	DOID_3604
DOID_2277	has_subclass	DOID_3605
DOID_2277	has_subclass	DOID_3713
DOID_2277	has_subclass	DOID_3763
DOID_2277	has_subclass	DOID_3765
DOID_2277	has_subclass	DOID_3781
DOID_2277	has_subclass	DOID_4001
DOID_2277	has_subclass	DOID_4084
DOID_2277	has_subclass	DOID_4087
DOID_2277	has_subclass	DOID_4115
DOID_2277	has_subclass	DOID_4217
DOID_2277	has_subclass	DOID_4441
DOID_2277	has_subclass	DOID_4527
DOID_2277	has_subclass	DOID_4555
DOID_2277	has_subclass	DOID_4671
DOID_2277	has_subclass	DOID_4739
DOID_2277	has_subclass	DOID_4894
DOID_2277	has_subclass	DOID_5104
DOID_2277	has_subclass	DOID_5117
DOID_2277	has_subclass	DOID_5119
DOID_2277	has_subclass	DOID_512
DOID_2277	has_subclass	DOID_5169
DOID_2277	has_subclass	DOID_5207
DOID_2277	has_subclass	DOID_5208
DOID_2277	has_subclass	DOID_5304
DOID_2277	has_subclass	DOID_5350
DOID_2277	has_subclass	DOID_5351
DOID_2277	has_subclass	DOID_5425
DOID_2277	has_subclass	DOID_5482
DOID_2277	has_subclass	DOID_5511
DOID_2277	has_subclass	DOID_5550
DOID_2277	has_subclass	DOID_5557
DOID_2277	has_subclass	DOID_5567
DOID_2277	has_subclass	DOID_5680
DOID_2277	has_subclass	DOID_5681
DOID_2277	has_subclass	DOID_5744
DOID_2277	has_subclass	DOID_5746
DOID_2277	has_subclass	DOID_5828
DOID_2277	has_subclass	DOID_5895
DOID_2277	has_subclass	DOID_5896
DOID_2277	has_subclass	DOID_5897
DOID_2277	has_subclass	DOID_5936
DOID_2277	has_subclass	DOID_6082
DOID_2277	has_subclass	DOID_6083
DOID_2277	has_subclass	DOID_6162
DOID_2277	has_subclass	DOID_6170
DOID_2277	has_subclass	DOID_6179
DOID_2277	has_subclass	DOID_6211
DOID_2277	has_subclass	DOID_6212
DOID_2277	has_subclass	DOID_6230
DOID_2277	has_subclass	DOID_6331
DOID_2277	has_subclass	DOID_6408
DOID_2277	has_subclass	DOID_6445
DOID_2277	has_subclass	DOID_6468
DOID_2277	has_subclass	DOID_6469
DOID_2277	has_subclass	DOID_6511
DOID_2277	has_subclass	DOID_6512
DOID_2277	has_subclass	DOID_6514
DOID_2277	has_subclass	DOID_6554
DOID_2277	has_subclass	DOID_6774
DOID_2277	has_subclass	DOID_6898
DOID_2277	has_subclass	DOID_6901
DOID_2277	has_subclass	DOID_7013
DOID_2277	has_subclass	DOID_7037
DOID_2277	has_subclass	DOID_7191
DOID_2277	has_subclass	DOID_7347
DOID_2277	has_subclass	DOID_7438
DOID_2277	has_subclass	DOID_7591
DOID_2277	has_subclass	DOID_7650
DOID_2277	has_subclass	DOID_7651
DOID_2277	has_subclass	DOID_7665
DOID_2277	has_subclass	DOID_7880
DOID_2277	has_subclass	DOID_8036
DOID_2277	has_subclass	DOID_8275
DOID_2277	has_subclass	DOID_8336
DOID_2277	has_subclass	DOID_9597
DOID_229	has_subclass	DOID_0050269
DOID_229	has_subclass	DOID_0050697
DOID_229	has_subclass	DOID_0050862
DOID_229	has_subclass	DOID_0050928
DOID_229	has_subclass	DOID_0050933
DOID_229	has_subclass	DOID_0050934
DOID_229	has_subclass	DOID_0060088
DOID_229	has_subclass	DOID_0060095
DOID_229	has_subclass	DOID_0060109
DOID_229	has_subclass	DOID_0060110
DOID_229	has_subclass	DOID_0060112
DOID_229	has_subclass	DOID_0080365
DOID_229	has_subclass	DOID_10971
DOID_229	has_subclass	DOID_10972
DOID_229	has_subclass	DOID_10974
DOID_229	has_subclass	DOID_11060
DOID_229	has_subclass	DOID_11432
DOID_229	has_subclass	DOID_11629
DOID_229	has_subclass	DOID_11905
DOID_229	has_subclass	DOID_12265
DOID_229	has_subclass	DOID_12369
DOID_229	has_subclass	DOID_1245
DOID_229	has_subclass	DOID_12566
DOID_229	has_subclass	DOID_1260
DOID_229	has_subclass	DOID_12637
DOID_229	has_subclass	DOID_1283
DOID_229	has_subclass	DOID_1293
DOID_229	has_subclass	DOID_1294
DOID_229	has_subclass	DOID_13050
DOID_229	has_subclass	DOID_13222
DOID_229	has_subclass	DOID_13223
DOID_229	has_subclass	DOID_13389
DOID_229	has_subclass	DOID_13560
DOID_229	has_subclass	DOID_13589
DOID_229	has_subclass	DOID_1371
DOID_229	has_subclass	DOID_1373
DOID_229	has_subclass	DOID_13736
DOID_229	has_subclass	DOID_13811
DOID_229	has_subclass	DOID_13812
DOID_229	has_subclass	DOID_13951
DOID_229	has_subclass	DOID_13953
DOID_229	has_subclass	DOID_13955
DOID_229	has_subclass	DOID_13956
DOID_229	has_subclass	DOID_13957
DOID_229	has_subclass	DOID_13958
DOID_229	has_subclass	DOID_14130
DOID_229	has_subclass	DOID_14131
DOID_229	has_subclass	DOID_14275
DOID_229	has_subclass	DOID_14292
DOID_229	has_subclass	DOID_1677
DOID_229	has_subclass	DOID_2021
DOID_229	has_subclass	DOID_2024
DOID_229	has_subclass	DOID_2025
DOID_229	has_subclass	DOID_2060
DOID_229	has_subclass	DOID_2064
DOID_229	has_subclass	DOID_2066
DOID_229	has_subclass	DOID_2068
DOID_229	has_subclass	DOID_2071
DOID_229	has_subclass	DOID_2072
DOID_229	has_subclass	DOID_2075
DOID_229	has_subclass	DOID_2076
DOID_229	has_subclass	DOID_2080
DOID_229	has_subclass	DOID_2093
DOID_229	has_subclass	DOID_2097
DOID_229	has_subclass	DOID_2098
DOID_229	has_subclass	DOID_2101
DOID_229	has_subclass	DOID_2143
DOID_229	has_subclass	DOID_2145
DOID_229	has_subclass	DOID_2146
DOID_229	has_subclass	DOID_2148
DOID_229	has_subclass	DOID_2150
DOID_229	has_subclass	DOID_2151
DOID_229	has_subclass	DOID_2152
DOID_229	has_subclass	DOID_2153
DOID_229	has_subclass	DOID_2155
DOID_229	has_subclass	DOID_2156
DOID_229	has_subclass	DOID_2394
DOID_229	has_subclass	DOID_2401
DOID_229	has_subclass	DOID_2636
DOID_229	has_subclass	DOID_2640
DOID_229	has_subclass	DOID_2641
DOID_229	has_subclass	DOID_2691
DOID_229	has_subclass	DOID_277
DOID_229	has_subclass	DOID_288
DOID_229	has_subclass	DOID_3267
DOID_229	has_subclass	DOID_3269
DOID_229	has_subclass	DOID_3578
DOID_229	has_subclass	DOID_3594
DOID_229	has_subclass	DOID_3596
DOID_229	has_subclass	DOID_3604
DOID_229	has_subclass	DOID_3605
DOID_229	has_subclass	DOID_3713
DOID_229	has_subclass	DOID_3740
DOID_229	has_subclass	DOID_3781
DOID_229	has_subclass	DOID_3891
DOID_229	has_subclass	DOID_3901
DOID_229	has_subclass	DOID_4001
DOID_229	has_subclass	DOID_4115
DOID_229	has_subclass	DOID_4217
DOID_229	has_subclass	DOID_4301
DOID_229	has_subclass	DOID_4320
DOID_229	has_subclass	DOID_4441
DOID_229	has_subclass	DOID_4527
DOID_229	has_subclass	DOID_4555
DOID_229	has_subclass	DOID_4744
DOID_229	has_subclass	DOID_4894
DOID_229	has_subclass	DOID_4994
DOID_229	has_subclass	DOID_4995
DOID_229	has_subclass	DOID_5043
DOID_229	has_subclass	DOID_5117
DOID_229	has_subclass	DOID_5119
DOID_229	has_subclass	DOID_5142
DOID_229	has_subclass	DOID_5169
DOID_229	has_subclass	DOID_5207
DOID_229	has_subclass	DOID_5208
DOID_229	has_subclass	DOID_5304
DOID_229	has_subclass	DOID_5350
DOID_229	has_subclass	DOID_5351
DOID_229	has_subclass	DOID_5382
DOID_229	has_subclass	DOID_5425
DOID_229	has_subclass	DOID_5475
DOID_229	has_subclass	DOID_5476
DOID_229	has_subclass	DOID_5482
DOID_229	has_subclass	DOID_5511
DOID_229	has_subclass	DOID_5550
DOID_229	has_subclass	DOID_5551
DOID_229	has_subclass	DOID_5567
DOID_229	has_subclass	DOID_5681
DOID_229	has_subclass	DOID_5711
DOID_229	has_subclass	DOID_5726
DOID_229	has_subclass	DOID_5744
DOID_229	has_subclass	DOID_5746
DOID_229	has_subclass	DOID_5761
DOID_229	has_subclass	DOID_5828
DOID_229	has_subclass	DOID_5895
DOID_229	has_subclass	DOID_5896
DOID_229	has_subclass	DOID_5897
DOID_229	has_subclass	DOID_5915
DOID_229	has_subclass	DOID_5916
DOID_229	has_subclass	DOID_5917
DOID_229	has_subclass	DOID_5936
DOID_229	has_subclass	DOID_6083
DOID_229	has_subclass	DOID_6160
DOID_229	has_subclass	DOID_6170
DOID_229	has_subclass	DOID_6179
DOID_229	has_subclass	DOID_6211
DOID_229	has_subclass	DOID_6212
DOID_229	has_subclass	DOID_6230
DOID_229	has_subclass	DOID_6331
DOID_229	has_subclass	DOID_6339
DOID_229	has_subclass	DOID_6408
DOID_229	has_subclass	DOID_6445
DOID_229	has_subclass	DOID_6448
DOID_229	has_subclass	DOID_6468
DOID_229	has_subclass	DOID_6469
DOID_229	has_subclass	DOID_6511
DOID_229	has_subclass	DOID_6512
DOID_229	has_subclass	DOID_6514
DOID_229	has_subclass	DOID_6518
DOID_229	has_subclass	DOID_6554
DOID_229	has_subclass	DOID_6569
DOID_229	has_subclass	DOID_6634
DOID_229	has_subclass	DOID_6639
DOID_229	has_subclass	DOID_6693
DOID_229	has_subclass	DOID_6774
DOID_229	has_subclass	DOID_6898
DOID_229	has_subclass	DOID_6901
DOID_229	has_subclass	DOID_7013
DOID_229	has_subclass	DOID_7037
DOID_229	has_subclass	DOID_7048
DOID_229	has_subclass	DOID_7191
DOID_229	has_subclass	DOID_7347
DOID_229	has_subclass	DOID_7363
DOID_229	has_subclass	DOID_7408
DOID_229	has_subclass	DOID_7409
DOID_229	has_subclass	DOID_7438
DOID_229	has_subclass	DOID_7565
DOID_229	has_subclass	DOID_7567
DOID_229	has_subclass	DOID_7591
DOID_229	has_subclass	DOID_7650
DOID_229	has_subclass	DOID_7651
DOID_229	has_subclass	DOID_7665
DOID_229	has_subclass	DOID_780
DOID_229	has_subclass	DOID_7878
DOID_229	has_subclass	DOID_7880
DOID_229	has_subclass	DOID_8036
DOID_229	has_subclass	DOID_8177
DOID_229	has_subclass	DOID_8178
DOID_229	has_subclass	DOID_8179
DOID_229	has_subclass	DOID_8186
DOID_229	has_subclass	DOID_8187
DOID_229	has_subclass	DOID_8188
DOID_229	has_subclass	DOID_8255
DOID_229	has_subclass	DOID_8336
DOID_229	has_subclass	DOID_8488
DOID_229	has_subclass	DOID_9042
DOID_229	has_subclass	DOID_9346
DOID_229	has_subclass	DOID_9442
DOID_229	has_subclass	DOID_9445
DOID_229	has_subclass	DOID_9597
DOID_229	has_subclass	DOID_9667
DOID_229	has_subclass	DOID_9958
DOID_229	has_subclass	DOID_997
DOID_229	has_subclass	DOID_9978
DOID_231	has_subclass	DOID_0050752
DOID_231	has_subclass	DOID_0060193
DOID_231	has_subclass	DOID_0060194
DOID_231	has_subclass	DOID_0060195
DOID_231	has_subclass	DOID_0060196
DOID_231	has_subclass	DOID_0060197
DOID_231	has_subclass	DOID_0060198
DOID_231	has_subclass	DOID_0060199
DOID_231	has_subclass	DOID_0060200
DOID_231	has_subclass	DOID_0060201
DOID_231	has_subclass	DOID_0060202
DOID_231	has_subclass	DOID_0060203
DOID_231	has_subclass	DOID_0060204
DOID_231	has_subclass	DOID_0060205
DOID_231	has_subclass	DOID_0060206
DOID_231	has_subclass	DOID_0060207
DOID_231	has_subclass	DOID_0060209
DOID_231	has_subclass	DOID_0060210
DOID_231	has_subclass	DOID_0060211
DOID_231	has_subclass	DOID_0060212
DOID_231	has_subclass	DOID_0060213
DOID_231	has_subclass	DOID_0060214
DOID_231	has_subclass	DOID_0060355
DOID_231	has_subclass	DOID_0080225
DOID_231	has_subclass	DOID_0080632
DOID_231	has_subclass	DOID_0080917
DOID_231	has_subclass	DOID_0081378
DOID_231	has_subclass	DOID_0110067
DOID_231	has_subclass	DOID_0110068
DOID_231	has_subclass	DOID_0110069
DOID_231	has_subclass	DOID_0111227
DOID_231	has_subclass	DOID_7558
DOID_231	has_subclass	DOID_7559
DOID_2316	has_subclass	DOID_13003
DOID_2316	has_subclass	DOID_223
DOID_2320	has_subclass	DOID_10030
DOID_2320	has_subclass	DOID_10031
DOID_2320	has_subclass	DOID_9675
DOID_2348	has_subclass	DOID_0061139
DOID_2348	has_subclass	DOID_10230
DOID_2348	has_subclass	DOID_12720
DOID_2348	has_subclass	DOID_2347
DOID_2349	has_subclass	DOID_0061139
DOID_2349	has_subclass	DOID_10230
DOID_2349	has_subclass	DOID_12720
DOID_2349	has_subclass	DOID_1936
DOID_2349	has_subclass	DOID_2347
DOID_2351	has_subclass	DOID_12118
DOID_2355	has_subclass	DOID_0060978
DOID_2355	has_subclass	DOID_0111082
DOID_2355	has_subclass	DOID_0111083
DOID_2355	has_subclass	DOID_0111084
DOID_2355	has_subclass	DOID_0111087
DOID_2355	has_subclass	DOID_0111088
DOID_2355	has_subclass	DOID_0111089
DOID_2355	has_subclass	DOID_0111090
DOID_2355	has_subclass	DOID_0111093
DOID_2355	has_subclass	DOID_0111094
DOID_2355	has_subclass	DOID_0111095
DOID_2355	has_subclass	DOID_0111097
DOID_2355	has_subclass	DOID_0111098
DOID_2355	has_subclass	DOID_0111562
DOID_2355	has_subclass	DOID_0111878
DOID_2355	has_subclass	DOID_0111880
DOID_2355	has_subclass	DOID_0111881
DOID_2355	has_subclass	DOID_0111882
DOID_2355	has_subclass	DOID_0111883
DOID_2355	has_subclass	DOID_0111884
DOID_2355	has_subclass	DOID_0111885
DOID_2355	has_subclass	DOID_0111888
DOID_2355	has_subclass	DOID_0111890
DOID_2355	has_subclass	DOID_0111892
DOID_2355	has_subclass	DOID_0111894
DOID_2355	has_subclass	DOID_12449
DOID_2355	has_subclass	DOID_1339
DOID_2355	has_subclass	DOID_1340
DOID_2355	has_subclass	DOID_1342
DOID_2355	has_subclass	DOID_13636
DOID_2355	has_subclass	DOID_2354
DOID_2368	has_subclass	DOID_3320
DOID_2368	has_subclass	DOID_3323
DOID_2368	has_subclass	DOID_4795
DOID_2394	has_subclass	DOID_0050933
DOID_2394	has_subclass	DOID_0050934
DOID_2394	has_subclass	DOID_2151
DOID_2394	has_subclass	DOID_2155
DOID_2394	has_subclass	DOID_2641
DOID_2394	has_subclass	DOID_3604
DOID_2394	has_subclass	DOID_3605
DOID_2394	has_subclass	DOID_3713
DOID_2394	has_subclass	DOID_4001
DOID_2394	has_subclass	DOID_4115
DOID_2394	has_subclass	DOID_4217
DOID_2394	has_subclass	DOID_4555
DOID_2394	has_subclass	DOID_4894
DOID_2394	has_subclass	DOID_5169
DOID_2394	has_subclass	DOID_5207
DOID_2394	has_subclass	DOID_5208
DOID_2394	has_subclass	DOID_5304
DOID_2394	has_subclass	DOID_5350
DOID_2394	has_subclass	DOID_5351
DOID_2394	has_subclass	DOID_5511
DOID_2394	has_subclass	DOID_5550
DOID_2394	has_subclass	DOID_5567
DOID_2394	has_subclass	DOID_5744
DOID_2394	has_subclass	DOID_5746
DOID_2394	has_subclass	DOID_5828
DOID_2394	has_subclass	DOID_5936
DOID_2394	has_subclass	DOID_6083
DOID_2394	has_subclass	DOID_6170
DOID_2394	has_subclass	DOID_6179
DOID_2394	has_subclass	DOID_6212
DOID_2394	has_subclass	DOID_6230
DOID_2394	has_subclass	DOID_6331
DOID_2394	has_subclass	DOID_6408
DOID_2394	has_subclass	DOID_6445
DOID_2394	has_subclass	DOID_6511
DOID_2394	has_subclass	DOID_6512
DOID_2394	has_subclass	DOID_6514
DOID_2394	has_subclass	DOID_6774
DOID_2394	has_subclass	DOID_6898
DOID_2394	has_subclass	DOID_6901
DOID_2394	has_subclass	DOID_7037
DOID_2394	has_subclass	DOID_7438
DOID_2394	has_subclass	DOID_7591
DOID_2394	has_subclass	DOID_7650
DOID_2394	has_subclass	DOID_7651
DOID_2394	has_subclass	DOID_7665
DOID_2394	has_subclass	DOID_8036
DOID_2394	has_subclass	DOID_8336
DOID_2394	has_subclass	DOID_9597
DOID_240	has_subclass	DOID_0070532
DOID_240	has_subclass	DOID_4352
DOID_240	has_subclass	DOID_6043
DOID_240	has_subclass	DOID_6524
DOID_240	has_subclass	DOID_6993
DOID_240	has_subclass	DOID_6994
DOID_240	has_subclass	DOID_6997
DOID_240	has_subclass	DOID_7328
DOID_2436	has_subclass	DOID_6048
DOID_2452	has_subclass	DOID_0111904
DOID_2452	has_subclass	DOID_0111909
DOID_2462	has_subclass	DOID_0080264
DOID_2462	has_subclass	DOID_0111408
DOID_2462	has_subclass	DOID_0111409
DOID_2462	has_subclass	DOID_0111410
DOID_2462	has_subclass	DOID_0111411
DOID_2462	has_subclass	DOID_0111412
DOID_2462	has_subclass	DOID_0111413
DOID_2462	has_subclass	DOID_7765
DOID_2468	has_subclass	DOID_0070077
DOID_2468	has_subclass	DOID_0070078
DOID_2468	has_subclass	DOID_0070080
DOID_2468	has_subclass	DOID_0070084
DOID_2468	has_subclass	DOID_0070086
DOID_2468	has_subclass	DOID_0070087
DOID_2468	has_subclass	DOID_0070089
DOID_2468	has_subclass	DOID_0070090
DOID_2468	has_subclass	DOID_0080281
DOID_2468	has_subclass	DOID_1229
DOID_2468	has_subclass	DOID_6680
DOID_2473	has_subclass	DOID_0050073
DOID_2473	has_subclass	DOID_0050153
DOID_2473	has_subclass	DOID_0080161
DOID_2473	has_subclass	DOID_13146
DOID_2473	has_subclass	DOID_13565
DOID_2473	has_subclass	DOID_14262
DOID_2473	has_subclass	DOID_14512
DOID_2473	has_subclass	DOID_2058
DOID_2473	has_subclass	DOID_9577
DOID_2475	has_subclass	DOID_11203
DOID_2490	has_subclass	DOID_0060902
DOID_2490	has_subclass	DOID_0061245
DOID_2490	has_subclass	DOID_0061246
DOID_2490	has_subclass	DOID_0061269
DOID_2490	has_subclass	DOID_0061270
DOID_2490	has_subclass	DOID_0112228
DOID_2490	has_subclass	DOID_0112229
DOID_2490	has_subclass	DOID_0112230
DOID_2490	has_subclass	DOID_0112231
DOID_2490	has_subclass	DOID_0112232
DOID_2490	has_subclass	DOID_0112233
DOID_2490	has_subclass	DOID_0112234
DOID_2490	has_subclass	DOID_0112235
DOID_2490	has_subclass	DOID_0112237
DOID_2490	has_subclass	DOID_0112238
DOID_2490	has_subclass	DOID_0112239
DOID_2513	has_subclass	DOID_4302
DOID_2519	has_subclass	DOID_12253
DOID_2519	has_subclass	DOID_12276
DOID_2519	has_subclass	DOID_12286
DOID_2519	has_subclass	DOID_4084
DOID_2519	has_subclass	DOID_4087
DOID_2519	has_subclass	DOID_4739
DOID_2519	has_subclass	DOID_512
DOID_2519	has_subclass	DOID_5557
DOID_2519	has_subclass	DOID_5680
DOID_2519	has_subclass	DOID_6082
DOID_2519	has_subclass	DOID_6162
DOID_2519	has_subclass	DOID_8275
DOID_2527	has_subclass	DOID_10966
DOID_2531	has_subclass	DOID_0050744
DOID_2531	has_subclass	DOID_0050745
DOID_2531	has_subclass	DOID_0050746
DOID_2531	has_subclass	DOID_0050750
DOID_2531	has_subclass	DOID_0050873
DOID_2531	has_subclass	DOID_0050908
DOID_2531	has_subclass	DOID_0060060
DOID_2531	has_subclass	DOID_0060592
DOID_2531	has_subclass	DOID_0060761
DOID_2531	has_subclass	DOID_0060888
DOID_2531	has_subclass	DOID_0060901
DOID_2531	has_subclass	DOID_0070004
DOID_2531	has_subclass	DOID_0070324
DOID_2531	has_subclass	DOID_0070623
DOID_2531	has_subclass	DOID_0070624
DOID_2531	has_subclass	DOID_0070625
DOID_2531	has_subclass	DOID_0070626
DOID_2531	has_subclass	DOID_0070627
DOID_2531	has_subclass	DOID_0070628
DOID_2531	has_subclass	DOID_0080146
DOID_2531	has_subclass	DOID_0080149
DOID_2531	has_subclass	DOID_0080164
DOID_2531	has_subclass	DOID_0080165
DOID_2531	has_subclass	DOID_0080166
DOID_2531	has_subclass	DOID_0080167
DOID_2531	has_subclass	DOID_0080192
DOID_2531	has_subclass	DOID_0080210
DOID_2531	has_subclass	DOID_0080630
DOID_2531	has_subclass	DOID_0080638
DOID_2531	has_subclass	DOID_0080643
DOID_2531	has_subclass	DOID_0080644
DOID_2531	has_subclass	DOID_0080645
DOID_2531	has_subclass	DOID_0080646
DOID_2531	has_subclass	DOID_0080647
DOID_2531	has_subclass	DOID_0080648
DOID_2531	has_subclass	DOID_0080649
DOID_2531	has_subclass	DOID_0080650
DOID_2531	has_subclass	DOID_0080651
DOID_2531	has_subclass	DOID_0080779
DOID_2531	has_subclass	DOID_0080915
DOID_2531	has_subclass	DOID_0080996
DOID_2531	has_subclass	DOID_0080997
DOID_2531	has_subclass	DOID_0081004
DOID_2531	has_subclass	DOID_0081041
DOID_2531	has_subclass	DOID_0081042
DOID_2531	has_subclass	DOID_0081064
DOID_2531	has_subclass	DOID_0081065
DOID_2531	has_subclass	DOID_0081066
DOID_2531	has_subclass	DOID_0081067
DOID_2531	has_subclass	DOID_0081068
DOID_2531	has_subclass	DOID_0081069
DOID_2531	has_subclass	DOID_0081070
DOID_2531	has_subclass	DOID_0081071
DOID_2531	has_subclass	DOID_0081088
DOID_2531	has_subclass	DOID_0081311
DOID_2531	has_subclass	DOID_0081313
DOID_2531	has_subclass	DOID_0081411
DOID_2531	has_subclass	DOID_0081412
DOID_2531	has_subclass	DOID_0081452
DOID_2531	has_subclass	DOID_0111344
DOID_2531	has_subclass	DOID_10290
DOID_2531	has_subclass	DOID_1035
DOID_2531	has_subclass	DOID_1039
DOID_2531	has_subclass	DOID_1040
DOID_2531	has_subclass	DOID_10540
DOID_2531	has_subclass	DOID_10813
DOID_2531	has_subclass	DOID_1106
DOID_2531	has_subclass	DOID_11241
DOID_2531	has_subclass	DOID_11821
DOID_2531	has_subclass	DOID_12001
DOID_2531	has_subclass	DOID_12339
DOID_2531	has_subclass	DOID_12965
DOID_2531	has_subclass	DOID_13005
DOID_2531	has_subclass	DOID_13996
DOID_2531	has_subclass	DOID_14150
DOID_2531	has_subclass	DOID_14489
DOID_2531	has_subclass	DOID_1522
DOID_2531	has_subclass	DOID_1523
DOID_2531	has_subclass	DOID_1703
DOID_2531	has_subclass	DOID_1792
DOID_2531	has_subclass	DOID_2150
DOID_2531	has_subclass	DOID_2224
DOID_2531	has_subclass	DOID_2226
DOID_2531	has_subclass	DOID_285
DOID_2531	has_subclass	DOID_3234
DOID_2531	has_subclass	DOID_3264
DOID_2531	has_subclass	DOID_355
DOID_2531	has_subclass	DOID_3666
DOID_2531	has_subclass	DOID_5815
DOID_2531	has_subclass	DOID_5820
DOID_2531	has_subclass	DOID_5821
DOID_2531	has_subclass	DOID_5823
DOID_2531	has_subclass	DOID_5825
DOID_2531	has_subclass	DOID_5826
DOID_2531	has_subclass	DOID_6003
DOID_2531	has_subclass	DOID_6004
DOID_2531	has_subclass	DOID_6262
DOID_2531	has_subclass	DOID_6547
DOID_2531	has_subclass	DOID_6758
DOID_2531	has_subclass	DOID_6759
DOID_2531	has_subclass	DOID_6760
DOID_2531	has_subclass	DOID_6867
DOID_2531	has_subclass	DOID_6868
DOID_2531	has_subclass	DOID_6958
DOID_2531	has_subclass	DOID_707
DOID_2531	has_subclass	DOID_711
DOID_2531	has_subclass	DOID_713
DOID_2531	has_subclass	DOID_7146
DOID_2531	has_subclass	DOID_774
DOID_2531	has_subclass	DOID_7848
DOID_2531	has_subclass	DOID_7849
DOID_2531	has_subclass	DOID_7936
DOID_2531	has_subclass	DOID_8135
DOID_2531	has_subclass	DOID_8527
DOID_2531	has_subclass	DOID_8543
DOID_2531	has_subclass	DOID_8552
DOID_2531	has_subclass	DOID_8567
DOID_2531	has_subclass	DOID_8593
DOID_2531	has_subclass	DOID_8628
DOID_2531	has_subclass	DOID_8642
DOID_2531	has_subclass	DOID_8651
DOID_2531	has_subclass	DOID_8654
DOID_2531	has_subclass	DOID_8692
DOID_2531	has_subclass	DOID_8696
DOID_2531	has_subclass	DOID_8838
DOID_2531	has_subclass	DOID_8864
DOID_2531	has_subclass	DOID_8997
DOID_2531	has_subclass	DOID_901
DOID_2531	has_subclass	DOID_903
DOID_2531	has_subclass	DOID_9254
DOID_2531	has_subclass	DOID_9538
DOID_2531	has_subclass	DOID_9541
DOID_2531	has_subclass	DOID_9544
DOID_2531	has_subclass	DOID_9547
DOID_2531	has_subclass	DOID_9550
DOID_2531	has_subclass	DOID_9551
DOID_2531	has_subclass	DOID_9986
DOID_2548	has_subclass	DOID_0081106
DOID_2548	has_subclass	DOID_0081107
DOID_255	has_subclass	DOID_4028
DOID_255	has_subclass	DOID_470
DOID_255	has_subclass	DOID_6621
DOID_2566	has_subclass	DOID_0060444
DOID_2566	has_subclass	DOID_0060446
DOID_2566	has_subclass	DOID_0060447
DOID_2566	has_subclass	DOID_0060450
DOID_2566	has_subclass	DOID_0060451
DOID_2566	has_subclass	DOID_0060453
DOID_2566	has_subclass	DOID_0060454
DOID_2566	has_subclass	DOID_0060649
DOID_2566	has_subclass	DOID_0080530
DOID_2566	has_subclass	DOID_0080670
DOID_2566	has_subclass	DOID_0080671
DOID_2566	has_subclass	DOID_11555
DOID_2566	has_subclass	DOID_12318
DOID_2566	has_subclass	DOID_8943
DOID_2568	has_subclass	DOID_10615
DOID_2568	has_subclass	DOID_1512
DOID_2581	has_subclass	DOID_0112106
DOID_2583	has_subclass	DOID_0081144
DOID_2583	has_subclass	DOID_0081147
DOID_2583	has_subclass	DOID_0081148
DOID_2583	has_subclass	DOID_0081150
DOID_2583	has_subclass	DOID_0081154
DOID_2583	has_subclass	DOID_0081156
DOID_2595	has_subclass	DOID_7031
DOID_2595	has_subclass	DOID_7583
DOID_2596	has_subclass	DOID_2599
DOID_2596	has_subclass	DOID_7031
DOID_2596	has_subclass	DOID_7583
DOID_2596	has_subclass	DOID_7584
DOID_2596	has_subclass	DOID_7585
DOID_2596	has_subclass	DOID_7764
DOID_2598	has_subclass	DOID_472
DOID_2598	has_subclass	DOID_7105
DOID_2599	has_subclass	DOID_7583
DOID_26	has_subclass	DOID_0060988
DOID_26	has_subclass	DOID_0080323
DOID_26	has_subclass	DOID_1792
DOID_26	has_subclass	DOID_1795
DOID_26	has_subclass	DOID_1796
DOID_26	has_subclass	DOID_3892
DOID_26	has_subclass	DOID_3917
DOID_26	has_subclass	DOID_3919
DOID_26	has_subclass	DOID_5637
DOID_26	has_subclass	DOID_7235
DOID_26	has_subclass	DOID_7735
DOID_2600	has_subclass	DOID_3752
DOID_2615	has_subclass	DOID_4630
DOID_2615	has_subclass	DOID_5432
DOID_2615	has_subclass	DOID_6065
DOID_2615	has_subclass	DOID_6239
DOID_2615	has_subclass	DOID_6933
DOID_2615	has_subclass	DOID_7380
DOID_2615	has_subclass	DOID_7984
DOID_2615	has_subclass	DOID_8224
DOID_2615	has_subclass	DOID_8225
DOID_2615	has_subclass	DOID_8227
DOID_2621	has_subclass	DOID_0050935
DOID_2621	has_subclass	DOID_371
DOID_2621	has_subclass	DOID_4160
DOID_2621	has_subclass	DOID_4163
DOID_2621	has_subclass	DOID_5193
DOID_2621	has_subclass	DOID_5194
DOID_2621	has_subclass	DOID_5195
DOID_2621	has_subclass	DOID_7949
DOID_2621	has_subclass	DOID_7951
DOID_263	has_subclass	DOID_0050387
DOID_263	has_subclass	DOID_0070475
DOID_263	has_subclass	DOID_0081413
DOID_263	has_subclass	DOID_0081414
DOID_263	has_subclass	DOID_0081415
DOID_263	has_subclass	DOID_0081416
DOID_263	has_subclass	DOID_0081418
DOID_263	has_subclass	DOID_4450
DOID_263	has_subclass	DOID_4454
DOID_263	has_subclass	DOID_4455
DOID_263	has_subclass	DOID_4463
DOID_263	has_subclass	DOID_4464
DOID_263	has_subclass	DOID_4465
DOID_263	has_subclass	DOID_4467
DOID_263	has_subclass	DOID_4471
DOID_263	has_subclass	DOID_4472
DOID_263	has_subclass	DOID_4473
DOID_263	has_subclass	DOID_4880
DOID_263	has_subclass	DOID_5176
DOID_263	has_subclass	DOID_5178
DOID_263	has_subclass	DOID_5179
DOID_263	has_subclass	DOID_5182
DOID_263	has_subclass	DOID_5183
DOID_263	has_subclass	DOID_5189
DOID_263	has_subclass	DOID_5191
DOID_263	has_subclass	DOID_5287
DOID_263	has_subclass	DOID_5982
DOID_263	has_subclass	DOID_5983
DOID_263	has_subclass	DOID_6163
DOID_263	has_subclass	DOID_6605
DOID_263	has_subclass	DOID_6606
DOID_263	has_subclass	DOID_7192
DOID_263	has_subclass	DOID_8082
DOID_263	has_subclass	DOID_8083
DOID_2660	has_subclass	DOID_13691
DOID_2660	has_subclass	DOID_7071
DOID_2664	has_subclass	DOID_2078
DOID_2664	has_subclass	DOID_2079
DOID_2664	has_subclass	DOID_3893
DOID_2664	has_subclass	DOID_3895
DOID_2664	has_subclass	DOID_5442
DOID_2664	has_subclass	DOID_5444
DOID_2664	has_subclass	DOID_5445
DOID_2664	has_subclass	DOID_5446
DOID_2664	has_subclass	DOID_7549
DOID_2668	has_subclass	DOID_5893
DOID_2668	has_subclass	DOID_5894
DOID_2671	has_subclass	DOID_0080901
DOID_2671	has_subclass	DOID_6476
DOID_2671	has_subclass	DOID_6477
DOID_2671	has_subclass	DOID_6571
DOID_2671	has_subclass	DOID_6845
DOID_2671	has_subclass	DOID_6975
DOID_2671	has_subclass	DOID_6976
DOID_2671	has_subclass	DOID_7553
DOID_2671	has_subclass	DOID_7600
DOID_2671	has_subclass	DOID_7967
DOID_2671	has_subclass	DOID_7968
DOID_2671	has_subclass	DOID_7969
DOID_2671	has_subclass	DOID_7971
DOID_2671	has_subclass	DOID_7972
DOID_2683	has_subclass	DOID_5895
DOID_2683	has_subclass	DOID_6468
DOID_2683	has_subclass	DOID_8211
DOID_2697	has_subclass	DOID_6258
DOID_2697	has_subclass	DOID_6259
DOID_2706	has_subclass	DOID_5484
DOID_2706	has_subclass	DOID_5487
DOID_2706	has_subclass	DOID_5488
DOID_2706	has_subclass	DOID_5492
DOID_2706	has_subclass	DOID_5494
DOID_2706	has_subclass	DOID_5495
DOID_2723	has_subclass	DOID_0040046
DOID_2723	has_subclass	DOID_0040052
DOID_2723	has_subclass	DOID_0040053
DOID_2723	has_subclass	DOID_0040056
DOID_2723	has_subclass	DOID_0040057
DOID_2723	has_subclass	DOID_0040058
DOID_2723	has_subclass	DOID_0040059
DOID_2723	has_subclass	DOID_0040064
DOID_2723	has_subclass	DOID_0040068
DOID_2723	has_subclass	DOID_0040069
DOID_2723	has_subclass	DOID_0040072
DOID_2723	has_subclass	DOID_0040074
DOID_2723	has_subclass	DOID_0040075
DOID_2723	has_subclass	DOID_0040079
DOID_2723	has_subclass	DOID_0040101
DOID_2723	has_subclass	DOID_0040102
DOID_2723	has_subclass	DOID_0060344
DOID_2723	has_subclass	DOID_2772
DOID_2723	has_subclass	DOID_3042
DOID_2723	has_subclass	DOID_3819
DOID_2723	has_subclass	DOID_4404
DOID_2723	has_subclass	DOID_4407
DOID_2730	has_subclass	DOID_0060642
DOID_2730	has_subclass	DOID_0060733
DOID_2730	has_subclass	DOID_0060737
DOID_2730	has_subclass	DOID_0060738
DOID_2730	has_subclass	DOID_0080224
DOID_2730	has_subclass	DOID_0080988
DOID_2730	has_subclass	DOID_0111347
DOID_2731	has_subclass	DOID_0060642
DOID_2731	has_subclass	DOID_0060733
DOID_2731	has_subclass	DOID_0060737
DOID_2731	has_subclass	DOID_0060738
DOID_2731	has_subclass	DOID_0080224
DOID_2731	has_subclass	DOID_0080988
DOID_2731	has_subclass	DOID_0111347
DOID_2731	has_subclass	DOID_3209
DOID_2731	has_subclass	DOID_4313
DOID_2731	has_subclass	DOID_4959
DOID_2742	has_subclass	DOID_0050147
DOID_2742	has_subclass	DOID_0050564
DOID_2742	has_subclass	DOID_0050566
DOID_2742	has_subclass	DOID_0060690
DOID_2742	has_subclass	DOID_0070310
DOID_2742	has_subclass	DOID_0070601
DOID_2742	has_subclass	DOID_0070602
DOID_2742	has_subclass	DOID_0070603
DOID_2742	has_subclass	DOID_0070604
DOID_2742	has_subclass	DOID_0070605
DOID_2742	has_subclass	DOID_0070606
DOID_2742	has_subclass	DOID_0070607
DOID_2742	has_subclass	DOID_0070608
DOID_2742	has_subclass	DOID_0070609
DOID_2742	has_subclass	DOID_0070610
DOID_2742	has_subclass	DOID_0070611
DOID_2742	has_subclass	DOID_0070612
DOID_2742	has_subclass	DOID_0080267
DOID_2742	has_subclass	DOID_0080268
DOID_2742	has_subclass	DOID_0080269
DOID_2742	has_subclass	DOID_0080270
DOID_2742	has_subclass	DOID_0110541
DOID_2742	has_subclass	DOID_0110542
DOID_2742	has_subclass	DOID_0110543
DOID_2742	has_subclass	DOID_0110544
DOID_2742	has_subclass	DOID_0110545
DOID_2742	has_subclass	DOID_0110546
DOID_2742	has_subclass	DOID_0110547
DOID_2742	has_subclass	DOID_0110548
DOID_2742	has_subclass	DOID_0110549
DOID_2742	has_subclass	DOID_0110550
DOID_2742	has_subclass	DOID_0110551
DOID_2742	has_subclass	DOID_0110552
DOID_2742	has_subclass	DOID_0110553
DOID_2742	has_subclass	DOID_0110554
DOID_2742	has_subclass	DOID_0110555
DOID_2742	has_subclass	DOID_0110556
DOID_2742	has_subclass	DOID_0110557
DOID_2742	has_subclass	DOID_0110558
DOID_2742	has_subclass	DOID_0110559
DOID_2742	has_subclass	DOID_0110560
DOID_2742	has_subclass	DOID_0110561
DOID_2742	has_subclass	DOID_0110562
DOID_2742	has_subclass	DOID_0110563
DOID_2742	has_subclass	DOID_0110564
DOID_2742	has_subclass	DOID_0110565
DOID_2742	has_subclass	DOID_0110566
DOID_2742	has_subclass	DOID_0110567
DOID_2742	has_subclass	DOID_0110568
DOID_2742	has_subclass	DOID_0110569
DOID_2742	has_subclass	DOID_0110570
DOID_2742	has_subclass	DOID_0110571
DOID_2742	has_subclass	DOID_0110572
DOID_2742	has_subclass	DOID_0110573
DOID_2742	has_subclass	DOID_0110574
DOID_2742	has_subclass	DOID_0110575
DOID_2742	has_subclass	DOID_0110576
DOID_2742	has_subclass	DOID_0110577
DOID_2742	has_subclass	DOID_0110579
DOID_2742	has_subclass	DOID_0110580
DOID_2742	has_subclass	DOID_0110581
DOID_2742	has_subclass	DOID_0110582
DOID_2742	has_subclass	DOID_0110583
DOID_2742	has_subclass	DOID_0110584
DOID_2742	has_subclass	DOID_0110585
DOID_2742	has_subclass	DOID_0110586
DOID_2742	has_subclass	DOID_0110587
DOID_2742	has_subclass	DOID_0110588
DOID_2742	has_subclass	DOID_0110589
DOID_2742	has_subclass	DOID_0110590
DOID_2742	has_subclass	DOID_0110591
DOID_2742	has_subclass	DOID_0110592
DOID_2742	has_subclass	DOID_0110593
DOID_2742	has_subclass	DOID_0111734
DOID_2742	has_subclass	DOID_0111735
DOID_2742	has_subclass	DOID_0111736
DOID_2742	has_subclass	DOID_0111737
DOID_2742	has_subclass	DOID_0111738
DOID_2742	has_subclass	DOID_0111739
DOID_2742	has_subclass	DOID_0111740
DOID_2742	has_subclass	DOID_0112159
DOID_2742	has_subclass	DOID_0112160
DOID_2742	has_subclass	DOID_0112165
DOID_2742	has_subclass	DOID_0112166
DOID_2742	has_subclass	DOID_0112167
DOID_2742	has_subclass	DOID_0112168
DOID_2742	has_subclass	DOID_0112373
DOID_2742	has_subclass	DOID_10516
DOID_2742	has_subclass	DOID_10518
DOID_2742	has_subclass	DOID_10519
DOID_2742	has_subclass	DOID_10520
DOID_2742	has_subclass	DOID_2814
DOID_2742	has_subclass	DOID_4287
DOID_2742	has_subclass	DOID_4288
DOID_2742	has_subclass	DOID_5538
DOID_2742	has_subclass	DOID_5665
DOID_2742	has_subclass	DOID_9462
DOID_2742	has_subclass	DOID_9463
DOID_2744	has_subclass	DOID_1076
DOID_2744	has_subclass	DOID_11401
DOID_2744	has_subclass	DOID_559
DOID_2773	has_subclass	DOID_0040046
DOID_2773	has_subclass	DOID_0040052
DOID_2773	has_subclass	DOID_0040053
DOID_2773	has_subclass	DOID_0040056
DOID_2773	has_subclass	DOID_0040057
DOID_2773	has_subclass	DOID_0040058
DOID_2773	has_subclass	DOID_0040059
DOID_2773	has_subclass	DOID_0040064
DOID_2773	has_subclass	DOID_0040068
DOID_2773	has_subclass	DOID_0040069
DOID_2773	has_subclass	DOID_0040072
DOID_2773	has_subclass	DOID_0040074
DOID_2773	has_subclass	DOID_0040075
DOID_2773	has_subclass	DOID_0040079
DOID_2773	has_subclass	DOID_0040101
DOID_2773	has_subclass	DOID_0040102
DOID_2773	has_subclass	DOID_3819
DOID_2773	has_subclass	DOID_4407
DOID_2776	has_subclass	DOID_6322
DOID_2789	has_subclass	DOID_0050246
DOID_2789	has_subclass	DOID_10112
DOID_2789	has_subclass	DOID_12140
DOID_28	has_subclass	DOID_0040091
DOID_28	has_subclass	DOID_0040100
DOID_28	has_subclass	DOID_0050489
DOID_28	has_subclass	DOID_0050546
DOID_28	has_subclass	DOID_0050877
DOID_28	has_subclass	DOID_0060850
DOID_28	has_subclass	DOID_0060988
DOID_28	has_subclass	DOID_0080323
DOID_28	has_subclass	DOID_0080626
DOID_28	has_subclass	DOID_0081101
DOID_28	has_subclass	DOID_0081102
DOID_28	has_subclass	DOID_0090140
DOID_28	has_subclass	DOID_0090141
DOID_28	has_subclass	DOID_0111374
DOID_28	has_subclass	DOID_0112309
DOID_28	has_subclass	DOID_10610
DOID_28	has_subclass	DOID_10719
DOID_28	has_subclass	DOID_11277
DOID_28	has_subclass	DOID_12175
DOID_28	has_subclass	DOID_12176
DOID_28	has_subclass	DOID_12257
DOID_28	has_subclass	DOID_12361
DOID_28	has_subclass	DOID_12424
DOID_28	has_subclass	DOID_12573
DOID_28	has_subclass	DOID_12837
DOID_28	has_subclass	DOID_13195
DOID_28	has_subclass	DOID_13196
DOID_28	has_subclass	DOID_13197
DOID_28	has_subclass	DOID_13200
DOID_28	has_subclass	DOID_13313
DOID_28	has_subclass	DOID_13316
DOID_28	has_subclass	DOID_13768
DOID_28	has_subclass	DOID_1792
DOID_28	has_subclass	DOID_1793
DOID_28	has_subclass	DOID_1795
DOID_28	has_subclass	DOID_1796
DOID_28	has_subclass	DOID_2018
DOID_28	has_subclass	DOID_2856
DOID_28	has_subclass	DOID_2891
DOID_28	has_subclass	DOID_3892
DOID_28	has_subclass	DOID_3917
DOID_28	has_subclass	DOID_3918
DOID_28	has_subclass	DOID_3919
DOID_28	has_subclass	DOID_5637
DOID_28	has_subclass	DOID_6203
DOID_28	has_subclass	DOID_6204
DOID_28	has_subclass	DOID_7188
DOID_28	has_subclass	DOID_7235
DOID_28	has_subclass	DOID_7735
DOID_28	has_subclass	DOID_7997
DOID_28	has_subclass	DOID_7998
DOID_28	has_subclass	DOID_8102
DOID_28	has_subclass	DOID_8162
DOID_28	has_subclass	DOID_8292
DOID_28	has_subclass	DOID_8419
DOID_28	has_subclass	DOID_8433
DOID_28	has_subclass	DOID_9931
DOID_2815	has_subclass	DOID_10812
DOID_2815	has_subclass	DOID_2816
DOID_2815	has_subclass	DOID_3202
DOID_2815	has_subclass	DOID_369
DOID_2815	has_subclass	DOID_4991
DOID_2815	has_subclass	DOID_4992
DOID_2815	has_subclass	DOID_5632
DOID_2815	has_subclass	DOID_6334
DOID_2815	has_subclass	DOID_6335
DOID_2815	has_subclass	DOID_6575
DOID_2815	has_subclass	DOID_6576
DOID_2815	has_subclass	DOID_8256
DOID_2825	has_subclass	DOID_0050127
DOID_2825	has_subclass	DOID_0050619
DOID_2825	has_subclass	DOID_0080797
DOID_2825	has_subclass	DOID_0080799
DOID_2825	has_subclass	DOID_10790
DOID_2825	has_subclass	DOID_10791
DOID_2825	has_subclass	DOID_10811
DOID_2825	has_subclass	DOID_1355
DOID_2825	has_subclass	DOID_1357
DOID_2825	has_subclass	DOID_1360
DOID_2825	has_subclass	DOID_1362
DOID_2825	has_subclass	DOID_1363
DOID_2825	has_subclass	DOID_14225
DOID_2825	has_subclass	DOID_14683
DOID_2825	has_subclass	DOID_2441
DOID_2825	has_subclass	DOID_2442
DOID_2825	has_subclass	DOID_2763
DOID_2825	has_subclass	DOID_2764
DOID_2825	has_subclass	DOID_2766
DOID_2825	has_subclass	DOID_4003
DOID_2825	has_subclass	DOID_4633
DOID_2825	has_subclass	DOID_4930
DOID_2825	has_subclass	DOID_4931
DOID_2825	has_subclass	DOID_5515
DOID_2825	has_subclass	DOID_6148
DOID_2825	has_subclass	DOID_7198
DOID_2825	has_subclass	DOID_7684
DOID_2825	has_subclass	DOID_7910
DOID_2825	has_subclass	DOID_8415
DOID_2825	has_subclass	DOID_867
DOID_2825	has_subclass	DOID_9310
DOID_2825	has_subclass	DOID_9312
DOID_2825	has_subclass	DOID_9506
DOID_2825	has_subclass	DOID_9507
DOID_2825	has_subclass	DOID_9574
DOID_2841	has_subclass	DOID_0040038
DOID_2841	has_subclass	DOID_0040045
DOID_2841	has_subclass	DOID_0040047
DOID_2841	has_subclass	DOID_0040048
DOID_2841	has_subclass	DOID_0040049
DOID_2841	has_subclass	DOID_0040050
DOID_2841	has_subclass	DOID_0040051
DOID_2841	has_subclass	DOID_0040054
DOID_2841	has_subclass	DOID_0080811
DOID_2841	has_subclass	DOID_0080812
DOID_2841	has_subclass	DOID_0080813
DOID_2841	has_subclass	DOID_0080814
DOID_2841	has_subclass	DOID_0080815
DOID_2841	has_subclass	DOID_0080816
DOID_2841	has_subclass	DOID_0080817
DOID_2841	has_subclass	DOID_0080818
DOID_2841	has_subclass	DOID_0080819
DOID_2841	has_subclass	DOID_0080820
DOID_2841	has_subclass	DOID_0080821
DOID_2841	has_subclass	DOID_0080822
DOID_2841	has_subclass	DOID_0080824
DOID_2841	has_subclass	DOID_0080825
DOID_2841	has_subclass	DOID_0080826
DOID_2841	has_subclass	DOID_12323
DOID_2841	has_subclass	DOID_9360
DOID_2841	has_subclass	DOID_9415
DOID_2871	has_subclass	DOID_3707
DOID_2871	has_subclass	DOID_5299
DOID_2871	has_subclass	DOID_6777
DOID_2871	has_subclass	DOID_6865
DOID_2871	has_subclass	DOID_7289
DOID_2871	has_subclass	DOID_7293
DOID_2871	has_subclass	DOID_7436
DOID_2871	has_subclass	DOID_7664
DOID_2889	has_subclass	DOID_0070735
DOID_2889	has_subclass	DOID_12683
DOID_289	has_subclass	DOID_2870
DOID_289	has_subclass	DOID_2871
DOID_289	has_subclass	DOID_3707
DOID_289	has_subclass	DOID_4005
DOID_289	has_subclass	DOID_5299
DOID_289	has_subclass	DOID_5631
DOID_289	has_subclass	DOID_6777
DOID_289	has_subclass	DOID_6865
DOID_289	has_subclass	DOID_7139
DOID_289	has_subclass	DOID_7289
DOID_289	has_subclass	DOID_7293
DOID_289	has_subclass	DOID_7436
DOID_289	has_subclass	DOID_7664
DOID_2891	has_subclass	DOID_6203
DOID_2891	has_subclass	DOID_8102
DOID_2891	has_subclass	DOID_8162
DOID_2891	has_subclass	DOID_8292
DOID_2891	has_subclass	DOID_8419
DOID_2893	has_subclass	DOID_3701
DOID_2893	has_subclass	DOID_3743
DOID_2893	has_subclass	DOID_5303
DOID_2893	has_subclass	DOID_5368
DOID_2893	has_subclass	DOID_5752
DOID_2893	has_subclass	DOID_5830
DOID_2893	has_subclass	DOID_6101
DOID_2893	has_subclass	DOID_6627
DOID_2893	has_subclass	DOID_7046
DOID_2893	has_subclass	DOID_7483
DOID_2893	has_subclass	DOID_7598
DOID_2893	has_subclass	DOID_7961
DOID_2893	has_subclass	DOID_8307
DOID_2893	has_subclass	DOID_8338
DOID_2893	has_subclass	DOID_8339
DOID_2893	has_subclass	DOID_8340
DOID_2893	has_subclass	DOID_8409
DOID_2914	has_subclass	DOID_0040092
DOID_2914	has_subclass	DOID_0050222
DOID_2914	has_subclass	DOID_0050553
DOID_2914	has_subclass	DOID_0050744
DOID_2914	has_subclass	DOID_0050745
DOID_2914	has_subclass	DOID_0050746
DOID_2914	has_subclass	DOID_0050873
DOID_2914	has_subclass	DOID_0051000
DOID_2914	has_subclass	DOID_0060024
DOID_2914	has_subclass	DOID_0060026
DOID_2914	has_subclass	DOID_0060027
DOID_2914	has_subclass	DOID_0060058
DOID_2914	has_subclass	DOID_0060060
DOID_2914	has_subclass	DOID_0060073
DOID_2914	has_subclass	DOID_0060219
DOID_2914	has_subclass	DOID_0060591
DOID_2914	has_subclass	DOID_0060592
DOID_2914	has_subclass	DOID_0060704
DOID_2914	has_subclass	DOID_0060705
DOID_2914	has_subclass	DOID_0060706
DOID_2914	has_subclass	DOID_0060901
DOID_2914	has_subclass	DOID_0060913
DOID_2914	has_subclass	DOID_0060914
DOID_2914	has_subclass	DOID_0060915
DOID_2914	has_subclass	DOID_0060919
DOID_2914	has_subclass	DOID_0061051
DOID_2914	has_subclass	DOID_0061052
DOID_2914	has_subclass	DOID_0061053
DOID_2914	has_subclass	DOID_0061056
DOID_2914	has_subclass	DOID_0061058
DOID_2914	has_subclass	DOID_0061059
DOID_2914	has_subclass	DOID_0061061
DOID_2914	has_subclass	DOID_0061065
DOID_2914	has_subclass	DOID_0061066
DOID_2914	has_subclass	DOID_0061067
DOID_2914	has_subclass	DOID_0061071
DOID_2914	has_subclass	DOID_0061076
DOID_2914	has_subclass	DOID_0061078
DOID_2914	has_subclass	DOID_0061083
DOID_2914	has_subclass	DOID_0061084
DOID_2914	has_subclass	DOID_0061089
DOID_2914	has_subclass	DOID_0061091
DOID_2914	has_subclass	DOID_0061094
DOID_2914	has_subclass	DOID_0061101
DOID_2914	has_subclass	DOID_0061224
DOID_2914	has_subclass	DOID_0070324
DOID_2914	has_subclass	DOID_0070615
DOID_2914	has_subclass	DOID_0070623
DOID_2914	has_subclass	DOID_0070624
DOID_2914	has_subclass	DOID_0070625
DOID_2914	has_subclass	DOID_0070626
DOID_2914	has_subclass	DOID_0070627
DOID_2914	has_subclass	DOID_0070628
DOID_2914	has_subclass	DOID_0080146
DOID_2914	has_subclass	DOID_0080192
DOID_2914	has_subclass	DOID_0080210
DOID_2914	has_subclass	DOID_0080603
DOID_2914	has_subclass	DOID_0080605
DOID_2914	has_subclass	DOID_0080618
DOID_2914	has_subclass	DOID_0080630
DOID_2914	has_subclass	DOID_0080638
DOID_2914	has_subclass	DOID_0080643
DOID_2914	has_subclass	DOID_0080644
DOID_2914	has_subclass	DOID_0080645
DOID_2914	has_subclass	DOID_0080646
DOID_2914	has_subclass	DOID_0080647
DOID_2914	has_subclass	DOID_0080648
DOID_2914	has_subclass	DOID_0080649
DOID_2914	has_subclass	DOID_0080650
DOID_2914	has_subclass	DOID_0080651
DOID_2914	has_subclass	DOID_0080709
DOID_2914	has_subclass	DOID_0080710
DOID_2914	has_subclass	DOID_0080745
DOID_2914	has_subclass	DOID_0080779
DOID_2914	has_subclass	DOID_0080996
DOID_2914	has_subclass	DOID_0080997
DOID_2914	has_subclass	DOID_0081004
DOID_2914	has_subclass	DOID_0081041
DOID_2914	has_subclass	DOID_0081042
DOID_2914	has_subclass	DOID_0081064
DOID_2914	has_subclass	DOID_0081065
DOID_2914	has_subclass	DOID_0081066
DOID_2914	has_subclass	DOID_0081067
DOID_2914	has_subclass	DOID_0081068
DOID_2914	has_subclass	DOID_0081069
DOID_2914	has_subclass	DOID_0081070
DOID_2914	has_subclass	DOID_0081071
DOID_2914	has_subclass	DOID_0081136
DOID_2914	has_subclass	DOID_0081138
DOID_2914	has_subclass	DOID_0081141
DOID_2914	has_subclass	DOID_0081142
DOID_2914	has_subclass	DOID_0081143
DOID_2914	has_subclass	DOID_0081144
DOID_2914	has_subclass	DOID_0081147
DOID_2914	has_subclass	DOID_0081148
DOID_2914	has_subclass	DOID_0081150
DOID_2914	has_subclass	DOID_0081154
DOID_2914	has_subclass	DOID_0081156
DOID_2914	has_subclass	DOID_0081242
DOID_2914	has_subclass	DOID_0081307
DOID_2914	has_subclass	DOID_0081308
DOID_2914	has_subclass	DOID_0081309
DOID_2914	has_subclass	DOID_0081310
DOID_2914	has_subclass	DOID_0081311
DOID_2914	has_subclass	DOID_0081313
DOID_2914	has_subclass	DOID_0081411
DOID_2914	has_subclass	DOID_0081412
DOID_2914	has_subclass	DOID_0081452
DOID_2914	has_subclass	DOID_0090061
DOID_2914	has_subclass	DOID_0090062
DOID_2914	has_subclass	DOID_0090065
DOID_2914	has_subclass	DOID_0111152
DOID_2914	has_subclass	DOID_0111157
DOID_2914	has_subclass	DOID_0111934
DOID_2914	has_subclass	DOID_0111940
DOID_2914	has_subclass	DOID_0111941
DOID_2914	has_subclass	DOID_0111942
DOID_2914	has_subclass	DOID_0111945
DOID_2914	has_subclass	DOID_0111946
DOID_2914	has_subclass	DOID_0111947
DOID_2914	has_subclass	DOID_0111952
DOID_2914	has_subclass	DOID_0111955
DOID_2914	has_subclass	DOID_0111958
DOID_2914	has_subclass	DOID_0111967
DOID_2914	has_subclass	DOID_0111969
DOID_2914	has_subclass	DOID_0111970
DOID_2914	has_subclass	DOID_0111978
DOID_2914	has_subclass	DOID_0111979
DOID_2914	has_subclass	DOID_0111989
DOID_2914	has_subclass	DOID_0111990
DOID_2914	has_subclass	DOID_0111991
DOID_2914	has_subclass	DOID_0111997
DOID_2914	has_subclass	DOID_0112000
DOID_2914	has_subclass	DOID_0112006
DOID_2914	has_subclass	DOID_0112063
DOID_2914	has_subclass	DOID_10146
DOID_2914	has_subclass	DOID_10290
DOID_2914	has_subclass	DOID_1039
DOID_2914	has_subclass	DOID_1040
DOID_2914	has_subclass	DOID_10540
DOID_2914	has_subclass	DOID_10619
DOID_2914	has_subclass	DOID_10813
DOID_2914	has_subclass	DOID_10993
DOID_2914	has_subclass	DOID_1106
DOID_2914	has_subclass	DOID_11123
DOID_2914	has_subclass	DOID_11200
DOID_2914	has_subclass	DOID_11241
DOID_2914	has_subclass	DOID_11450
DOID_2914	has_subclass	DOID_11701
DOID_2914	has_subclass	DOID_11702
DOID_2914	has_subclass	DOID_11821
DOID_2914	has_subclass	DOID_12001
DOID_2914	has_subclass	DOID_12177
DOID_2914	has_subclass	DOID_12339
DOID_2914	has_subclass	DOID_12972
DOID_2914	has_subclass	DOID_13241
DOID_2914	has_subclass	DOID_13375
DOID_2914	has_subclass	DOID_13996
DOID_2914	has_subclass	DOID_14150
DOID_2914	has_subclass	DOID_14176
DOID_2914	has_subclass	DOID_14179
DOID_2914	has_subclass	DOID_14256
DOID_2914	has_subclass	DOID_14482
DOID_2914	has_subclass	DOID_14489
DOID_2914	has_subclass	DOID_1522
DOID_2914	has_subclass	DOID_1523
DOID_2914	has_subclass	DOID_1556
DOID_2914	has_subclass	DOID_1557
DOID_2914	has_subclass	DOID_1703
DOID_2914	has_subclass	DOID_1792
DOID_2914	has_subclass	DOID_2115
DOID_2914	has_subclass	DOID_2150
DOID_2914	has_subclass	DOID_2583
DOID_2914	has_subclass	DOID_2689
DOID_2914	has_subclass	DOID_285
DOID_2914	has_subclass	DOID_3234
DOID_2914	has_subclass	DOID_3262
DOID_2914	has_subclass	DOID_3275
DOID_2914	has_subclass	DOID_3277
DOID_2914	has_subclass	DOID_3278
DOID_2914	has_subclass	DOID_3279
DOID_2914	has_subclass	DOID_3280
DOID_2914	has_subclass	DOID_3281
DOID_2914	has_subclass	DOID_3283
DOID_2914	has_subclass	DOID_3492
DOID_2914	has_subclass	DOID_4554
DOID_2914	has_subclass	DOID_4678
DOID_2914	has_subclass	DOID_5626
DOID_2914	has_subclass	DOID_5815
DOID_2914	has_subclass	DOID_5820
DOID_2914	has_subclass	DOID_5821
DOID_2914	has_subclass	DOID_5823
DOID_2914	has_subclass	DOID_5825
DOID_2914	has_subclass	DOID_5826
DOID_2914	has_subclass	DOID_6024
DOID_2914	has_subclass	DOID_6025
DOID_2914	has_subclass	DOID_6196
DOID_2914	has_subclass	DOID_6547
DOID_2914	has_subclass	DOID_6723
DOID_2914	has_subclass	DOID_6758
DOID_2914	has_subclass	DOID_6759
DOID_2914	has_subclass	DOID_676
DOID_2914	has_subclass	DOID_6760
DOID_2914	has_subclass	DOID_6867
DOID_2914	has_subclass	DOID_6868
DOID_2914	has_subclass	DOID_707
DOID_2914	has_subclass	DOID_711
DOID_2914	has_subclass	DOID_713
DOID_2914	has_subclass	DOID_7147
DOID_2914	has_subclass	DOID_7148
DOID_2914	has_subclass	DOID_7214
DOID_2914	has_subclass	DOID_7263
DOID_2914	has_subclass	DOID_774
DOID_2914	has_subclass	DOID_7927
DOID_2914	has_subclass	DOID_8135
DOID_2914	has_subclass	DOID_849
DOID_2914	has_subclass	DOID_853
DOID_2914	has_subclass	DOID_8538
DOID_2914	has_subclass	DOID_8543
DOID_2914	has_subclass	DOID_8567
DOID_2914	has_subclass	DOID_8628
DOID_2914	has_subclass	DOID_8642
DOID_2914	has_subclass	DOID_8651
DOID_2914	has_subclass	DOID_8654
DOID_2914	has_subclass	DOID_8838
DOID_2914	has_subclass	DOID_8937
DOID_2914	has_subclass	DOID_9008
DOID_2914	has_subclass	DOID_901
DOID_2914	has_subclass	DOID_903
DOID_2914	has_subclass	DOID_9809
DOID_2914	has_subclass	DOID_9986
DOID_2916	has_subclass	DOID_0060126
DOID_2916	has_subclass	DOID_0060127
DOID_2916	has_subclass	DOID_0060128
DOID_2916	has_subclass	DOID_0060129
DOID_2916	has_subclass	DOID_12055
DOID_2916	has_subclass	DOID_13402
DOID_2916	has_subclass	DOID_13403
DOID_2916	has_subclass	DOID_13404
DOID_2916	has_subclass	DOID_13405
DOID_2916	has_subclass	DOID_13406
DOID_2916	has_subclass	DOID_13407
DOID_292	has_subclass	DOID_293
DOID_292	has_subclass	DOID_296
DOID_292	has_subclass	DOID_298
DOID_292	has_subclass	DOID_4685
DOID_292	has_subclass	DOID_4870
DOID_292	has_subclass	DOID_5529
DOID_2921	has_subclass	DOID_0111128
DOID_2921	has_subclass	DOID_0111129
DOID_2921	has_subclass	DOID_0111130
DOID_2921	has_subclass	DOID_0111131
DOID_2921	has_subclass	DOID_0111132
DOID_2921	has_subclass	DOID_0111134
DOID_2921	has_subclass	DOID_1312
DOID_2921	has_subclass	DOID_14066
DOID_293	has_subclass	DOID_4870
DOID_294	has_subclass	DOID_298
DOID_294	has_subclass	DOID_4870
DOID_294	has_subclass	DOID_5529
DOID_2952	has_subclass	DOID_0050332
DOID_2952	has_subclass	DOID_0060920
DOID_2952	has_subclass	DOID_0060921
DOID_2952	has_subclass	DOID_0060922
DOID_2952	has_subclass	DOID_0060923
DOID_2952	has_subclass	DOID_0060924
DOID_2952	has_subclass	DOID_0060925
DOID_2952	has_subclass	DOID_0060926
DOID_2952	has_subclass	DOID_0060927
DOID_2952	has_subclass	DOID_0060928
DOID_2952	has_subclass	DOID_12357
DOID_2952	has_subclass	DOID_13534
DOID_2952	has_subclass	DOID_13867
DOID_2952	has_subclass	DOID_14081
DOID_2952	has_subclass	DOID_14165
DOID_2952	has_subclass	DOID_14413
DOID_2952	has_subclass	DOID_1467
DOID_2952	has_subclass	DOID_1468
DOID_2952	has_subclass	DOID_1776
DOID_2952	has_subclass	DOID_1777
DOID_2952	has_subclass	DOID_4796
DOID_2952	has_subclass	DOID_565
DOID_2952	has_subclass	DOID_5990
DOID_2952	has_subclass	DOID_9496
DOID_2959	has_subclass	DOID_0060023
DOID_2959	has_subclass	DOID_0060758
DOID_2959	has_subclass	DOID_0060759
DOID_2959	has_subclass	DOID_0060760
DOID_2959	has_subclass	DOID_6620
DOID_2975	has_subclass	DOID_0080212
DOID_2975	has_subclass	DOID_0080273
DOID_2975	has_subclass	DOID_0110861
DOID_2978	has_subclass	DOID_0050579
DOID_2978	has_subclass	DOID_0061286
DOID_2978	has_subclass	DOID_0061287
DOID_2978	has_subclass	DOID_0090101
DOID_2978	has_subclass	DOID_0111670
DOID_2978	has_subclass	DOID_0111671
DOID_2978	has_subclass	DOID_0111672
DOID_2978	has_subclass	DOID_11721
DOID_2978	has_subclass	DOID_13628
DOID_2978	has_subclass	DOID_2747
DOID_2978	has_subclass	DOID_2748
DOID_2978	has_subclass	DOID_2752
DOID_2978	has_subclass	DOID_856
DOID_2978	has_subclass	DOID_859
DOID_299	has_subclass	DOID_0080303
DOID_299	has_subclass	DOID_0080800
DOID_299	has_subclass	DOID_2632
DOID_299	has_subclass	DOID_3446
DOID_299	has_subclass	DOID_3606
DOID_299	has_subclass	DOID_3607
DOID_299	has_subclass	DOID_3691
DOID_299	has_subclass	DOID_3693
DOID_299	has_subclass	DOID_3698
DOID_299	has_subclass	DOID_3701
DOID_299	has_subclass	DOID_3704
DOID_299	has_subclass	DOID_3707
DOID_299	has_subclass	DOID_3709
DOID_299	has_subclass	DOID_3710
DOID_299	has_subclass	DOID_4075
DOID_299	has_subclass	DOID_4870
DOID_299	has_subclass	DOID_5299
DOID_299	has_subclass	DOID_5301
DOID_299	has_subclass	DOID_5597
DOID_299	has_subclass	DOID_5598
DOID_299	has_subclass	DOID_5831
DOID_299	has_subclass	DOID_6101
DOID_299	has_subclass	DOID_6481
DOID_299	has_subclass	DOID_6594
DOID_299	has_subclass	DOID_6627
DOID_299	has_subclass	DOID_6777
DOID_299	has_subclass	DOID_6865
DOID_299	has_subclass	DOID_7032
DOID_299	has_subclass	DOID_7289
DOID_299	has_subclass	DOID_7293
DOID_299	has_subclass	DOID_7436
DOID_299	has_subclass	DOID_7531
DOID_299	has_subclass	DOID_7664
DOID_299	has_subclass	DOID_7694
DOID_299	has_subclass	DOID_8096
DOID_299	has_subclass	DOID_8097
DOID_299	has_subclass	DOID_8338
DOID_299	has_subclass	DOID_8339
DOID_299	has_subclass	DOID_8340
DOID_2994	has_subclass	DOID_0050907
DOID_2994	has_subclass	DOID_0080905
DOID_2994	has_subclass	DOID_0080906
DOID_2994	has_subclass	DOID_0081246
DOID_2994	has_subclass	DOID_3305
DOID_2994	has_subclass	DOID_3307
DOID_2994	has_subclass	DOID_3640
DOID_2994	has_subclass	DOID_4438
DOID_2994	has_subclass	DOID_5342
DOID_2994	has_subclass	DOID_5343
DOID_2994	has_subclass	DOID_5348
DOID_2994	has_subclass	DOID_5349
DOID_2994	has_subclass	DOID_5563
DOID_2994	has_subclass	DOID_5566
DOID_2994	has_subclass	DOID_6015
DOID_2994	has_subclass	DOID_6016
DOID_2994	has_subclass	DOID_6018
DOID_2994	has_subclass	DOID_6019
DOID_2994	has_subclass	DOID_6052
DOID_2994	has_subclass	DOID_6654
DOID_2994	has_subclass	DOID_6706
DOID_2994	has_subclass	DOID_7202
DOID_2994	has_subclass	DOID_7231
DOID_2994	has_subclass	DOID_7232
DOID_2994	has_subclass	DOID_7233
DOID_2994	has_subclass	DOID_7269
DOID_2994	has_subclass	DOID_7429
DOID_2994	has_subclass	DOID_7867
DOID_2994	has_subclass	DOID_7891
DOID_2994	has_subclass	DOID_7945
DOID_2994	has_subclass	DOID_8078
DOID_2994	has_subclass	DOID_8149
DOID_2994	has_subclass	DOID_8358
DOID_2998	has_subclass	DOID_4087
DOID_2998	has_subclass	DOID_6082
DOID_2998	has_subclass	DOID_6162
DOID_2998	has_subclass	DOID_8275
DOID_2999	has_subclass	DOID_6032
DOID_2999	has_subclass	DOID_8394
DOID_3004	has_subclass	DOID_7520
DOID_3004	has_subclass	DOID_8068
DOID_3013	has_subclass	DOID_1626
DOID_3013	has_subclass	DOID_7984
DOID_3013	has_subclass	DOID_8224
DOID_3013	has_subclass	DOID_8225
DOID_3013	has_subclass	DOID_8227
DOID_303	has_subclass	DOID_9828
DOID_3030	has_subclass	DOID_6101
DOID_3030	has_subclass	DOID_6627
DOID_3030	has_subclass	DOID_8338
DOID_3030	has_subclass	DOID_8339
DOID_3030	has_subclass	DOID_8340
DOID_3044	has_subclass	DOID_0060504
DOID_3044	has_subclass	DOID_0060505
DOID_3044	has_subclass	DOID_0060506
DOID_3044	has_subclass	DOID_0060507
DOID_3044	has_subclass	DOID_0060508
DOID_3044	has_subclass	DOID_0060509
DOID_3044	has_subclass	DOID_0060510
DOID_3044	has_subclass	DOID_0060511
DOID_3044	has_subclass	DOID_0060512
DOID_3044	has_subclass	DOID_0060514
DOID_3044	has_subclass	DOID_0060515
DOID_3044	has_subclass	DOID_0060516
DOID_3044	has_subclass	DOID_0060517
DOID_3044	has_subclass	DOID_0060518
DOID_3044	has_subclass	DOID_0060904
DOID_3044	has_subclass	DOID_4378
DOID_305	has_subclass	DOID_0050861
DOID_305	has_subclass	DOID_0050865
DOID_305	has_subclass	DOID_0050916
DOID_305	has_subclass	DOID_0050919
DOID_305	has_subclass	DOID_0060219
DOID_305	has_subclass	DOID_0080183
DOID_305	has_subclass	DOID_0080800
DOID_305	has_subclass	DOID_0080808
DOID_305	has_subclass	DOID_0080899
DOID_305	has_subclass	DOID_0080901
DOID_305	has_subclass	DOID_0080902
DOID_305	has_subclass	DOID_0080909
DOID_305	has_subclass	DOID_0081293
DOID_305	has_subclass	DOID_10287
DOID_305	has_subclass	DOID_12003
DOID_305	has_subclass	DOID_1293
DOID_305	has_subclass	DOID_13389
DOID_305	has_subclass	DOID_2097
DOID_305	has_subclass	DOID_2098
DOID_305	has_subclass	DOID_2101
DOID_305	has_subclass	DOID_2526
DOID_305	has_subclass	DOID_2892
DOID_305	has_subclass	DOID_3024
DOID_305	has_subclass	DOID_3448
DOID_305	has_subclass	DOID_3494
DOID_305	has_subclass	DOID_3499
DOID_305	has_subclass	DOID_3500
DOID_305	has_subclass	DOID_3504
DOID_305	has_subclass	DOID_3698
DOID_305	has_subclass	DOID_3701
DOID_305	has_subclass	DOID_3702
DOID_305	has_subclass	DOID_3703
DOID_305	has_subclass	DOID_3740
DOID_305	has_subclass	DOID_3743
DOID_305	has_subclass	DOID_3744
DOID_305	has_subclass	DOID_4000
DOID_305	has_subclass	DOID_4005
DOID_305	has_subclass	DOID_4006
DOID_305	has_subclass	DOID_4008
DOID_305	has_subclass	DOID_4011
DOID_305	has_subclass	DOID_4012
DOID_305	has_subclass	DOID_4013
DOID_305	has_subclass	DOID_4014
DOID_305	has_subclass	DOID_4075
DOID_305	has_subclass	DOID_4286
DOID_305	has_subclass	DOID_4301
DOID_305	has_subclass	DOID_4678
DOID_305	has_subclass	DOID_4681
DOID_305	has_subclass	DOID_4839
DOID_305	has_subclass	DOID_4866
DOID_305	has_subclass	DOID_4867
DOID_305	has_subclass	DOID_4868
DOID_305	has_subclass	DOID_4875
DOID_305	has_subclass	DOID_4892
DOID_305	has_subclass	DOID_4896
DOID_305	has_subclass	DOID_4918
DOID_305	has_subclass	DOID_5303
DOID_305	has_subclass	DOID_5368
DOID_305	has_subclass	DOID_5519
DOID_305	has_subclass	DOID_5520
DOID_305	has_subclass	DOID_5526
DOID_305	has_subclass	DOID_5627
DOID_305	has_subclass	DOID_5662
DOID_305	has_subclass	DOID_5680
DOID_305	has_subclass	DOID_5752
DOID_305	has_subclass	DOID_5761
DOID_305	has_subclass	DOID_5830
DOID_305	has_subclass	DOID_5923
DOID_305	has_subclass	DOID_6101
DOID_305	has_subclass	DOID_6162
DOID_305	has_subclass	DOID_6339
DOID_305	has_subclass	DOID_6428
DOID_305	has_subclass	DOID_6448
DOID_305	has_subclass	DOID_6476
DOID_305	has_subclass	DOID_6477
DOID_305	has_subclass	DOID_6571
DOID_305	has_subclass	DOID_6627
DOID_305	has_subclass	DOID_6659
DOID_305	has_subclass	DOID_6740
DOID_305	has_subclass	DOID_6844
DOID_305	has_subclass	DOID_6845
DOID_305	has_subclass	DOID_6888
DOID_305	has_subclass	DOID_6975
DOID_305	has_subclass	DOID_6976
DOID_305	has_subclass	DOID_6998
DOID_305	has_subclass	DOID_7032
DOID_305	has_subclass	DOID_7046
DOID_305	has_subclass	DOID_7048
DOID_305	has_subclass	DOID_7132
DOID_305	has_subclass	DOID_7133
DOID_305	has_subclass	DOID_7222
DOID_305	has_subclass	DOID_7232
DOID_305	has_subclass	DOID_7246
DOID_305	has_subclass	DOID_7315
DOID_305	has_subclass	DOID_7363
DOID_305	has_subclass	DOID_7371
DOID_305	has_subclass	DOID_7408
DOID_305	has_subclass	DOID_7409
DOID_305	has_subclass	DOID_7483
DOID_305	has_subclass	DOID_7553
DOID_305	has_subclass	DOID_7565
DOID_305	has_subclass	DOID_7567
DOID_305	has_subclass	DOID_7598
DOID_305	has_subclass	DOID_7600
DOID_305	has_subclass	DOID_7961
DOID_305	has_subclass	DOID_7967
DOID_305	has_subclass	DOID_7968
DOID_305	has_subclass	DOID_7969
DOID_305	has_subclass	DOID_7971
DOID_305	has_subclass	DOID_7972
DOID_305	has_subclass	DOID_8275
DOID_305	has_subclass	DOID_8307
DOID_305	has_subclass	DOID_8338
DOID_305	has_subclass	DOID_8339
DOID_305	has_subclass	DOID_8340
DOID_305	has_subclass	DOID_8409
DOID_3069	has_subclass	DOID_0080881
DOID_3069	has_subclass	DOID_0080904
DOID_3069	has_subclass	DOID_7656
DOID_3070	has_subclass	DOID_0050901
DOID_3070	has_subclass	DOID_0080684
DOID_3070	has_subclass	DOID_0080880
DOID_3070	has_subclass	DOID_3183
DOID_3070	has_subclass	DOID_3184
DOID_3070	has_subclass	DOID_3186
DOID_3070	has_subclass	DOID_4812
DOID_3070	has_subclass	DOID_4813
DOID_3070	has_subclass	DOID_4853
DOID_3070	has_subclass	DOID_4860
DOID_3070	has_subclass	DOID_5921
DOID_3070	has_subclass	DOID_5922
DOID_3070	has_subclass	DOID_6286
DOID_3070	has_subclass	DOID_7817
DOID_3070	has_subclass	DOID_7907
DOID_3070	has_subclass	DOID_7912
DOID_3078	has_subclass	DOID_0080877
DOID_3078	has_subclass	DOID_0081256
DOID_3078	has_subclass	DOID_0081257
DOID_3083	has_subclass	DOID_10030
DOID_3083	has_subclass	DOID_10031
DOID_3086	has_subclass	DOID_0070771
DOID_3086	has_subclass	DOID_0070772
DOID_3086	has_subclass	DOID_0070774
DOID_3093	has_subclass	DOID_0050903
DOID_3093	has_subclass	DOID_0060103
DOID_3093	has_subclass	DOID_0060106
DOID_3093	has_subclass	DOID_0080903
DOID_3093	has_subclass	DOID_0080905
DOID_3093	has_subclass	DOID_0080906
DOID_3093	has_subclass	DOID_0081286
DOID_3093	has_subclass	DOID_0081315
DOID_3093	has_subclass	DOID_0081316
DOID_3093	has_subclass	DOID_12016
DOID_3093	has_subclass	DOID_12969
DOID_3093	has_subclass	DOID_1319
DOID_3093	has_subclass	DOID_14384
DOID_3093	has_subclass	DOID_1659
DOID_3093	has_subclass	DOID_1752
DOID_3093	has_subclass	DOID_2127
DOID_3093	has_subclass	DOID_2129
DOID_3093	has_subclass	DOID_2132
DOID_3093	has_subclass	DOID_2133
DOID_3093	has_subclass	DOID_2135
DOID_3093	has_subclass	DOID_2174
DOID_3093	has_subclass	DOID_295
DOID_3093	has_subclass	DOID_3640
DOID_3093	has_subclass	DOID_3644
DOID_3093	has_subclass	DOID_368
DOID_3093	has_subclass	DOID_3865
DOID_3093	has_subclass	DOID_3870
DOID_3093	has_subclass	DOID_4048
DOID_3093	has_subclass	DOID_4055
DOID_3093	has_subclass	DOID_4164
DOID_3093	has_subclass	DOID_4438
DOID_3093	has_subclass	DOID_4439
DOID_3093	has_subclass	DOID_4504
DOID_3093	has_subclass	DOID_4584
DOID_3093	has_subclass	DOID_4788
DOID_3093	has_subclass	DOID_4790
DOID_3093	has_subclass	DOID_4791
DOID_3093	has_subclass	DOID_4955
DOID_3093	has_subclass	DOID_502
DOID_3093	has_subclass	DOID_5057
DOID_3093	has_subclass	DOID_5254
DOID_3093	has_subclass	DOID_5343
DOID_3093	has_subclass	DOID_5349
DOID_3093	has_subclass	DOID_5677
DOID_3093	has_subclass	DOID_5772
DOID_3093	has_subclass	DOID_5815
DOID_3093	has_subclass	DOID_6015
DOID_3093	has_subclass	DOID_6016
DOID_3093	has_subclass	DOID_6018
DOID_3093	has_subclass	DOID_6019
DOID_3093	has_subclass	DOID_6037
DOID_3093	has_subclass	DOID_6052
DOID_3093	has_subclass	DOID_6112
DOID_3093	has_subclass	DOID_6113
DOID_3093	has_subclass	DOID_6115
DOID_3093	has_subclass	DOID_6128
DOID_3093	has_subclass	DOID_6337
DOID_3093	has_subclass	DOID_6379
DOID_3093	has_subclass	DOID_6451
DOID_3093	has_subclass	DOID_6654
DOID_3093	has_subclass	DOID_6871
DOID_3093	has_subclass	DOID_6872
DOID_3093	has_subclass	DOID_6903
DOID_3093	has_subclass	DOID_6939
DOID_3093	has_subclass	DOID_7007
DOID_3093	has_subclass	DOID_7231
DOID_3093	has_subclass	DOID_7232
DOID_3093	has_subclass	DOID_7233
DOID_3093	has_subclass	DOID_7398
DOID_3093	has_subclass	DOID_7429
DOID_3093	has_subclass	DOID_7430
DOID_3093	has_subclass	DOID_7502
DOID_3093	has_subclass	DOID_7516
DOID_3093	has_subclass	DOID_7631
DOID_3093	has_subclass	DOID_775
DOID_3093	has_subclass	DOID_7867
DOID_3093	has_subclass	DOID_7945
DOID_3093	has_subclass	DOID_7994
DOID_3093	has_subclass	DOID_8078
DOID_3093	has_subclass	DOID_8243
DOID_3093	has_subclass	DOID_910
DOID_3095	has_subclass	DOID_0081246
DOID_3095	has_subclass	DOID_5563
DOID_3095	has_subclass	DOID_5566
DOID_3095	has_subclass	DOID_7202
DOID_3098	has_subclass	DOID_0081250
DOID_3098	has_subclass	DOID_0081403
DOID_3098	has_subclass	DOID_0081404
DOID_3098	has_subclass	DOID_0081405
DOID_3116	has_subclass	DOID_2673
DOID_3116	has_subclass	DOID_6257
DOID_3116	has_subclass	DOID_6258
DOID_3116	has_subclass	DOID_6259
DOID_3116	has_subclass	DOID_6404
DOID_3117	has_subclass	DOID_0050868
DOID_3117	has_subclass	DOID_0050893
DOID_3117	has_subclass	DOID_0080640
DOID_3117	has_subclass	DOID_0111366
DOID_3117	has_subclass	DOID_10201
DOID_3117	has_subclass	DOID_10209
DOID_3117	has_subclass	DOID_3120
DOID_3117	has_subclass	DOID_3317
DOID_3117	has_subclass	DOID_4608
DOID_3117	has_subclass	DOID_5125
DOID_3117	has_subclass	DOID_5140
DOID_3117	has_subclass	DOID_5468
DOID_3117	has_subclass	DOID_5469
DOID_3117	has_subclass	DOID_7752
DOID_3117	has_subclass	DOID_8230
DOID_3117	has_subclass	DOID_907
DOID_3117	has_subclass	DOID_917
DOID_3118	has_subclass	DOID_0050218
DOID_3118	has_subclass	DOID_0061215
DOID_3118	has_subclass	DOID_0070358
DOID_3118	has_subclass	DOID_0070359
DOID_3118	has_subclass	DOID_0070360
DOID_3118	has_subclass	DOID_0070361
DOID_3118	has_subclass	DOID_0070362
DOID_3118	has_subclass	DOID_0080778
DOID_3118	has_subclass	DOID_0080936
DOID_3118	has_subclass	DOID_10699
DOID_3118	has_subclass	DOID_12236
DOID_3118	has_subclass	DOID_12474
DOID_3118	has_subclass	DOID_13768
DOID_3118	has_subclass	DOID_1495
DOID_3118	has_subclass	DOID_5082
DOID_3118	has_subclass	DOID_900
DOID_3118	has_subclass	DOID_9132
DOID_3118	has_subclass	DOID_918
DOID_3118	has_subclass	DOID_9245
DOID_3119	has_subclass	DOID_0050866
DOID_3119	has_subclass	DOID_0050911
DOID_3119	has_subclass	DOID_0050925
DOID_3119	has_subclass	DOID_0080900
DOID_3119	has_subclass	DOID_10020
DOID_3119	has_subclass	DOID_10021
DOID_3119	has_subclass	DOID_10154
DOID_3119	has_subclass	DOID_10816
DOID_3119	has_subclass	DOID_11239
DOID_3119	has_subclass	DOID_13996
DOID_3119	has_subclass	DOID_3501
DOID_3119	has_subclass	DOID_3502
DOID_3119	has_subclass	DOID_3559
DOID_3119	has_subclass	DOID_3693
DOID_3119	has_subclass	DOID_4906
DOID_3119	has_subclass	DOID_4907
DOID_3119	has_subclass	DOID_4932
DOID_3119	has_subclass	DOID_5271
DOID_3119	has_subclass	DOID_5308
DOID_3119	has_subclass	DOID_5628
DOID_3119	has_subclass	DOID_5740
DOID_3119	has_subclass	DOID_7136
DOID_3119	has_subclass	DOID_7479
DOID_3119	has_subclass	DOID_7506
DOID_3119	has_subclass	DOID_7959
DOID_3119	has_subclass	DOID_8110
DOID_3119	has_subclass	DOID_8151
DOID_3119	has_subclass	DOID_8564
DOID_3119	has_subclass	DOID_8578
DOID_3119	has_subclass	DOID_8630
DOID_3119	has_subclass	DOID_8635
DOID_3119	has_subclass	DOID_8702
DOID_3119	has_subclass	DOID_8883
DOID_3119	has_subclass	DOID_8930
DOID_3119	has_subclass	DOID_9149
DOID_3119	has_subclass	DOID_9188
DOID_3121	has_subclass	DOID_3499
DOID_3121	has_subclass	DOID_3500
DOID_3121	has_subclass	DOID_5627
DOID_3121	has_subclass	DOID_6998
DOID_3121	has_subclass	DOID_7133
DOID_3121	has_subclass	DOID_7222
DOID_3122	has_subclass	DOID_12638
DOID_3122	has_subclass	DOID_14099
DOID_3128	has_subclass	DOID_14139
DOID_3128	has_subclass	DOID_14145
DOID_3128	has_subclass	DOID_4066
DOID_3128	has_subclass	DOID_9745
DOID_3128	has_subclass	DOID_9749
DOID_3144	has_subclass	DOID_0070133
DOID_3144	has_subclass	DOID_0070135
DOID_3144	has_subclass	DOID_0070139
DOID_3146	has_subclass	DOID_0050674
DOID_3146	has_subclass	DOID_0050811
DOID_3146	has_subclass	DOID_0060999
DOID_3146	has_subclass	DOID_0061180
DOID_3146	has_subclass	DOID_0061182
DOID_3146	has_subclass	DOID_0070619
DOID_3146	has_subclass	DOID_0080138
DOID_3146	has_subclass	DOID_0080139
DOID_3146	has_subclass	DOID_0090105
DOID_3146	has_subclass	DOID_0111066
DOID_3146	has_subclass	DOID_0111067
DOID_3146	has_subclass	DOID_0111068
DOID_3146	has_subclass	DOID_0111069
DOID_3146	has_subclass	DOID_0111070
DOID_3146	has_subclass	DOID_0111071
DOID_3146	has_subclass	DOID_0111417
DOID_3146	has_subclass	DOID_0111418
DOID_3146	has_subclass	DOID_0111419
DOID_3146	has_subclass	DOID_0111420
DOID_3146	has_subclass	DOID_1171
DOID_3146	has_subclass	DOID_1172
DOID_3146	has_subclass	DOID_13809
DOID_3146	has_subclass	DOID_13810
DOID_3146	has_subclass	DOID_3145
DOID_3146	has_subclass	DOID_4367
DOID_3151	has_subclass	DOID_5585
DOID_3165	has_subclass	DOID_2648
DOID_3165	has_subclass	DOID_5132
DOID_3165	has_subclass	DOID_5374
DOID_3165	has_subclass	DOID_6048
DOID_3165	has_subclass	DOID_8426
DOID_3168	has_subclass	DOID_11684
DOID_3168	has_subclass	DOID_11685
DOID_3168	has_subclass	DOID_4321
DOID_3168	has_subclass	DOID_4322
DOID_3168	has_subclass	DOID_4323
DOID_3168	has_subclass	DOID_4324
DOID_3168	has_subclass	DOID_6498
DOID_3168	has_subclass	DOID_6943
DOID_3168	has_subclass	DOID_6944
DOID_3168	has_subclass	DOID_6945
DOID_3185	has_subclass	DOID_0080888
DOID_3185	has_subclass	DOID_7788
DOID_319	has_subclass	DOID_0050490
DOID_319	has_subclass	DOID_0080743
DOID_319	has_subclass	DOID_0080830
DOID_319	has_subclass	DOID_0080947
DOID_319	has_subclass	DOID_0081260
DOID_319	has_subclass	DOID_0081261
DOID_319	has_subclass	DOID_10027
DOID_319	has_subclass	DOID_10035
DOID_319	has_subclass	DOID_4843
DOID_319	has_subclass	DOID_4844
DOID_319	has_subclass	DOID_4845
DOID_319	has_subclass	DOID_4851
DOID_319	has_subclass	DOID_4852
DOID_319	has_subclass	DOID_5075
DOID_319	has_subclass	DOID_5077
DOID_319	has_subclass	DOID_5500
DOID_319	has_subclass	DOID_5504
DOID_319	has_subclass	DOID_5505
DOID_319	has_subclass	DOID_5507
DOID_319	has_subclass	DOID_6811
DOID_319	has_subclass	DOID_6812
DOID_3192	has_subclass	DOID_11888
DOID_3192	has_subclass	DOID_6484
DOID_3192	has_subclass	DOID_6735
DOID_3193	has_subclass	DOID_14534
DOID_3193	has_subclass	DOID_4696
DOID_3193	has_subclass	DOID_6344
DOID_3193	has_subclass	DOID_6345
DOID_3193	has_subclass	DOID_6707
DOID_3193	has_subclass	DOID_7732
DOID_3193	has_subclass	DOID_8353
DOID_3193	has_subclass	DOID_8369
DOID_3193	has_subclass	DOID_8420
DOID_3211	has_subclass	DOID_0050809
DOID_3211	has_subclass	DOID_0060222
DOID_3211	has_subclass	DOID_0061128
DOID_3211	has_subclass	DOID_0111389
DOID_3211	has_subclass	DOID_0111390
DOID_3211	has_subclass	DOID_0112318
DOID_3211	has_subclass	DOID_0112319
DOID_3211	has_subclass	DOID_0112320
DOID_3211	has_subclass	DOID_12799
DOID_3211	has_subclass	DOID_12800
DOID_3211	has_subclass	DOID_12802
DOID_3211	has_subclass	DOID_12803
DOID_3213	has_subclass	DOID_0050783
DOID_3213	has_subclass	DOID_0050784
DOID_3213	has_subclass	DOID_0050785
DOID_3213	has_subclass	DOID_0060215
DOID_3213	has_subclass	DOID_2378
DOID_3246	has_subclass	DOID_6786
DOID_3246	has_subclass	DOID_6847
DOID_3247	has_subclass	DOID_0060338
DOID_3247	has_subclass	DOID_3253
DOID_3247	has_subclass	DOID_3255
DOID_3247	has_subclass	DOID_6786
DOID_3247	has_subclass	DOID_6847
DOID_3247	has_subclass	DOID_7463
DOID_3247	has_subclass	DOID_8251
DOID_3275	has_subclass	DOID_6723
DOID_3275	has_subclass	DOID_7927
DOID_3277	has_subclass	DOID_3278
DOID_3277	has_subclass	DOID_3279
DOID_3277	has_subclass	DOID_3280
DOID_3277	has_subclass	DOID_3281
DOID_3277	has_subclass	DOID_3283
DOID_3277	has_subclass	DOID_4554
DOID_3277	has_subclass	DOID_6723
DOID_3277	has_subclass	DOID_7214
DOID_3277	has_subclass	DOID_7927
DOID_3284	has_subclass	DOID_5595
DOID_3302	has_subclass	DOID_0050900
DOID_3303	has_subclass	DOID_0050900
DOID_3303	has_subclass	DOID_0081417
DOID_3303	has_subclass	DOID_4152
DOID_3303	has_subclass	DOID_4153
DOID_3307	has_subclass	DOID_7202
DOID_3308	has_subclass	DOID_6162
DOID_3308	has_subclass	DOID_8275
DOID_331	has_subclass	DOID_0050246
DOID_331	has_subclass	DOID_0050783
DOID_331	has_subclass	DOID_0050784
DOID_331	has_subclass	DOID_0050785
DOID_331	has_subclass	DOID_0050903
DOID_331	has_subclass	DOID_0060103
DOID_331	has_subclass	DOID_0060106
DOID_331	has_subclass	DOID_0060215
DOID_331	has_subclass	DOID_0060688
DOID_331	has_subclass	DOID_0080176
DOID_331	has_subclass	DOID_0080179
DOID_331	has_subclass	DOID_0080829
DOID_331	has_subclass	DOID_0080830
DOID_331	has_subclass	DOID_0080903
DOID_331	has_subclass	DOID_0080905
DOID_331	has_subclass	DOID_0080906
DOID_331	has_subclass	DOID_0081259
DOID_331	has_subclass	DOID_0081260
DOID_331	has_subclass	DOID_0081261
DOID_331	has_subclass	DOID_0081283
DOID_331	has_subclass	DOID_0081284
DOID_331	has_subclass	DOID_0081285
DOID_331	has_subclass	DOID_0081286
DOID_331	has_subclass	DOID_0081302
DOID_331	has_subclass	DOID_0081303
DOID_331	has_subclass	DOID_0081305
DOID_331	has_subclass	DOID_0081315
DOID_331	has_subclass	DOID_0081316
DOID_331	has_subclass	DOID_10073
DOID_331	has_subclass	DOID_10310
DOID_331	has_subclass	DOID_10341
DOID_331	has_subclass	DOID_10361
DOID_331	has_subclass	DOID_10992
DOID_331	has_subclass	DOID_11572
DOID_331	has_subclass	DOID_11574
DOID_331	has_subclass	DOID_12016
DOID_331	has_subclass	DOID_12156
DOID_331	has_subclass	DOID_12157
DOID_331	has_subclass	DOID_12969
DOID_331	has_subclass	DOID_1319
DOID_331	has_subclass	DOID_13375
DOID_331	has_subclass	DOID_14384
DOID_331	has_subclass	DOID_14559
DOID_331	has_subclass	DOID_1659
DOID_331	has_subclass	DOID_2127
DOID_331	has_subclass	DOID_2129
DOID_331	has_subclass	DOID_2132
DOID_331	has_subclass	DOID_2133
DOID_331	has_subclass	DOID_2135
DOID_331	has_subclass	DOID_2377
DOID_331	has_subclass	DOID_2378
DOID_331	has_subclass	DOID_2426
DOID_331	has_subclass	DOID_2679
DOID_331	has_subclass	DOID_3617
DOID_331	has_subclass	DOID_3640
DOID_331	has_subclass	DOID_3644
DOID_331	has_subclass	DOID_368
DOID_331	has_subclass	DOID_3813
DOID_331	has_subclass	DOID_3865
DOID_331	has_subclass	DOID_3870
DOID_331	has_subclass	DOID_4048
DOID_331	has_subclass	DOID_4055
DOID_331	has_subclass	DOID_4164
DOID_331	has_subclass	DOID_4438
DOID_331	has_subclass	DOID_4439
DOID_331	has_subclass	DOID_4504
DOID_331	has_subclass	DOID_4584
DOID_331	has_subclass	DOID_4587
DOID_331	has_subclass	DOID_4788
DOID_331	has_subclass	DOID_4790
DOID_331	has_subclass	DOID_4791
DOID_331	has_subclass	DOID_4843
DOID_331	has_subclass	DOID_4844
DOID_331	has_subclass	DOID_4845
DOID_331	has_subclass	DOID_4851
DOID_331	has_subclass	DOID_4852
DOID_331	has_subclass	DOID_4955
DOID_331	has_subclass	DOID_501
DOID_331	has_subclass	DOID_502
DOID_331	has_subclass	DOID_5057
DOID_331	has_subclass	DOID_5075
DOID_331	has_subclass	DOID_5077
DOID_331	has_subclass	DOID_5078
DOID_331	has_subclass	DOID_5126
DOID_331	has_subclass	DOID_5254
DOID_331	has_subclass	DOID_5343
DOID_331	has_subclass	DOID_5349
DOID_331	has_subclass	DOID_5393
DOID_331	has_subclass	DOID_5500
DOID_331	has_subclass	DOID_5504
DOID_331	has_subclass	DOID_5505
DOID_331	has_subclass	DOID_5507
DOID_331	has_subclass	DOID_5677
DOID_331	has_subclass	DOID_5772
DOID_331	has_subclass	DOID_5815
DOID_331	has_subclass	DOID_5900
DOID_331	has_subclass	DOID_6015
DOID_331	has_subclass	DOID_6016
DOID_331	has_subclass	DOID_6018
DOID_331	has_subclass	DOID_6019
DOID_331	has_subclass	DOID_6052
DOID_331	has_subclass	DOID_6112
DOID_331	has_subclass	DOID_6113
DOID_331	has_subclass	DOID_6115
DOID_331	has_subclass	DOID_6128
DOID_331	has_subclass	DOID_6337
DOID_331	has_subclass	DOID_636
DOID_331	has_subclass	DOID_6379
DOID_331	has_subclass	DOID_639
DOID_331	has_subclass	DOID_6451
DOID_331	has_subclass	DOID_6621
DOID_331	has_subclass	DOID_6654
DOID_331	has_subclass	DOID_6811
DOID_331	has_subclass	DOID_6812
DOID_331	has_subclass	DOID_6939
DOID_331	has_subclass	DOID_7007
DOID_331	has_subclass	DOID_7071
DOID_331	has_subclass	DOID_7231
DOID_331	has_subclass	DOID_7232
DOID_331	has_subclass	DOID_7233
DOID_331	has_subclass	DOID_7398
DOID_331	has_subclass	DOID_7429
DOID_331	has_subclass	DOID_7430
DOID_331	has_subclass	DOID_7502
DOID_331	has_subclass	DOID_7516
DOID_331	has_subclass	DOID_7631
DOID_331	has_subclass	DOID_7867
DOID_331	has_subclass	DOID_7945
DOID_331	has_subclass	DOID_7994
DOID_331	has_subclass	DOID_8078
DOID_331	has_subclass	DOID_8243
DOID_331	has_subclass	DOID_8331
DOID_331	has_subclass	DOID_910
DOID_331	has_subclass	DOID_9470
DOID_3315	has_subclass	DOID_10206
DOID_3315	has_subclass	DOID_6284
DOID_3316	has_subclass	DOID_7437
DOID_3324	has_subclass	DOID_0060166
DOID_3324	has_subclass	DOID_14042
DOID_3324	has_subclass	DOID_845
DOID_3331	has_subclass	DOID_0060682
DOID_3331	has_subclass	DOID_0060683
DOID_3331	has_subclass	DOID_0060684
DOID_3331	has_subclass	DOID_0060685
DOID_3331	has_subclass	DOID_0060686
DOID_3347	has_subclass	DOID_3373
DOID_3347	has_subclass	DOID_3374
DOID_3347	has_subclass	DOID_3377
DOID_3347	has_subclass	DOID_5809
DOID_3347	has_subclass	DOID_6489
DOID_3347	has_subclass	DOID_6951
DOID_3347	has_subclass	DOID_7542
DOID_3347	has_subclass	DOID_7602
DOID_3347	has_subclass	DOID_7603
DOID_3347	has_subclass	DOID_7612
DOID_3350	has_subclass	DOID_0080372
DOID_3355	has_subclass	DOID_8418
DOID_3369	has_subclass	DOID_4389
DOID_3369	has_subclass	DOID_4985
DOID_3371	has_subclass	DOID_6494
DOID_3374	has_subclass	DOID_5809
DOID_3376	has_subclass	DOID_3373
DOID_3376	has_subclass	DOID_3377
DOID_3376	has_subclass	DOID_5809
DOID_3376	has_subclass	DOID_6489
DOID_3376	has_subclass	DOID_6951
DOID_3376	has_subclass	DOID_7603
DOID_3376	has_subclass	DOID_7612
DOID_3382	has_subclass	DOID_5704
DOID_3382	has_subclass	DOID_5705
DOID_3382	has_subclass	DOID_8023
DOID_3382	has_subclass	DOID_8233
DOID_3388	has_subclass	DOID_0070769
DOID_3388	has_subclass	DOID_0070770
DOID_3390	has_subclass	DOID_0060362
DOID_3390	has_subclass	DOID_0070550
DOID_3390	has_subclass	DOID_0070551
DOID_3390	has_subclass	DOID_0070554
DOID_3390	has_subclass	DOID_0070555
DOID_3390	has_subclass	DOID_0080213
DOID_3390	has_subclass	DOID_0080214
DOID_3390	has_subclass	DOID_0080551
DOID_3390	has_subclass	DOID_0090128
DOID_3390	has_subclass	DOID_0111707
DOID_3390	has_subclass	DOID_0111708
DOID_3390	has_subclass	DOID_0111709
DOID_3390	has_subclass	DOID_0111710
DOID_3393	has_subclass	DOID_0111151
DOID_3393	has_subclass	DOID_5843
DOID_3393	has_subclass	DOID_5845
DOID_3393	has_subclass	DOID_5846
DOID_3393	has_subclass	DOID_5847
DOID_3393	has_subclass	DOID_5848
DOID_3393	has_subclass	DOID_5849
DOID_3393	has_subclass	DOID_5850
DOID_3393	has_subclass	DOID_5851
DOID_3393	has_subclass	DOID_5852
DOID_3393	has_subclass	DOID_5853
DOID_3393	has_subclass	DOID_5854
DOID_3393	has_subclass	DOID_5855
DOID_3393	has_subclass	DOID_9767
DOID_3418	has_subclass	DOID_3197
DOID_3419	has_subclass	DOID_4991
DOID_3419	has_subclass	DOID_6575
DOID_3419	has_subclass	DOID_6576
DOID_3437	has_subclass	DOID_3436
DOID_345	has_subclass	DOID_0050697
DOID_345	has_subclass	DOID_11060
DOID_345	has_subclass	DOID_1677
DOID_345	has_subclass	DOID_2021
DOID_345	has_subclass	DOID_2024
DOID_345	has_subclass	DOID_2025
DOID_345	has_subclass	DOID_277
DOID_345	has_subclass	DOID_3594
DOID_345	has_subclass	DOID_3596
DOID_345	has_subclass	DOID_3891
DOID_345	has_subclass	DOID_4320
DOID_345	has_subclass	DOID_4744
DOID_345	has_subclass	DOID_5550
DOID_345	has_subclass	DOID_5551
DOID_345	has_subclass	DOID_6160
DOID_345	has_subclass	DOID_6634
DOID_345	has_subclass	DOID_6639
DOID_345	has_subclass	DOID_6693
DOID_345	has_subclass	DOID_7591
DOID_345	has_subclass	DOID_7665
DOID_345	has_subclass	DOID_8186
DOID_345	has_subclass	DOID_8187
DOID_345	has_subclass	DOID_8188
DOID_345	has_subclass	DOID_8336
DOID_345	has_subclass	DOID_8488
DOID_345	has_subclass	DOID_9667
DOID_3451	has_subclass	DOID_4277
DOID_3451	has_subclass	DOID_4278
DOID_3451	has_subclass	DOID_4279
DOID_3451	has_subclass	DOID_4280
DOID_3451	has_subclass	DOID_4281
DOID_3451	has_subclass	DOID_4282
DOID_3451	has_subclass	DOID_4283
DOID_3451	has_subclass	DOID_4289
DOID_3451	has_subclass	DOID_4290
DOID_3451	has_subclass	DOID_4291
DOID_3451	has_subclass	DOID_4292
DOID_3451	has_subclass	DOID_4293
DOID_3451	has_subclass	DOID_4294
DOID_3451	has_subclass	DOID_4295
DOID_3451	has_subclass	DOID_4299
DOID_3451	has_subclass	DOID_4300
DOID_3451	has_subclass	DOID_4302
DOID_3451	has_subclass	DOID_4303
DOID_3451	has_subclass	DOID_4304
DOID_3451	has_subclass	DOID_5063
DOID_3451	has_subclass	DOID_5522
DOID_3454	has_subclass	DOID_3522
DOID_3458	has_subclass	DOID_5310
DOID_3459	has_subclass	DOID_3457
DOID_3459	has_subclass	DOID_6742
DOID_3459	has_subclass	DOID_7953
DOID_3463	has_subclass	DOID_0060074
DOID_3463	has_subclass	DOID_10199
DOID_3463	has_subclass	DOID_10352
DOID_3463	has_subclass	DOID_1616
DOID_3463	has_subclass	DOID_1618
DOID_3463	has_subclass	DOID_1623
DOID_3463	has_subclass	DOID_1625
DOID_3463	has_subclass	DOID_1629
DOID_3463	has_subclass	DOID_1631
DOID_3463	has_subclass	DOID_1641
DOID_3463	has_subclass	DOID_2639
DOID_3463	has_subclass	DOID_2656
DOID_3463	has_subclass	DOID_3009
DOID_3463	has_subclass	DOID_3010
DOID_3463	has_subclass	DOID_476
DOID_3463	has_subclass	DOID_5670
DOID_3463	has_subclass	DOID_6491
DOID_3463	has_subclass	DOID_6492
DOID_3463	has_subclass	DOID_6641
DOID_3463	has_subclass	DOID_7223
DOID_3463	has_subclass	DOID_7312
DOID_3463	has_subclass	DOID_7511
DOID_3463	has_subclass	DOID_7538
DOID_3463	has_subclass	DOID_7539
DOID_3463	has_subclass	DOID_7540
DOID_3463	has_subclass	DOID_8335
DOID_3463	has_subclass	DOID_8428
DOID_3463	has_subclass	DOID_9504
DOID_3478	has_subclass	DOID_6043
DOID_3478	has_subclass	DOID_6524
DOID_3478	has_subclass	DOID_6993
DOID_3478	has_subclass	DOID_6997
DOID_3478	has_subclass	DOID_7328
DOID_3479	has_subclass	DOID_6041
DOID_3479	has_subclass	DOID_6438
DOID_3479	has_subclass	DOID_6522
DOID_3479	has_subclass	DOID_6523
DOID_3479	has_subclass	DOID_6525
DOID_3479	has_subclass	DOID_6566
DOID_3479	has_subclass	DOID_6996
DOID_3479	has_subclass	DOID_7041
DOID_3479	has_subclass	DOID_7807
DOID_3480	has_subclass	DOID_12029
DOID_3480	has_subclass	DOID_12030
DOID_3480	has_subclass	DOID_12732
DOID_3480	has_subclass	DOID_12759
DOID_3480	has_subclass	DOID_13140
DOID_3480	has_subclass	DOID_6039
DOID_3480	has_subclass	DOID_6041
DOID_3480	has_subclass	DOID_6438
DOID_3480	has_subclass	DOID_6522
DOID_3480	has_subclass	DOID_6523
DOID_3480	has_subclass	DOID_6525
DOID_3480	has_subclass	DOID_6566
DOID_3480	has_subclass	DOID_6996
DOID_3480	has_subclass	DOID_7041
DOID_3480	has_subclass	DOID_7807
DOID_350	has_subclass	DOID_4659
DOID_350	has_subclass	DOID_4660
DOID_350	has_subclass	DOID_4797
DOID_350	has_subclass	DOID_4798
DOID_3527	has_subclass	DOID_0060228
DOID_3527	has_subclass	DOID_0080964
DOID_3527	has_subclass	DOID_0080965
DOID_3527	has_subclass	DOID_0080966
DOID_3527	has_subclass	DOID_0080967
DOID_3527	has_subclass	DOID_0080968
DOID_3527	has_subclass	DOID_0080969
DOID_3527	has_subclass	DOID_0080970
DOID_3527	has_subclass	DOID_0080971
DOID_3527	has_subclass	DOID_0080972
DOID_3527	has_subclass	DOID_0080973
DOID_3527	has_subclass	DOID_0080974
DOID_3527	has_subclass	DOID_0080975
DOID_3541	has_subclass	DOID_3542
DOID_3541	has_subclass	DOID_3545
DOID_3541	has_subclass	DOID_4584
DOID_3565	has_subclass	DOID_4209
DOID_3565	has_subclass	DOID_4584
DOID_3565	has_subclass	DOID_5057
DOID_3565	has_subclass	DOID_6112
DOID_3565	has_subclass	DOID_6113
DOID_3565	has_subclass	DOID_6115
DOID_3565	has_subclass	DOID_6337
DOID_3565	has_subclass	DOID_6381
DOID_3565	has_subclass	DOID_6553
DOID_3565	has_subclass	DOID_6939
DOID_3571	has_subclass	DOID_0070322
DOID_3571	has_subclass	DOID_0070328
DOID_3571	has_subclass	DOID_0080182
DOID_3571	has_subclass	DOID_4047
DOID_3571	has_subclass	DOID_5015
DOID_3571	has_subclass	DOID_5016
DOID_3571	has_subclass	DOID_5022
DOID_3571	has_subclass	DOID_5026
DOID_3571	has_subclass	DOID_5296
DOID_3571	has_subclass	DOID_5789
DOID_3571	has_subclass	DOID_5798
DOID_3571	has_subclass	DOID_684
DOID_3571	has_subclass	DOID_8022
DOID_3594	has_subclass	DOID_2024
DOID_3594	has_subclass	DOID_6160
DOID_3594	has_subclass	DOID_6693
DOID_3594	has_subclass	DOID_7591
DOID_3594	has_subclass	DOID_7665
DOID_3594	has_subclass	DOID_8186
DOID_3594	has_subclass	DOID_8187
DOID_3594	has_subclass	DOID_8336
DOID_3620	has_subclass	DOID_0050903
DOID_3620	has_subclass	DOID_0060103
DOID_3620	has_subclass	DOID_0060106
DOID_3620	has_subclass	DOID_0080903
DOID_3620	has_subclass	DOID_0080905
DOID_3620	has_subclass	DOID_0080906
DOID_3620	has_subclass	DOID_0081286
DOID_3620	has_subclass	DOID_0081315
DOID_3620	has_subclass	DOID_0081316
DOID_3620	has_subclass	DOID_12016
DOID_3620	has_subclass	DOID_12969
DOID_3620	has_subclass	DOID_14384
DOID_3620	has_subclass	DOID_1659
DOID_3620	has_subclass	DOID_2127
DOID_3620	has_subclass	DOID_2129
DOID_3620	has_subclass	DOID_2132
DOID_3620	has_subclass	DOID_2135
DOID_3620	has_subclass	DOID_3640
DOID_3620	has_subclass	DOID_3644
DOID_3620	has_subclass	DOID_368
DOID_3620	has_subclass	DOID_3865
DOID_3620	has_subclass	DOID_3870
DOID_3620	has_subclass	DOID_4055
DOID_3620	has_subclass	DOID_4164
DOID_3620	has_subclass	DOID_4438
DOID_3620	has_subclass	DOID_4504
DOID_3620	has_subclass	DOID_4584
DOID_3620	has_subclass	DOID_4788
DOID_3620	has_subclass	DOID_4790
DOID_3620	has_subclass	DOID_4791
DOID_3620	has_subclass	DOID_5057
DOID_3620	has_subclass	DOID_5254
DOID_3620	has_subclass	DOID_5343
DOID_3620	has_subclass	DOID_5349
DOID_3620	has_subclass	DOID_5677
DOID_3620	has_subclass	DOID_5815
DOID_3620	has_subclass	DOID_6015
DOID_3620	has_subclass	DOID_6016
DOID_3620	has_subclass	DOID_6018
DOID_3620	has_subclass	DOID_6019
DOID_3620	has_subclass	DOID_6052
DOID_3620	has_subclass	DOID_6112
DOID_3620	has_subclass	DOID_6113
DOID_3620	has_subclass	DOID_6115
DOID_3620	has_subclass	DOID_6128
DOID_3620	has_subclass	DOID_6337
DOID_3620	has_subclass	DOID_6379
DOID_3620	has_subclass	DOID_6451
DOID_3620	has_subclass	DOID_6654
DOID_3620	has_subclass	DOID_6939
DOID_3620	has_subclass	DOID_7007
DOID_3620	has_subclass	DOID_7231
DOID_3620	has_subclass	DOID_7232
DOID_3620	has_subclass	DOID_7233
DOID_3620	has_subclass	DOID_7398
DOID_3620	has_subclass	DOID_7429
DOID_3620	has_subclass	DOID_7430
DOID_3620	has_subclass	DOID_7502
DOID_3620	has_subclass	DOID_7516
DOID_3620	has_subclass	DOID_7631
DOID_3620	has_subclass	DOID_7867
DOID_3620	has_subclass	DOID_7945
DOID_3620	has_subclass	DOID_7994
DOID_3620	has_subclass	DOID_8078
DOID_3620	has_subclass	DOID_8243
DOID_3620	has_subclass	DOID_910
DOID_363	has_subclass	DOID_0050939
DOID_363	has_subclass	DOID_10744
DOID_363	has_subclass	DOID_11746
DOID_363	has_subclass	DOID_11748
DOID_363	has_subclass	DOID_2024
DOID_363	has_subclass	DOID_2025
DOID_363	has_subclass	DOID_2870
DOID_363	has_subclass	DOID_2871
DOID_363	has_subclass	DOID_3594
DOID_363	has_subclass	DOID_3596
DOID_363	has_subclass	DOID_3699
DOID_363	has_subclass	DOID_3700
DOID_363	has_subclass	DOID_3707
DOID_363	has_subclass	DOID_4005
DOID_363	has_subclass	DOID_4320
DOID_363	has_subclass	DOID_5299
DOID_363	has_subclass	DOID_5302
DOID_363	has_subclass	DOID_5550
DOID_363	has_subclass	DOID_5551
DOID_363	has_subclass	DOID_5631
DOID_363	has_subclass	DOID_5747
DOID_363	has_subclass	DOID_5750
DOID_363	has_subclass	DOID_5829
DOID_363	has_subclass	DOID_6160
DOID_363	has_subclass	DOID_6634
DOID_363	has_subclass	DOID_6639
DOID_363	has_subclass	DOID_6693
DOID_363	has_subclass	DOID_6777
DOID_363	has_subclass	DOID_6865
DOID_363	has_subclass	DOID_7139
DOID_363	has_subclass	DOID_7289
DOID_363	has_subclass	DOID_7293
DOID_363	has_subclass	DOID_7436
DOID_363	has_subclass	DOID_7437
DOID_363	has_subclass	DOID_7514
DOID_363	has_subclass	DOID_7591
DOID_363	has_subclass	DOID_7664
DOID_363	has_subclass	DOID_7665
DOID_363	has_subclass	DOID_8186
DOID_363	has_subclass	DOID_8187
DOID_363	has_subclass	DOID_8188
DOID_363	has_subclass	DOID_8302
DOID_363	has_subclass	DOID_8336
DOID_363	has_subclass	DOID_9459
DOID_3640	has_subclass	DOID_6016
DOID_3640	has_subclass	DOID_6018
DOID_3640	has_subclass	DOID_6654
DOID_3646	has_subclass	DOID_1129
DOID_365	has_subclass	DOID_0050859
DOID_365	has_subclass	DOID_11354
DOID_365	has_subclass	DOID_12355
DOID_365	has_subclass	DOID_13109
DOID_365	has_subclass	DOID_13110
DOID_365	has_subclass	DOID_13148
DOID_365	has_subclass	DOID_13306
DOID_365	has_subclass	DOID_13507
DOID_365	has_subclass	DOID_13690
DOID_365	has_subclass	DOID_13949
DOID_365	has_subclass	DOID_1678
DOID_365	has_subclass	DOID_1680
DOID_365	has_subclass	DOID_2392
DOID_365	has_subclass	DOID_5427
DOID_365	has_subclass	DOID_5429
DOID_365	has_subclass	DOID_6932
DOID_365	has_subclass	DOID_7127
DOID_365	has_subclass	DOID_7138
DOID_365	has_subclass	DOID_7333
DOID_3675	has_subclass	DOID_3674
DOID_368	has_subclass	DOID_0050903
DOID_368	has_subclass	DOID_0080903
DOID_368	has_subclass	DOID_0081286
DOID_368	has_subclass	DOID_0081315
DOID_368	has_subclass	DOID_3865
DOID_368	has_subclass	DOID_3870
DOID_368	has_subclass	DOID_4584
DOID_368	has_subclass	DOID_4788
DOID_368	has_subclass	DOID_4790
DOID_368	has_subclass	DOID_6113
DOID_368	has_subclass	DOID_6115
DOID_368	has_subclass	DOID_7631
DOID_3697	has_subclass	DOID_11558
DOID_3697	has_subclass	DOID_3728
DOID_3697	has_subclass	DOID_9735
DOID_37	has_subclass	DOID_0050428
DOID_37	has_subclass	DOID_0050508
DOID_37	has_subclass	DOID_0050606
DOID_37	has_subclass	DOID_0060256
DOID_37	has_subclass	DOID_0060257
DOID_37	has_subclass	DOID_0060258
DOID_37	has_subclass	DOID_0060304
DOID_37	has_subclass	DOID_0060361
DOID_37	has_subclass	DOID_0060362
DOID_37	has_subclass	DOID_0060862
DOID_37	has_subclass	DOID_0060984
DOID_37	has_subclass	DOID_0070017
DOID_37	has_subclass	DOID_0070018
DOID_37	has_subclass	DOID_0070019
DOID_37	has_subclass	DOID_0070022
DOID_37	has_subclass	DOID_0070023
DOID_37	has_subclass	DOID_0070026
DOID_37	has_subclass	DOID_0070133
DOID_37	has_subclass	DOID_0070135
DOID_37	has_subclass	DOID_0070137
DOID_37	has_subclass	DOID_0070139
DOID_37	has_subclass	DOID_0070144
DOID_37	has_subclass	DOID_0070326
DOID_37	has_subclass	DOID_0070327
DOID_37	has_subclass	DOID_0070518
DOID_37	has_subclass	DOID_0070550
DOID_37	has_subclass	DOID_0070551
DOID_37	has_subclass	DOID_0070553
DOID_37	has_subclass	DOID_0070554
DOID_37	has_subclass	DOID_0070555
DOID_37	has_subclass	DOID_0080213
DOID_37	has_subclass	DOID_0080214
DOID_37	has_subclass	DOID_0080223
DOID_37	has_subclass	DOID_0080248
DOID_37	has_subclass	DOID_0080249
DOID_37	has_subclass	DOID_0080250
DOID_37	has_subclass	DOID_0080251
DOID_37	has_subclass	DOID_0080551
DOID_37	has_subclass	DOID_0080750
DOID_37	has_subclass	DOID_0080766
DOID_37	has_subclass	DOID_0080941
DOID_37	has_subclass	DOID_0090128
DOID_37	has_subclass	DOID_0111195
DOID_37	has_subclass	DOID_0111707
DOID_37	has_subclass	DOID_0111708
DOID_37	has_subclass	DOID_0111709
DOID_37	has_subclass	DOID_0111710
DOID_37	has_subclass	DOID_0111834
DOID_37	has_subclass	DOID_0112242
DOID_37	has_subclass	DOID_10040
DOID_37	has_subclass	DOID_10044
DOID_37	has_subclass	DOID_10047
DOID_37	has_subclass	DOID_10054
DOID_37	has_subclass	DOID_10122
DOID_37	has_subclass	DOID_10188
DOID_37	has_subclass	DOID_11452
DOID_37	has_subclass	DOID_11668
DOID_37	has_subclass	DOID_12043
DOID_37	has_subclass	DOID_12304
DOID_37	has_subclass	DOID_12305
DOID_37	has_subclass	DOID_12311
DOID_37	has_subclass	DOID_1243
DOID_37	has_subclass	DOID_13072
DOID_37	has_subclass	DOID_13081
DOID_37	has_subclass	DOID_13168
DOID_37	has_subclass	DOID_13691
DOID_37	has_subclass	DOID_13819
DOID_37	has_subclass	DOID_14116
DOID_37	has_subclass	DOID_1525
DOID_37	has_subclass	DOID_172
DOID_37	has_subclass	DOID_1906
DOID_37	has_subclass	DOID_2095
DOID_37	has_subclass	DOID_2173
DOID_37	has_subclass	DOID_2383
DOID_37	has_subclass	DOID_2410
DOID_37	has_subclass	DOID_2411
DOID_37	has_subclass	DOID_2425
DOID_37	has_subclass	DOID_2430
DOID_37	has_subclass	DOID_2433
DOID_37	has_subclass	DOID_2435
DOID_37	has_subclass	DOID_2438
DOID_37	has_subclass	DOID_2495
DOID_37	has_subclass	DOID_2513
DOID_37	has_subclass	DOID_2648
DOID_37	has_subclass	DOID_2687
DOID_37	has_subclass	DOID_2734
DOID_37	has_subclass	DOID_3138
DOID_37	has_subclass	DOID_3390
DOID_37	has_subclass	DOID_3450
DOID_37	has_subclass	DOID_3451
DOID_37	has_subclass	DOID_3805
DOID_37	has_subclass	DOID_3923
DOID_37	has_subclass	DOID_3925
DOID_37	has_subclass	DOID_3926
DOID_37	has_subclass	DOID_3927
DOID_37	has_subclass	DOID_3928
DOID_37	has_subclass	DOID_3965
DOID_37	has_subclass	DOID_4277
DOID_37	has_subclass	DOID_4278
DOID_37	has_subclass	DOID_4279
DOID_37	has_subclass	DOID_4280
DOID_37	has_subclass	DOID_4281
DOID_37	has_subclass	DOID_4282
DOID_37	has_subclass	DOID_4283
DOID_37	has_subclass	DOID_4286
DOID_37	has_subclass	DOID_4289
DOID_37	has_subclass	DOID_4290
DOID_37	has_subclass	DOID_4291
DOID_37	has_subclass	DOID_4292
DOID_37	has_subclass	DOID_4293
DOID_37	has_subclass	DOID_4294
DOID_37	has_subclass	DOID_4295
DOID_37	has_subclass	DOID_4299
DOID_37	has_subclass	DOID_4300
DOID_37	has_subclass	DOID_4302
DOID_37	has_subclass	DOID_4303
DOID_37	has_subclass	DOID_4304
DOID_37	has_subclass	DOID_4517
DOID_37	has_subclass	DOID_4683
DOID_37	has_subclass	DOID_4839
DOID_37	has_subclass	DOID_4840
DOID_37	has_subclass	DOID_4871
DOID_37	has_subclass	DOID_4920
DOID_37	has_subclass	DOID_4921
DOID_37	has_subclass	DOID_4933
DOID_37	has_subclass	DOID_4934
DOID_37	has_subclass	DOID_5042
DOID_37	has_subclass	DOID_5063
DOID_37	has_subclass	DOID_5132
DOID_37	has_subclass	DOID_5273
DOID_37	has_subclass	DOID_5274
DOID_37	has_subclass	DOID_5374
DOID_37	has_subclass	DOID_5375
DOID_37	has_subclass	DOID_5376
DOID_37	has_subclass	DOID_5522
DOID_37	has_subclass	DOID_5569
DOID_37	has_subclass	DOID_5570
DOID_37	has_subclass	DOID_5590
DOID_37	has_subclass	DOID_5591
DOID_37	has_subclass	DOID_5667
DOID_37	has_subclass	DOID_5712
DOID_37	has_subclass	DOID_5759
DOID_37	has_subclass	DOID_5949
DOID_37	has_subclass	DOID_6048
DOID_37	has_subclass	DOID_6367
DOID_37	has_subclass	DOID_6425
DOID_37	has_subclass	DOID_6446
DOID_37	has_subclass	DOID_663
DOID_37	has_subclass	DOID_664
DOID_37	has_subclass	DOID_6873
DOID_37	has_subclass	DOID_7039
DOID_37	has_subclass	DOID_7049
DOID_37	has_subclass	DOID_7181
DOID_37	has_subclass	DOID_7566
DOID_37	has_subclass	DOID_7639
DOID_37	has_subclass	DOID_7960
DOID_37	has_subclass	DOID_8006
DOID_37	has_subclass	DOID_8108
DOID_37	has_subclass	DOID_8170
DOID_37	has_subclass	DOID_8255
DOID_37	has_subclass	DOID_8426
DOID_37	has_subclass	DOID_8529
DOID_37	has_subclass	DOID_8717
DOID_37	has_subclass	DOID_8923
DOID_37	has_subclass	DOID_9153
DOID_37	has_subclass	DOID_9745
DOID_37	has_subclass	DOID_9749
DOID_370	has_subclass	DOID_10812
DOID_3702	has_subclass	DOID_6101
DOID_3702	has_subclass	DOID_6627
DOID_3702	has_subclass	DOID_8338
DOID_3702	has_subclass	DOID_8339
DOID_3702	has_subclass	DOID_8340
DOID_3713	has_subclass	DOID_3604
DOID_3713	has_subclass	DOID_5746
DOID_3713	has_subclass	DOID_7438
DOID_374	has_subclass	DOID_0050083
DOID_374	has_subclass	DOID_0050810
DOID_374	has_subclass	DOID_11249
DOID_374	has_subclass	DOID_11491
DOID_374	has_subclass	DOID_11981
DOID_374	has_subclass	DOID_13120
DOID_374	has_subclass	DOID_13198
DOID_374	has_subclass	DOID_13381
DOID_374	has_subclass	DOID_13724
DOID_374	has_subclass	DOID_14026
DOID_374	has_subclass	DOID_5112
DOID_374	has_subclass	DOID_8454
DOID_374	has_subclass	DOID_8455
DOID_374	has_subclass	DOID_8456
DOID_374	has_subclass	DOID_8457
DOID_374	has_subclass	DOID_9970
DOID_374	has_subclass	DOID_9972
DOID_3762	has_subclass	DOID_0070491
DOID_3762	has_subclass	DOID_0070492
DOID_3762	has_subclass	DOID_0070493
DOID_3762	has_subclass	DOID_0070497
DOID_3762	has_subclass	DOID_0070498
DOID_3762	has_subclass	DOID_0070500
DOID_3762	has_subclass	DOID_0070502
DOID_3762	has_subclass	DOID_0070504
DOID_3762	has_subclass	DOID_0070505
DOID_3762	has_subclass	DOID_0070506
DOID_3762	has_subclass	DOID_0080357
DOID_3762	has_subclass	DOID_0080358
DOID_3762	has_subclass	DOID_0080359
DOID_3762	has_subclass	DOID_0080360
DOID_379	has_subclass	DOID_0050147
DOID_379	has_subclass	DOID_10516
DOID_379	has_subclass	DOID_10518
DOID_379	has_subclass	DOID_10519
DOID_379	has_subclass	DOID_10520
DOID_379	has_subclass	DOID_4287
DOID_379	has_subclass	DOID_4288
DOID_379	has_subclass	DOID_5538
DOID_381	has_subclass	DOID_12084
DOID_381	has_subclass	DOID_14192
DOID_381	has_subclass	DOID_312
DOID_3842	has_subclass	DOID_7103
DOID_3842	has_subclass	DOID_7713
DOID_3842	has_subclass	DOID_8058
DOID_3850	has_subclass	DOID_2430
DOID_3850	has_subclass	DOID_5233
DOID_3850	has_subclass	DOID_5236
DOID_3856	has_subclass	DOID_0080909
DOID_3856	has_subclass	DOID_10286
DOID_3856	has_subclass	DOID_10287
DOID_3856	has_subclass	DOID_10289
DOID_3856	has_subclass	DOID_10290
DOID_3856	has_subclass	DOID_10368
DOID_3856	has_subclass	DOID_12253
DOID_3856	has_subclass	DOID_12276
DOID_3856	has_subclass	DOID_12286
DOID_3856	has_subclass	DOID_2526
DOID_3856	has_subclass	DOID_2992
DOID_3856	has_subclass	DOID_3024
DOID_3856	has_subclass	DOID_3251
DOID_3856	has_subclass	DOID_3252
DOID_3856	has_subclass	DOID_3504
DOID_3856	has_subclass	DOID_3703
DOID_3856	has_subclass	DOID_4011
DOID_3856	has_subclass	DOID_4054
DOID_3856	has_subclass	DOID_4084
DOID_3856	has_subclass	DOID_4087
DOID_3856	has_subclass	DOID_4524
DOID_3856	has_subclass	DOID_4739
DOID_3856	has_subclass	DOID_4868
DOID_3856	has_subclass	DOID_512
DOID_3856	has_subclass	DOID_5282
DOID_3856	has_subclass	DOID_5557
DOID_3856	has_subclass	DOID_5634
DOID_3856	has_subclass	DOID_5680
DOID_3856	has_subclass	DOID_6082
DOID_3856	has_subclass	DOID_6162
DOID_3856	has_subclass	DOID_7141
DOID_3856	has_subclass	DOID_7152
DOID_3856	has_subclass	DOID_7246
DOID_3856	has_subclass	DOID_8275
DOID_3905	has_subclass	DOID_5411
DOID_3905	has_subclass	DOID_5414
DOID_3908	has_subclass	DOID_0050872
DOID_3908	has_subclass	DOID_5583
DOID_3908	has_subclass	DOID_6510
DOID_3908	has_subclass	DOID_6658
DOID_3908	has_subclass	DOID_7045
DOID_3908	has_subclass	DOID_7169
DOID_3908	has_subclass	DOID_7207
DOID_3908	has_subclass	DOID_7480
DOID_3910	has_subclass	DOID_0080184
DOID_3910	has_subclass	DOID_0080185
DOID_3910	has_subclass	DOID_0080186
DOID_3930	has_subclass	DOID_12357
DOID_3930	has_subclass	DOID_13534
DOID_3930	has_subclass	DOID_13867
DOID_3930	has_subclass	DOID_14081
DOID_3930	has_subclass	DOID_1467
DOID_3947	has_subclass	DOID_0060890
DOID_3947	has_subclass	DOID_0061247
DOID_3947	has_subclass	DOID_0061248
DOID_3947	has_subclass	DOID_0061249
DOID_3947	has_subclass	DOID_0061250
DOID_3947	has_subclass	DOID_0111622
DOID_3947	has_subclass	DOID_0111623
DOID_3947	has_subclass	DOID_0111624
DOID_3947	has_subclass	DOID_14080
DOID_3952	has_subclass	DOID_0070546
DOID_3952	has_subclass	DOID_0070548
DOID_3952	has_subclass	DOID_0070549
DOID_3952	has_subclass	DOID_3948
DOID_3952	has_subclass	DOID_3959
DOID_3953	has_subclass	DOID_0050892
DOID_3953	has_subclass	DOID_0050936
DOID_3953	has_subclass	DOID_0070325
DOID_3953	has_subclass	DOID_0080347
DOID_3953	has_subclass	DOID_3948
DOID_3953	has_subclass	DOID_3959
DOID_399	has_subclass	DOID_0050599
DOID_399	has_subclass	DOID_106
DOID_399	has_subclass	DOID_13282
DOID_399	has_subclass	DOID_1638
DOID_399	has_subclass	DOID_1639
DOID_399	has_subclass	DOID_402
DOID_399	has_subclass	DOID_404
DOID_399	has_subclass	DOID_407
DOID_399	has_subclass	DOID_4889
DOID_399	has_subclass	DOID_4962
DOID_399	has_subclass	DOID_7332
DOID_399	has_subclass	DOID_9305
DOID_399	has_subclass	DOID_9801
DOID_399	has_subclass	DOID_9861
DOID_3996	has_subclass	DOID_0080901
DOID_3996	has_subclass	DOID_11593
DOID_3996	has_subclass	DOID_11809
DOID_3996	has_subclass	DOID_11811
DOID_3996	has_subclass	DOID_11812
DOID_3996	has_subclass	DOID_11813
DOID_3996	has_subclass	DOID_11814
DOID_3996	has_subclass	DOID_11818
DOID_3996	has_subclass	DOID_11820
DOID_3996	has_subclass	DOID_3749
DOID_3996	has_subclass	DOID_3750
DOID_3996	has_subclass	DOID_4013
DOID_3996	has_subclass	DOID_6166
DOID_3996	has_subclass	DOID_6167
DOID_3996	has_subclass	DOID_736
DOID_3996	has_subclass	DOID_738
DOID_3996	has_subclass	DOID_7488
DOID_3996	has_subclass	DOID_8223
DOID_3996	has_subclass	DOID_8259
DOID_3996	has_subclass	DOID_8272
DOID_4	has_subclass	DOID_0040083
DOID_4	has_subclass	DOID_0040084
DOID_4	has_subclass	DOID_0040085
DOID_4	has_subclass	DOID_0040086
DOID_4	has_subclass	DOID_0040090
DOID_4	has_subclass	DOID_0040091
DOID_4	has_subclass	DOID_0040092
DOID_4	has_subclass	DOID_0040098
DOID_4	has_subclass	DOID_0040100
DOID_4	has_subclass	DOID_0050012
DOID_4	has_subclass	DOID_0050032
DOID_4	has_subclass	DOID_0050073
DOID_4	has_subclass	DOID_0050083
DOID_4	has_subclass	DOID_0050118
DOID_4	has_subclass	DOID_0050125
DOID_4	has_subclass	DOID_0050129
DOID_4	has_subclass	DOID_0050130
DOID_4	has_subclass	DOID_0050131
DOID_4	has_subclass	DOID_0050132
DOID_4	has_subclass	DOID_0050140
DOID_4	has_subclass	DOID_0050143
DOID_4	has_subclass	DOID_0050145
DOID_4	has_subclass	DOID_0050148
DOID_4	has_subclass	DOID_0050152
DOID_4	has_subclass	DOID_0050161
DOID_4	has_subclass	DOID_0050175
DOID_4	has_subclass	DOID_0050177
DOID_4	has_subclass	DOID_0050179
DOID_4	has_subclass	DOID_0050192
DOID_4	has_subclass	DOID_0050200
DOID_4	has_subclass	DOID_0050201
DOID_4	has_subclass	DOID_0050204
DOID_4	has_subclass	DOID_0050214
DOID_4	has_subclass	DOID_0050218
DOID_4	has_subclass	DOID_0050222
DOID_4	has_subclass	DOID_0050256
DOID_4	has_subclass	DOID_0050260
DOID_4	has_subclass	DOID_0050266
DOID_4	has_subclass	DOID_0050269
DOID_4	has_subclass	DOID_0050270
DOID_4	has_subclass	DOID_0050291
DOID_4	has_subclass	DOID_0050308
DOID_4	has_subclass	DOID_0050331
DOID_4	has_subclass	DOID_0050339
DOID_4	has_subclass	DOID_0050387
DOID_4	has_subclass	DOID_0050424
DOID_4	has_subclass	DOID_0050427
DOID_4	has_subclass	DOID_0050430
DOID_4	has_subclass	DOID_0050437
DOID_4	has_subclass	DOID_0050439
DOID_4	has_subclass	DOID_0050440
DOID_4	has_subclass	DOID_0050449
DOID_4	has_subclass	DOID_0050451
DOID_4	has_subclass	DOID_0050463
DOID_4	has_subclass	DOID_0050465
DOID_4	has_subclass	DOID_0050468
DOID_4	has_subclass	DOID_0050469
DOID_4	has_subclass	DOID_0050470
DOID_4	has_subclass	DOID_0050475
DOID_4	has_subclass	DOID_0050489
DOID_4	has_subclass	DOID_0050495
DOID_4	has_subclass	DOID_0050516
DOID_4	has_subclass	DOID_0050517
DOID_4	has_subclass	DOID_0050518
DOID_4	has_subclass	DOID_0050521
DOID_4	has_subclass	DOID_0050522
DOID_4	has_subclass	DOID_0050526
DOID_4	has_subclass	DOID_0050537
DOID_4	has_subclass	DOID_0050538
DOID_4	has_subclass	DOID_0050539
DOID_4	has_subclass	DOID_0050540
DOID_4	has_subclass	DOID_0050546
DOID_4	has_subclass	DOID_0050553
DOID_4	has_subclass	DOID_0050566
DOID_4	has_subclass	DOID_0050567
DOID_4	has_subclass	DOID_0050569
DOID_4	has_subclass	DOID_0050576
DOID_4	has_subclass	DOID_0050585
DOID_4	has_subclass	DOID_0050590
DOID_4	has_subclass	DOID_0050591
DOID_4	has_subclass	DOID_0050593
DOID_4	has_subclass	DOID_0050600
DOID_4	has_subclass	DOID_0050602
DOID_4	has_subclass	DOID_0050603
DOID_4	has_subclass	DOID_0050604
DOID_4	has_subclass	DOID_0050610
DOID_4	has_subclass	DOID_0050611
DOID_4	has_subclass	DOID_0050612
DOID_4	has_subclass	DOID_0050614
DOID_4	has_subclass	DOID_0050615
DOID_4	has_subclass	DOID_0050619
DOID_4	has_subclass	DOID_0050621
DOID_4	has_subclass	DOID_0050622
DOID_4	has_subclass	DOID_0050623
DOID_4	has_subclass	DOID_0050624
DOID_4	has_subclass	DOID_0050625
DOID_4	has_subclass	DOID_0050626
DOID_4	has_subclass	DOID_0050629
DOID_4	has_subclass	DOID_0050645
DOID_4	has_subclass	DOID_0050648
DOID_4	has_subclass	DOID_0050658
DOID_4	has_subclass	DOID_0050675
DOID_4	has_subclass	DOID_0050677
DOID_4	has_subclass	DOID_0050680
DOID_4	has_subclass	DOID_0050686
DOID_4	has_subclass	DOID_0050687
DOID_4	has_subclass	DOID_0050690
DOID_4	has_subclass	DOID_0050691
DOID_4	has_subclass	DOID_0050692
DOID_4	has_subclass	DOID_0050694
DOID_4	has_subclass	DOID_0050695
DOID_4	has_subclass	DOID_0050697
DOID_4	has_subclass	DOID_0050698
DOID_4	has_subclass	DOID_0050710
DOID_4	has_subclass	DOID_0050735
DOID_4	has_subclass	DOID_0050738
DOID_4	has_subclass	DOID_0050739
DOID_4	has_subclass	DOID_0050740
DOID_4	has_subclass	DOID_0050744
DOID_4	has_subclass	DOID_0050745
DOID_4	has_subclass	DOID_0050746
DOID_4	has_subclass	DOID_0050750
DOID_4	has_subclass	DOID_0050763
DOID_4	has_subclass	DOID_0050767
DOID_4	has_subclass	DOID_0050769
DOID_4	has_subclass	DOID_0050775
DOID_4	has_subclass	DOID_0050776
DOID_4	has_subclass	DOID_0050777
DOID_4	has_subclass	DOID_0050778
DOID_4	has_subclass	DOID_0050781
DOID_4	has_subclass	DOID_0050782
DOID_4	has_subclass	DOID_0050791
DOID_4	has_subclass	DOID_0050796
DOID_4	has_subclass	DOID_0050807
DOID_4	has_subclass	DOID_0050810
DOID_4	has_subclass	DOID_0050812
DOID_4	has_subclass	DOID_0050814
DOID_4	has_subclass	DOID_0050824
DOID_4	has_subclass	DOID_0050829
DOID_4	has_subclass	DOID_0050834
DOID_4	has_subclass	DOID_0050849
DOID_4	has_subclass	DOID_0050854
DOID_4	has_subclass	DOID_0050855
DOID_4	has_subclass	DOID_0050857
DOID_4	has_subclass	DOID_0050858
DOID_4	has_subclass	DOID_0050860
DOID_4	has_subclass	DOID_0050862
DOID_4	has_subclass	DOID_0050865
DOID_4	has_subclass	DOID_0050866
DOID_4	has_subclass	DOID_0050868
DOID_4	has_subclass	DOID_0050869
DOID_4	has_subclass	DOID_0050870
DOID_4	has_subclass	DOID_0050873
DOID_4	has_subclass	DOID_0050877
DOID_4	has_subclass	DOID_0050879
DOID_4	has_subclass	DOID_0050881
DOID_4	has_subclass	DOID_0050885
DOID_4	has_subclass	DOID_0050887
DOID_4	has_subclass	DOID_0050893
DOID_4	has_subclass	DOID_0050894
DOID_4	has_subclass	DOID_0050898
DOID_4	has_subclass	DOID_0050901
DOID_4	has_subclass	DOID_0050903
DOID_4	has_subclass	DOID_0050905
DOID_4	has_subclass	DOID_0050906
DOID_4	has_subclass	DOID_0050908
DOID_4	has_subclass	DOID_0050910
DOID_4	has_subclass	DOID_0050911
DOID_4	has_subclass	DOID_0050912
DOID_4	has_subclass	DOID_0050915
DOID_4	has_subclass	DOID_0050918
DOID_4	has_subclass	DOID_0050919
DOID_4	has_subclass	DOID_0050924
DOID_4	has_subclass	DOID_0050925
DOID_4	has_subclass	DOID_0050927
DOID_4	has_subclass	DOID_0050928
DOID_4	has_subclass	DOID_0050929
DOID_4	has_subclass	DOID_0050933
DOID_4	has_subclass	DOID_0050934
DOID_4	has_subclass	DOID_0050937
DOID_4	has_subclass	DOID_0050947
DOID_4	has_subclass	DOID_0050953
DOID_4	has_subclass	DOID_0050967
DOID_4	has_subclass	DOID_0051000
DOID_4	has_subclass	DOID_0051003
DOID_4	has_subclass	DOID_0051043
DOID_4	has_subclass	DOID_0051046
DOID_4	has_subclass	DOID_0051067
DOID_4	has_subclass	DOID_0051077
DOID_4	has_subclass	DOID_0051078
DOID_4	has_subclass	DOID_0060000
DOID_4	has_subclass	DOID_0060005
DOID_4	has_subclass	DOID_0060024
DOID_4	has_subclass	DOID_0060026
DOID_4	has_subclass	DOID_0060027
DOID_4	has_subclass	DOID_0060031
DOID_4	has_subclass	DOID_0060032
DOID_4	has_subclass	DOID_0060039
DOID_4	has_subclass	DOID_0060055
DOID_4	has_subclass	DOID_0060056
DOID_4	has_subclass	DOID_0060058
DOID_4	has_subclass	DOID_0060060
DOID_4	has_subclass	DOID_0060062
DOID_4	has_subclass	DOID_0060071
DOID_4	has_subclass	DOID_0060072
DOID_4	has_subclass	DOID_0060073
DOID_4	has_subclass	DOID_0060083
DOID_4	has_subclass	DOID_0060084
DOID_4	has_subclass	DOID_0060085
DOID_4	has_subclass	DOID_0060086
DOID_4	has_subclass	DOID_0060088
DOID_4	has_subclass	DOID_0060090
DOID_4	has_subclass	DOID_0060091
DOID_4	has_subclass	DOID_0060095
DOID_4	has_subclass	DOID_0060096
DOID_4	has_subclass	DOID_0060100
DOID_4	has_subclass	DOID_0060102
DOID_4	has_subclass	DOID_0060103
DOID_4	has_subclass	DOID_0060106
DOID_4	has_subclass	DOID_0060109
DOID_4	has_subclass	DOID_0060110
DOID_4	has_subclass	DOID_0060112
DOID_4	has_subclass	DOID_0060115
DOID_4	has_subclass	DOID_0060116
DOID_4	has_subclass	DOID_0060118
DOID_4	has_subclass	DOID_0060121
DOID_4	has_subclass	DOID_0060157
DOID_4	has_subclass	DOID_0060158
DOID_4	has_subclass	DOID_0060173
DOID_4	has_subclass	DOID_0060218
DOID_4	has_subclass	DOID_0060219
DOID_4	has_subclass	DOID_0060221
DOID_4	has_subclass	DOID_0060225
DOID_4	has_subclass	DOID_0060229
DOID_4	has_subclass	DOID_0060231
DOID_4	has_subclass	DOID_0060233
DOID_4	has_subclass	DOID_0060237
DOID_4	has_subclass	DOID_0060238
DOID_4	has_subclass	DOID_0060239
DOID_4	has_subclass	DOID_0060247
DOID_4	has_subclass	DOID_0060248
DOID_4	has_subclass	DOID_0060254
DOID_4	has_subclass	DOID_0060262
DOID_4	has_subclass	DOID_0060288
DOID_4	has_subclass	DOID_0060291
DOID_4	has_subclass	DOID_0060292
DOID_4	has_subclass	DOID_0060296
DOID_4	has_subclass	DOID_0060310
DOID_4	has_subclass	DOID_0060311
DOID_4	has_subclass	DOID_0060312
DOID_4	has_subclass	DOID_0060313
DOID_4	has_subclass	DOID_0060315
DOID_4	has_subclass	DOID_0060316
DOID_4	has_subclass	DOID_0060317
DOID_4	has_subclass	DOID_0060320
DOID_4	has_subclass	DOID_0060324
DOID_4	has_subclass	DOID_0060328
DOID_4	has_subclass	DOID_0060329
DOID_4	has_subclass	DOID_0060338
DOID_4	has_subclass	DOID_0060339
DOID_4	has_subclass	DOID_0060340
DOID_4	has_subclass	DOID_0060356
DOID_4	has_subclass	DOID_0060364
DOID_4	has_subclass	DOID_0060365
DOID_4	has_subclass	DOID_0060374
DOID_4	has_subclass	DOID_0060376
DOID_4	has_subclass	DOID_0060377
DOID_4	has_subclass	DOID_0060381
DOID_4	has_subclass	DOID_0060387
DOID_4	has_subclass	DOID_0060412
DOID_4	has_subclass	DOID_0060428
DOID_4	has_subclass	DOID_0060446
DOID_4	has_subclass	DOID_0060462
DOID_4	has_subclass	DOID_0060468
DOID_4	has_subclass	DOID_0060469
DOID_4	has_subclass	DOID_0060470
DOID_4	has_subclass	DOID_0060471
DOID_4	has_subclass	DOID_0060473
DOID_4	has_subclass	DOID_0060474
DOID_4	has_subclass	DOID_0060476
DOID_4	has_subclass	DOID_0060478
DOID_4	has_subclass	DOID_0060479
DOID_4	has_subclass	DOID_0060481
DOID_4	has_subclass	DOID_0060482
DOID_4	has_subclass	DOID_0060483
DOID_4	has_subclass	DOID_0060484
DOID_4	has_subclass	DOID_0060490
DOID_4	has_subclass	DOID_0060535
DOID_4	has_subclass	DOID_0060549
DOID_4	has_subclass	DOID_0060550
DOID_4	has_subclass	DOID_0060558
DOID_4	has_subclass	DOID_0060559
DOID_4	has_subclass	DOID_0060560
DOID_4	has_subclass	DOID_0060565
DOID_4	has_subclass	DOID_0060566
DOID_4	has_subclass	DOID_0060569
DOID_4	has_subclass	DOID_0060571
DOID_4	has_subclass	DOID_0060572
DOID_4	has_subclass	DOID_0060575
DOID_4	has_subclass	DOID_0060576
DOID_4	has_subclass	DOID_0060577
DOID_4	has_subclass	DOID_0060578
DOID_4	has_subclass	DOID_0060580
DOID_4	has_subclass	DOID_0060581
DOID_4	has_subclass	DOID_0060585
DOID_4	has_subclass	DOID_0060586
DOID_4	has_subclass	DOID_0060587
DOID_4	has_subclass	DOID_0060588
DOID_4	has_subclass	DOID_0060589
DOID_4	has_subclass	DOID_0060591
DOID_4	has_subclass	DOID_0060592
DOID_4	has_subclass	DOID_0060599
DOID_4	has_subclass	DOID_0060604
DOID_4	has_subclass	DOID_0060608
DOID_4	has_subclass	DOID_0060609
DOID_4	has_subclass	DOID_0060610
DOID_4	has_subclass	DOID_0060611
DOID_4	has_subclass	DOID_0060612
DOID_4	has_subclass	DOID_0060613
DOID_4	has_subclass	DOID_0060641
DOID_4	has_subclass	DOID_0060644
DOID_4	has_subclass	DOID_0060646
DOID_4	has_subclass	DOID_0060648
DOID_4	has_subclass	DOID_0060653
DOID_4	has_subclass	DOID_0060654
DOID_4	has_subclass	DOID_0060674
DOID_4	has_subclass	DOID_0060675
DOID_4	has_subclass	DOID_0060676
DOID_4	has_subclass	DOID_0060677
DOID_4	has_subclass	DOID_0060678
DOID_4	has_subclass	DOID_0060679
DOID_4	has_subclass	DOID_0060688
DOID_4	has_subclass	DOID_0060699
DOID_4	has_subclass	DOID_0060700
DOID_4	has_subclass	DOID_0060701
DOID_4	has_subclass	DOID_0060702
DOID_4	has_subclass	DOID_0060704
DOID_4	has_subclass	DOID_0060705
DOID_4	has_subclass	DOID_0060706
DOID_4	has_subclass	DOID_0060739
DOID_4	has_subclass	DOID_0060744
DOID_4	has_subclass	DOID_0060746
DOID_4	has_subclass	DOID_0060761
DOID_4	has_subclass	DOID_0060764
DOID_4	has_subclass	DOID_0060765
DOID_4	has_subclass	DOID_0060766
DOID_4	has_subclass	DOID_0060777
DOID_4	has_subclass	DOID_0060781
DOID_4	has_subclass	DOID_0060836
DOID_4	has_subclass	DOID_0060847
DOID_4	has_subclass	DOID_0060848
DOID_4	has_subclass	DOID_0060850
DOID_4	has_subclass	DOID_0060851
DOID_4	has_subclass	DOID_0060857
DOID_4	has_subclass	DOID_0060861
DOID_4	has_subclass	DOID_0060887
DOID_4	has_subclass	DOID_0060888
DOID_4	has_subclass	DOID_0060889
DOID_4	has_subclass	DOID_0060901
DOID_4	has_subclass	DOID_0060911
DOID_4	has_subclass	DOID_0060912
DOID_4	has_subclass	DOID_0060913
DOID_4	has_subclass	DOID_0060914
DOID_4	has_subclass	DOID_0060915
DOID_4	has_subclass	DOID_0060918
DOID_4	has_subclass	DOID_0060919
DOID_4	has_subclass	DOID_0060929
DOID_4	has_subclass	DOID_0060941
DOID_4	has_subclass	DOID_0060945
DOID_4	has_subclass	DOID_0060954
DOID_4	has_subclass	DOID_0060958
DOID_4	has_subclass	DOID_0060959
DOID_4	has_subclass	DOID_0060962
DOID_4	has_subclass	DOID_0060970
DOID_4	has_subclass	DOID_0060974
DOID_4	has_subclass	DOID_0060978
DOID_4	has_subclass	DOID_0060981
DOID_4	has_subclass	DOID_0060982
DOID_4	has_subclass	DOID_0060988
DOID_4	has_subclass	DOID_0060989
DOID_4	has_subclass	DOID_0060997
DOID_4	has_subclass	DOID_0061051
DOID_4	has_subclass	DOID_0061052
DOID_4	has_subclass	DOID_0061053
DOID_4	has_subclass	DOID_0061056
DOID_4	has_subclass	DOID_0061058
DOID_4	has_subclass	DOID_0061059
DOID_4	has_subclass	DOID_0061061
DOID_4	has_subclass	DOID_0061065
DOID_4	has_subclass	DOID_0061066
DOID_4	has_subclass	DOID_0061067
DOID_4	has_subclass	DOID_0061071
DOID_4	has_subclass	DOID_0061073
DOID_4	has_subclass	DOID_0061076
DOID_4	has_subclass	DOID_0061078
DOID_4	has_subclass	DOID_0061083
DOID_4	has_subclass	DOID_0061084
DOID_4	has_subclass	DOID_0061089
DOID_4	has_subclass	DOID_0061091
DOID_4	has_subclass	DOID_0061094
DOID_4	has_subclass	DOID_0061101
DOID_4	has_subclass	DOID_0061115
DOID_4	has_subclass	DOID_0061116
DOID_4	has_subclass	DOID_0061117
DOID_4	has_subclass	DOID_0061118
DOID_4	has_subclass	DOID_0061119
DOID_4	has_subclass	DOID_0061120
DOID_4	has_subclass	DOID_0061121
DOID_4	has_subclass	DOID_0061122
DOID_4	has_subclass	DOID_0061125
DOID_4	has_subclass	DOID_0061126
DOID_4	has_subclass	DOID_0061129
DOID_4	has_subclass	DOID_0061135
DOID_4	has_subclass	DOID_0061136
DOID_4	has_subclass	DOID_0061140
DOID_4	has_subclass	DOID_0061147
DOID_4	has_subclass	DOID_0061154
DOID_4	has_subclass	DOID_0061156
DOID_4	has_subclass	DOID_0061168
DOID_4	has_subclass	DOID_0061184
DOID_4	has_subclass	DOID_0061193
DOID_4	has_subclass	DOID_0061196
DOID_4	has_subclass	DOID_0061197
DOID_4	has_subclass	DOID_0061212
DOID_4	has_subclass	DOID_0061213
DOID_4	has_subclass	DOID_0061215
DOID_4	has_subclass	DOID_0061224
DOID_4	has_subclass	DOID_0061251
DOID_4	has_subclass	DOID_0061261
DOID_4	has_subclass	DOID_0061262
DOID_4	has_subclass	DOID_0061263
DOID_4	has_subclass	DOID_0061264
DOID_4	has_subclass	DOID_0061265
DOID_4	has_subclass	DOID_0061266
DOID_4	has_subclass	DOID_0061267
DOID_4	has_subclass	DOID_0061268
DOID_4	has_subclass	DOID_0061273
DOID_4	has_subclass	DOID_0061274
DOID_4	has_subclass	DOID_0061275
DOID_4	has_subclass	DOID_0061276
DOID_4	has_subclass	DOID_0061277
DOID_4	has_subclass	DOID_0061278
DOID_4	has_subclass	DOID_0061279
DOID_4	has_subclass	DOID_0061280
DOID_4	has_subclass	DOID_0061281
DOID_4	has_subclass	DOID_0061282
DOID_4	has_subclass	DOID_0061283
DOID_4	has_subclass	DOID_0061289
DOID_4	has_subclass	DOID_0061290
DOID_4	has_subclass	DOID_0061291
DOID_4	has_subclass	DOID_0061292
DOID_4	has_subclass	DOID_0061294
DOID_4	has_subclass	DOID_0061297
DOID_4	has_subclass	DOID_0070003
DOID_4	has_subclass	DOID_0070004
DOID_4	has_subclass	DOID_0070005
DOID_4	has_subclass	DOID_0070006
DOID_4	has_subclass	DOID_0070007
DOID_4	has_subclass	DOID_0070008
DOID_4	has_subclass	DOID_0070009
DOID_4	has_subclass	DOID_0070010
DOID_4	has_subclass	DOID_0070011
DOID_4	has_subclass	DOID_0070012
DOID_4	has_subclass	DOID_0070013
DOID_4	has_subclass	DOID_0070085
DOID_4	has_subclass	DOID_0070089
DOID_4	has_subclass	DOID_0070090
DOID_4	has_subclass	DOID_0070092
DOID_4	has_subclass	DOID_0070093
DOID_4	has_subclass	DOID_0070115
DOID_4	has_subclass	DOID_0070116
DOID_4	has_subclass	DOID_0070117
DOID_4	has_subclass	DOID_0070118
DOID_4	has_subclass	DOID_0070119
DOID_4	has_subclass	DOID_0070120
DOID_4	has_subclass	DOID_0070121
DOID_4	has_subclass	DOID_0070122
DOID_4	has_subclass	DOID_0070186
DOID_4	has_subclass	DOID_0070187
DOID_4	has_subclass	DOID_0070202
DOID_4	has_subclass	DOID_0070203
DOID_4	has_subclass	DOID_0070204
DOID_4	has_subclass	DOID_0070205
DOID_4	has_subclass	DOID_0070206
DOID_4	has_subclass	DOID_0070207
DOID_4	has_subclass	DOID_0070265
DOID_4	has_subclass	DOID_0070271
DOID_4	has_subclass	DOID_0070272
DOID_4	has_subclass	DOID_0070273
DOID_4	has_subclass	DOID_0070274
DOID_4	has_subclass	DOID_0070275
DOID_4	has_subclass	DOID_0070276
DOID_4	has_subclass	DOID_0070298
DOID_4	has_subclass	DOID_0070299
DOID_4	has_subclass	DOID_0070300
DOID_4	has_subclass	DOID_0070302
DOID_4	has_subclass	DOID_0070305
DOID_4	has_subclass	DOID_0070306
DOID_4	has_subclass	DOID_0070314
DOID_4	has_subclass	DOID_0070324
DOID_4	has_subclass	DOID_0070326
DOID_4	has_subclass	DOID_0070327
DOID_4	has_subclass	DOID_0070339
DOID_4	has_subclass	DOID_0070345
DOID_4	has_subclass	DOID_0070346
DOID_4	has_subclass	DOID_0070347
DOID_4	has_subclass	DOID_0070354
DOID_4	has_subclass	DOID_0070355
DOID_4	has_subclass	DOID_0070357
DOID_4	has_subclass	DOID_0070358
DOID_4	has_subclass	DOID_0070359
DOID_4	has_subclass	DOID_0070360
DOID_4	has_subclass	DOID_0070361
DOID_4	has_subclass	DOID_0070362
DOID_4	has_subclass	DOID_0070380
DOID_4	has_subclass	DOID_0070381
DOID_4	has_subclass	DOID_0070415
DOID_4	has_subclass	DOID_0070419
DOID_4	has_subclass	DOID_0070428
DOID_4	has_subclass	DOID_0070473
DOID_4	has_subclass	DOID_0070475
DOID_4	has_subclass	DOID_0070480
DOID_4	has_subclass	DOID_0070481
DOID_4	has_subclass	DOID_0070484
DOID_4	has_subclass	DOID_0070487
DOID_4	has_subclass	DOID_0070488
DOID_4	has_subclass	DOID_0070512
DOID_4	has_subclass	DOID_0070564
DOID_4	has_subclass	DOID_0070595
DOID_4	has_subclass	DOID_0070596
DOID_4	has_subclass	DOID_0070597
DOID_4	has_subclass	DOID_0070599
DOID_4	has_subclass	DOID_0070600
DOID_4	has_subclass	DOID_0070615
DOID_4	has_subclass	DOID_0070617
DOID_4	has_subclass	DOID_0070618
DOID_4	has_subclass	DOID_0070623
DOID_4	has_subclass	DOID_0070624
DOID_4	has_subclass	DOID_0070625
DOID_4	has_subclass	DOID_0070626
DOID_4	has_subclass	DOID_0070627
DOID_4	has_subclass	DOID_0070628
DOID_4	has_subclass	DOID_0070635
DOID_4	has_subclass	DOID_0070651
DOID_4	has_subclass	DOID_0070652
DOID_4	has_subclass	DOID_0070655
DOID_4	has_subclass	DOID_0070656
DOID_4	has_subclass	DOID_0070678
DOID_4	has_subclass	DOID_0070679
DOID_4	has_subclass	DOID_0070690
DOID_4	has_subclass	DOID_0070692
DOID_4	has_subclass	DOID_0070698
DOID_4	has_subclass	DOID_0070699
DOID_4	has_subclass	DOID_0070703
DOID_4	has_subclass	DOID_0070708
DOID_4	has_subclass	DOID_0070723
DOID_4	has_subclass	DOID_0070732
DOID_4	has_subclass	DOID_0080000
DOID_4	has_subclass	DOID_0080009
DOID_4	has_subclass	DOID_0080019
DOID_4	has_subclass	DOID_0080020
DOID_4	has_subclass	DOID_0080021
DOID_4	has_subclass	DOID_0080026
DOID_4	has_subclass	DOID_0080027
DOID_4	has_subclass	DOID_0080038
DOID_4	has_subclass	DOID_0080040
DOID_4	has_subclass	DOID_0080044
DOID_4	has_subclass	DOID_0080046
DOID_4	has_subclass	DOID_0080047
DOID_4	has_subclass	DOID_0080067
DOID_4	has_subclass	DOID_0080068
DOID_4	has_subclass	DOID_0080069
DOID_4	has_subclass	DOID_0080077
DOID_4	has_subclass	DOID_0080090
DOID_4	has_subclass	DOID_0080105
DOID_4	has_subclass	DOID_0080106
DOID_4	has_subclass	DOID_0080110
DOID_4	has_subclass	DOID_0080146
DOID_4	has_subclass	DOID_0080149
DOID_4	has_subclass	DOID_0080164
DOID_4	has_subclass	DOID_0080165
DOID_4	has_subclass	DOID_0080166
DOID_4	has_subclass	DOID_0080167
DOID_4	has_subclass	DOID_0080171
DOID_4	has_subclass	DOID_0080178
DOID_4	has_subclass	DOID_0080180
DOID_4	has_subclass	DOID_0080181
DOID_4	has_subclass	DOID_0080192
DOID_4	has_subclass	DOID_0080194
DOID_4	has_subclass	DOID_0080196
DOID_4	has_subclass	DOID_0080198
DOID_4	has_subclass	DOID_0080200
DOID_4	has_subclass	DOID_0080201
DOID_4	has_subclass	DOID_0080205
DOID_4	has_subclass	DOID_0080206
DOID_4	has_subclass	DOID_0080207
DOID_4	has_subclass	DOID_0080210
DOID_4	has_subclass	DOID_0080240
DOID_4	has_subclass	DOID_0080244
DOID_4	has_subclass	DOID_0080245
DOID_4	has_subclass	DOID_0080246
DOID_4	has_subclass	DOID_0080247
DOID_4	has_subclass	DOID_0080253
DOID_4	has_subclass	DOID_0080254
DOID_4	has_subclass	DOID_0080256
DOID_4	has_subclass	DOID_0080271
DOID_4	has_subclass	DOID_0080275
DOID_4	has_subclass	DOID_0080276
DOID_4	has_subclass	DOID_0080277
DOID_4	has_subclass	DOID_0080278
DOID_4	has_subclass	DOID_0080279
DOID_4	has_subclass	DOID_0080289
DOID_4	has_subclass	DOID_0080290
DOID_4	has_subclass	DOID_0080298
DOID_4	has_subclass	DOID_0080299
DOID_4	has_subclass	DOID_0080300
DOID_4	has_subclass	DOID_0080323
DOID_4	has_subclass	DOID_0080324
DOID_4	has_subclass	DOID_0080325
DOID_4	has_subclass	DOID_0080327
DOID_4	has_subclass	DOID_0080328
DOID_4	has_subclass	DOID_0080339
DOID_4	has_subclass	DOID_0080344
DOID_4	has_subclass	DOID_0080345
DOID_4	has_subclass	DOID_0080346
DOID_4	has_subclass	DOID_0080351
DOID_4	has_subclass	DOID_0080352
DOID_4	has_subclass	DOID_0080365
DOID_4	has_subclass	DOID_0080372
DOID_4	has_subclass	DOID_0080376
DOID_4	has_subclass	DOID_0080379
DOID_4	has_subclass	DOID_0080382
DOID_4	has_subclass	DOID_0080383
DOID_4	has_subclass	DOID_0080385
DOID_4	has_subclass	DOID_0080389
DOID_4	has_subclass	DOID_0080390
DOID_4	has_subclass	DOID_0080392
DOID_4	has_subclass	DOID_0080393
DOID_4	has_subclass	DOID_0080395
DOID_4	has_subclass	DOID_0080396
DOID_4	has_subclass	DOID_0080397
DOID_4	has_subclass	DOID_0080398
DOID_4	has_subclass	DOID_0080399
DOID_4	has_subclass	DOID_0080400
DOID_4	has_subclass	DOID_0080401
DOID_4	has_subclass	DOID_0080402
DOID_4	has_subclass	DOID_0080403
DOID_4	has_subclass	DOID_0080404
DOID_4	has_subclass	DOID_0080405
DOID_4	has_subclass	DOID_0080406
DOID_4	has_subclass	DOID_0080407
DOID_4	has_subclass	DOID_0080408
DOID_4	has_subclass	DOID_0080409
DOID_4	has_subclass	DOID_0080410
DOID_4	has_subclass	DOID_0080411
DOID_4	has_subclass	DOID_0080412
DOID_4	has_subclass	DOID_0080467
DOID_4	has_subclass	DOID_0080470
DOID_4	has_subclass	DOID_0080494
DOID_4	has_subclass	DOID_0080505
DOID_4	has_subclass	DOID_0080506
DOID_4	has_subclass	DOID_0080507
DOID_4	has_subclass	DOID_0080508
DOID_4	has_subclass	DOID_0080509
DOID_4	has_subclass	DOID_0080520
DOID_4	has_subclass	DOID_0080532
DOID_4	has_subclass	DOID_0080533
DOID_4	has_subclass	DOID_0080575
DOID_4	has_subclass	DOID_0080577
DOID_4	has_subclass	DOID_0080578
DOID_4	has_subclass	DOID_0080579
DOID_4	has_subclass	DOID_0080580
DOID_4	has_subclass	DOID_0080585
DOID_4	has_subclass	DOID_0080586
DOID_4	has_subclass	DOID_0080587
DOID_4	has_subclass	DOID_0080593
DOID_4	has_subclass	DOID_0080601
DOID_4	has_subclass	DOID_0080602
DOID_4	has_subclass	DOID_0080603
DOID_4	has_subclass	DOID_0080605
DOID_4	has_subclass	DOID_0080606
DOID_4	has_subclass	DOID_0080608
DOID_4	has_subclass	DOID_0080609
DOID_4	has_subclass	DOID_0080610
DOID_4	has_subclass	DOID_0080611
DOID_4	has_subclass	DOID_0080615
DOID_4	has_subclass	DOID_0080616
DOID_4	has_subclass	DOID_0080618
DOID_4	has_subclass	DOID_0080619
DOID_4	has_subclass	DOID_0080625
DOID_4	has_subclass	DOID_0080626
DOID_4	has_subclass	DOID_0080627
DOID_4	has_subclass	DOID_0080628
DOID_4	has_subclass	DOID_0080630
DOID_4	has_subclass	DOID_0080631
DOID_4	has_subclass	DOID_0080638
DOID_4	has_subclass	DOID_0080640
DOID_4	has_subclass	DOID_0080641
DOID_4	has_subclass	DOID_0080643
DOID_4	has_subclass	DOID_0080644
DOID_4	has_subclass	DOID_0080645
DOID_4	has_subclass	DOID_0080646
DOID_4	has_subclass	DOID_0080647
DOID_4	has_subclass	DOID_0080648
DOID_4	has_subclass	DOID_0080649
DOID_4	has_subclass	DOID_0080650
DOID_4	has_subclass	DOID_0080651
DOID_4	has_subclass	DOID_0080653
DOID_4	has_subclass	DOID_0080654
DOID_4	has_subclass	DOID_0080655
DOID_4	has_subclass	DOID_0080675
DOID_4	has_subclass	DOID_0080684
DOID_4	has_subclass	DOID_0080687
DOID_4	has_subclass	DOID_0080688
DOID_4	has_subclass	DOID_0080690
DOID_4	has_subclass	DOID_0080691
DOID_4	has_subclass	DOID_0080692
DOID_4	has_subclass	DOID_0080693
DOID_4	has_subclass	DOID_0080694
DOID_4	has_subclass	DOID_0080695
DOID_4	has_subclass	DOID_0080696
DOID_4	has_subclass	DOID_0080709
DOID_4	has_subclass	DOID_0080710
DOID_4	has_subclass	DOID_0080714
DOID_4	has_subclass	DOID_0080721
DOID_4	has_subclass	DOID_0080722
DOID_4	has_subclass	DOID_0080723
DOID_4	has_subclass	DOID_0080724
DOID_4	has_subclass	DOID_0080742
DOID_4	has_subclass	DOID_0080745
DOID_4	has_subclass	DOID_0080763
DOID_4	has_subclass	DOID_0080764
DOID_4	has_subclass	DOID_0080778
DOID_4	has_subclass	DOID_0080779
DOID_4	has_subclass	DOID_0080784
DOID_4	has_subclass	DOID_0080785
DOID_4	has_subclass	DOID_0080786
DOID_4	has_subclass	DOID_0080799
DOID_4	has_subclass	DOID_0080827
DOID_4	has_subclass	DOID_0080828
DOID_4	has_subclass	DOID_0080829
DOID_4	has_subclass	DOID_0080830
DOID_4	has_subclass	DOID_0080833
DOID_4	has_subclass	DOID_0080834
DOID_4	has_subclass	DOID_0080836
DOID_4	has_subclass	DOID_0080837
DOID_4	has_subclass	DOID_0080841
DOID_4	has_subclass	DOID_0080844
DOID_4	has_subclass	DOID_0080845
DOID_4	has_subclass	DOID_0080850
DOID_4	has_subclass	DOID_0080851
DOID_4	has_subclass	DOID_0080852
DOID_4	has_subclass	DOID_0080858
DOID_4	has_subclass	DOID_0080861
DOID_4	has_subclass	DOID_0080879
DOID_4	has_subclass	DOID_0080880
DOID_4	has_subclass	DOID_0080894
DOID_4	has_subclass	DOID_0080895
DOID_4	has_subclass	DOID_0080897
DOID_4	has_subclass	DOID_0080898
DOID_4	has_subclass	DOID_0080900
DOID_4	has_subclass	DOID_0080901
DOID_4	has_subclass	DOID_0080903
DOID_4	has_subclass	DOID_0080905
DOID_4	has_subclass	DOID_0080906
DOID_4	has_subclass	DOID_0080907
DOID_4	has_subclass	DOID_0080908
DOID_4	has_subclass	DOID_0080909
DOID_4	has_subclass	DOID_0080915
DOID_4	has_subclass	DOID_0080927
DOID_4	has_subclass	DOID_0080928
DOID_4	has_subclass	DOID_0080933
DOID_4	has_subclass	DOID_0080934
DOID_4	has_subclass	DOID_0080936
DOID_4	has_subclass	DOID_0080945
DOID_4	has_subclass	DOID_0080948
DOID_4	has_subclass	DOID_0080950
DOID_4	has_subclass	DOID_0080951
DOID_4	has_subclass	DOID_0080952
DOID_4	has_subclass	DOID_0080960
DOID_4	has_subclass	DOID_0080996
DOID_4	has_subclass	DOID_0080997
DOID_4	has_subclass	DOID_0081004
DOID_4	has_subclass	DOID_0081008
DOID_4	has_subclass	DOID_0081041
DOID_4	has_subclass	DOID_0081042
DOID_4	has_subclass	DOID_0081043
DOID_4	has_subclass	DOID_0081048
DOID_4	has_subclass	DOID_0081051
DOID_4	has_subclass	DOID_0081059
DOID_4	has_subclass	DOID_0081064
DOID_4	has_subclass	DOID_0081065
DOID_4	has_subclass	DOID_0081066
DOID_4	has_subclass	DOID_0081067
DOID_4	has_subclass	DOID_0081068
DOID_4	has_subclass	DOID_0081069
DOID_4	has_subclass	DOID_0081070
DOID_4	has_subclass	DOID_0081071
DOID_4	has_subclass	DOID_0081088
DOID_4	has_subclass	DOID_0081101
DOID_4	has_subclass	DOID_0081102
DOID_4	has_subclass	DOID_0081112
DOID_4	has_subclass	DOID_0081121
DOID_4	has_subclass	DOID_0081126
DOID_4	has_subclass	DOID_0081136
DOID_4	has_subclass	DOID_0081138
DOID_4	has_subclass	DOID_0081141
DOID_4	has_subclass	DOID_0081142
DOID_4	has_subclass	DOID_0081143
DOID_4	has_subclass	DOID_0081144
DOID_4	has_subclass	DOID_0081147
DOID_4	has_subclass	DOID_0081148
DOID_4	has_subclass	DOID_0081150
DOID_4	has_subclass	DOID_0081154
DOID_4	has_subclass	DOID_0081156
DOID_4	has_subclass	DOID_0081175
DOID_4	has_subclass	DOID_0081242
DOID_4	has_subclass	DOID_0081244
DOID_4	has_subclass	DOID_0081259
DOID_4	has_subclass	DOID_0081260
DOID_4	has_subclass	DOID_0081261
DOID_4	has_subclass	DOID_0081264
DOID_4	has_subclass	DOID_0081267
DOID_4	has_subclass	DOID_0081270
DOID_4	has_subclass	DOID_0081271
DOID_4	has_subclass	DOID_0081277
DOID_4	has_subclass	DOID_0081283
DOID_4	has_subclass	DOID_0081284
DOID_4	has_subclass	DOID_0081285
DOID_4	has_subclass	DOID_0081286
DOID_4	has_subclass	DOID_0081302
DOID_4	has_subclass	DOID_0081303
DOID_4	has_subclass	DOID_0081305
DOID_4	has_subclass	DOID_0081307
DOID_4	has_subclass	DOID_0081308
DOID_4	has_subclass	DOID_0081309
DOID_4	has_subclass	DOID_0081310
DOID_4	has_subclass	DOID_0081311
DOID_4	has_subclass	DOID_0081313
DOID_4	has_subclass	DOID_0081315
DOID_4	has_subclass	DOID_0081316
DOID_4	has_subclass	DOID_0081321
DOID_4	has_subclass	DOID_0081323
DOID_4	has_subclass	DOID_0081332
DOID_4	has_subclass	DOID_0081333
DOID_4	has_subclass	DOID_0081334
DOID_4	has_subclass	DOID_0081370
DOID_4	has_subclass	DOID_0081371
DOID_4	has_subclass	DOID_0081395
DOID_4	has_subclass	DOID_0081411
DOID_4	has_subclass	DOID_0081412
DOID_4	has_subclass	DOID_0081413
DOID_4	has_subclass	DOID_0081414
DOID_4	has_subclass	DOID_0081415
DOID_4	has_subclass	DOID_0081416
DOID_4	has_subclass	DOID_0081418
DOID_4	has_subclass	DOID_0081432
DOID_4	has_subclass	DOID_0081441
DOID_4	has_subclass	DOID_0081442
DOID_4	has_subclass	DOID_0081443
DOID_4	has_subclass	DOID_0081445
DOID_4	has_subclass	DOID_0081452
DOID_4	has_subclass	DOID_0081455
DOID_4	has_subclass	DOID_0081456
DOID_4	has_subclass	DOID_0081463
DOID_4	has_subclass	DOID_0090005
DOID_4	has_subclass	DOID_0090017
DOID_4	has_subclass	DOID_0090027
DOID_4	has_subclass	DOID_0090030
DOID_4	has_subclass	DOID_0090060
DOID_4	has_subclass	DOID_0090061
DOID_4	has_subclass	DOID_0090062
DOID_4	has_subclass	DOID_0090065
DOID_4	has_subclass	DOID_0090066
DOID_4	has_subclass	DOID_0090100
DOID_4	has_subclass	DOID_0090111
DOID_4	has_subclass	DOID_0090113
DOID_4	has_subclass	DOID_0090117
DOID_4	has_subclass	DOID_0090120
DOID_4	has_subclass	DOID_0090122
DOID_4	has_subclass	DOID_0090139
DOID_4	has_subclass	DOID_0090140
DOID_4	has_subclass	DOID_0090141
DOID_4	has_subclass	DOID_0090143
DOID_4	has_subclass	DOID_0110031
DOID_4	has_subclass	DOID_0110034
DOID_4	has_subclass	DOID_0110049
DOID_4	has_subclass	DOID_0110050
DOID_4	has_subclass	DOID_0110053
DOID_4	has_subclass	DOID_0110054
DOID_4	has_subclass	DOID_0110056
DOID_4	has_subclass	DOID_0110057
DOID_4	has_subclass	DOID_0110058
DOID_4	has_subclass	DOID_0110059
DOID_4	has_subclass	DOID_0110062
DOID_4	has_subclass	DOID_0110063
DOID_4	has_subclass	DOID_0110064
DOID_4	has_subclass	DOID_0110065
DOID_4	has_subclass	DOID_0110066
DOID_4	has_subclass	DOID_0110090
DOID_4	has_subclass	DOID_0110148
DOID_4	has_subclass	DOID_0110149
DOID_4	has_subclass	DOID_0110150
DOID_4	has_subclass	DOID_0110151
DOID_4	has_subclass	DOID_0110152
DOID_4	has_subclass	DOID_0110153
DOID_4	has_subclass	DOID_0110154
DOID_4	has_subclass	DOID_0110155
DOID_4	has_subclass	DOID_0110156
DOID_4	has_subclass	DOID_0110157
DOID_4	has_subclass	DOID_0110158
DOID_4	has_subclass	DOID_0110159
DOID_4	has_subclass	DOID_0110160
DOID_4	has_subclass	DOID_0110161
DOID_4	has_subclass	DOID_0110162
DOID_4	has_subclass	DOID_0110163
DOID_4	has_subclass	DOID_0110164
DOID_4	has_subclass	DOID_0110165
DOID_4	has_subclass	DOID_0110166
DOID_4	has_subclass	DOID_0110167
DOID_4	has_subclass	DOID_0110168
DOID_4	has_subclass	DOID_0110169
DOID_4	has_subclass	DOID_0110170
DOID_4	has_subclass	DOID_0110171
DOID_4	has_subclass	DOID_0110173
DOID_4	has_subclass	DOID_0110174
DOID_4	has_subclass	DOID_0110175
DOID_4	has_subclass	DOID_0110176
DOID_4	has_subclass	DOID_0110177
DOID_4	has_subclass	DOID_0110178
DOID_4	has_subclass	DOID_0110179
DOID_4	has_subclass	DOID_0110180
DOID_4	has_subclass	DOID_0110181
DOID_4	has_subclass	DOID_0110182
DOID_4	has_subclass	DOID_0110207
DOID_4	has_subclass	DOID_0110209
DOID_4	has_subclass	DOID_0110213
DOID_4	has_subclass	DOID_0110214
DOID_4	has_subclass	DOID_0110218
DOID_4	has_subclass	DOID_0110219
DOID_4	has_subclass	DOID_0110220
DOID_4	has_subclass	DOID_0110221
DOID_4	has_subclass	DOID_0110222
DOID_4	has_subclass	DOID_0110223
DOID_4	has_subclass	DOID_0110224
DOID_4	has_subclass	DOID_0110225
DOID_4	has_subclass	DOID_0110226
DOID_4	has_subclass	DOID_0110227
DOID_4	has_subclass	DOID_0110229
DOID_4	has_subclass	DOID_0110230
DOID_4	has_subclass	DOID_0110231
DOID_4	has_subclass	DOID_0110232
DOID_4	has_subclass	DOID_0110233
DOID_4	has_subclass	DOID_0110234
DOID_4	has_subclass	DOID_0110236
DOID_4	has_subclass	DOID_0110238
DOID_4	has_subclass	DOID_0110240
DOID_4	has_subclass	DOID_0110242
DOID_4	has_subclass	DOID_0110243
DOID_4	has_subclass	DOID_0110244
DOID_4	has_subclass	DOID_0110246
DOID_4	has_subclass	DOID_0110249
DOID_4	has_subclass	DOID_0110250
DOID_4	has_subclass	DOID_0110251
DOID_4	has_subclass	DOID_0110252
DOID_4	has_subclass	DOID_0110253
DOID_4	has_subclass	DOID_0110254
DOID_4	has_subclass	DOID_0110255
DOID_4	has_subclass	DOID_0110259
DOID_4	has_subclass	DOID_0110260
DOID_4	has_subclass	DOID_0110261
DOID_4	has_subclass	DOID_0110265
DOID_4	has_subclass	DOID_0110266
DOID_4	has_subclass	DOID_0110267
DOID_4	has_subclass	DOID_0110268
DOID_4	has_subclass	DOID_0110270
DOID_4	has_subclass	DOID_0110271
DOID_4	has_subclass	DOID_0110272
DOID_4	has_subclass	DOID_0110291
DOID_4	has_subclass	DOID_0110331
DOID_4	has_subclass	DOID_0110333
DOID_4	has_subclass	DOID_0110343
DOID_4	has_subclass	DOID_0110350
DOID_4	has_subclass	DOID_0110415
DOID_4	has_subclass	DOID_0110416
DOID_4	has_subclass	DOID_0110418
DOID_4	has_subclass	DOID_0110429
DOID_4	has_subclass	DOID_0110430
DOID_4	has_subclass	DOID_0110431
DOID_4	has_subclass	DOID_0110434
DOID_4	has_subclass	DOID_0110435
DOID_4	has_subclass	DOID_0110436
DOID_4	has_subclass	DOID_0110437
DOID_4	has_subclass	DOID_0110439
DOID_4	has_subclass	DOID_0110440
DOID_4	has_subclass	DOID_0110442
DOID_4	has_subclass	DOID_0110446
DOID_4	has_subclass	DOID_0110449
DOID_4	has_subclass	DOID_0110451
DOID_4	has_subclass	DOID_0110452
DOID_4	has_subclass	DOID_0110453
DOID_4	has_subclass	DOID_0110458
DOID_4	has_subclass	DOID_0110459
DOID_4	has_subclass	DOID_0110461
DOID_4	has_subclass	DOID_0110646
DOID_4	has_subclass	DOID_0110650
DOID_4	has_subclass	DOID_0110657
DOID_4	has_subclass	DOID_0110658
DOID_4	has_subclass	DOID_0110660
DOID_4	has_subclass	DOID_0110661
DOID_4	has_subclass	DOID_0110662
DOID_4	has_subclass	DOID_0110670
DOID_4	has_subclass	DOID_0110673
DOID_4	has_subclass	DOID_0110674
DOID_4	has_subclass	DOID_0110677
DOID_4	has_subclass	DOID_0110679
DOID_4	has_subclass	DOID_0110680
DOID_4	has_subclass	DOID_0110716
DOID_4	has_subclass	DOID_0110717
DOID_4	has_subclass	DOID_0110718
DOID_4	has_subclass	DOID_0110719
DOID_4	has_subclass	DOID_0110739
DOID_4	has_subclass	DOID_0110826
DOID_4	has_subclass	DOID_0110827
DOID_4	has_subclass	DOID_0110829
DOID_4	has_subclass	DOID_0110830
DOID_4	has_subclass	DOID_0110831
DOID_4	has_subclass	DOID_0110832
DOID_4	has_subclass	DOID_0110833
DOID_4	has_subclass	DOID_0110834
DOID_4	has_subclass	DOID_0110835
DOID_4	has_subclass	DOID_0110837
DOID_4	has_subclass	DOID_0110838
DOID_4	has_subclass	DOID_0110839
DOID_4	has_subclass	DOID_0110840
DOID_4	has_subclass	DOID_0110843
DOID_4	has_subclass	DOID_0110844
DOID_4	has_subclass	DOID_0110845
DOID_4	has_subclass	DOID_0110846
DOID_4	has_subclass	DOID_0110847
DOID_4	has_subclass	DOID_0110848
DOID_4	has_subclass	DOID_0110849
DOID_4	has_subclass	DOID_0110850
DOID_4	has_subclass	DOID_0110857
DOID_4	has_subclass	DOID_0110882
DOID_4	has_subclass	DOID_0110883
DOID_4	has_subclass	DOID_0110884
DOID_4	has_subclass	DOID_0110885
DOID_4	has_subclass	DOID_0110886
DOID_4	has_subclass	DOID_0110887
DOID_4	has_subclass	DOID_0110888
DOID_4	has_subclass	DOID_0110889
DOID_4	has_subclass	DOID_0110890
DOID_4	has_subclass	DOID_0110892
DOID_4	has_subclass	DOID_0110893
DOID_4	has_subclass	DOID_0110894
DOID_4	has_subclass	DOID_0110895
DOID_4	has_subclass	DOID_0110896
DOID_4	has_subclass	DOID_0110897
DOID_4	has_subclass	DOID_0110898
DOID_4	has_subclass	DOID_0110900
DOID_4	has_subclass	DOID_0110901
DOID_4	has_subclass	DOID_0110902
DOID_4	has_subclass	DOID_0110903
DOID_4	has_subclass	DOID_0110904
DOID_4	has_subclass	DOID_0110905
DOID_4	has_subclass	DOID_0110907
DOID_4	has_subclass	DOID_0110908
DOID_4	has_subclass	DOID_0110947
DOID_4	has_subclass	DOID_0110948
DOID_4	has_subclass	DOID_0110949
DOID_4	has_subclass	DOID_0110950
DOID_4	has_subclass	DOID_0110951
DOID_4	has_subclass	DOID_0110953
DOID_4	has_subclass	DOID_0110954
DOID_4	has_subclass	DOID_0110955
DOID_4	has_subclass	DOID_0110956
DOID_4	has_subclass	DOID_0110980
DOID_4	has_subclass	DOID_0110981
DOID_4	has_subclass	DOID_0110982
DOID_4	has_subclass	DOID_0110983
DOID_4	has_subclass	DOID_0110984
DOID_4	has_subclass	DOID_0110985
DOID_4	has_subclass	DOID_0110986
DOID_4	has_subclass	DOID_0110987
DOID_4	has_subclass	DOID_0110988
DOID_4	has_subclass	DOID_0110989
DOID_4	has_subclass	DOID_0110990
DOID_4	has_subclass	DOID_0110991
DOID_4	has_subclass	DOID_0110992
DOID_4	has_subclass	DOID_0110993
DOID_4	has_subclass	DOID_0110994
DOID_4	has_subclass	DOID_0110995
DOID_4	has_subclass	DOID_0110996
DOID_4	has_subclass	DOID_0110997
DOID_4	has_subclass	DOID_0110998
DOID_4	has_subclass	DOID_0110999
DOID_4	has_subclass	DOID_0111000
DOID_4	has_subclass	DOID_0111001
DOID_4	has_subclass	DOID_0111002
DOID_4	has_subclass	DOID_0111003
DOID_4	has_subclass	DOID_0111004
DOID_4	has_subclass	DOID_0111082
DOID_4	has_subclass	DOID_0111083
DOID_4	has_subclass	DOID_0111084
DOID_4	has_subclass	DOID_0111086
DOID_4	has_subclass	DOID_0111087
DOID_4	has_subclass	DOID_0111088
DOID_4	has_subclass	DOID_0111089
DOID_4	has_subclass	DOID_0111090
DOID_4	has_subclass	DOID_0111093
DOID_4	has_subclass	DOID_0111094
DOID_4	has_subclass	DOID_0111095
DOID_4	has_subclass	DOID_0111097
DOID_4	has_subclass	DOID_0111098
DOID_4	has_subclass	DOID_0111101
DOID_4	has_subclass	DOID_0111135
DOID_4	has_subclass	DOID_0111136
DOID_4	has_subclass	DOID_0111137
DOID_4	has_subclass	DOID_0111138
DOID_4	has_subclass	DOID_0111144
DOID_4	has_subclass	DOID_0111152
DOID_4	has_subclass	DOID_0111154
DOID_4	has_subclass	DOID_0111157
DOID_4	has_subclass	DOID_0111160
DOID_4	has_subclass	DOID_0111167
DOID_4	has_subclass	DOID_0111193
DOID_4	has_subclass	DOID_0111243
DOID_4	has_subclass	DOID_0111247
DOID_4	has_subclass	DOID_0111252
DOID_4	has_subclass	DOID_0111256
DOID_4	has_subclass	DOID_0111259
DOID_4	has_subclass	DOID_0111271
DOID_4	has_subclass	DOID_0111274
DOID_4	has_subclass	DOID_0111336
DOID_4	has_subclass	DOID_0111337
DOID_4	has_subclass	DOID_0111340
DOID_4	has_subclass	DOID_0111341
DOID_4	has_subclass	DOID_0111344
DOID_4	has_subclass	DOID_0111349
DOID_4	has_subclass	DOID_0111353
DOID_4	has_subclass	DOID_0111354
DOID_4	has_subclass	DOID_0111358
DOID_4	has_subclass	DOID_0111360
DOID_4	has_subclass	DOID_0111361
DOID_4	has_subclass	DOID_0111366
DOID_4	has_subclass	DOID_0111367
DOID_4	has_subclass	DOID_0111374
DOID_4	has_subclass	DOID_0111375
DOID_4	has_subclass	DOID_0111376
DOID_4	has_subclass	DOID_0111377
DOID_4	has_subclass	DOID_0111378
DOID_4	has_subclass	DOID_0111379
DOID_4	has_subclass	DOID_0111380
DOID_4	has_subclass	DOID_0111385
DOID_4	has_subclass	DOID_0111386
DOID_4	has_subclass	DOID_0111388
DOID_4	has_subclass	DOID_0111404
DOID_4	has_subclass	DOID_0111411
DOID_4	has_subclass	DOID_0111423
DOID_4	has_subclass	DOID_0111424
DOID_4	has_subclass	DOID_0111460
DOID_4	has_subclass	DOID_0111461
DOID_4	has_subclass	DOID_0111463
DOID_4	has_subclass	DOID_0111505
DOID_4	has_subclass	DOID_0111507
DOID_4	has_subclass	DOID_0111508
DOID_4	has_subclass	DOID_0111511
DOID_4	has_subclass	DOID_0111512
DOID_4	has_subclass	DOID_0111513
DOID_4	has_subclass	DOID_0111530
DOID_4	has_subclass	DOID_0111533
DOID_4	has_subclass	DOID_0111534
DOID_4	has_subclass	DOID_0111555
DOID_4	has_subclass	DOID_0111557
DOID_4	has_subclass	DOID_0111558
DOID_4	has_subclass	DOID_0111559
DOID_4	has_subclass	DOID_0111560
DOID_4	has_subclass	DOID_0111562
DOID_4	has_subclass	DOID_0111564
DOID_4	has_subclass	DOID_0111565
DOID_4	has_subclass	DOID_0111568
DOID_4	has_subclass	DOID_0111578
DOID_4	has_subclass	DOID_0111579
DOID_4	has_subclass	DOID_0111581
DOID_4	has_subclass	DOID_0111582
DOID_4	has_subclass	DOID_0111586
DOID_4	has_subclass	DOID_0111589
DOID_4	has_subclass	DOID_0111591
DOID_4	has_subclass	DOID_0111620
DOID_4	has_subclass	DOID_0111625
DOID_4	has_subclass	DOID_0111627
DOID_4	has_subclass	DOID_0111628
DOID_4	has_subclass	DOID_0111630
DOID_4	has_subclass	DOID_0111631
DOID_4	has_subclass	DOID_0111632
DOID_4	has_subclass	DOID_0111666
DOID_4	has_subclass	DOID_0111674
DOID_4	has_subclass	DOID_0111675
DOID_4	has_subclass	DOID_0111683
DOID_4	has_subclass	DOID_0111684
DOID_4	has_subclass	DOID_0111685
DOID_4	has_subclass	DOID_0111706
DOID_4	has_subclass	DOID_0111712
DOID_4	has_subclass	DOID_0111713
DOID_4	has_subclass	DOID_0111714
DOID_4	has_subclass	DOID_0111715
DOID_4	has_subclass	DOID_0111735
DOID_4	has_subclass	DOID_0111736
DOID_4	has_subclass	DOID_0111737
DOID_4	has_subclass	DOID_0111738
DOID_4	has_subclass	DOID_0111739
DOID_4	has_subclass	DOID_0111740
DOID_4	has_subclass	DOID_0111752
DOID_4	has_subclass	DOID_0111754
DOID_4	has_subclass	DOID_0111755
DOID_4	has_subclass	DOID_0111756
DOID_4	has_subclass	DOID_0111761
DOID_4	has_subclass	DOID_0111762
DOID_4	has_subclass	DOID_0111765
DOID_4	has_subclass	DOID_0111777
DOID_4	has_subclass	DOID_0111778
DOID_4	has_subclass	DOID_0111779
DOID_4	has_subclass	DOID_0111780
DOID_4	has_subclass	DOID_0111781
DOID_4	has_subclass	DOID_0111783
DOID_4	has_subclass	DOID_0111784
DOID_4	has_subclass	DOID_0111788
DOID_4	has_subclass	DOID_0111796
DOID_4	has_subclass	DOID_0111799
DOID_4	has_subclass	DOID_0111800
DOID_4	has_subclass	DOID_0111802
DOID_4	has_subclass	DOID_0111803
DOID_4	has_subclass	DOID_0111808
DOID_4	has_subclass	DOID_0111809
DOID_4	has_subclass	DOID_0111811
DOID_4	has_subclass	DOID_0111821
DOID_4	has_subclass	DOID_0111822
DOID_4	has_subclass	DOID_0111824
DOID_4	has_subclass	DOID_0111825
DOID_4	has_subclass	DOID_0111826
DOID_4	has_subclass	DOID_0111828
DOID_4	has_subclass	DOID_0111829
DOID_4	has_subclass	DOID_0111830
DOID_4	has_subclass	DOID_0111831
DOID_4	has_subclass	DOID_0111832
DOID_4	has_subclass	DOID_0111833
DOID_4	has_subclass	DOID_0111834
DOID_4	has_subclass	DOID_0111859
DOID_4	has_subclass	DOID_0111861
DOID_4	has_subclass	DOID_0111868
DOID_4	has_subclass	DOID_0111876
DOID_4	has_subclass	DOID_0111877
DOID_4	has_subclass	DOID_0111878
DOID_4	has_subclass	DOID_0111880
DOID_4	has_subclass	DOID_0111881
DOID_4	has_subclass	DOID_0111882
DOID_4	has_subclass	DOID_0111883
DOID_4	has_subclass	DOID_0111884
DOID_4	has_subclass	DOID_0111885
DOID_4	has_subclass	DOID_0111888
DOID_4	has_subclass	DOID_0111890
DOID_4	has_subclass	DOID_0111892
DOID_4	has_subclass	DOID_0111894
DOID_4	has_subclass	DOID_0111908
DOID_4	has_subclass	DOID_0111934
DOID_4	has_subclass	DOID_0111940
DOID_4	has_subclass	DOID_0111941
DOID_4	has_subclass	DOID_0111942
DOID_4	has_subclass	DOID_0111945
DOID_4	has_subclass	DOID_0111946
DOID_4	has_subclass	DOID_0111947
DOID_4	has_subclass	DOID_0111952
DOID_4	has_subclass	DOID_0111955
DOID_4	has_subclass	DOID_0111958
DOID_4	has_subclass	DOID_0111967
DOID_4	has_subclass	DOID_0111969
DOID_4	has_subclass	DOID_0111970
DOID_4	has_subclass	DOID_0111978
DOID_4	has_subclass	DOID_0111979
DOID_4	has_subclass	DOID_0111989
DOID_4	has_subclass	DOID_0111990
DOID_4	has_subclass	DOID_0111991
DOID_4	has_subclass	DOID_0111997
DOID_4	has_subclass	DOID_0112000
DOID_4	has_subclass	DOID_0112006
DOID_4	has_subclass	DOID_0112016
DOID_4	has_subclass	DOID_0112017
DOID_4	has_subclass	DOID_0112018
DOID_4	has_subclass	DOID_0112019
DOID_4	has_subclass	DOID_0112020
DOID_4	has_subclass	DOID_0112021
DOID_4	has_subclass	DOID_0112022
DOID_4	has_subclass	DOID_0112023
DOID_4	has_subclass	DOID_0112024
DOID_4	has_subclass	DOID_0112026
DOID_4	has_subclass	DOID_0112027
DOID_4	has_subclass	DOID_0112028
DOID_4	has_subclass	DOID_0112029
DOID_4	has_subclass	DOID_0112030
DOID_4	has_subclass	DOID_0112031
DOID_4	has_subclass	DOID_0112032
DOID_4	has_subclass	DOID_0112033
DOID_4	has_subclass	DOID_0112034
DOID_4	has_subclass	DOID_0112035
DOID_4	has_subclass	DOID_0112036
DOID_4	has_subclass	DOID_0112037
DOID_4	has_subclass	DOID_0112038
DOID_4	has_subclass	DOID_0112039
DOID_4	has_subclass	DOID_0112040
DOID_4	has_subclass	DOID_0112041
DOID_4	has_subclass	DOID_0112043
DOID_4	has_subclass	DOID_0112044
DOID_4	has_subclass	DOID_0112045
DOID_4	has_subclass	DOID_0112046
DOID_4	has_subclass	DOID_0112047
DOID_4	has_subclass	DOID_0112048
DOID_4	has_subclass	DOID_0112049
DOID_4	has_subclass	DOID_0112050
DOID_4	has_subclass	DOID_0112051
DOID_4	has_subclass	DOID_0112052
DOID_4	has_subclass	DOID_0112053
DOID_4	has_subclass	DOID_0112054
DOID_4	has_subclass	DOID_0112055
DOID_4	has_subclass	DOID_0112057
DOID_4	has_subclass	DOID_0112058
DOID_4	has_subclass	DOID_0112059
DOID_4	has_subclass	DOID_0112060
DOID_4	has_subclass	DOID_0112063
DOID_4	has_subclass	DOID_0112102
DOID_4	has_subclass	DOID_0112103
DOID_4	has_subclass	DOID_0112104
DOID_4	has_subclass	DOID_0112106
DOID_4	has_subclass	DOID_0112107
DOID_4	has_subclass	DOID_0112120
DOID_4	has_subclass	DOID_0112122
DOID_4	has_subclass	DOID_0112123
DOID_4	has_subclass	DOID_0112124
DOID_4	has_subclass	DOID_0112125
DOID_4	has_subclass	DOID_0112127
DOID_4	has_subclass	DOID_0112128
DOID_4	has_subclass	DOID_0112129
DOID_4	has_subclass	DOID_0112130
DOID_4	has_subclass	DOID_0112131
DOID_4	has_subclass	DOID_0112132
DOID_4	has_subclass	DOID_0112133
DOID_4	has_subclass	DOID_0112134
DOID_4	has_subclass	DOID_0112135
DOID_4	has_subclass	DOID_0112136
DOID_4	has_subclass	DOID_0112143
DOID_4	has_subclass	DOID_0112148
DOID_4	has_subclass	DOID_0112149
DOID_4	has_subclass	DOID_0112150
DOID_4	has_subclass	DOID_0112151
DOID_4	has_subclass	DOID_0112156
DOID_4	has_subclass	DOID_0112158
DOID_4	has_subclass	DOID_0112161
DOID_4	has_subclass	DOID_0112169
DOID_4	has_subclass	DOID_0112171
DOID_4	has_subclass	DOID_0112172
DOID_4	has_subclass	DOID_0112173
DOID_4	has_subclass	DOID_0112177
DOID_4	has_subclass	DOID_0112178
DOID_4	has_subclass	DOID_0112179
DOID_4	has_subclass	DOID_0112181
DOID_4	has_subclass	DOID_0112182
DOID_4	has_subclass	DOID_0112190
DOID_4	has_subclass	DOID_0112194
DOID_4	has_subclass	DOID_0112195
DOID_4	has_subclass	DOID_0112196
DOID_4	has_subclass	DOID_0112226
DOID_4	has_subclass	DOID_0112227
DOID_4	has_subclass	DOID_0112238
DOID_4	has_subclass	DOID_0112239
DOID_4	has_subclass	DOID_0112245
DOID_4	has_subclass	DOID_0112247
DOID_4	has_subclass	DOID_0112251
DOID_4	has_subclass	DOID_0112265
DOID_4	has_subclass	DOID_0112267
DOID_4	has_subclass	DOID_0112268
DOID_4	has_subclass	DOID_0112294
DOID_4	has_subclass	DOID_0112308
DOID_4	has_subclass	DOID_0112309
DOID_4	has_subclass	DOID_0112359
DOID_4	has_subclass	DOID_10016
DOID_4	has_subclass	DOID_10020
DOID_4	has_subclass	DOID_10021
DOID_4	has_subclass	DOID_1003
DOID_4	has_subclass	DOID_10032
DOID_4	has_subclass	DOID_10040
DOID_4	has_subclass	DOID_10041
DOID_4	has_subclass	DOID_10044
DOID_4	has_subclass	DOID_10047
DOID_4	has_subclass	DOID_10054
DOID_4	has_subclass	DOID_10069
DOID_4	has_subclass	DOID_10070
DOID_4	has_subclass	DOID_10071
DOID_4	has_subclass	DOID_10080
DOID_4	has_subclass	DOID_10087
DOID_4	has_subclass	DOID_10146
DOID_4	has_subclass	DOID_10154
DOID_4	has_subclass	DOID_10155
DOID_4	has_subclass	DOID_10177
DOID_4	has_subclass	DOID_10187
DOID_4	has_subclass	DOID_10188
DOID_4	has_subclass	DOID_10194
DOID_4	has_subclass	DOID_10195
DOID_4	has_subclass	DOID_10201
DOID_4	has_subclass	DOID_10203
DOID_4	has_subclass	DOID_10206
DOID_4	has_subclass	DOID_10207
DOID_4	has_subclass	DOID_10209
DOID_4	has_subclass	DOID_10211
DOID_4	has_subclass	DOID_10234
DOID_4	has_subclass	DOID_10241
DOID_4	has_subclass	DOID_10247
DOID_4	has_subclass	DOID_10250
DOID_4	has_subclass	DOID_10254
DOID_4	has_subclass	DOID_10283
DOID_4	has_subclass	DOID_10286
DOID_4	has_subclass	DOID_10287
DOID_4	has_subclass	DOID_10289
DOID_4	has_subclass	DOID_10290
DOID_4	has_subclass	DOID_1035
DOID_4	has_subclass	DOID_10366
DOID_4	has_subclass	DOID_10368
DOID_4	has_subclass	DOID_1039
DOID_4	has_subclass	DOID_10398
DOID_4	has_subclass	DOID_104
DOID_4	has_subclass	DOID_1040
DOID_4	has_subclass	DOID_10456
DOID_4	has_subclass	DOID_10459
DOID_4	has_subclass	DOID_10461
DOID_4	has_subclass	DOID_10480
DOID_4	has_subclass	DOID_10481
DOID_4	has_subclass	DOID_10485
DOID_4	has_subclass	DOID_10507
DOID_4	has_subclass	DOID_10533
DOID_4	has_subclass	DOID_10534
DOID_4	has_subclass	DOID_10536
DOID_4	has_subclass	DOID_10538
DOID_4	has_subclass	DOID_10540
DOID_4	has_subclass	DOID_10544
DOID_4	has_subclass	DOID_10547
DOID_4	has_subclass	DOID_10548
DOID_4	has_subclass	DOID_1056
DOID_4	has_subclass	DOID_10575
DOID_4	has_subclass	DOID_10595
DOID_4	has_subclass	DOID_10605
DOID_4	has_subclass	DOID_10606
DOID_4	has_subclass	DOID_10607
DOID_4	has_subclass	DOID_10608
DOID_4	has_subclass	DOID_10610
DOID_4	has_subclass	DOID_10611
DOID_4	has_subclass	DOID_10619
DOID_4	has_subclass	DOID_1063
DOID_4	has_subclass	DOID_10699
DOID_4	has_subclass	DOID_10719
DOID_4	has_subclass	DOID_1073
DOID_4	has_subclass	DOID_1076
DOID_4	has_subclass	DOID_10780
DOID_4	has_subclass	DOID_10813
DOID_4	has_subclass	DOID_10816
DOID_4	has_subclass	DOID_1082
DOID_4	has_subclass	DOID_10841
DOID_4	has_subclass	DOID_10842
DOID_4	has_subclass	DOID_10843
DOID_4	has_subclass	DOID_10844
DOID_4	has_subclass	DOID_10845
DOID_4	has_subclass	DOID_10881
DOID_4	has_subclass	DOID_10882
DOID_4	has_subclass	DOID_10883
DOID_4	has_subclass	DOID_1091
DOID_4	has_subclass	DOID_10923
DOID_4	has_subclass	DOID_10944
DOID_4	has_subclass	DOID_10952
DOID_4	has_subclass	DOID_10955
DOID_4	has_subclass	DOID_10971
DOID_4	has_subclass	DOID_10972
DOID_4	has_subclass	DOID_10974
DOID_4	has_subclass	DOID_10986
DOID_4	has_subclass	DOID_1099
DOID_4	has_subclass	DOID_10993
DOID_4	has_subclass	DOID_10997
DOID_4	has_subclass	DOID_1100
DOID_4	has_subclass	DOID_11049
DOID_4	has_subclass	DOID_11054
DOID_4	has_subclass	DOID_1106
DOID_4	has_subclass	DOID_11060
DOID_4	has_subclass	DOID_11079
DOID_4	has_subclass	DOID_11088
DOID_4	has_subclass	DOID_11111
DOID_4	has_subclass	DOID_11121
DOID_4	has_subclass	DOID_11123
DOID_4	has_subclass	DOID_11151
DOID_4	has_subclass	DOID_1116
DOID_4	has_subclass	DOID_11161
DOID_4	has_subclass	DOID_11162
DOID_4	has_subclass	DOID_11168
DOID_4	has_subclass	DOID_11189
DOID_4	has_subclass	DOID_11195
DOID_4	has_subclass	DOID_112
DOID_4	has_subclass	DOID_11200
DOID_4	has_subclass	DOID_11211
DOID_4	has_subclass	DOID_11212
DOID_4	has_subclass	DOID_11239
DOID_4	has_subclass	DOID_11241
DOID_4	has_subclass	DOID_11242
DOID_4	has_subclass	DOID_11245
DOID_4	has_subclass	DOID_11249
DOID_4	has_subclass	DOID_11260
DOID_4	has_subclass	DOID_11263
DOID_4	has_subclass	DOID_11265
DOID_4	has_subclass	DOID_11266
DOID_4	has_subclass	DOID_11277
DOID_4	has_subclass	DOID_11294
DOID_4	has_subclass	DOID_11320
DOID_4	has_subclass	DOID_11329
DOID_4	has_subclass	DOID_11337
DOID_4	has_subclass	DOID_11339
DOID_4	has_subclass	DOID_11360
DOID_4	has_subclass	DOID_11394
DOID_4	has_subclass	DOID_11396
DOID_4	has_subclass	DOID_11400
DOID_4	has_subclass	DOID_11401
DOID_4	has_subclass	DOID_11428
DOID_4	has_subclass	DOID_11432
DOID_4	has_subclass	DOID_11450
DOID_4	has_subclass	DOID_11481
DOID_4	has_subclass	DOID_11482
DOID_4	has_subclass	DOID_11491
DOID_4	has_subclass	DOID_115
DOID_4	has_subclass	DOID_11514
DOID_4	has_subclass	DOID_11520
DOID_4	has_subclass	DOID_11527
DOID_4	has_subclass	DOID_11549
DOID_4	has_subclass	DOID_11577
DOID_4	has_subclass	DOID_1159
DOID_4	has_subclass	DOID_11593
DOID_4	has_subclass	DOID_116
DOID_4	has_subclass	DOID_11623
DOID_4	has_subclass	DOID_11629
DOID_4	has_subclass	DOID_11650
DOID_4	has_subclass	DOID_11656
DOID_4	has_subclass	DOID_11664
DOID_4	has_subclass	DOID_117
DOID_4	has_subclass	DOID_11701
DOID_4	has_subclass	DOID_11702
DOID_4	has_subclass	DOID_11725
DOID_4	has_subclass	DOID_11736
DOID_4	has_subclass	DOID_11750
DOID_4	has_subclass	DOID_11759
DOID_4	has_subclass	DOID_1176
DOID_4	has_subclass	DOID_11797
DOID_4	has_subclass	DOID_118
DOID_4	has_subclass	DOID_11809
DOID_4	has_subclass	DOID_11811
DOID_4	has_subclass	DOID_11812
DOID_4	has_subclass	DOID_11813
DOID_4	has_subclass	DOID_11814
DOID_4	has_subclass	DOID_11818
DOID_4	has_subclass	DOID_11819
DOID_4	has_subclass	DOID_11820
DOID_4	has_subclass	DOID_11821
DOID_4	has_subclass	DOID_11824
DOID_4	has_subclass	DOID_11885
DOID_4	has_subclass	DOID_11887
DOID_4	has_subclass	DOID_11888
DOID_4	has_subclass	DOID_119
DOID_4	has_subclass	DOID_11905
DOID_4	has_subclass	DOID_11914
DOID_4	has_subclass	DOID_11920
DOID_4	has_subclass	DOID_11934
DOID_4	has_subclass	DOID_11963
DOID_4	has_subclass	DOID_11981
DOID_4	has_subclass	DOID_11983
DOID_4	has_subclass	DOID_120
DOID_4	has_subclass	DOID_12001
DOID_4	has_subclass	DOID_12002
DOID_4	has_subclass	DOID_12003
DOID_4	has_subclass	DOID_12016
DOID_4	has_subclass	DOID_12070
DOID_4	has_subclass	DOID_12072
DOID_4	has_subclass	DOID_12117
DOID_4	has_subclass	DOID_12120
DOID_4	has_subclass	DOID_12132
DOID_4	has_subclass	DOID_12175
DOID_4	has_subclass	DOID_12176
DOID_4	has_subclass	DOID_12177
DOID_4	has_subclass	DOID_12205
DOID_4	has_subclass	DOID_12206
DOID_4	has_subclass	DOID_1222
DOID_4	has_subclass	DOID_12234
DOID_4	has_subclass	DOID_12236
DOID_4	has_subclass	DOID_12253
DOID_4	has_subclass	DOID_12257
DOID_4	has_subclass	DOID_12265
DOID_4	has_subclass	DOID_1227
DOID_4	has_subclass	DOID_12276
DOID_4	has_subclass	DOID_12286
DOID_4	has_subclass	DOID_12287
DOID_4	has_subclass	DOID_12297
DOID_4	has_subclass	DOID_12298
DOID_4	has_subclass	DOID_12306
DOID_4	has_subclass	DOID_12339
DOID_4	has_subclass	DOID_12341
DOID_4	has_subclass	DOID_12357
DOID_4	has_subclass	DOID_12361
DOID_4	has_subclass	DOID_12369
DOID_4	has_subclass	DOID_12375
DOID_4	has_subclass	DOID_1240
DOID_4	has_subclass	DOID_12424
DOID_4	has_subclass	DOID_12449
DOID_4	has_subclass	DOID_1245
DOID_4	has_subclass	DOID_12450
DOID_4	has_subclass	DOID_12451
DOID_4	has_subclass	DOID_12465
DOID_4	has_subclass	DOID_12474
DOID_4	has_subclass	DOID_12549
DOID_4	has_subclass	DOID_12554
DOID_4	has_subclass	DOID_12566
DOID_4	has_subclass	DOID_12573
DOID_4	has_subclass	DOID_12594
DOID_4	has_subclass	DOID_1260
DOID_4	has_subclass	DOID_12637
DOID_4	has_subclass	DOID_12638
DOID_4	has_subclass	DOID_12639
DOID_4	has_subclass	DOID_12641
DOID_4	has_subclass	DOID_12642
DOID_4	has_subclass	DOID_12678
DOID_4	has_subclass	DOID_12679
DOID_4	has_subclass	DOID_12683
DOID_4	has_subclass	DOID_127
DOID_4	has_subclass	DOID_12700
DOID_4	has_subclass	DOID_12716
DOID_4	has_subclass	DOID_12721
DOID_4	has_subclass	DOID_1273
DOID_4	has_subclass	DOID_12735
DOID_4	has_subclass	DOID_1283
DOID_4	has_subclass	DOID_12837
DOID_4	has_subclass	DOID_1284
DOID_4	has_subclass	DOID_1285
DOID_4	has_subclass	DOID_1293
DOID_4	has_subclass	DOID_1294
DOID_4	has_subclass	DOID_12965
DOID_4	has_subclass	DOID_12969
DOID_4	has_subclass	DOID_12972
DOID_4	has_subclass	DOID_12986
DOID_4	has_subclass	DOID_12987
DOID_4	has_subclass	DOID_13002
DOID_4	has_subclass	DOID_13005
DOID_4	has_subclass	DOID_13050
DOID_4	has_subclass	DOID_13068
DOID_4	has_subclass	DOID_13081
DOID_4	has_subclass	DOID_13087
DOID_4	has_subclass	DOID_13095
DOID_4	has_subclass	DOID_13109
DOID_4	has_subclass	DOID_13110
DOID_4	has_subclass	DOID_13120
DOID_4	has_subclass	DOID_13145
DOID_4	has_subclass	DOID_13146
DOID_4	has_subclass	DOID_13147
DOID_4	has_subclass	DOID_13160
DOID_4	has_subclass	DOID_13169
DOID_4	has_subclass	DOID_13185
DOID_4	has_subclass	DOID_13186
DOID_4	has_subclass	DOID_1319
DOID_4	has_subclass	DOID_13195
DOID_4	has_subclass	DOID_13196
DOID_4	has_subclass	DOID_13197
DOID_4	has_subclass	DOID_13198
DOID_4	has_subclass	DOID_13200
DOID_4	has_subclass	DOID_13222
DOID_4	has_subclass	DOID_13223
DOID_4	has_subclass	DOID_13241
DOID_4	has_subclass	DOID_13248
DOID_4	has_subclass	DOID_13249
DOID_4	has_subclass	DOID_13250
DOID_4	has_subclass	DOID_13269
DOID_4	has_subclass	DOID_13272
DOID_4	has_subclass	DOID_13276
DOID_4	has_subclass	DOID_1328
DOID_4	has_subclass	DOID_13310
DOID_4	has_subclass	DOID_13313
DOID_4	has_subclass	DOID_13316
DOID_4	has_subclass	DOID_13328
DOID_4	has_subclass	DOID_13333
DOID_4	has_subclass	DOID_13353
DOID_4	has_subclass	DOID_13357
DOID_4	has_subclass	DOID_13375
DOID_4	has_subclass	DOID_13381
DOID_4	has_subclass	DOID_13389
DOID_4	has_subclass	DOID_1339
DOID_4	has_subclass	DOID_134
DOID_4	has_subclass	DOID_1340
DOID_4	has_subclass	DOID_13419
DOID_4	has_subclass	DOID_1342
DOID_4	has_subclass	DOID_1343
DOID_4	has_subclass	DOID_13453
DOID_4	has_subclass	DOID_13461
DOID_4	has_subclass	DOID_13481
DOID_4	has_subclass	DOID_13482
DOID_4	has_subclass	DOID_13498
DOID_4	has_subclass	DOID_1350
DOID_4	has_subclass	DOID_13500
DOID_4	has_subclass	DOID_13515
DOID_4	has_subclass	DOID_1355
DOID_4	has_subclass	DOID_13560
DOID_4	has_subclass	DOID_13566
DOID_4	has_subclass	DOID_1357
DOID_4	has_subclass	DOID_13574
DOID_4	has_subclass	DOID_1358
DOID_4	has_subclass	DOID_13585
DOID_4	has_subclass	DOID_13589
DOID_4	has_subclass	DOID_136
DOID_4	has_subclass	DOID_1360
DOID_4	has_subclass	DOID_1362
DOID_4	has_subclass	DOID_13622
DOID_4	has_subclass	DOID_1363
DOID_4	has_subclass	DOID_13636
DOID_4	has_subclass	DOID_13677
DOID_4	has_subclass	DOID_13691
DOID_4	has_subclass	DOID_1371
DOID_4	has_subclass	DOID_13711
DOID_4	has_subclass	DOID_13714
DOID_4	has_subclass	DOID_13717
DOID_4	has_subclass	DOID_13724
DOID_4	has_subclass	DOID_1373
DOID_4	has_subclass	DOID_13736
DOID_4	has_subclass	DOID_1375
DOID_4	has_subclass	DOID_13768
DOID_4	has_subclass	DOID_138
DOID_4	has_subclass	DOID_13800
DOID_4	has_subclass	DOID_13801
DOID_4	has_subclass	DOID_13811
DOID_4	has_subclass	DOID_13812
DOID_4	has_subclass	DOID_13822
DOID_4	has_subclass	DOID_13884
DOID_4	has_subclass	DOID_139
DOID_4	has_subclass	DOID_13921
DOID_4	has_subclass	DOID_13922
DOID_4	has_subclass	DOID_13938
DOID_4	has_subclass	DOID_13951
DOID_4	has_subclass	DOID_13953
DOID_4	has_subclass	DOID_13955
DOID_4	has_subclass	DOID_13956
DOID_4	has_subclass	DOID_13957
DOID_4	has_subclass	DOID_13958
DOID_4	has_subclass	DOID_13963
DOID_4	has_subclass	DOID_13964
DOID_4	has_subclass	DOID_13976
DOID_4	has_subclass	DOID_1398
DOID_4	has_subclass	DOID_13996
DOID_4	has_subclass	DOID_14021
DOID_4	has_subclass	DOID_14026
DOID_4	has_subclass	DOID_14032
DOID_4	has_subclass	DOID_14033
DOID_4	has_subclass	DOID_14039
DOID_4	has_subclass	DOID_14089
DOID_4	has_subclass	DOID_14099
DOID_4	has_subclass	DOID_14111
DOID_4	has_subclass	DOID_14115
DOID_4	has_subclass	DOID_1412
DOID_4	has_subclass	DOID_14130
DOID_4	has_subclass	DOID_14131
DOID_4	has_subclass	DOID_14133
DOID_4	has_subclass	DOID_14146
DOID_4	has_subclass	DOID_14150
DOID_4	has_subclass	DOID_14151
DOID_4	has_subclass	DOID_14176
DOID_4	has_subclass	DOID_14179
DOID_4	has_subclass	DOID_14188
DOID_4	has_subclass	DOID_14221
DOID_4	has_subclass	DOID_14223
DOID_4	has_subclass	DOID_14224
DOID_4	has_subclass	DOID_1425
DOID_4	has_subclass	DOID_14256
DOID_4	has_subclass	DOID_1426
DOID_4	has_subclass	DOID_14261
DOID_4	has_subclass	DOID_14262
DOID_4	has_subclass	DOID_14275
DOID_4	has_subclass	DOID_14283
DOID_4	has_subclass	DOID_14292
DOID_4	has_subclass	DOID_14305
DOID_4	has_subclass	DOID_14308
DOID_4	has_subclass	DOID_14319
DOID_4	has_subclass	DOID_14384
DOID_4	has_subclass	DOID_1439
DOID_4	has_subclass	DOID_14472
DOID_4	has_subclass	DOID_14482
DOID_4	has_subclass	DOID_14489
DOID_4	has_subclass	DOID_14491
DOID_4	has_subclass	DOID_14501
DOID_4	has_subclass	DOID_14525
DOID_4	has_subclass	DOID_1453
DOID_4	has_subclass	DOID_14535
DOID_4	has_subclass	DOID_14545
DOID_4	has_subclass	DOID_1455
DOID_4	has_subclass	DOID_14557
DOID_4	has_subclass	DOID_1456
DOID_4	has_subclass	DOID_14671
DOID_4	has_subclass	DOID_14687
DOID_4	has_subclass	DOID_14699
DOID_4	has_subclass	DOID_14702
DOID_4	has_subclass	DOID_14711
DOID_4	has_subclass	DOID_14731
DOID_4	has_subclass	DOID_14737
DOID_4	has_subclass	DOID_14743
DOID_4	has_subclass	DOID_14748
DOID_4	has_subclass	DOID_1475
DOID_4	has_subclass	DOID_14764
DOID_4	has_subclass	DOID_14766
DOID_4	has_subclass	DOID_14778
DOID_4	has_subclass	DOID_14780
DOID_4	has_subclass	DOID_14796
DOID_4	has_subclass	DOID_14798
DOID_4	has_subclass	DOID_1495
DOID_4	has_subclass	DOID_15
DOID_4	has_subclass	DOID_1522
DOID_4	has_subclass	DOID_1523
DOID_4	has_subclass	DOID_1532
DOID_4	has_subclass	DOID_1542
DOID_4	has_subclass	DOID_1556
DOID_4	has_subclass	DOID_1557
DOID_4	has_subclass	DOID_1575
DOID_4	has_subclass	DOID_1577
DOID_4	has_subclass	DOID_1578
DOID_4	has_subclass	DOID_1579
DOID_4	has_subclass	DOID_1580
DOID_4	has_subclass	DOID_1583
DOID_4	has_subclass	DOID_1584
DOID_4	has_subclass	DOID_1591
DOID_4	has_subclass	DOID_162
DOID_4	has_subclass	DOID_1626
DOID_4	has_subclass	DOID_1627
DOID_4	has_subclass	DOID_1659
DOID_4	has_subclass	DOID_1677
DOID_4	has_subclass	DOID_17
DOID_4	has_subclass	DOID_1703
DOID_4	has_subclass	DOID_171
DOID_4	has_subclass	DOID_172
DOID_4	has_subclass	DOID_1733
DOID_4	has_subclass	DOID_1738
DOID_4	has_subclass	DOID_1752
DOID_4	has_subclass	DOID_1762
DOID_4	has_subclass	DOID_1787
DOID_4	has_subclass	DOID_1788
DOID_4	has_subclass	DOID_1790
DOID_4	has_subclass	DOID_1792
DOID_4	has_subclass	DOID_1793
DOID_4	has_subclass	DOID_1795
DOID_4	has_subclass	DOID_1796
DOID_4	has_subclass	DOID_18
DOID_4	has_subclass	DOID_1858
DOID_4	has_subclass	DOID_1869
DOID_4	has_subclass	DOID_1883
DOID_4	has_subclass	DOID_1884
DOID_4	has_subclass	DOID_1901
DOID_4	has_subclass	DOID_1909
DOID_4	has_subclass	DOID_1910
DOID_4	has_subclass	DOID_1920
DOID_4	has_subclass	DOID_1928
DOID_4	has_subclass	DOID_193
DOID_4	has_subclass	DOID_1930
DOID_4	has_subclass	DOID_1932
DOID_4	has_subclass	DOID_1965
DOID_4	has_subclass	DOID_1967
DOID_4	has_subclass	DOID_1992
DOID_4	has_subclass	DOID_201
DOID_4	has_subclass	DOID_2018
DOID_4	has_subclass	DOID_2021
DOID_4	has_subclass	DOID_2024
DOID_4	has_subclass	DOID_2025
DOID_4	has_subclass	DOID_204
DOID_4	has_subclass	DOID_2043
DOID_4	has_subclass	DOID_2047
DOID_4	has_subclass	DOID_2048
DOID_4	has_subclass	DOID_2059
DOID_4	has_subclass	DOID_2060
DOID_4	has_subclass	DOID_2064
DOID_4	has_subclass	DOID_2066
DOID_4	has_subclass	DOID_2068
DOID_4	has_subclass	DOID_2071
DOID_4	has_subclass	DOID_2072
DOID_4	has_subclass	DOID_2075
DOID_4	has_subclass	DOID_2076
DOID_4	has_subclass	DOID_2080
DOID_4	has_subclass	DOID_2093
DOID_4	has_subclass	DOID_2097
DOID_4	has_subclass	DOID_2098
DOID_4	has_subclass	DOID_2101
DOID_4	has_subclass	DOID_2115
DOID_4	has_subclass	DOID_2120
DOID_4	has_subclass	DOID_2122
DOID_4	has_subclass	DOID_2127
DOID_4	has_subclass	DOID_2129
DOID_4	has_subclass	DOID_2132
DOID_4	has_subclass	DOID_2133
DOID_4	has_subclass	DOID_2135
DOID_4	has_subclass	DOID_2139
DOID_4	has_subclass	DOID_2142
DOID_4	has_subclass	DOID_2143
DOID_4	has_subclass	DOID_2145
DOID_4	has_subclass	DOID_2146
DOID_4	has_subclass	DOID_2148
DOID_4	has_subclass	DOID_2150
DOID_4	has_subclass	DOID_2151
DOID_4	has_subclass	DOID_2152
DOID_4	has_subclass	DOID_2153
DOID_4	has_subclass	DOID_2154
DOID_4	has_subclass	DOID_2155
DOID_4	has_subclass	DOID_2156
DOID_4	has_subclass	DOID_216
DOID_4	has_subclass	DOID_217
DOID_4	has_subclass	DOID_2173
DOID_4	has_subclass	DOID_2174
DOID_4	has_subclass	DOID_2187
DOID_4	has_subclass	DOID_2224
DOID_4	has_subclass	DOID_2226
DOID_4	has_subclass	DOID_2229
DOID_4	has_subclass	DOID_223
DOID_4	has_subclass	DOID_2256
DOID_4	has_subclass	DOID_2273
DOID_4	has_subclass	DOID_2275
DOID_4	has_subclass	DOID_2286
DOID_4	has_subclass	DOID_229
DOID_4	has_subclass	DOID_2326
DOID_4	has_subclass	DOID_2327
DOID_4	has_subclass	DOID_2354
DOID_4	has_subclass	DOID_2355
DOID_4	has_subclass	DOID_2361
DOID_4	has_subclass	DOID_2366
DOID_4	has_subclass	DOID_2373
DOID_4	has_subclass	DOID_2394
DOID_4	has_subclass	DOID_2401
DOID_4	has_subclass	DOID_2409
DOID_4	has_subclass	DOID_2410
DOID_4	has_subclass	DOID_2411
DOID_4	has_subclass	DOID_2425
DOID_4	has_subclass	DOID_2426
DOID_4	has_subclass	DOID_2433
DOID_4	has_subclass	DOID_2435
DOID_4	has_subclass	DOID_2436
DOID_4	has_subclass	DOID_2438
DOID_4	has_subclass	DOID_2441
DOID_4	has_subclass	DOID_2442
DOID_4	has_subclass	DOID_248
DOID_4	has_subclass	DOID_2495
DOID_4	has_subclass	DOID_2526
DOID_4	has_subclass	DOID_2531
DOID_4	has_subclass	DOID_254
DOID_4	has_subclass	DOID_255
DOID_4	has_subclass	DOID_2556
DOID_4	has_subclass	DOID_2557
DOID_4	has_subclass	DOID_2581
DOID_4	has_subclass	DOID_2583
DOID_4	has_subclass	DOID_2590
DOID_4	has_subclass	DOID_2597
DOID_4	has_subclass	DOID_2598
DOID_4	has_subclass	DOID_26
DOID_4	has_subclass	DOID_2601
DOID_4	has_subclass	DOID_2602
DOID_4	has_subclass	DOID_2614
DOID_4	has_subclass	DOID_2615
DOID_4	has_subclass	DOID_2616
DOID_4	has_subclass	DOID_262
DOID_4	has_subclass	DOID_2626
DOID_4	has_subclass	DOID_263
DOID_4	has_subclass	DOID_2634
DOID_4	has_subclass	DOID_2636
DOID_4	has_subclass	DOID_2640
DOID_4	has_subclass	DOID_2641
DOID_4	has_subclass	DOID_2648
DOID_4	has_subclass	DOID_2649
DOID_4	has_subclass	DOID_2658
DOID_4	has_subclass	DOID_2660
DOID_4	has_subclass	DOID_2670
DOID_4	has_subclass	DOID_2673
DOID_4	has_subclass	DOID_2679
DOID_4	has_subclass	DOID_2682
DOID_4	has_subclass	DOID_2685
DOID_4	has_subclass	DOID_2689
DOID_4	has_subclass	DOID_2691
DOID_4	has_subclass	DOID_2697
DOID_4	has_subclass	DOID_2698
DOID_4	has_subclass	DOID_2704
DOID_4	has_subclass	DOID_2706
DOID_4	has_subclass	DOID_271
DOID_4	has_subclass	DOID_2717
DOID_4	has_subclass	DOID_2738
DOID_4	has_subclass	DOID_2743
DOID_4	has_subclass	DOID_2744
DOID_4	has_subclass	DOID_275
DOID_4	has_subclass	DOID_2763
DOID_4	has_subclass	DOID_2764
DOID_4	has_subclass	DOID_2766
DOID_4	has_subclass	DOID_277
DOID_4	has_subclass	DOID_2799
DOID_4	has_subclass	DOID_28
DOID_4	has_subclass	DOID_2810
DOID_4	has_subclass	DOID_285
DOID_4	has_subclass	DOID_2856
DOID_4	has_subclass	DOID_288
DOID_4	has_subclass	DOID_2883
DOID_4	has_subclass	DOID_2891
DOID_4	has_subclass	DOID_2907
DOID_4	has_subclass	DOID_2914
DOID_4	has_subclass	DOID_2926
DOID_4	has_subclass	DOID_2929
DOID_4	has_subclass	DOID_2934
DOID_4	has_subclass	DOID_2935
DOID_4	has_subclass	DOID_2942
DOID_4	has_subclass	DOID_295
DOID_4	has_subclass	DOID_2957
DOID_4	has_subclass	DOID_2962
DOID_4	has_subclass	DOID_2973
DOID_4	has_subclass	DOID_2981
DOID_4	has_subclass	DOID_2982
DOID_4	has_subclass	DOID_2983
DOID_4	has_subclass	DOID_2987
DOID_4	has_subclass	DOID_2992
DOID_4	has_subclass	DOID_2998
DOID_4	has_subclass	DOID_3024
DOID_4	has_subclass	DOID_3047
DOID_4	has_subclass	DOID_3052
DOID_4	has_subclass	DOID_3070
DOID_4	has_subclass	DOID_3081
DOID_4	has_subclass	DOID_3082
DOID_4	has_subclass	DOID_3093
DOID_4	has_subclass	DOID_3116
DOID_4	has_subclass	DOID_3117
DOID_4	has_subclass	DOID_3118
DOID_4	has_subclass	DOID_3119
DOID_4	has_subclass	DOID_3120
DOID_4	has_subclass	DOID_3121
DOID_4	has_subclass	DOID_3122
DOID_4	has_subclass	DOID_3125
DOID_4	has_subclass	DOID_3127
DOID_4	has_subclass	DOID_3141
DOID_4	has_subclass	DOID_3162
DOID_4	has_subclass	DOID_3165
DOID_4	has_subclass	DOID_3172
DOID_4	has_subclass	DOID_3177
DOID_4	has_subclass	DOID_3178
DOID_4	has_subclass	DOID_3179
DOID_4	has_subclass	DOID_3181
DOID_4	has_subclass	DOID_3183
DOID_4	has_subclass	DOID_3184
DOID_4	has_subclass	DOID_3186
DOID_4	has_subclass	DOID_3204
DOID_4	has_subclass	DOID_321
DOID_4	has_subclass	DOID_3225
DOID_4	has_subclass	DOID_3227
DOID_4	has_subclass	DOID_3229
DOID_4	has_subclass	DOID_3234
DOID_4	has_subclass	DOID_3246
DOID_4	has_subclass	DOID_3247
DOID_4	has_subclass	DOID_3250
DOID_4	has_subclass	DOID_3251
DOID_4	has_subclass	DOID_3252
DOID_4	has_subclass	DOID_3253
DOID_4	has_subclass	DOID_3254
DOID_4	has_subclass	DOID_3255
DOID_4	has_subclass	DOID_3260
DOID_4	has_subclass	DOID_3262
DOID_4	has_subclass	DOID_3264
DOID_4	has_subclass	DOID_3267
DOID_4	has_subclass	DOID_3269
DOID_4	has_subclass	DOID_3275
DOID_4	has_subclass	DOID_3277
DOID_4	has_subclass	DOID_3278
DOID_4	has_subclass	DOID_3279
DOID_4	has_subclass	DOID_3280
DOID_4	has_subclass	DOID_3281
DOID_4	has_subclass	DOID_3283
DOID_4	has_subclass	DOID_3292
DOID_4	has_subclass	DOID_3298
DOID_4	has_subclass	DOID_3314
DOID_4	has_subclass	DOID_3317
DOID_4	has_subclass	DOID_3318
DOID_4	has_subclass	DOID_3319
DOID_4	has_subclass	DOID_3350
DOID_4	has_subclass	DOID_3352
DOID_4	has_subclass	DOID_3367
DOID_4	has_subclass	DOID_3385
DOID_4	has_subclass	DOID_3436
DOID_4	has_subclass	DOID_3437
DOID_4	has_subclass	DOID_345
DOID_4	has_subclass	DOID_3490
DOID_4	has_subclass	DOID_3492
DOID_4	has_subclass	DOID_3499
DOID_4	has_subclass	DOID_3500
DOID_4	has_subclass	DOID_3501
DOID_4	has_subclass	DOID_3502
DOID_4	has_subclass	DOID_3504
DOID_4	has_subclass	DOID_3508
DOID_4	has_subclass	DOID_3544
DOID_4	has_subclass	DOID_355
DOID_4	has_subclass	DOID_3559
DOID_4	has_subclass	DOID_3578
DOID_4	has_subclass	DOID_3594
DOID_4	has_subclass	DOID_3596
DOID_4	has_subclass	DOID_3604
DOID_4	has_subclass	DOID_3605
DOID_4	has_subclass	DOID_3617
DOID_4	has_subclass	DOID_3620
DOID_4	has_subclass	DOID_3635
DOID_4	has_subclass	DOID_3640
DOID_4	has_subclass	DOID_3644
DOID_4	has_subclass	DOID_3664
DOID_4	has_subclass	DOID_3666
DOID_4	has_subclass	DOID_3677
DOID_4	has_subclass	DOID_368
DOID_4	has_subclass	DOID_3683
DOID_4	has_subclass	DOID_3693
DOID_4	has_subclass	DOID_3703
DOID_4	has_subclass	DOID_3713
DOID_4	has_subclass	DOID_374
DOID_4	has_subclass	DOID_3740
DOID_4	has_subclass	DOID_3749
DOID_4	has_subclass	DOID_3750
DOID_4	has_subclass	DOID_3774
DOID_4	has_subclass	DOID_3781
DOID_4	has_subclass	DOID_3783
DOID_4	has_subclass	DOID_3798
DOID_4	has_subclass	DOID_3813
DOID_4	has_subclass	DOID_3827
DOID_4	has_subclass	DOID_3852
DOID_4	has_subclass	DOID_3856
DOID_4	has_subclass	DOID_3865
DOID_4	has_subclass	DOID_3870
DOID_4	has_subclass	DOID_3883
DOID_4	has_subclass	DOID_3891
DOID_4	has_subclass	DOID_3892
DOID_4	has_subclass	DOID_3901
DOID_4	has_subclass	DOID_3911
DOID_4	has_subclass	DOID_3917
DOID_4	has_subclass	DOID_3918
DOID_4	has_subclass	DOID_3919
DOID_4	has_subclass	DOID_3996
DOID_4	has_subclass	DOID_4001
DOID_4	has_subclass	DOID_4003
DOID_4	has_subclass	DOID_4011
DOID_4	has_subclass	DOID_4013
DOID_4	has_subclass	DOID_402
DOID_4	has_subclass	DOID_4022
DOID_4	has_subclass	DOID_4028
DOID_4	has_subclass	DOID_403
DOID_4	has_subclass	DOID_4031
DOID_4	has_subclass	DOID_4033
DOID_4	has_subclass	DOID_4043
DOID_4	has_subclass	DOID_4045
DOID_4	has_subclass	DOID_4048
DOID_4	has_subclass	DOID_4049
DOID_4	has_subclass	DOID_4051
DOID_4	has_subclass	DOID_4054
DOID_4	has_subclass	DOID_4055
DOID_4	has_subclass	DOID_4057
DOID_4	has_subclass	DOID_4059
DOID_4	has_subclass	DOID_4065
DOID_4	has_subclass	DOID_4066
DOID_4	has_subclass	DOID_4071
DOID_4	has_subclass	DOID_4072
DOID_4	has_subclass	DOID_4084
DOID_4	has_subclass	DOID_4087
DOID_4	has_subclass	DOID_409
DOID_4	has_subclass	DOID_4110
DOID_4	has_subclass	DOID_4115
DOID_4	has_subclass	DOID_4117
DOID_4	has_subclass	DOID_4136
DOID_4	has_subclass	DOID_4140
DOID_4	has_subclass	DOID_4147
DOID_4	has_subclass	DOID_4148
DOID_4	has_subclass	DOID_4164
DOID_4	has_subclass	DOID_4175
DOID_4	has_subclass	DOID_4176
DOID_4	has_subclass	DOID_418
DOID_4	has_subclass	DOID_419
DOID_4	has_subclass	DOID_4202
DOID_4	has_subclass	DOID_4217
DOID_4	has_subclass	DOID_4230
DOID_4	has_subclass	DOID_4239
DOID_4	has_subclass	DOID_424
DOID_4	has_subclass	DOID_4242
DOID_4	has_subclass	DOID_4258
DOID_4	has_subclass	DOID_429
DOID_4	has_subclass	DOID_4301
DOID_4	has_subclass	DOID_4320
DOID_4	has_subclass	DOID_4325
DOID_4	has_subclass	DOID_4327
DOID_4	has_subclass	DOID_4331
DOID_4	has_subclass	DOID_4333
DOID_4	has_subclass	DOID_4359
DOID_4	has_subclass	DOID_4360
DOID_4	has_subclass	DOID_4370
DOID_4	has_subclass	DOID_4374
DOID_4	has_subclass	DOID_439
DOID_4	has_subclass	DOID_440
DOID_4	has_subclass	DOID_4411
DOID_4	has_subclass	DOID_4438
DOID_4	has_subclass	DOID_4439
DOID_4	has_subclass	DOID_4441
DOID_4	has_subclass	DOID_4450
DOID_4	has_subclass	DOID_4451
DOID_4	has_subclass	DOID_4454
DOID_4	has_subclass	DOID_4455
DOID_4	has_subclass	DOID_4463
DOID_4	has_subclass	DOID_4464
DOID_4	has_subclass	DOID_4465
DOID_4	has_subclass	DOID_4467
DOID_4	has_subclass	DOID_4471
DOID_4	has_subclass	DOID_4472
DOID_4	has_subclass	DOID_4473
DOID_4	has_subclass	DOID_4480
DOID_4	has_subclass	DOID_4486
DOID_4	has_subclass	DOID_4488
DOID_4	has_subclass	DOID_4489
DOID_4	has_subclass	DOID_4491
DOID_4	has_subclass	DOID_4500
DOID_4	has_subclass	DOID_4501
DOID_4	has_subclass	DOID_4504
DOID_4	has_subclass	DOID_452
DOID_4	has_subclass	DOID_4524
DOID_4	has_subclass	DOID_4527
DOID_4	has_subclass	DOID_4534
DOID_4	has_subclass	DOID_4542
DOID_4	has_subclass	DOID_4554
DOID_4	has_subclass	DOID_4555
DOID_4	has_subclass	DOID_4557
DOID_4	has_subclass	DOID_4562
DOID_4	has_subclass	DOID_4584
DOID_4	has_subclass	DOID_4587
DOID_4	has_subclass	DOID_4608
DOID_4	has_subclass	DOID_4624
DOID_4	has_subclass	DOID_4630
DOID_4	has_subclass	DOID_4658
DOID_4	has_subclass	DOID_4661
DOID_4	has_subclass	DOID_467
DOID_4	has_subclass	DOID_4678
DOID_4	has_subclass	DOID_468
DOID_4	has_subclass	DOID_469
DOID_4	has_subclass	DOID_4699
DOID_4	has_subclass	DOID_470
DOID_4	has_subclass	DOID_471
DOID_4	has_subclass	DOID_4715
DOID_4	has_subclass	DOID_4716
DOID_4	has_subclass	DOID_472
DOID_4	has_subclass	DOID_4739
DOID_4	has_subclass	DOID_474
DOID_4	has_subclass	DOID_4744
DOID_4	has_subclass	DOID_4765
DOID_4	has_subclass	DOID_4767
DOID_4	has_subclass	DOID_4768
DOID_4	has_subclass	DOID_4769
DOID_4	has_subclass	DOID_4773
DOID_4	has_subclass	DOID_4780
DOID_4	has_subclass	DOID_4788
DOID_4	has_subclass	DOID_4790
DOID_4	has_subclass	DOID_4791
DOID_4	has_subclass	DOID_4812
DOID_4	has_subclass	DOID_4813
DOID_4	has_subclass	DOID_4837
DOID_4	has_subclass	DOID_4843
DOID_4	has_subclass	DOID_4844
DOID_4	has_subclass	DOID_4845
DOID_4	has_subclass	DOID_4848
DOID_4	has_subclass	DOID_4851
DOID_4	has_subclass	DOID_4852
DOID_4	has_subclass	DOID_4853
DOID_4	has_subclass	DOID_4855
DOID_4	has_subclass	DOID_4858
DOID_4	has_subclass	DOID_486
DOID_4	has_subclass	DOID_4860
DOID_4	has_subclass	DOID_4868
DOID_4	has_subclass	DOID_4875
DOID_4	has_subclass	DOID_4876
DOID_4	has_subclass	DOID_4880
DOID_4	has_subclass	DOID_4885
DOID_4	has_subclass	DOID_4894
DOID_4	has_subclass	DOID_490
DOID_4	has_subclass	DOID_4906
DOID_4	has_subclass	DOID_4907
DOID_4	has_subclass	DOID_492
DOID_4	has_subclass	DOID_4932
DOID_4	has_subclass	DOID_4939
DOID_4	has_subclass	DOID_4943
DOID_4	has_subclass	DOID_4948
DOID_4	has_subclass	DOID_495
DOID_4	has_subclass	DOID_4955
DOID_4	has_subclass	DOID_496
DOID_4	has_subclass	DOID_4960
DOID_4	has_subclass	DOID_4961
DOID_4	has_subclass	DOID_4974
DOID_4	has_subclass	DOID_4994
DOID_4	has_subclass	DOID_4995
DOID_4	has_subclass	DOID_50
DOID_4	has_subclass	DOID_501
DOID_4	has_subclass	DOID_502
DOID_4	has_subclass	DOID_5043
DOID_4	has_subclass	DOID_5044
DOID_4	has_subclass	DOID_505
DOID_4	has_subclass	DOID_5057
DOID_4	has_subclass	DOID_5075
DOID_4	has_subclass	DOID_5076
DOID_4	has_subclass	DOID_5077
DOID_4	has_subclass	DOID_5078
DOID_4	has_subclass	DOID_5082
DOID_4	has_subclass	DOID_5093
DOID_4	has_subclass	DOID_5112
DOID_4	has_subclass	DOID_5113
DOID_4	has_subclass	DOID_5117
DOID_4	has_subclass	DOID_5119
DOID_4	has_subclass	DOID_512
DOID_4	has_subclass	DOID_5124
DOID_4	has_subclass	DOID_5125
DOID_4	has_subclass	DOID_5126
DOID_4	has_subclass	DOID_5127
DOID_4	has_subclass	DOID_5128
DOID_4	has_subclass	DOID_5132
DOID_4	has_subclass	DOID_5134
DOID_4	has_subclass	DOID_5136
DOID_4	has_subclass	DOID_5137
DOID_4	has_subclass	DOID_5138
DOID_4	has_subclass	DOID_5139
DOID_4	has_subclass	DOID_5140
DOID_4	has_subclass	DOID_5142
DOID_4	has_subclass	DOID_5143
DOID_4	has_subclass	DOID_5146
DOID_4	has_subclass	DOID_5147
DOID_4	has_subclass	DOID_5150
DOID_4	has_subclass	DOID_5154
DOID_4	has_subclass	DOID_5157
DOID_4	has_subclass	DOID_5158
DOID_4	has_subclass	DOID_5169
DOID_4	has_subclass	DOID_5170
DOID_4	has_subclass	DOID_5171
DOID_4	has_subclass	DOID_5172
DOID_4	has_subclass	DOID_5176
DOID_4	has_subclass	DOID_5178
DOID_4	has_subclass	DOID_5179
DOID_4	has_subclass	DOID_5182
DOID_4	has_subclass	DOID_5183
DOID_4	has_subclass	DOID_5189
DOID_4	has_subclass	DOID_5191
DOID_4	has_subclass	DOID_5199
DOID_4	has_subclass	DOID_5207
DOID_4	has_subclass	DOID_5208
DOID_4	has_subclass	DOID_5223
DOID_4	has_subclass	DOID_5238
DOID_4	has_subclass	DOID_5251
DOID_4	has_subclass	DOID_5253
DOID_4	has_subclass	DOID_5254
DOID_4	has_subclass	DOID_5258
DOID_4	has_subclass	DOID_5259
DOID_4	has_subclass	DOID_526
DOID_4	has_subclass	DOID_5261
DOID_4	has_subclass	DOID_5262
DOID_4	has_subclass	DOID_5263
DOID_4	has_subclass	DOID_5264
DOID_4	has_subclass	DOID_5265
DOID_4	has_subclass	DOID_5267
DOID_4	has_subclass	DOID_5268
DOID_4	has_subclass	DOID_5271
DOID_4	has_subclass	DOID_5275
DOID_4	has_subclass	DOID_5280
DOID_4	has_subclass	DOID_5282
DOID_4	has_subclass	DOID_5283
DOID_4	has_subclass	DOID_5284
DOID_4	has_subclass	DOID_5287
DOID_4	has_subclass	DOID_5288
DOID_4	has_subclass	DOID_5292
DOID_4	has_subclass	DOID_5293
DOID_4	has_subclass	DOID_5295
DOID_4	has_subclass	DOID_5304
DOID_4	has_subclass	DOID_5308
DOID_4	has_subclass	DOID_5330
DOID_4	has_subclass	DOID_5339
DOID_4	has_subclass	DOID_5343
DOID_4	has_subclass	DOID_5349
DOID_4	has_subclass	DOID_5350
DOID_4	has_subclass	DOID_5351
DOID_4	has_subclass	DOID_5364
DOID_4	has_subclass	DOID_5374
DOID_4	has_subclass	DOID_5375
DOID_4	has_subclass	DOID_5381
DOID_4	has_subclass	DOID_5382
DOID_4	has_subclass	DOID_5384
DOID_4	has_subclass	DOID_5385
DOID_4	has_subclass	DOID_5386
DOID_4	has_subclass	DOID_5387
DOID_4	has_subclass	DOID_5390
DOID_4	has_subclass	DOID_5392
DOID_4	has_subclass	DOID_5393
DOID_4	has_subclass	DOID_5401
DOID_4	has_subclass	DOID_5402
DOID_4	has_subclass	DOID_5403
DOID_4	has_subclass	DOID_5425
DOID_4	has_subclass	DOID_5427
DOID_4	has_subclass	DOID_5429
DOID_4	has_subclass	DOID_5432
DOID_4	has_subclass	DOID_5433
DOID_4	has_subclass	DOID_5437
DOID_4	has_subclass	DOID_5446
DOID_4	has_subclass	DOID_5457
DOID_4	has_subclass	DOID_5465
DOID_4	has_subclass	DOID_5468
DOID_4	has_subclass	DOID_5469
DOID_4	has_subclass	DOID_5475
DOID_4	has_subclass	DOID_5476
DOID_4	has_subclass	DOID_5482
DOID_4	has_subclass	DOID_5484
DOID_4	has_subclass	DOID_5485
DOID_4	has_subclass	DOID_5487
DOID_4	has_subclass	DOID_5488
DOID_4	has_subclass	DOID_5492
DOID_4	has_subclass	DOID_5494
DOID_4	has_subclass	DOID_5495
DOID_4	has_subclass	DOID_5500
DOID_4	has_subclass	DOID_5504
DOID_4	has_subclass	DOID_5505
DOID_4	has_subclass	DOID_5507
DOID_4	has_subclass	DOID_551
DOID_4	has_subclass	DOID_5511
DOID_4	has_subclass	DOID_552
DOID_4	has_subclass	DOID_5520
DOID_4	has_subclass	DOID_5539
DOID_4	has_subclass	DOID_5547
DOID_4	has_subclass	DOID_5550
DOID_4	has_subclass	DOID_5551
DOID_4	has_subclass	DOID_5557
DOID_4	has_subclass	DOID_5561
DOID_4	has_subclass	DOID_5565
DOID_4	has_subclass	DOID_5567
DOID_4	has_subclass	DOID_557
DOID_4	has_subclass	DOID_5572
DOID_4	has_subclass	DOID_5579
DOID_4	has_subclass	DOID_5587
DOID_4	has_subclass	DOID_559
DOID_4	has_subclass	DOID_5608
DOID_4	has_subclass	DOID_5621
DOID_4	has_subclass	DOID_5626
DOID_4	has_subclass	DOID_5627
DOID_4	has_subclass	DOID_5628
DOID_4	has_subclass	DOID_5634
DOID_4	has_subclass	DOID_5637
DOID_4	has_subclass	DOID_5643
DOID_4	has_subclass	DOID_5677
DOID_4	has_subclass	DOID_5680
DOID_4	has_subclass	DOID_5681
DOID_4	has_subclass	DOID_5683
DOID_4	has_subclass	DOID_5684
DOID_4	has_subclass	DOID_5699
DOID_4	has_subclass	DOID_5700
DOID_4	has_subclass	DOID_5711
DOID_4	has_subclass	DOID_5726
DOID_4	has_subclass	DOID_5728
DOID_4	has_subclass	DOID_5740
DOID_4	has_subclass	DOID_5744
DOID_4	has_subclass	DOID_5746
DOID_4	has_subclass	DOID_5759
DOID_4	has_subclass	DOID_5761
DOID_4	has_subclass	DOID_5763
DOID_4	has_subclass	DOID_5766
DOID_4	has_subclass	DOID_5767
DOID_4	has_subclass	DOID_5772
DOID_4	has_subclass	DOID_5773
DOID_4	has_subclass	DOID_5815
DOID_4	has_subclass	DOID_5820
DOID_4	has_subclass	DOID_5821
DOID_4	has_subclass	DOID_5823
DOID_4	has_subclass	DOID_5825
DOID_4	has_subclass	DOID_5826
DOID_4	has_subclass	DOID_5828
DOID_4	has_subclass	DOID_5870
DOID_4	has_subclass	DOID_5874
DOID_4	has_subclass	DOID_5875
DOID_4	has_subclass	DOID_5877
DOID_4	has_subclass	DOID_5895
DOID_4	has_subclass	DOID_5896
DOID_4	has_subclass	DOID_5897
DOID_4	has_subclass	DOID_5900
DOID_4	has_subclass	DOID_5915
DOID_4	has_subclass	DOID_5916
DOID_4	has_subclass	DOID_5917
DOID_4	has_subclass	DOID_5921
DOID_4	has_subclass	DOID_5922
DOID_4	has_subclass	DOID_5936
DOID_4	has_subclass	DOID_5949
DOID_4	has_subclass	DOID_5982
DOID_4	has_subclass	DOID_5983
DOID_4	has_subclass	DOID_60000
DOID_4	has_subclass	DOID_60001
DOID_4	has_subclass	DOID_60006
DOID_4	has_subclass	DOID_60007
DOID_4	has_subclass	DOID_6003
DOID_4	has_subclass	DOID_6004
DOID_4	has_subclass	DOID_6015
DOID_4	has_subclass	DOID_6016
DOID_4	has_subclass	DOID_6018
DOID_4	has_subclass	DOID_6019
DOID_4	has_subclass	DOID_6024
DOID_4	has_subclass	DOID_6025
DOID_4	has_subclass	DOID_6033
DOID_4	has_subclass	DOID_6034
DOID_4	has_subclass	DOID_6037
DOID_4	has_subclass	DOID_6039
DOID_4	has_subclass	DOID_6041
DOID_4	has_subclass	DOID_6043
DOID_4	has_subclass	DOID_6048
DOID_4	has_subclass	DOID_6050
DOID_4	has_subclass	DOID_6052
DOID_4	has_subclass	DOID_6059
DOID_4	has_subclass	DOID_6065
DOID_4	has_subclass	DOID_6082
DOID_4	has_subclass	DOID_6083
DOID_4	has_subclass	DOID_6102
DOID_4	has_subclass	DOID_6112
DOID_4	has_subclass	DOID_6113
DOID_4	has_subclass	DOID_6115
DOID_4	has_subclass	DOID_6118
DOID_4	has_subclass	DOID_612
DOID_4	has_subclass	DOID_6128
DOID_4	has_subclass	DOID_6132
DOID_4	has_subclass	DOID_615
DOID_4	has_subclass	DOID_6160
DOID_4	has_subclass	DOID_6162
DOID_4	has_subclass	DOID_6163
DOID_4	has_subclass	DOID_6166
DOID_4	has_subclass	DOID_6167
DOID_4	has_subclass	DOID_6170
DOID_4	has_subclass	DOID_6179
DOID_4	has_subclass	DOID_6196
DOID_4	has_subclass	DOID_6198
DOID_4	has_subclass	DOID_620
DOID_4	has_subclass	DOID_6201
DOID_4	has_subclass	DOID_6203
DOID_4	has_subclass	DOID_6204
DOID_4	has_subclass	DOID_6211
DOID_4	has_subclass	DOID_6212
DOID_4	has_subclass	DOID_6225
DOID_4	has_subclass	DOID_6227
DOID_4	has_subclass	DOID_6230
DOID_4	has_subclass	DOID_6239
DOID_4	has_subclass	DOID_624
DOID_4	has_subclass	DOID_6257
DOID_4	has_subclass	DOID_6258
DOID_4	has_subclass	DOID_6259
DOID_4	has_subclass	DOID_6262
DOID_4	has_subclass	DOID_6270
DOID_4	has_subclass	DOID_6271
DOID_4	has_subclass	DOID_6286
DOID_4	has_subclass	DOID_6297
DOID_4	has_subclass	DOID_631
DOID_4	has_subclass	DOID_6331
DOID_4	has_subclass	DOID_6333
DOID_4	has_subclass	DOID_6337
DOID_4	has_subclass	DOID_6339
DOID_4	has_subclass	DOID_635
DOID_4	has_subclass	DOID_6367
DOID_4	has_subclass	DOID_6379
DOID_4	has_subclass	DOID_6404
DOID_4	has_subclass	DOID_6408
DOID_4	has_subclass	DOID_643
DOID_4	has_subclass	DOID_6445
DOID_4	has_subclass	DOID_6448
DOID_4	has_subclass	DOID_6451
DOID_4	has_subclass	DOID_6468
DOID_4	has_subclass	DOID_6469
DOID_4	has_subclass	DOID_65
DOID_4	has_subclass	DOID_6500
DOID_4	has_subclass	DOID_6501
DOID_4	has_subclass	DOID_6511
DOID_4	has_subclass	DOID_6512
DOID_4	has_subclass	DOID_6514
DOID_4	has_subclass	DOID_6518
DOID_4	has_subclass	DOID_6522
DOID_4	has_subclass	DOID_6523
DOID_4	has_subclass	DOID_654
DOID_4	has_subclass	DOID_6547
DOID_4	has_subclass	DOID_6554
DOID_4	has_subclass	DOID_6562
DOID_4	has_subclass	DOID_6564
DOID_4	has_subclass	DOID_6566
DOID_4	has_subclass	DOID_6569
DOID_4	has_subclass	DOID_657
DOID_4	has_subclass	DOID_6605
DOID_4	has_subclass	DOID_6606
DOID_4	has_subclass	DOID_6608
DOID_4	has_subclass	DOID_6613
DOID_4	has_subclass	DOID_6621
DOID_4	has_subclass	DOID_663
DOID_4	has_subclass	DOID_6634
DOID_4	has_subclass	DOID_6639
DOID_4	has_subclass	DOID_664
DOID_4	has_subclass	DOID_6654
DOID_4	has_subclass	DOID_6677
DOID_4	has_subclass	DOID_6678
DOID_4	has_subclass	DOID_6683
DOID_4	has_subclass	DOID_6686
DOID_4	has_subclass	DOID_6691
DOID_4	has_subclass	DOID_6692
DOID_4	has_subclass	DOID_6693
DOID_4	has_subclass	DOID_6700
DOID_4	has_subclass	DOID_6703
DOID_4	has_subclass	DOID_6712
DOID_4	has_subclass	DOID_6721
DOID_4	has_subclass	DOID_6723
DOID_4	has_subclass	DOID_6733
DOID_4	has_subclass	DOID_674
DOID_4	has_subclass	DOID_6752
DOID_4	has_subclass	DOID_6755
DOID_4	has_subclass	DOID_6758
DOID_4	has_subclass	DOID_6759
DOID_4	has_subclass	DOID_676
DOID_4	has_subclass	DOID_6760
DOID_4	has_subclass	DOID_6774
DOID_4	has_subclass	DOID_6786
DOID_4	has_subclass	DOID_6787
DOID_4	has_subclass	DOID_6788
DOID_4	has_subclass	DOID_6811
DOID_4	has_subclass	DOID_6812
DOID_4	has_subclass	DOID_6845
DOID_4	has_subclass	DOID_6846
DOID_4	has_subclass	DOID_6847
DOID_4	has_subclass	DOID_6848
DOID_4	has_subclass	DOID_6867
DOID_4	has_subclass	DOID_6868
DOID_4	has_subclass	DOID_6871
DOID_4	has_subclass	DOID_6872
DOID_4	has_subclass	DOID_6886
DOID_4	has_subclass	DOID_6888
DOID_4	has_subclass	DOID_6898
DOID_4	has_subclass	DOID_6901
DOID_4	has_subclass	DOID_6903
DOID_4	has_subclass	DOID_6906
DOID_4	has_subclass	DOID_6932
DOID_4	has_subclass	DOID_6933
DOID_4	has_subclass	DOID_6934
DOID_4	has_subclass	DOID_6935
DOID_4	has_subclass	DOID_6936
DOID_4	has_subclass	DOID_6939
DOID_4	has_subclass	DOID_6947
DOID_4	has_subclass	DOID_6948
DOID_4	has_subclass	DOID_6958
DOID_4	has_subclass	DOID_6998
DOID_4	has_subclass	DOID_7007
DOID_4	has_subclass	DOID_7013
DOID_4	has_subclass	DOID_7037
DOID_4	has_subclass	DOID_7040
DOID_4	has_subclass	DOID_7041
DOID_4	has_subclass	DOID_7042
DOID_4	has_subclass	DOID_7048
DOID_4	has_subclass	DOID_707
DOID_4	has_subclass	DOID_7071
DOID_4	has_subclass	DOID_7079
DOID_4	has_subclass	DOID_7105
DOID_4	has_subclass	DOID_711
DOID_4	has_subclass	DOID_712
DOID_4	has_subclass	DOID_713
DOID_4	has_subclass	DOID_7133
DOID_4	has_subclass	DOID_7136
DOID_4	has_subclass	DOID_7141
DOID_4	has_subclass	DOID_7146
DOID_4	has_subclass	DOID_7147
DOID_4	has_subclass	DOID_7148
DOID_4	has_subclass	DOID_7152
DOID_4	has_subclass	DOID_7160
DOID_4	has_subclass	DOID_7181
DOID_4	has_subclass	DOID_7188
DOID_4	has_subclass	DOID_7191
DOID_4	has_subclass	DOID_7192
DOID_4	has_subclass	DOID_7198
DOID_4	has_subclass	DOID_720
DOID_4	has_subclass	DOID_7206
DOID_4	has_subclass	DOID_7214
DOID_4	has_subclass	DOID_7222
DOID_4	has_subclass	DOID_7231
DOID_4	has_subclass	DOID_7232
DOID_4	has_subclass	DOID_7233
DOID_4	has_subclass	DOID_7235
DOID_4	has_subclass	DOID_7246
DOID_4	has_subclass	DOID_7263
DOID_4	has_subclass	DOID_727
DOID_4	has_subclass	DOID_730
DOID_4	has_subclass	DOID_731
DOID_4	has_subclass	DOID_732
DOID_4	has_subclass	DOID_7326
DOID_4	has_subclass	DOID_7327
DOID_4	has_subclass	DOID_7328
DOID_4	has_subclass	DOID_7332
DOID_4	has_subclass	DOID_7333
DOID_4	has_subclass	DOID_7334
DOID_4	has_subclass	DOID_734
DOID_4	has_subclass	DOID_7347
DOID_4	has_subclass	DOID_736
DOID_4	has_subclass	DOID_7363
DOID_4	has_subclass	DOID_738
DOID_4	has_subclass	DOID_7380
DOID_4	has_subclass	DOID_7381
DOID_4	has_subclass	DOID_7389
DOID_4	has_subclass	DOID_7390
DOID_4	has_subclass	DOID_7398
DOID_4	has_subclass	DOID_74
DOID_4	has_subclass	DOID_7400
DOID_4	has_subclass	DOID_7402
DOID_4	has_subclass	DOID_7408
DOID_4	has_subclass	DOID_7409
DOID_4	has_subclass	DOID_7429
DOID_4	has_subclass	DOID_7430
DOID_4	has_subclass	DOID_7438
DOID_4	has_subclass	DOID_7442
DOID_4	has_subclass	DOID_745
DOID_4	has_subclass	DOID_7463
DOID_4	has_subclass	DOID_7474
DOID_4	has_subclass	DOID_7479
DOID_4	has_subclass	DOID_7488
DOID_4	has_subclass	DOID_7502
DOID_4	has_subclass	DOID_7506
DOID_4	has_subclass	DOID_7516
DOID_4	has_subclass	DOID_7518
DOID_4	has_subclass	DOID_7532
DOID_4	has_subclass	DOID_7565
DOID_4	has_subclass	DOID_7567
DOID_4	has_subclass	DOID_7571
DOID_4	has_subclass	DOID_7591
DOID_4	has_subclass	DOID_76
DOID_4	has_subclass	DOID_7607
DOID_4	has_subclass	DOID_7608
DOID_4	has_subclass	DOID_7609
DOID_4	has_subclass	DOID_7610
DOID_4	has_subclass	DOID_7611
DOID_4	has_subclass	DOID_7631
DOID_4	has_subclass	DOID_7650
DOID_4	has_subclass	DOID_7651
DOID_4	has_subclass	DOID_7665
DOID_4	has_subclass	DOID_7678
DOID_4	has_subclass	DOID_7679
DOID_4	has_subclass	DOID_7684
DOID_4	has_subclass	DOID_77
DOID_4	has_subclass	DOID_7735
DOID_4	has_subclass	DOID_774
DOID_4	has_subclass	DOID_775
DOID_4	has_subclass	DOID_7752
DOID_4	has_subclass	DOID_7762
DOID_4	has_subclass	DOID_780
DOID_4	has_subclass	DOID_7817
DOID_4	has_subclass	DOID_782
DOID_4	has_subclass	DOID_7848
DOID_4	has_subclass	DOID_7849
DOID_4	has_subclass	DOID_7851
DOID_4	has_subclass	DOID_786
DOID_4	has_subclass	DOID_7867
DOID_4	has_subclass	DOID_7868
DOID_4	has_subclass	DOID_7878
DOID_4	has_subclass	DOID_7880
DOID_4	has_subclass	DOID_7907
DOID_4	has_subclass	DOID_7910
DOID_4	has_subclass	DOID_7912
DOID_4	has_subclass	DOID_7927
DOID_4	has_subclass	DOID_7936
DOID_4	has_subclass	DOID_7945
DOID_4	has_subclass	DOID_7959
DOID_4	has_subclass	DOID_7984
DOID_4	has_subclass	DOID_7994
DOID_4	has_subclass	DOID_7996
DOID_4	has_subclass	DOID_7997
DOID_4	has_subclass	DOID_7998
DOID_4	has_subclass	DOID_8002
DOID_4	has_subclass	DOID_8003
DOID_4	has_subclass	DOID_8012
DOID_4	has_subclass	DOID_8020
DOID_4	has_subclass	DOID_8036
DOID_4	has_subclass	DOID_8078
DOID_4	has_subclass	DOID_8082
DOID_4	has_subclass	DOID_8083
DOID_4	has_subclass	DOID_8093
DOID_4	has_subclass	DOID_8102
DOID_4	has_subclass	DOID_8104
DOID_4	has_subclass	DOID_8105
DOID_4	has_subclass	DOID_8108
DOID_4	has_subclass	DOID_8109
DOID_4	has_subclass	DOID_811
DOID_4	has_subclass	DOID_8110
DOID_4	has_subclass	DOID_8118
DOID_4	has_subclass	DOID_8135
DOID_4	has_subclass	DOID_8151
DOID_4	has_subclass	DOID_8162
DOID_4	has_subclass	DOID_8167
DOID_4	has_subclass	DOID_8177
DOID_4	has_subclass	DOID_8178
DOID_4	has_subclass	DOID_8179
DOID_4	has_subclass	DOID_8186
DOID_4	has_subclass	DOID_8187
DOID_4	has_subclass	DOID_8188
DOID_4	has_subclass	DOID_819
DOID_4	has_subclass	DOID_82
DOID_4	has_subclass	DOID_8223
DOID_4	has_subclass	DOID_8224
DOID_4	has_subclass	DOID_8225
DOID_4	has_subclass	DOID_8227
DOID_4	has_subclass	DOID_8230
DOID_4	has_subclass	DOID_8243
DOID_4	has_subclass	DOID_8251
DOID_4	has_subclass	DOID_8255
DOID_4	has_subclass	DOID_8259
DOID_4	has_subclass	DOID_827
DOID_4	has_subclass	DOID_8272
DOID_4	has_subclass	DOID_8275
DOID_4	has_subclass	DOID_8283
DOID_4	has_subclass	DOID_8292
DOID_4	has_subclass	DOID_83
DOID_4	has_subclass	DOID_8305
DOID_4	has_subclass	DOID_8331
DOID_4	has_subclass	DOID_8336
DOID_4	has_subclass	DOID_8337
DOID_4	has_subclass	DOID_8419
DOID_4	has_subclass	DOID_8426
DOID_4	has_subclass	DOID_8431
DOID_4	has_subclass	DOID_8432
DOID_4	has_subclass	DOID_8433
DOID_4	has_subclass	DOID_8454
DOID_4	has_subclass	DOID_8455
DOID_4	has_subclass	DOID_8456
DOID_4	has_subclass	DOID_8457
DOID_4	has_subclass	DOID_8461
DOID_4	has_subclass	DOID_8476
DOID_4	has_subclass	DOID_8478
DOID_4	has_subclass	DOID_8481
DOID_4	has_subclass	DOID_8488
DOID_4	has_subclass	DOID_849
DOID_4	has_subclass	DOID_850
DOID_4	has_subclass	DOID_8506
DOID_4	has_subclass	DOID_8512
DOID_4	has_subclass	DOID_8527
DOID_4	has_subclass	DOID_853
DOID_4	has_subclass	DOID_8534
DOID_4	has_subclass	DOID_8538
DOID_4	has_subclass	DOID_8543
DOID_4	has_subclass	DOID_8544
DOID_4	has_subclass	DOID_8552
DOID_4	has_subclass	DOID_8564
DOID_4	has_subclass	DOID_8567
DOID_4	has_subclass	DOID_8578
DOID_4	has_subclass	DOID_8590
DOID_4	has_subclass	DOID_8593
DOID_4	has_subclass	DOID_8596
DOID_4	has_subclass	DOID_8618
DOID_4	has_subclass	DOID_8622
DOID_4	has_subclass	DOID_8628
DOID_4	has_subclass	DOID_8630
DOID_4	has_subclass	DOID_8632
DOID_4	has_subclass	DOID_8633
DOID_4	has_subclass	DOID_8635
DOID_4	has_subclass	DOID_8642
DOID_4	has_subclass	DOID_8643
DOID_4	has_subclass	DOID_8649
DOID_4	has_subclass	DOID_8651
DOID_4	has_subclass	DOID_8654
DOID_4	has_subclass	DOID_8659
DOID_4	has_subclass	DOID_8661
DOID_4	has_subclass	DOID_8677
DOID_4	has_subclass	DOID_8683
DOID_4	has_subclass	DOID_8692
DOID_4	has_subclass	DOID_8696
DOID_4	has_subclass	DOID_8702
DOID_4	has_subclass	DOID_8719
DOID_4	has_subclass	DOID_8729
DOID_4	has_subclass	DOID_873
DOID_4	has_subclass	DOID_874
DOID_4	has_subclass	DOID_8771
DOID_4	has_subclass	DOID_8781
DOID_4	has_subclass	DOID_8800
DOID_4	has_subclass	DOID_8802
DOID_4	has_subclass	DOID_8826
DOID_4	has_subclass	DOID_8838
DOID_4	has_subclass	DOID_884
DOID_4	has_subclass	DOID_8864
DOID_4	has_subclass	DOID_8866
DOID_4	has_subclass	DOID_8867
DOID_4	has_subclass	DOID_8883
DOID_4	has_subclass	DOID_8923
DOID_4	has_subclass	DOID_8930
DOID_4	has_subclass	DOID_8936
DOID_4	has_subclass	DOID_8937
DOID_4	has_subclass	DOID_8956
DOID_4	has_subclass	DOID_8997
DOID_4	has_subclass	DOID_900
DOID_4	has_subclass	DOID_9007
DOID_4	has_subclass	DOID_9008
DOID_4	has_subclass	DOID_901
DOID_4	has_subclass	DOID_9011
DOID_4	has_subclass	DOID_9021
DOID_4	has_subclass	DOID_9024
DOID_4	has_subclass	DOID_903
DOID_4	has_subclass	DOID_9042
DOID_4	has_subclass	DOID_907
DOID_4	has_subclass	DOID_9074
DOID_4	has_subclass	DOID_9087
DOID_4	has_subclass	DOID_9095
DOID_4	has_subclass	DOID_910
DOID_4	has_subclass	DOID_913
DOID_4	has_subclass	DOID_9132
DOID_4	has_subclass	DOID_9138
DOID_4	has_subclass	DOID_9149
DOID_4	has_subclass	DOID_9155
DOID_4	has_subclass	DOID_9159
DOID_4	has_subclass	DOID_916
DOID_4	has_subclass	DOID_9164
DOID_4	has_subclass	DOID_917
DOID_4	has_subclass	DOID_9174
DOID_4	has_subclass	DOID_918
DOID_4	has_subclass	DOID_9182
DOID_4	has_subclass	DOID_9188
DOID_4	has_subclass	DOID_9192
DOID_4	has_subclass	DOID_9206
DOID_4	has_subclass	DOID_9234
DOID_4	has_subclass	DOID_9245
DOID_4	has_subclass	DOID_9248
DOID_4	has_subclass	DOID_9249
DOID_4	has_subclass	DOID_9250
DOID_4	has_subclass	DOID_9253
DOID_4	has_subclass	DOID_9254
DOID_4	has_subclass	DOID_9258
DOID_4	has_subclass	DOID_9261
DOID_4	has_subclass	DOID_9266
DOID_4	has_subclass	DOID_9296
DOID_4	has_subclass	DOID_9297
DOID_4	has_subclass	DOID_9299
DOID_4	has_subclass	DOID_9307
DOID_4	has_subclass	DOID_9339
DOID_4	has_subclass	DOID_934
DOID_4	has_subclass	DOID_9341
DOID_4	has_subclass	DOID_9346
DOID_4	has_subclass	DOID_9358
DOID_4	has_subclass	DOID_9375
DOID_4	has_subclass	DOID_9392
DOID_4	has_subclass	DOID_9395
DOID_4	has_subclass	DOID_9396
DOID_4	has_subclass	DOID_9398
DOID_4	has_subclass	DOID_9442
DOID_4	has_subclass	DOID_9445
DOID_4	has_subclass	DOID_9477
DOID_4	has_subclass	DOID_9498
DOID_4	has_subclass	DOID_9500
DOID_4	has_subclass	DOID_9502
DOID_4	has_subclass	DOID_9538
DOID_4	has_subclass	DOID_9541
DOID_4	has_subclass	DOID_9544
DOID_4	has_subclass	DOID_9547
DOID_4	has_subclass	DOID_9550
DOID_4	has_subclass	DOID_9551
DOID_4	has_subclass	DOID_9553
DOID_4	has_subclass	DOID_9584
DOID_4	has_subclass	DOID_9589
DOID_4	has_subclass	DOID_959
DOID_4	has_subclass	DOID_9597
DOID_4	has_subclass	DOID_9598
DOID_4	has_subclass	DOID_9599
DOID_4	has_subclass	DOID_960
DOID_4	has_subclass	DOID_9600
DOID_4	has_subclass	DOID_9601
DOID_4	has_subclass	DOID_9602
DOID_4	has_subclass	DOID_9603
DOID_4	has_subclass	DOID_9617
DOID_4	has_subclass	DOID_9620
DOID_4	has_subclass	DOID_9622
DOID_4	has_subclass	DOID_9655
DOID_4	has_subclass	DOID_9667
DOID_4	has_subclass	DOID_9669
DOID_4	has_subclass	DOID_9682
DOID_4	has_subclass	DOID_9699
DOID_4	has_subclass	DOID_9700
DOID_4	has_subclass	DOID_9714
DOID_4	has_subclass	DOID_9717
DOID_4	has_subclass	DOID_974
DOID_4	has_subclass	DOID_9771
DOID_4	has_subclass	DOID_9778
DOID_4	has_subclass	DOID_9779
DOID_4	has_subclass	DOID_9790
DOID_4	has_subclass	DOID_9808
DOID_4	has_subclass	DOID_9809
DOID_4	has_subclass	DOID_9857
DOID_4	has_subclass	DOID_986
DOID_4	has_subclass	DOID_9868
DOID_4	has_subclass	DOID_9877
DOID_4	has_subclass	DOID_9892
DOID_4	has_subclass	DOID_9893
DOID_4	has_subclass	DOID_992
DOID_4	has_subclass	DOID_9931
DOID_4	has_subclass	DOID_9957
DOID_4	has_subclass	DOID_9958
DOID_4	has_subclass	DOID_9969
DOID_4	has_subclass	DOID_997
DOID_4	has_subclass	DOID_9970
DOID_4	has_subclass	DOID_9972
DOID_4	has_subclass	DOID_9978
DOID_4	has_subclass	DOID_9986
DOID_4001	has_subclass	DOID_3604
DOID_4001	has_subclass	DOID_3605
DOID_4001	has_subclass	DOID_4894
DOID_4001	has_subclass	DOID_5304
DOID_4001	has_subclass	DOID_5744
DOID_4001	has_subclass	DOID_5746
DOID_4001	has_subclass	DOID_5828
DOID_4001	has_subclass	DOID_7438
DOID_4001	has_subclass	DOID_7650
DOID_4001	has_subclass	DOID_7651
DOID_4006	has_subclass	DOID_6476
DOID_4006	has_subclass	DOID_6976
DOID_4006	has_subclass	DOID_7553
DOID_4006	has_subclass	DOID_7600
DOID_4006	has_subclass	DOID_7967
DOID_4006	has_subclass	DOID_7968
DOID_4006	has_subclass	DOID_7969
DOID_4006	has_subclass	DOID_7971
DOID_4006	has_subclass	DOID_7972
DOID_4015	has_subclass	DOID_0080899
DOID_4029	has_subclass	DOID_6102
DOID_403	has_subclass	DOID_0050591
DOID_403	has_subclass	DOID_0050865
DOID_403	has_subclass	DOID_0060312
DOID_403	has_subclass	DOID_0060324
DOID_403	has_subclass	DOID_0060604
DOID_403	has_subclass	DOID_0070690
DOID_403	has_subclass	DOID_0080641
DOID_403	has_subclass	DOID_0111341
DOID_403	has_subclass	DOID_0111380
DOID_403	has_subclass	DOID_11514
DOID_403	has_subclass	DOID_13333
DOID_403	has_subclass	DOID_13500
DOID_403	has_subclass	DOID_13711
DOID_403	has_subclass	DOID_13714
DOID_403	has_subclass	DOID_14111
DOID_403	has_subclass	DOID_1453
DOID_403	has_subclass	DOID_1455
DOID_403	has_subclass	DOID_1456
DOID_403	has_subclass	DOID_1762
DOID_403	has_subclass	DOID_8649
DOID_403	has_subclass	DOID_8661
DOID_403	has_subclass	DOID_9893
DOID_4043	has_subclass	DOID_0060338
DOID_4043	has_subclass	DOID_0080900
DOID_4043	has_subclass	DOID_3246
DOID_4043	has_subclass	DOID_3250
DOID_4043	has_subclass	DOID_3253
DOID_4043	has_subclass	DOID_3254
DOID_4043	has_subclass	DOID_3255
DOID_4043	has_subclass	DOID_3260
DOID_4043	has_subclass	DOID_4048
DOID_4043	has_subclass	DOID_4049
DOID_4043	has_subclass	DOID_4051
DOID_4043	has_subclass	DOID_4059
DOID_4043	has_subclass	DOID_4065
DOID_4043	has_subclass	DOID_4066
DOID_4043	has_subclass	DOID_6786
DOID_4043	has_subclass	DOID_6847
DOID_4043	has_subclass	DOID_7463
DOID_4043	has_subclass	DOID_8251
DOID_4045	has_subclass	DOID_0060338
DOID_4045	has_subclass	DOID_0080900
DOID_4045	has_subclass	DOID_1965
DOID_4045	has_subclass	DOID_1967
DOID_4045	has_subclass	DOID_3246
DOID_4045	has_subclass	DOID_3247
DOID_4045	has_subclass	DOID_3250
DOID_4045	has_subclass	DOID_3253
DOID_4045	has_subclass	DOID_3254
DOID_4045	has_subclass	DOID_3255
DOID_4045	has_subclass	DOID_3260
DOID_4045	has_subclass	DOID_3367
DOID_4045	has_subclass	DOID_4048
DOID_4045	has_subclass	DOID_4049
DOID_4045	has_subclass	DOID_4051
DOID_4045	has_subclass	DOID_4059
DOID_4045	has_subclass	DOID_4065
DOID_4045	has_subclass	DOID_4066
DOID_4045	has_subclass	DOID_4239
DOID_4045	has_subclass	DOID_5251
DOID_4045	has_subclass	DOID_5253
DOID_4045	has_subclass	DOID_5254
DOID_4045	has_subclass	DOID_5258
DOID_4045	has_subclass	DOID_5259
DOID_4045	has_subclass	DOID_5263
DOID_4045	has_subclass	DOID_5264
DOID_4045	has_subclass	DOID_5265
DOID_4045	has_subclass	DOID_5267
DOID_4045	has_subclass	DOID_5268
DOID_4045	has_subclass	DOID_5271
DOID_4045	has_subclass	DOID_5275
DOID_4045	has_subclass	DOID_5288
DOID_4045	has_subclass	DOID_5292
DOID_4045	has_subclass	DOID_5293
DOID_4045	has_subclass	DOID_6786
DOID_4045	has_subclass	DOID_6847
DOID_4045	has_subclass	DOID_7389
DOID_4045	has_subclass	DOID_7390
DOID_4045	has_subclass	DOID_7463
DOID_4045	has_subclass	DOID_8251
DOID_4054	has_subclass	DOID_3251
DOID_4072	has_subclass	DOID_10020
DOID_4072	has_subclass	DOID_10816
DOID_4072	has_subclass	DOID_3501
DOID_4072	has_subclass	DOID_3502
DOID_4072	has_subclass	DOID_3693
DOID_4072	has_subclass	DOID_4932
DOID_4072	has_subclass	DOID_5308
DOID_4072	has_subclass	DOID_5628
DOID_4072	has_subclass	DOID_7136
DOID_4072	has_subclass	DOID_7479
DOID_4072	has_subclass	DOID_7959
DOID_4072	has_subclass	DOID_8110
DOID_4074	has_subclass	DOID_3497
DOID_4074	has_subclass	DOID_7716
DOID_4074	has_subclass	DOID_7718
DOID_4079	has_subclass	DOID_0080169
DOID_4079	has_subclass	DOID_11502
DOID_4079	has_subclass	DOID_14265
DOID_4079	has_subclass	DOID_14289
DOID_4079	has_subclass	DOID_1754
DOID_4079	has_subclass	DOID_4078
DOID_4079	has_subclass	DOID_4080
DOID_4079	has_subclass	DOID_5644
DOID_4079	has_subclass	DOID_5748
DOID_4079	has_subclass	DOID_988
DOID_409	has_subclass	DOID_0070358
DOID_409	has_subclass	DOID_0070359
DOID_409	has_subclass	DOID_0070360
DOID_409	has_subclass	DOID_0070361
DOID_409	has_subclass	DOID_0070362
DOID_409	has_subclass	DOID_12236
DOID_4090	has_subclass	DOID_0060153
DOID_4090	has_subclass	DOID_0060156
DOID_4138	has_subclass	DOID_0050849
DOID_4138	has_subclass	DOID_0060643
DOID_4138	has_subclass	DOID_10020
DOID_4138	has_subclass	DOID_11755
DOID_4138	has_subclass	DOID_14268
DOID_4138	has_subclass	DOID_14269
DOID_4138	has_subclass	DOID_14270
DOID_4138	has_subclass	DOID_14271
DOID_4138	has_subclass	DOID_14272
DOID_4138	has_subclass	DOID_1949
DOID_4138	has_subclass	DOID_2828
DOID_4138	has_subclass	DOID_3494
DOID_4138	has_subclass	DOID_3501
DOID_4138	has_subclass	DOID_3502
DOID_4138	has_subclass	DOID_3693
DOID_4138	has_subclass	DOID_3698
DOID_4138	has_subclass	DOID_4064
DOID_4138	has_subclass	DOID_4075
DOID_4138	has_subclass	DOID_4681
DOID_4138	has_subclass	DOID_4896
DOID_4138	has_subclass	DOID_4897
DOID_4138	has_subclass	DOID_4932
DOID_4138	has_subclass	DOID_5308
DOID_4138	has_subclass	DOID_5628
DOID_4138	has_subclass	DOID_5923
DOID_4138	has_subclass	DOID_7032
DOID_4138	has_subclass	DOID_7136
DOID_4138	has_subclass	DOID_8110
DOID_4138	has_subclass	DOID_9439
DOID_4138	has_subclass	DOID_9765
DOID_4138	has_subclass	DOID_9766
DOID_4143	has_subclass	DOID_3258
DOID_4143	has_subclass	DOID_3259
DOID_4143	has_subclass	DOID_4384
DOID_4151	has_subclass	DOID_6313
DOID_4159	has_subclass	DOID_0070326
DOID_4159	has_subclass	DOID_0070327
DOID_4159	has_subclass	DOID_10040
DOID_4159	has_subclass	DOID_10044
DOID_4159	has_subclass	DOID_10047
DOID_4159	has_subclass	DOID_10054
DOID_4159	has_subclass	DOID_1906
DOID_4159	has_subclass	DOID_2513
DOID_4159	has_subclass	DOID_3450
DOID_4159	has_subclass	DOID_3965
DOID_4159	has_subclass	DOID_4277
DOID_4159	has_subclass	DOID_4278
DOID_4159	has_subclass	DOID_4279
DOID_4159	has_subclass	DOID_4280
DOID_4159	has_subclass	DOID_4281
DOID_4159	has_subclass	DOID_4282
DOID_4159	has_subclass	DOID_4283
DOID_4159	has_subclass	DOID_4286
DOID_4159	has_subclass	DOID_4289
DOID_4159	has_subclass	DOID_4290
DOID_4159	has_subclass	DOID_4291
DOID_4159	has_subclass	DOID_4292
DOID_4159	has_subclass	DOID_4293
DOID_4159	has_subclass	DOID_4294
DOID_4159	has_subclass	DOID_4295
DOID_4159	has_subclass	DOID_4299
DOID_4159	has_subclass	DOID_4300
DOID_4159	has_subclass	DOID_4302
DOID_4159	has_subclass	DOID_4303
DOID_4159	has_subclass	DOID_4304
DOID_4159	has_subclass	DOID_4517
DOID_4159	has_subclass	DOID_4683
DOID_4159	has_subclass	DOID_4839
DOID_4159	has_subclass	DOID_4871
DOID_4159	has_subclass	DOID_4920
DOID_4159	has_subclass	DOID_4921
DOID_4159	has_subclass	DOID_4933
DOID_4159	has_subclass	DOID_4934
DOID_4159	has_subclass	DOID_5063
DOID_4159	has_subclass	DOID_5273
DOID_4159	has_subclass	DOID_5376
DOID_4159	has_subclass	DOID_5522
DOID_4159	has_subclass	DOID_5569
DOID_4159	has_subclass	DOID_5570
DOID_4159	has_subclass	DOID_5590
DOID_4159	has_subclass	DOID_5591
DOID_4159	has_subclass	DOID_5667
DOID_4159	has_subclass	DOID_5712
DOID_4159	has_subclass	DOID_6367
DOID_4159	has_subclass	DOID_6425
DOID_4159	has_subclass	DOID_6446
DOID_4159	has_subclass	DOID_7039
DOID_4159	has_subclass	DOID_7566
DOID_4159	has_subclass	DOID_7639
DOID_4159	has_subclass	DOID_7960
DOID_4163	has_subclass	DOID_7949
DOID_4163	has_subclass	DOID_7951
DOID_4166	has_subclass	DOID_0050488
DOID_417	has_subclass	DOID_0040091
DOID_417	has_subclass	DOID_0040094
DOID_417	has_subclass	DOID_0040100
DOID_417	has_subclass	DOID_0050214
DOID_417	has_subclass	DOID_0061160
DOID_417	has_subclass	DOID_0061163
DOID_417	has_subclass	DOID_0061164
DOID_417	has_subclass	DOID_12132
DOID_417	has_subclass	DOID_12361
DOID_417	has_subclass	DOID_4780
DOID_417	has_subclass	DOID_7188
DOID_417	has_subclass	DOID_9808
DOID_419	has_subclass	DOID_1577
DOID_419	has_subclass	DOID_1578
DOID_419	has_subclass	DOID_1580
DOID_4193	has_subclass	DOID_3574
DOID_4193	has_subclass	DOID_3575
DOID_4193	has_subclass	DOID_3576
DOID_4194	has_subclass	DOID_0050524
DOID_4194	has_subclass	DOID_0111099
DOID_4194	has_subclass	DOID_0111100
DOID_4194	has_subclass	DOID_0111102
DOID_4194	has_subclass	DOID_0111103
DOID_4194	has_subclass	DOID_0111104
DOID_4194	has_subclass	DOID_0111105
DOID_4194	has_subclass	DOID_0111106
DOID_4194	has_subclass	DOID_0111107
DOID_4194	has_subclass	DOID_0111108
DOID_4194	has_subclass	DOID_0111109
DOID_4194	has_subclass	DOID_0111110
DOID_4194	has_subclass	DOID_0111111
DOID_4194	has_subclass	DOID_10603
DOID_4194	has_subclass	DOID_11714
DOID_4202	has_subclass	DOID_4812
DOID_4202	has_subclass	DOID_5921
DOID_4202	has_subclass	DOID_5922
DOID_4203	has_subclass	DOID_6383
DOID_4203	has_subclass	DOID_6386
DOID_4203	has_subclass	DOID_7522
DOID_4205	has_subclass	DOID_3860
DOID_4205	has_subclass	DOID_4853
DOID_4205	has_subclass	DOID_6286
DOID_4206	has_subclass	DOID_6386
DOID_421	has_subclass	DOID_0061145
DOID_421	has_subclass	DOID_0061152
DOID_421	has_subclass	DOID_0061153
DOID_421	has_subclass	DOID_0111060
DOID_421	has_subclass	DOID_11669
DOID_4211	has_subclass	DOID_8221
DOID_4211	has_subclass	DOID_8239
DOID_422	has_subclass	DOID_0111216
DOID_422	has_subclass	DOID_0111220
DOID_422	has_subclass	DOID_0111221
DOID_422	has_subclass	DOID_0111222
DOID_422	has_subclass	DOID_0111225
DOID_423	has_subclass	DOID_0051044
DOID_423	has_subclass	DOID_0080092
DOID_423	has_subclass	DOID_0080095
DOID_423	has_subclass	DOID_0080098
DOID_423	has_subclass	DOID_0080308
DOID_423	has_subclass	DOID_0081338
DOID_423	has_subclass	DOID_0111188
DOID_4230	has_subclass	DOID_1965
DOID_4230	has_subclass	DOID_3367
DOID_4230	has_subclass	DOID_5251
DOID_4230	has_subclass	DOID_5253
DOID_4230	has_subclass	DOID_5254
DOID_4230	has_subclass	DOID_5258
DOID_4230	has_subclass	DOID_5259
DOID_4230	has_subclass	DOID_5263
DOID_4230	has_subclass	DOID_5264
DOID_4230	has_subclass	DOID_5265
DOID_4230	has_subclass	DOID_5267
DOID_4230	has_subclass	DOID_5268
DOID_4230	has_subclass	DOID_5271
DOID_4230	has_subclass	DOID_5275
DOID_4230	has_subclass	DOID_5288
DOID_4230	has_subclass	DOID_5292
DOID_4230	has_subclass	DOID_5293
DOID_4230	has_subclass	DOID_7389
DOID_4230	has_subclass	DOID_7390
DOID_4231	has_subclass	DOID_4418
DOID_4251	has_subclass	DOID_11029
DOID_4251	has_subclass	DOID_11184
DOID_4251	has_subclass	DOID_11190
DOID_4251	has_subclass	DOID_11197
DOID_4251	has_subclass	DOID_11213
DOID_4251	has_subclass	DOID_11219
DOID_4251	has_subclass	DOID_11988
DOID_4251	has_subclass	DOID_1748
DOID_4251	has_subclass	DOID_1751
DOID_4251	has_subclass	DOID_2457
DOID_4251	has_subclass	DOID_2458
DOID_4251	has_subclass	DOID_6198
DOID_4251	has_subclass	DOID_9709
DOID_4254	has_subclass	DOID_0061229
DOID_4254	has_subclass	DOID_0080807
DOID_4254	has_subclass	DOID_0112340
DOID_4352	has_subclass	DOID_6997
DOID_4353	has_subclass	DOID_6043
DOID_4353	has_subclass	DOID_6524
DOID_4353	has_subclass	DOID_6997
DOID_4360	has_subclass	DOID_7042
DOID_4362	has_subclass	DOID_2892
DOID_4362	has_subclass	DOID_3701
DOID_4362	has_subclass	DOID_3702
DOID_4362	has_subclass	DOID_3743
DOID_4362	has_subclass	DOID_3744
DOID_4362	has_subclass	DOID_4520
DOID_4362	has_subclass	DOID_4867
DOID_4362	has_subclass	DOID_5303
DOID_4362	has_subclass	DOID_5368
DOID_4362	has_subclass	DOID_5752
DOID_4362	has_subclass	DOID_5830
DOID_4362	has_subclass	DOID_6101
DOID_4362	has_subclass	DOID_6428
DOID_4362	has_subclass	DOID_6627
DOID_4362	has_subclass	DOID_6659
DOID_4362	has_subclass	DOID_6740
DOID_4362	has_subclass	DOID_7046
DOID_4362	has_subclass	DOID_7483
DOID_4362	has_subclass	DOID_7598
DOID_4362	has_subclass	DOID_7961
DOID_4362	has_subclass	DOID_8307
DOID_4362	has_subclass	DOID_8338
DOID_4362	has_subclass	DOID_8339
DOID_4362	has_subclass	DOID_8340
DOID_4362	has_subclass	DOID_8409
DOID_438	has_subclass	DOID_0050783
DOID_438	has_subclass	DOID_0050784
DOID_438	has_subclass	DOID_0050785
DOID_438	has_subclass	DOID_0060215
DOID_438	has_subclass	DOID_0060499
DOID_438	has_subclass	DOID_2377
DOID_438	has_subclass	DOID_2378
DOID_438	has_subclass	DOID_8869
DOID_439	has_subclass	DOID_0080587
DOID_439	has_subclass	DOID_0110657
DOID_439	has_subclass	DOID_0110658
DOID_439	has_subclass	DOID_0110660
DOID_439	has_subclass	DOID_0110661
DOID_439	has_subclass	DOID_0110662
DOID_439	has_subclass	DOID_0110670
DOID_439	has_subclass	DOID_0110673
DOID_439	has_subclass	DOID_0110674
DOID_439	has_subclass	DOID_0110677
DOID_439	has_subclass	DOID_0110679
DOID_439	has_subclass	DOID_0110680
DOID_440	has_subclass	DOID_0050214
DOID_440	has_subclass	DOID_0050538
DOID_440	has_subclass	DOID_0050539
DOID_440	has_subclass	DOID_0050540
DOID_440	has_subclass	DOID_0051043
DOID_440	has_subclass	DOID_0061168
DOID_440	has_subclass	DOID_0061251
DOID_440	has_subclass	DOID_0070679
DOID_440	has_subclass	DOID_0080067
DOID_440	has_subclass	DOID_0080068
DOID_440	has_subclass	DOID_0080069
DOID_440	has_subclass	DOID_0080587
DOID_440	has_subclass	DOID_0110148
DOID_440	has_subclass	DOID_0110149
DOID_440	has_subclass	DOID_0110150
DOID_440	has_subclass	DOID_0110151
DOID_440	has_subclass	DOID_0110152
DOID_440	has_subclass	DOID_0110153
DOID_440	has_subclass	DOID_0110154
DOID_440	has_subclass	DOID_0110155
DOID_440	has_subclass	DOID_0110156
DOID_440	has_subclass	DOID_0110157
DOID_440	has_subclass	DOID_0110158
DOID_440	has_subclass	DOID_0110159
DOID_440	has_subclass	DOID_0110160
DOID_440	has_subclass	DOID_0110161
DOID_440	has_subclass	DOID_0110162
DOID_440	has_subclass	DOID_0110163
DOID_440	has_subclass	DOID_0110164
DOID_440	has_subclass	DOID_0110165
DOID_440	has_subclass	DOID_0110166
DOID_440	has_subclass	DOID_0110167
DOID_440	has_subclass	DOID_0110168
DOID_440	has_subclass	DOID_0110169
DOID_440	has_subclass	DOID_0110170
DOID_440	has_subclass	DOID_0110171
DOID_440	has_subclass	DOID_0110173
DOID_440	has_subclass	DOID_0110174
DOID_440	has_subclass	DOID_0110175
DOID_440	has_subclass	DOID_0110176
DOID_440	has_subclass	DOID_0110177
DOID_440	has_subclass	DOID_0110178
DOID_440	has_subclass	DOID_0110179
DOID_440	has_subclass	DOID_0110180
DOID_440	has_subclass	DOID_0110181
DOID_440	has_subclass	DOID_0110182
DOID_440	has_subclass	DOID_0110657
DOID_440	has_subclass	DOID_0110658
DOID_440	has_subclass	DOID_0110660
DOID_440	has_subclass	DOID_0110661
DOID_440	has_subclass	DOID_0110662
DOID_440	has_subclass	DOID_0110670
DOID_440	has_subclass	DOID_0110673
DOID_440	has_subclass	DOID_0110674
DOID_440	has_subclass	DOID_0110677
DOID_440	has_subclass	DOID_0110679
DOID_440	has_subclass	DOID_0110680
DOID_440	has_subclass	DOID_0111557
DOID_440	has_subclass	DOID_0111558
DOID_440	has_subclass	DOID_0111559
DOID_440	has_subclass	DOID_0111560
DOID_440	has_subclass	DOID_3635
DOID_4437	has_subclass	DOID_6381
DOID_4437	has_subclass	DOID_6553
DOID_4437	has_subclass	DOID_8221
DOID_4437	has_subclass	DOID_8239
DOID_4439	has_subclass	DOID_0080906
DOID_4439	has_subclass	DOID_6015
DOID_4439	has_subclass	DOID_6016
DOID_4439	has_subclass	DOID_6018
DOID_4439	has_subclass	DOID_6019
DOID_4439	has_subclass	DOID_6654
DOID_4439	has_subclass	DOID_7231
DOID_4439	has_subclass	DOID_7233
DOID_4439	has_subclass	DOID_7867
DOID_4439	has_subclass	DOID_7945
DOID_4439	has_subclass	DOID_8078
DOID_4448	has_subclass	DOID_0070439
DOID_4448	has_subclass	DOID_0070440
DOID_4448	has_subclass	DOID_0070441
DOID_4448	has_subclass	DOID_0070517
DOID_4450	has_subclass	DOID_0050387
DOID_4450	has_subclass	DOID_0081414
DOID_4450	has_subclass	DOID_0081415
DOID_4450	has_subclass	DOID_0081416
DOID_4450	has_subclass	DOID_6163
DOID_4450	has_subclass	DOID_6605
DOID_4450	has_subclass	DOID_6606
DOID_4450	has_subclass	DOID_7192
DOID_4451	has_subclass	DOID_0050387
DOID_4451	has_subclass	DOID_0070475
DOID_4451	has_subclass	DOID_0081413
DOID_4451	has_subclass	DOID_0081414
DOID_4451	has_subclass	DOID_0081415
DOID_4451	has_subclass	DOID_0081416
DOID_4451	has_subclass	DOID_4454
DOID_4451	has_subclass	DOID_4455
DOID_4451	has_subclass	DOID_4463
DOID_4451	has_subclass	DOID_4464
DOID_4451	has_subclass	DOID_4465
DOID_4451	has_subclass	DOID_4467
DOID_4451	has_subclass	DOID_4471
DOID_4451	has_subclass	DOID_4472
DOID_4451	has_subclass	DOID_4473
DOID_4451	has_subclass	DOID_6163
DOID_4451	has_subclass	DOID_6605
DOID_4451	has_subclass	DOID_6606
DOID_4451	has_subclass	DOID_7192
DOID_446	has_subclass	DOID_0061248
DOID_446	has_subclass	DOID_0061249
DOID_446	has_subclass	DOID_0061250
DOID_446	has_subclass	DOID_0111623
DOID_446	has_subclass	DOID_0111624
DOID_447	has_subclass	DOID_0060854
DOID_447	has_subclass	DOID_0061165
DOID_447	has_subclass	DOID_0061166
DOID_447	has_subclass	DOID_0061167
DOID_447	has_subclass	DOID_0061195
DOID_447	has_subclass	DOID_0080757
DOID_447	has_subclass	DOID_0080758
DOID_447	has_subclass	DOID_0080760
DOID_447	has_subclass	DOID_0080761
DOID_447	has_subclass	DOID_0110142
DOID_447	has_subclass	DOID_0110143
DOID_447	has_subclass	DOID_0110144
DOID_447	has_subclass	DOID_0110145
DOID_447	has_subclass	DOID_0110146
DOID_447	has_subclass	DOID_0110147
DOID_4556	has_subclass	DOID_7207
DOID_4603	has_subclass	DOID_0061208
DOID_4606	has_subclass	DOID_3494
DOID_4606	has_subclass	DOID_3501
DOID_4606	has_subclass	DOID_3502
DOID_4606	has_subclass	DOID_3693
DOID_4606	has_subclass	DOID_3698
DOID_4606	has_subclass	DOID_4075
DOID_4606	has_subclass	DOID_4896
DOID_4606	has_subclass	DOID_4932
DOID_4606	has_subclass	DOID_5308
DOID_4606	has_subclass	DOID_5628
DOID_4606	has_subclass	DOID_5923
DOID_4606	has_subclass	DOID_7032
DOID_4606	has_subclass	DOID_7136
DOID_4606	has_subclass	DOID_8110
DOID_4607	has_subclass	DOID_10020
DOID_4607	has_subclass	DOID_12298
DOID_4607	has_subclass	DOID_3494
DOID_4607	has_subclass	DOID_3499
DOID_4607	has_subclass	DOID_3500
DOID_4607	has_subclass	DOID_3501
DOID_4607	has_subclass	DOID_3502
DOID_4607	has_subclass	DOID_3693
DOID_4607	has_subclass	DOID_3698
DOID_4607	has_subclass	DOID_4057
DOID_4607	has_subclass	DOID_4064
DOID_4607	has_subclass	DOID_4075
DOID_4607	has_subclass	DOID_4681
DOID_4607	has_subclass	DOID_4896
DOID_4607	has_subclass	DOID_4897
DOID_4607	has_subclass	DOID_4932
DOID_4607	has_subclass	DOID_4948
DOID_4607	has_subclass	DOID_5150
DOID_4607	has_subclass	DOID_5275
DOID_4607	has_subclass	DOID_5308
DOID_4607	has_subclass	DOID_5627
DOID_4607	has_subclass	DOID_5628
DOID_4607	has_subclass	DOID_5923
DOID_4607	has_subclass	DOID_6998
DOID_4607	has_subclass	DOID_7032
DOID_4607	has_subclass	DOID_7133
DOID_4607	has_subclass	DOID_7136
DOID_4607	has_subclass	DOID_7222
DOID_4607	has_subclass	DOID_8110
DOID_4607	has_subclass	DOID_8135
DOID_4607	has_subclass	DOID_8167
DOID_4610	has_subclass	DOID_0050912
DOID_4610	has_subclass	DOID_10657
DOID_4610	has_subclass	DOID_4118
DOID_4610	has_subclass	DOID_4550
DOID_4610	has_subclass	DOID_5545
DOID_4677	has_subclass	DOID_10439
DOID_4677	has_subclass	DOID_10440
DOID_4677	has_subclass	DOID_10441
DOID_4677	has_subclass	DOID_10444
DOID_4677	has_subclass	DOID_10445
DOID_4677	has_subclass	DOID_12087
DOID_4677	has_subclass	DOID_9910
DOID_4682	has_subclass	DOID_5926
DOID_4682	has_subclass	DOID_6931
DOID_47	has_subclass	DOID_0080909
DOID_47	has_subclass	DOID_10286
DOID_47	has_subclass	DOID_10287
DOID_47	has_subclass	DOID_10289
DOID_47	has_subclass	DOID_10290
DOID_47	has_subclass	DOID_2526
DOID_47	has_subclass	DOID_2992
DOID_47	has_subclass	DOID_3024
DOID_47	has_subclass	DOID_3251
DOID_47	has_subclass	DOID_3252
DOID_47	has_subclass	DOID_3504
DOID_47	has_subclass	DOID_3703
DOID_47	has_subclass	DOID_4011
DOID_47	has_subclass	DOID_4054
DOID_47	has_subclass	DOID_4524
DOID_47	has_subclass	DOID_4868
DOID_47	has_subclass	DOID_5282
DOID_47	has_subclass	DOID_5634
DOID_47	has_subclass	DOID_7141
DOID_47	has_subclass	DOID_7152
DOID_47	has_subclass	DOID_7246
DOID_4706	has_subclass	DOID_0050899
DOID_4706	has_subclass	DOID_0080702
DOID_4706	has_subclass	DOID_0080703
DOID_4706	has_subclass	DOID_0080704
DOID_4706	has_subclass	DOID_0080705
DOID_4706	has_subclass	DOID_3857
DOID_4706	has_subclass	DOID_3861
DOID_4706	has_subclass	DOID_3864
DOID_4706	has_subclass	DOID_3868
DOID_4706	has_subclass	DOID_3869
DOID_4706	has_subclass	DOID_3873
DOID_4706	has_subclass	DOID_4206
DOID_4706	has_subclass	DOID_4207
DOID_4706	has_subclass	DOID_6383
DOID_4706	has_subclass	DOID_6386
DOID_4706	has_subclass	DOID_7522
DOID_4737	has_subclass	DOID_0070661
DOID_4743	has_subclass	DOID_6474
DOID_48	has_subclass	DOID_0080909
DOID_48	has_subclass	DOID_10206
DOID_48	has_subclass	DOID_10283
DOID_48	has_subclass	DOID_10286
DOID_48	has_subclass	DOID_10287
DOID_48	has_subclass	DOID_10289
DOID_48	has_subclass	DOID_10290
DOID_48	has_subclass	DOID_10366
DOID_48	has_subclass	DOID_10368
DOID_48	has_subclass	DOID_10802
DOID_48	has_subclass	DOID_11615
DOID_48	has_subclass	DOID_11624
DOID_48	has_subclass	DOID_11838
DOID_48	has_subclass	DOID_11839
DOID_48	has_subclass	DOID_12253
DOID_48	has_subclass	DOID_12276
DOID_48	has_subclass	DOID_12286
DOID_48	has_subclass	DOID_1251
DOID_48	has_subclass	DOID_13031
DOID_48	has_subclass	DOID_13169
DOID_48	has_subclass	DOID_14545
DOID_48	has_subclass	DOID_2526
DOID_48	has_subclass	DOID_2885
DOID_48	has_subclass	DOID_2887
DOID_48	has_subclass	DOID_2992
DOID_48	has_subclass	DOID_2998
DOID_48	has_subclass	DOID_3024
DOID_48	has_subclass	DOID_3251
DOID_48	has_subclass	DOID_3252
DOID_48	has_subclass	DOID_3504
DOID_48	has_subclass	DOID_3579
DOID_48	has_subclass	DOID_3703
DOID_48	has_subclass	DOID_4011
DOID_48	has_subclass	DOID_4054
DOID_48	has_subclass	DOID_4084
DOID_48	has_subclass	DOID_4087
DOID_48	has_subclass	DOID_4524
DOID_48	has_subclass	DOID_4739
DOID_48	has_subclass	DOID_4868
DOID_48	has_subclass	DOID_512
DOID_48	has_subclass	DOID_5282
DOID_48	has_subclass	DOID_5557
DOID_48	has_subclass	DOID_5634
DOID_48	has_subclass	DOID_5680
DOID_48	has_subclass	DOID_6082
DOID_48	has_subclass	DOID_6162
DOID_48	has_subclass	DOID_6483
DOID_48	has_subclass	DOID_6721
DOID_48	has_subclass	DOID_7141
DOID_48	has_subclass	DOID_7152
DOID_48	has_subclass	DOID_7246
DOID_48	has_subclass	DOID_745
DOID_48	has_subclass	DOID_7675
DOID_48	has_subclass	DOID_7676
DOID_48	has_subclass	DOID_8275
DOID_48	has_subclass	DOID_8616
DOID_48	has_subclass	DOID_8738
DOID_48	has_subclass	DOID_8872
DOID_48	has_subclass	DOID_9286
DOID_48	has_subclass	DOID_9401
DOID_48	has_subclass	DOID_9402
DOID_48	has_subclass	DOID_9911
DOID_480	has_subclass	DOID_0050835
DOID_480	has_subclass	DOID_0050838
DOID_480	has_subclass	DOID_0051059
DOID_480	has_subclass	DOID_0060730
DOID_480	has_subclass	DOID_0060937
DOID_480	has_subclass	DOID_0060938
DOID_480	has_subclass	DOID_0060944
DOID_480	has_subclass	DOID_0060955
DOID_480	has_subclass	DOID_0060956
DOID_480	has_subclass	DOID_0060966
DOID_480	has_subclass	DOID_0060967
DOID_480	has_subclass	DOID_0070488
DOID_480	has_subclass	DOID_0070636
DOID_480	has_subclass	DOID_0070639
DOID_480	has_subclass	DOID_0081295
DOID_480	has_subclass	DOID_0081419
DOID_480	has_subclass	DOID_0090038
DOID_480	has_subclass	DOID_0090041
DOID_480	has_subclass	DOID_0090042
DOID_480	has_subclass	DOID_0090043
DOID_480	has_subclass	DOID_0090044
DOID_480	has_subclass	DOID_0090045
DOID_480	has_subclass	DOID_0090047
DOID_480	has_subclass	DOID_0090050
DOID_480	has_subclass	DOID_0090056
DOID_480	has_subclass	DOID_0111168
DOID_480	has_subclass	DOID_0111428
DOID_480	has_subclass	DOID_0111430
DOID_480	has_subclass	DOID_0111432
DOID_480	has_subclass	DOID_14483
DOID_484	has_subclass	DOID_14463
DOID_484	has_subclass	DOID_3148
DOID_484	has_subclass	DOID_5774
DOID_484	has_subclass	DOID_5775
DOID_484	has_subclass	DOID_5776
DOID_4844	has_subclass	DOID_5077
DOID_4895	has_subclass	DOID_5725
DOID_4897	has_subclass	DOID_3698
DOID_4897	has_subclass	DOID_4075
DOID_4897	has_subclass	DOID_7032
DOID_4902	has_subclass	DOID_3607
DOID_4905	has_subclass	DOID_0080782
DOID_4905	has_subclass	DOID_3497
DOID_4905	has_subclass	DOID_3498
DOID_4905	has_subclass	DOID_5742
DOID_4905	has_subclass	DOID_7577
DOID_4905	has_subclass	DOID_7716
DOID_4905	has_subclass	DOID_7718
DOID_4908	has_subclass	DOID_12239
DOID_4908	has_subclass	DOID_3446
DOID_4908	has_subclass	DOID_3691
DOID_4908	has_subclass	DOID_7531
DOID_4908	has_subclass	DOID_7708
DOID_4921	has_subclass	DOID_5591
DOID_4932	has_subclass	DOID_3501
DOID_4932	has_subclass	DOID_3693
DOID_4932	has_subclass	DOID_5308
DOID_4932	has_subclass	DOID_8110
DOID_4934	has_subclass	DOID_6446
DOID_4939	has_subclass	DOID_6845
DOID_4947	has_subclass	DOID_3495
DOID_4947	has_subclass	DOID_4927
DOID_4947	has_subclass	DOID_5926
DOID_4947	has_subclass	DOID_6931
DOID_4947	has_subclass	DOID_7024
DOID_4947	has_subclass	DOID_7642
DOID_4947	has_subclass	DOID_7733
DOID_4947	has_subclass	DOID_8072
DOID_4948	has_subclass	DOID_3499
DOID_4948	has_subclass	DOID_7222
DOID_4953	has_subclass	DOID_0050513
DOID_4953	has_subclass	DOID_0050514
DOID_4953	has_subclass	DOID_9786
DOID_4959	has_subclass	DOID_0111347
DOID_4960	has_subclass	DOID_0060888
DOID_4960	has_subclass	DOID_0080164
DOID_4960	has_subclass	DOID_0080165
DOID_4960	has_subclass	DOID_0080166
DOID_4960	has_subclass	DOID_0080167
DOID_4960	has_subclass	DOID_0111344
DOID_4960	has_subclass	DOID_2224
DOID_4960	has_subclass	DOID_2226
DOID_4960	has_subclass	DOID_8997
DOID_4960	has_subclass	DOID_9538
DOID_4960	has_subclass	DOID_9541
DOID_4960	has_subclass	DOID_9547
DOID_4960	has_subclass	DOID_9550
DOID_4960	has_subclass	DOID_9551
DOID_4961	has_subclass	DOID_0050750
DOID_4961	has_subclass	DOID_0050908
DOID_4961	has_subclass	DOID_0060474
DOID_4961	has_subclass	DOID_0060888
DOID_4961	has_subclass	DOID_0070004
DOID_4961	has_subclass	DOID_0080164
DOID_4961	has_subclass	DOID_0080165
DOID_4961	has_subclass	DOID_0080166
DOID_4961	has_subclass	DOID_0080167
DOID_4961	has_subclass	DOID_0080290
DOID_4961	has_subclass	DOID_0080339
DOID_4961	has_subclass	DOID_0111344
DOID_4961	has_subclass	DOID_0111630
DOID_4961	has_subclass	DOID_0111631
DOID_4961	has_subclass	DOID_0111632
DOID_4961	has_subclass	DOID_10780
DOID_4961	has_subclass	DOID_11242
DOID_4961	has_subclass	DOID_2224
DOID_4961	has_subclass	DOID_2226
DOID_4961	has_subclass	DOID_8431
DOID_4961	has_subclass	DOID_8997
DOID_4961	has_subclass	DOID_9538
DOID_4961	has_subclass	DOID_9541
DOID_4961	has_subclass	DOID_9547
DOID_4961	has_subclass	DOID_9550
DOID_4961	has_subclass	DOID_9551
DOID_4977	has_subclass	DOID_0070208
DOID_4977	has_subclass	DOID_0070209
DOID_4977	has_subclass	DOID_0070210
DOID_4977	has_subclass	DOID_0070211
DOID_4977	has_subclass	DOID_0070212
DOID_4977	has_subclass	DOID_0070213
DOID_4992	has_subclass	DOID_6575
DOID_50	has_subclass	DOID_0050489
DOID_50	has_subclass	DOID_0081101
DOID_50	has_subclass	DOID_0081102
DOID_50	has_subclass	DOID_0111374
DOID_50	has_subclass	DOID_10719
DOID_50	has_subclass	DOID_11277
DOID_50	has_subclass	DOID_12175
DOID_50	has_subclass	DOID_12573
DOID_50	has_subclass	DOID_13195
DOID_50	has_subclass	DOID_13196
DOID_50	has_subclass	DOID_13197
DOID_50	has_subclass	DOID_13200
DOID_50	has_subclass	DOID_6203
DOID_50	has_subclass	DOID_6204
DOID_50	has_subclass	DOID_8102
DOID_50	has_subclass	DOID_8162
DOID_50	has_subclass	DOID_8292
DOID_50	has_subclass	DOID_8419
DOID_5032	has_subclass	DOID_5030
DOID_5032	has_subclass	DOID_6648
DOID_5041	has_subclass	DOID_5276
DOID_5074	has_subclass	DOID_0080888
DOID_5074	has_subclass	DOID_0081254
DOID_5074	has_subclass	DOID_0081255
DOID_5074	has_subclass	DOID_7788
DOID_5082	has_subclass	DOID_0070358
DOID_5082	has_subclass	DOID_0070359
DOID_5082	has_subclass	DOID_0070360
DOID_5082	has_subclass	DOID_0070361
DOID_5082	has_subclass	DOID_0070362
DOID_5093	has_subclass	DOID_0050937
DOID_5093	has_subclass	DOID_10146
DOID_5093	has_subclass	DOID_116
DOID_5093	has_subclass	DOID_12339
DOID_5093	has_subclass	DOID_12341
DOID_5093	has_subclass	DOID_14535
DOID_5093	has_subclass	DOID_3275
DOID_5093	has_subclass	DOID_3278
DOID_5093	has_subclass	DOID_3279
DOID_5093	has_subclass	DOID_3280
DOID_5093	has_subclass	DOID_3281
DOID_5093	has_subclass	DOID_3283
DOID_5093	has_subclass	DOID_4554
DOID_5093	has_subclass	DOID_4678
DOID_5093	has_subclass	DOID_4699
DOID_5093	has_subclass	DOID_5261
DOID_5093	has_subclass	DOID_5262
DOID_5093	has_subclass	DOID_5284
DOID_5093	has_subclass	DOID_5626
DOID_5093	has_subclass	DOID_5874
DOID_5093	has_subclass	DOID_5877
DOID_5093	has_subclass	DOID_6033
DOID_5093	has_subclass	DOID_6034
DOID_5093	has_subclass	DOID_6201
DOID_5093	has_subclass	DOID_6547
DOID_5093	has_subclass	DOID_6723
DOID_5093	has_subclass	DOID_7214
DOID_5093	has_subclass	DOID_7927
DOID_5093	has_subclass	DOID_9299
DOID_5099	has_subclass	DOID_4892
DOID_5099	has_subclass	DOID_5526
DOID_5100	has_subclass	DOID_10435
DOID_5100	has_subclass	DOID_10852
DOID_5100	has_subclass	DOID_10963
DOID_5100	has_subclass	DOID_11180
DOID_5100	has_subclass	DOID_11181
DOID_5100	has_subclass	DOID_11506
DOID_5100	has_subclass	DOID_14247
DOID_5100	has_subclass	DOID_14248
DOID_5100	has_subclass	DOID_14435
DOID_5100	has_subclass	DOID_4892
DOID_5100	has_subclass	DOID_4893
DOID_5100	has_subclass	DOID_5526
DOID_5101	has_subclass	DOID_4287
DOID_5101	has_subclass	DOID_4288
DOID_5101	has_subclass	DOID_4892
DOID_5101	has_subclass	DOID_4893
DOID_5101	has_subclass	DOID_5526
DOID_5101	has_subclass	DOID_5538
DOID_5101	has_subclass	DOID_5990
DOID_5158	has_subclass	DOID_7381
DOID_5207	has_subclass	DOID_5208
DOID_5212	has_subclass	DOID_0080552
DOID_5212	has_subclass	DOID_0080553
DOID_5212	has_subclass	DOID_0080554
DOID_5212	has_subclass	DOID_0080555
DOID_5212	has_subclass	DOID_0080556
DOID_5212	has_subclass	DOID_0080557
DOID_5212	has_subclass	DOID_0080558
DOID_5212	has_subclass	DOID_0080559
DOID_5212	has_subclass	DOID_0080560
DOID_5212	has_subclass	DOID_0080561
DOID_5212	has_subclass	DOID_0080562
DOID_5212	has_subclass	DOID_0080563
DOID_5212	has_subclass	DOID_0080564
DOID_5212	has_subclass	DOID_0080565
DOID_5212	has_subclass	DOID_0080566
DOID_5212	has_subclass	DOID_0080567
DOID_5212	has_subclass	DOID_0080568
DOID_5212	has_subclass	DOID_0080569
DOID_5212	has_subclass	DOID_0080570
DOID_5212	has_subclass	DOID_0080571
DOID_5212	has_subclass	DOID_0080572
DOID_5212	has_subclass	DOID_0080573
DOID_5212	has_subclass	DOID_0080574
DOID_5212	has_subclass	DOID_0111839
DOID_5238	has_subclass	DOID_2435
DOID_5238	has_subclass	DOID_6048
DOID_5238	has_subclass	DOID_7996
DOID_5295	has_subclass	DOID_0050911
DOID_5295	has_subclass	DOID_0050925
DOID_5295	has_subclass	DOID_0060328
DOID_5295	has_subclass	DOID_0080409
DOID_5295	has_subclass	DOID_0080410
DOID_5295	has_subclass	DOID_0080411
DOID_5295	has_subclass	DOID_0080412
DOID_5295	has_subclass	DOID_0111685
DOID_5295	has_subclass	DOID_10020
DOID_5295	has_subclass	DOID_10021
DOID_5295	has_subclass	DOID_10154
DOID_5295	has_subclass	DOID_10816
DOID_5295	has_subclass	DOID_11239
DOID_5295	has_subclass	DOID_13996
DOID_5295	has_subclass	DOID_3127
DOID_5295	has_subclass	DOID_3501
DOID_5295	has_subclass	DOID_3502
DOID_5295	has_subclass	DOID_3559
DOID_5295	has_subclass	DOID_3693
DOID_5295	has_subclass	DOID_4071
DOID_5295	has_subclass	DOID_4906
DOID_5295	has_subclass	DOID_4907
DOID_5295	has_subclass	DOID_4932
DOID_5295	has_subclass	DOID_5271
DOID_5295	has_subclass	DOID_5308
DOID_5295	has_subclass	DOID_5628
DOID_5295	has_subclass	DOID_5740
DOID_5295	has_subclass	DOID_7136
DOID_5295	has_subclass	DOID_7479
DOID_5295	has_subclass	DOID_7506
DOID_5295	has_subclass	DOID_7959
DOID_5295	has_subclass	DOID_8110
DOID_5295	has_subclass	DOID_8151
DOID_5295	has_subclass	DOID_8826
DOID_5295	has_subclass	DOID_9307
DOID_53	has_subclass	DOID_0060870
DOID_53	has_subclass	DOID_0060872
DOID_53	has_subclass	DOID_0060873
DOID_53	has_subclass	DOID_0060874
DOID_53	has_subclass	DOID_0060875
DOID_53	has_subclass	DOID_0061016
DOID_53	has_subclass	DOID_0061018
DOID_53	has_subclass	DOID_0061020
DOID_53	has_subclass	DOID_0061021
DOID_53	has_subclass	DOID_0080150
DOID_53	has_subclass	DOID_0081244
DOID_53	has_subclass	DOID_4915
DOID_53	has_subclass	DOID_4916
DOID_53	has_subclass	DOID_5396
DOID_53	has_subclass	DOID_9410
DOID_53	has_subclass	DOID_9476
DOID_530	has_subclass	DOID_12395
DOID_530	has_subclass	DOID_12782
DOID_530	has_subclass	DOID_12836
DOID_530	has_subclass	DOID_13112
DOID_530	has_subclass	DOID_13113
DOID_530	has_subclass	DOID_13356
DOID_530	has_subclass	DOID_1569
DOID_530	has_subclass	DOID_1571
DOID_533	has_subclass	DOID_10146
DOID_533	has_subclass	DOID_3275
DOID_533	has_subclass	DOID_3278
DOID_533	has_subclass	DOID_3279
DOID_533	has_subclass	DOID_3280
DOID_533	has_subclass	DOID_3281
DOID_533	has_subclass	DOID_3283
DOID_533	has_subclass	DOID_4554
DOID_533	has_subclass	DOID_4678
DOID_533	has_subclass	DOID_5626
DOID_533	has_subclass	DOID_6723
DOID_533	has_subclass	DOID_7214
DOID_533	has_subclass	DOID_7927
DOID_5345	has_subclass	DOID_7097
DOID_5345	has_subclass	DOID_7302
DOID_5345	has_subclass	DOID_7360
DOID_5345	has_subclass	DOID_7435
DOID_5345	has_subclass	DOID_7930
DOID_5345	has_subclass	DOID_8081
DOID_5345	has_subclass	DOID_8193
DOID_5345	has_subclass	DOID_8195
DOID_5345	has_subclass	DOID_8362
DOID_5345	has_subclass	DOID_8392
DOID_535	has_subclass	DOID_0050848
DOID_535	has_subclass	DOID_0061006
DOID_535	has_subclass	DOID_0080302
DOID_535	has_subclass	DOID_0110011
DOID_535	has_subclass	DOID_0110012
DOID_535	has_subclass	DOID_0110013
DOID_535	has_subclass	DOID_9220
DOID_5351	has_subclass	DOID_6083
DOID_5351	has_subclass	DOID_6511
DOID_5351	has_subclass	DOID_6512
DOID_5351	has_subclass	DOID_6514
DOID_5353	has_subclass	DOID_0060181
DOID_5353	has_subclass	DOID_0060185
DOID_5353	has_subclass	DOID_0060186
DOID_5353	has_subclass	DOID_0060187
DOID_5353	has_subclass	DOID_8577
DOID_5395	has_subclass	DOID_0112007
DOID_540	has_subclass	DOID_0061027
DOID_540	has_subclass	DOID_10864
DOID_540	has_subclass	DOID_10866
DOID_540	has_subclass	DOID_10869
DOID_540	has_subclass	DOID_1142
DOID_540	has_subclass	DOID_11853
DOID_540	has_subclass	DOID_12668
DOID_543	has_subclass	DOID_0060730
DOID_543	has_subclass	DOID_0090050
DOID_5433	has_subclass	DOID_6239
DOID_5433	has_subclass	DOID_6933
DOID_5517	has_subclass	DOID_10541
DOID_5517	has_subclass	DOID_5593
DOID_5517	has_subclass	DOID_6595
DOID_5518	has_subclass	DOID_5907
DOID_5556	has_subclass	DOID_5344
DOID_5556	has_subclass	DOID_6161
DOID_5556	has_subclass	DOID_6474
DOID_5556	has_subclass	DOID_7097
DOID_5556	has_subclass	DOID_7302
DOID_5556	has_subclass	DOID_7360
DOID_5556	has_subclass	DOID_7435
DOID_5556	has_subclass	DOID_7930
DOID_5556	has_subclass	DOID_8081
DOID_5556	has_subclass	DOID_8193
DOID_5556	has_subclass	DOID_8195
DOID_5556	has_subclass	DOID_8362
DOID_5556	has_subclass	DOID_8392
DOID_5559	has_subclass	DOID_10660
DOID_5559	has_subclass	DOID_10661
DOID_5559	has_subclass	DOID_4690
DOID_5559	has_subclass	DOID_6208
DOID_5559	has_subclass	DOID_6867
DOID_5567	has_subclass	DOID_2641
DOID_5567	has_subclass	DOID_5208
DOID_557	has_subclass	DOID_0050200
DOID_557	has_subclass	DOID_0050201
DOID_557	has_subclass	DOID_0050387
DOID_557	has_subclass	DOID_0050522
DOID_557	has_subclass	DOID_0051078
DOID_557	has_subclass	DOID_0060911
DOID_557	has_subclass	DOID_0061118
DOID_557	has_subclass	DOID_0061119
DOID_557	has_subclass	DOID_0061120
DOID_557	has_subclass	DOID_0061121
DOID_557	has_subclass	DOID_0061122
DOID_557	has_subclass	DOID_0070475
DOID_557	has_subclass	DOID_0070732
DOID_557	has_subclass	DOID_0080077
DOID_557	has_subclass	DOID_0080200
DOID_557	has_subclass	DOID_0080206
DOID_557	has_subclass	DOID_0080207
DOID_557	has_subclass	DOID_0080615
DOID_557	has_subclass	DOID_0081413
DOID_557	has_subclass	DOID_0081414
DOID_557	has_subclass	DOID_0081415
DOID_557	has_subclass	DOID_0081416
DOID_557	has_subclass	DOID_0081418
DOID_557	has_subclass	DOID_0111101
DOID_557	has_subclass	DOID_10177
DOID_557	has_subclass	DOID_10194
DOID_557	has_subclass	DOID_1063
DOID_557	has_subclass	DOID_1076
DOID_557	has_subclass	DOID_11400
DOID_557	has_subclass	DOID_11401
DOID_557	has_subclass	DOID_11520
DOID_557	has_subclass	DOID_11664
DOID_557	has_subclass	DOID_12594
DOID_557	has_subclass	DOID_13145
DOID_557	has_subclass	DOID_1591
DOID_557	has_subclass	DOID_2154
DOID_557	has_subclass	DOID_262
DOID_557	has_subclass	DOID_2673
DOID_557	has_subclass	DOID_2697
DOID_557	has_subclass	DOID_2698
DOID_557	has_subclass	DOID_2743
DOID_557	has_subclass	DOID_2973
DOID_557	has_subclass	DOID_3052
DOID_557	has_subclass	DOID_4242
DOID_557	has_subclass	DOID_4450
DOID_557	has_subclass	DOID_4451
DOID_557	has_subclass	DOID_4454
DOID_557	has_subclass	DOID_4455
DOID_557	has_subclass	DOID_4463
DOID_557	has_subclass	DOID_4464
DOID_557	has_subclass	DOID_4465
DOID_557	has_subclass	DOID_4467
DOID_557	has_subclass	DOID_4471
DOID_557	has_subclass	DOID_4472
DOID_557	has_subclass	DOID_4473
DOID_557	has_subclass	DOID_4773
DOID_557	has_subclass	DOID_4780
DOID_557	has_subclass	DOID_4880
DOID_557	has_subclass	DOID_5176
DOID_557	has_subclass	DOID_5178
DOID_557	has_subclass	DOID_5179
DOID_557	has_subclass	DOID_5182
DOID_557	has_subclass	DOID_5183
DOID_557	has_subclass	DOID_5189
DOID_557	has_subclass	DOID_5191
DOID_557	has_subclass	DOID_5287
DOID_557	has_subclass	DOID_559
DOID_557	has_subclass	DOID_5699
DOID_557	has_subclass	DOID_5982
DOID_557	has_subclass	DOID_5983
DOID_557	has_subclass	DOID_6163
DOID_557	has_subclass	DOID_6257
DOID_557	has_subclass	DOID_6258
DOID_557	has_subclass	DOID_6259
DOID_557	has_subclass	DOID_6404
DOID_557	has_subclass	DOID_6605
DOID_557	has_subclass	DOID_6606
DOID_557	has_subclass	DOID_7192
DOID_557	has_subclass	DOID_7571
DOID_557	has_subclass	DOID_7762
DOID_557	has_subclass	DOID_8082
DOID_557	has_subclass	DOID_8083
DOID_5612	has_subclass	DOID_1138
DOID_5612	has_subclass	DOID_3809
DOID_5612	has_subclass	DOID_6103
DOID_5612	has_subclass	DOID_7515
DOID_5612	has_subclass	DOID_7646
DOID_5612	has_subclass	DOID_7824
DOID_5612	has_subclass	DOID_7915
DOID_5612	has_subclass	DOID_8203
DOID_5614	has_subclass	DOID_0050304
DOID_5614	has_subclass	DOID_0050335
DOID_5614	has_subclass	DOID_0050537
DOID_5614	has_subclass	DOID_0050572
DOID_5614	has_subclass	DOID_0050578
DOID_5614	has_subclass	DOID_0050593
DOID_5614	has_subclass	DOID_0050661
DOID_5614	has_subclass	DOID_0050662
DOID_5614	has_subclass	DOID_0050664
DOID_5614	has_subclass	DOID_0050679
DOID_5614	has_subclass	DOID_0050683
DOID_5614	has_subclass	DOID_0050906
DOID_5614	has_subclass	DOID_0051093
DOID_5614	has_subclass	DOID_0051094
DOID_5614	has_subclass	DOID_0051095
DOID_5614	has_subclass	DOID_0051096
DOID_5614	has_subclass	DOID_0051098
DOID_5614	has_subclass	DOID_0060763
DOID_5614	has_subclass	DOID_0060835
DOID_5614	has_subclass	DOID_0060836
DOID_5614	has_subclass	DOID_0060842
DOID_5614	has_subclass	DOID_0060869
DOID_5614	has_subclass	DOID_0061027
DOID_5614	has_subclass	DOID_0061103
DOID_5614	has_subclass	DOID_0061104
DOID_5614	has_subclass	DOID_0061108
DOID_5614	has_subclass	DOID_0061111
DOID_5614	has_subclass	DOID_0061113
DOID_5614	has_subclass	DOID_0061127
DOID_5614	has_subclass	DOID_0070354
DOID_5614	has_subclass	DOID_0070363
DOID_5614	has_subclass	DOID_0070364
DOID_5614	has_subclass	DOID_0070438
DOID_5614	has_subclass	DOID_0070439
DOID_5614	has_subclass	DOID_0070440
DOID_5614	has_subclass	DOID_0070441
DOID_5614	has_subclass	DOID_0070517
DOID_5614	has_subclass	DOID_0070530
DOID_5614	has_subclass	DOID_0070531
DOID_5614	has_subclass	DOID_0080314
DOID_5614	has_subclass	DOID_0080606
DOID_5614	has_subclass	DOID_0080608
DOID_5614	has_subclass	DOID_0080609
DOID_5614	has_subclass	DOID_0080610
DOID_5614	has_subclass	DOID_0080611
DOID_5614	has_subclass	DOID_0080634
DOID_5614	has_subclass	DOID_0080635
DOID_5614	has_subclass	DOID_0080636
DOID_5614	has_subclass	DOID_0080637
DOID_5614	has_subclass	DOID_0081447
DOID_5614	has_subclass	DOID_0081448
DOID_5614	has_subclass	DOID_0081449
DOID_5614	has_subclass	DOID_0081462
DOID_5614	has_subclass	DOID_0090100
DOID_5614	has_subclass	DOID_0110007
DOID_5614	has_subclass	DOID_0110009
DOID_5614	has_subclass	DOID_0110010
DOID_5614	has_subclass	DOID_0110227
DOID_5614	has_subclass	DOID_0110229
DOID_5614	has_subclass	DOID_0110230
DOID_5614	has_subclass	DOID_0110231
DOID_5614	has_subclass	DOID_0110232
DOID_5614	has_subclass	DOID_0110233
DOID_5614	has_subclass	DOID_0110234
DOID_5614	has_subclass	DOID_0110236
DOID_5614	has_subclass	DOID_0110238
DOID_5614	has_subclass	DOID_0110240
DOID_5614	has_subclass	DOID_0110242
DOID_5614	has_subclass	DOID_0110243
DOID_5614	has_subclass	DOID_0110244
DOID_5614	has_subclass	DOID_0110246
DOID_5614	has_subclass	DOID_0110249
DOID_5614	has_subclass	DOID_0110250
DOID_5614	has_subclass	DOID_0110251
DOID_5614	has_subclass	DOID_0110252
DOID_5614	has_subclass	DOID_0110253
DOID_5614	has_subclass	DOID_0110254
DOID_5614	has_subclass	DOID_0110255
DOID_5614	has_subclass	DOID_0110259
DOID_5614	has_subclass	DOID_0110260
DOID_5614	has_subclass	DOID_0110261
DOID_5614	has_subclass	DOID_0110265
DOID_5614	has_subclass	DOID_0110266
DOID_5614	has_subclass	DOID_0110267
DOID_5614	has_subclass	DOID_0110268
DOID_5614	has_subclass	DOID_0110270
DOID_5614	has_subclass	DOID_0110271
DOID_5614	has_subclass	DOID_0110272
DOID_5614	has_subclass	DOID_0110353
DOID_5614	has_subclass	DOID_0110354
DOID_5614	has_subclass	DOID_0110355
DOID_5614	has_subclass	DOID_0110356
DOID_5614	has_subclass	DOID_0110357
DOID_5614	has_subclass	DOID_0110358
DOID_5614	has_subclass	DOID_0110359
DOID_5614	has_subclass	DOID_0110360
DOID_5614	has_subclass	DOID_0110361
DOID_5614	has_subclass	DOID_0110362
DOID_5614	has_subclass	DOID_0110363
DOID_5614	has_subclass	DOID_0110364
DOID_5614	has_subclass	DOID_0110365
DOID_5614	has_subclass	DOID_0110366
DOID_5614	has_subclass	DOID_0110367
DOID_5614	has_subclass	DOID_0110369
DOID_5614	has_subclass	DOID_0110370
DOID_5614	has_subclass	DOID_0110372
DOID_5614	has_subclass	DOID_0110373
DOID_5614	has_subclass	DOID_0110374
DOID_5614	has_subclass	DOID_0110375
DOID_5614	has_subclass	DOID_0110376
DOID_5614	has_subclass	DOID_0110377
DOID_5614	has_subclass	DOID_0110379
DOID_5614	has_subclass	DOID_0110381
DOID_5614	has_subclass	DOID_0110382
DOID_5614	has_subclass	DOID_0110383
DOID_5614	has_subclass	DOID_0110385
DOID_5614	has_subclass	DOID_0110387
DOID_5614	has_subclass	DOID_0110388
DOID_5614	has_subclass	DOID_0110390
DOID_5614	has_subclass	DOID_0110391
DOID_5614	has_subclass	DOID_0110393
DOID_5614	has_subclass	DOID_0110394
DOID_5614	has_subclass	DOID_0110395
DOID_5614	has_subclass	DOID_0110397
DOID_5614	has_subclass	DOID_0110398
DOID_5614	has_subclass	DOID_0110400
DOID_5614	has_subclass	DOID_0110405
DOID_5614	has_subclass	DOID_0110406
DOID_5614	has_subclass	DOID_0110409
DOID_5614	has_subclass	DOID_0110411
DOID_5614	has_subclass	DOID_0110413
DOID_5614	has_subclass	DOID_0110414
DOID_5614	has_subclass	DOID_0110417
DOID_5614	has_subclass	DOID_0110418
DOID_5614	has_subclass	DOID_0110420
DOID_5614	has_subclass	DOID_0110421
DOID_5614	has_subclass	DOID_0111005
DOID_5614	has_subclass	DOID_0111006
DOID_5614	has_subclass	DOID_0111007
DOID_5614	has_subclass	DOID_0111008
DOID_5614	has_subclass	DOID_0111009
DOID_5614	has_subclass	DOID_0111010
DOID_5614	has_subclass	DOID_0111011
DOID_5614	has_subclass	DOID_0111012
DOID_5614	has_subclass	DOID_0111013
DOID_5614	has_subclass	DOID_0111014
DOID_5614	has_subclass	DOID_0111015
DOID_5614	has_subclass	DOID_0111016
DOID_5614	has_subclass	DOID_0111017
DOID_5614	has_subclass	DOID_0111018
DOID_5614	has_subclass	DOID_0111019
DOID_5614	has_subclass	DOID_0111020
DOID_5614	has_subclass	DOID_0111021
DOID_5614	has_subclass	DOID_0111022
DOID_5614	has_subclass	DOID_0111023
DOID_5614	has_subclass	DOID_0111024
DOID_5614	has_subclass	DOID_0111025
DOID_5614	has_subclass	DOID_0111026
DOID_5614	has_subclass	DOID_0111148
DOID_5614	has_subclass	DOID_0111149
DOID_5614	has_subclass	DOID_0111150
DOID_5614	has_subclass	DOID_0111570
DOID_5614	has_subclass	DOID_0111799
DOID_5614	has_subclass	DOID_0111800
DOID_5614	has_subclass	DOID_0111802
DOID_5614	has_subclass	DOID_0111803
DOID_5614	has_subclass	DOID_0111804
DOID_5614	has_subclass	DOID_0111805
DOID_5614	has_subclass	DOID_0111806
DOID_5614	has_subclass	DOID_0111807
DOID_5614	has_subclass	DOID_0111812
DOID_5614	has_subclass	DOID_0112141
DOID_5614	has_subclass	DOID_0112145
DOID_5614	has_subclass	DOID_0112157
DOID_5614	has_subclass	DOID_10138
DOID_5614	has_subclass	DOID_10139
DOID_5614	has_subclass	DOID_10140
DOID_5614	has_subclass	DOID_10174
DOID_5614	has_subclass	DOID_10526
DOID_5614	has_subclass	DOID_10584
DOID_5614	has_subclass	DOID_10863
DOID_5614	has_subclass	DOID_10864
DOID_5614	has_subclass	DOID_10866
DOID_5614	has_subclass	DOID_10869
DOID_5614	has_subclass	DOID_10989
DOID_5614	has_subclass	DOID_10997
DOID_5614	has_subclass	DOID_11029
DOID_5614	has_subclass	DOID_11086
DOID_5614	has_subclass	DOID_11105
DOID_5614	has_subclass	DOID_11134
DOID_5614	has_subclass	DOID_11177
DOID_5614	has_subclass	DOID_11184
DOID_5614	has_subclass	DOID_11190
DOID_5614	has_subclass	DOID_11197
DOID_5614	has_subclass	DOID_11211
DOID_5614	has_subclass	DOID_11212
DOID_5614	has_subclass	DOID_11213
DOID_5614	has_subclass	DOID_11219
DOID_5614	has_subclass	DOID_11227
DOID_5614	has_subclass	DOID_11282
DOID_5614	has_subclass	DOID_11283
DOID_5614	has_subclass	DOID_11364
DOID_5614	has_subclass	DOID_1142
DOID_5614	has_subclass	DOID_1143
DOID_5614	has_subclass	DOID_11561
DOID_5614	has_subclass	DOID_11594
DOID_5614	has_subclass	DOID_11595
DOID_5614	has_subclass	DOID_11653
DOID_5614	has_subclass	DOID_11661
DOID_5614	has_subclass	DOID_11754
DOID_5614	has_subclass	DOID_11766
DOID_5614	has_subclass	DOID_11772
DOID_5614	has_subclass	DOID_11776
DOID_5614	has_subclass	DOID_11781
DOID_5614	has_subclass	DOID_11782
DOID_5614	has_subclass	DOID_11850
DOID_5614	has_subclass	DOID_11853
DOID_5614	has_subclass	DOID_11864
DOID_5614	has_subclass	DOID_11988
DOID_5614	has_subclass	DOID_12108
DOID_5614	has_subclass	DOID_12124
DOID_5614	has_subclass	DOID_12273
DOID_5614	has_subclass	DOID_12349
DOID_5614	has_subclass	DOID_12445
DOID_5614	has_subclass	DOID_1248
DOID_5614	has_subclass	DOID_12514
DOID_5614	has_subclass	DOID_12557
DOID_5614	has_subclass	DOID_12667
DOID_5614	has_subclass	DOID_12668
DOID_5614	has_subclass	DOID_12731
DOID_5614	has_subclass	DOID_12756
DOID_5614	has_subclass	DOID_12809
DOID_5614	has_subclass	DOID_12895
DOID_5614	has_subclass	DOID_13025
DOID_5614	has_subclass	DOID_13060
DOID_5614	has_subclass	DOID_13227
DOID_5614	has_subclass	DOID_13327
DOID_5614	has_subclass	DOID_13328
DOID_5614	has_subclass	DOID_13399
DOID_5614	has_subclass	DOID_13401
DOID_5614	has_subclass	DOID_13452
DOID_5614	has_subclass	DOID_13574
DOID_5614	has_subclass	DOID_13651
DOID_5614	has_subclass	DOID_13653
DOID_5614	has_subclass	DOID_13654
DOID_5614	has_subclass	DOID_13655
DOID_5614	has_subclass	DOID_13676
DOID_5614	has_subclass	DOID_13717
DOID_5614	has_subclass	DOID_13787
DOID_5614	has_subclass	DOID_13788
DOID_5614	has_subclass	DOID_13789
DOID_5614	has_subclass	DOID_13794
DOID_5614	has_subclass	DOID_13822
DOID_5614	has_subclass	DOID_13861
DOID_5614	has_subclass	DOID_13909
DOID_5614	has_subclass	DOID_13910
DOID_5614	has_subclass	DOID_13911
DOID_5614	has_subclass	DOID_13912
DOID_5614	has_subclass	DOID_13919
DOID_5614	has_subclass	DOID_13929
DOID_5614	has_subclass	DOID_13963
DOID_5614	has_subclass	DOID_13964
DOID_5614	has_subclass	DOID_1399
DOID_5614	has_subclass	DOID_14000
DOID_5614	has_subclass	DOID_14230
DOID_5614	has_subclass	DOID_14251
DOID_5614	has_subclass	DOID_14252
DOID_5614	has_subclass	DOID_14253
DOID_5614	has_subclass	DOID_14287
DOID_5614	has_subclass	DOID_14548
DOID_5614	has_subclass	DOID_1687
DOID_5614	has_subclass	DOID_1748
DOID_5614	has_subclass	DOID_1751
DOID_5614	has_subclass	DOID_1752
DOID_5614	has_subclass	DOID_1822
DOID_5614	has_subclass	DOID_1942
DOID_5614	has_subclass	DOID_1979
DOID_5614	has_subclass	DOID_2457
DOID_5614	has_subclass	DOID_2458
DOID_5614	has_subclass	DOID_292
DOID_5614	has_subclass	DOID_293
DOID_5614	has_subclass	DOID_294
DOID_5614	has_subclass	DOID_295
DOID_5614	has_subclass	DOID_296
DOID_5614	has_subclass	DOID_298
DOID_5614	has_subclass	DOID_3096
DOID_5614	has_subclass	DOID_4250
DOID_5614	has_subclass	DOID_4447
DOID_5614	has_subclass	DOID_4448
DOID_5614	has_subclass	DOID_4449
DOID_5614	has_subclass	DOID_4685
DOID_5614	has_subclass	DOID_4870
DOID_5614	has_subclass	DOID_5327
DOID_5614	has_subclass	DOID_538
DOID_5614	has_subclass	DOID_540
DOID_5614	has_subclass	DOID_5465
DOID_5614	has_subclass	DOID_5467
DOID_5614	has_subclass	DOID_5529
DOID_5614	has_subclass	DOID_6037
DOID_5614	has_subclass	DOID_6195
DOID_5614	has_subclass	DOID_6198
DOID_5614	has_subclass	DOID_6903
DOID_5614	has_subclass	DOID_6929
DOID_5614	has_subclass	DOID_728
DOID_5614	has_subclass	DOID_7633
DOID_5614	has_subclass	DOID_775
DOID_5614	has_subclass	DOID_82
DOID_5614	has_subclass	DOID_83
DOID_5614	has_subclass	DOID_8464
DOID_5614	has_subclass	DOID_8465
DOID_5614	has_subclass	DOID_8466
DOID_5614	has_subclass	DOID_8787
DOID_5614	has_subclass	DOID_9283
DOID_5614	has_subclass	DOID_949
DOID_5614	has_subclass	DOID_950
DOID_5614	has_subclass	DOID_952
DOID_5614	has_subclass	DOID_9669
DOID_5614	has_subclass	DOID_9709
DOID_5614	has_subclass	DOID_9719
DOID_5614	has_subclass	DOID_979
DOID_5614	has_subclass	DOID_9834
DOID_5614	has_subclass	DOID_9837
DOID_5614	has_subclass	DOID_9838
DOID_5614	has_subclass	DOID_9841
DOID_5614	has_subclass	DOID_9843
DOID_5614	has_subclass	DOID_9946
DOID_5614	has_subclass	DOID_9948
DOID_5621	has_subclass	DOID_6262
DOID_5656	has_subclass	DOID_0070735
DOID_5656	has_subclass	DOID_0080143
DOID_5656	has_subclass	DOID_0080840
DOID_5656	has_subclass	DOID_0081015
DOID_5656	has_subclass	DOID_0081017
DOID_5656	has_subclass	DOID_0081019
DOID_5656	has_subclass	DOID_0111433
DOID_5656	has_subclass	DOID_0111434
DOID_5656	has_subclass	DOID_0111435
DOID_5656	has_subclass	DOID_0111436
DOID_5656	has_subclass	DOID_0111438
DOID_5656	has_subclass	DOID_0111439
DOID_5656	has_subclass	DOID_0111440
DOID_5656	has_subclass	DOID_0111441
DOID_5656	has_subclass	DOID_0111442
DOID_5656	has_subclass	DOID_0111443
DOID_5656	has_subclass	DOID_0111531
DOID_5656	has_subclass	DOID_10175
DOID_5656	has_subclass	DOID_10337
DOID_5656	has_subclass	DOID_10627
DOID_5656	has_subclass	DOID_10631
DOID_5656	has_subclass	DOID_10812
DOID_5656	has_subclass	DOID_11771
DOID_5656	has_subclass	DOID_1201
DOID_5656	has_subclass	DOID_1209
DOID_5656	has_subclass	DOID_12098
DOID_5656	has_subclass	DOID_1210
DOID_5656	has_subclass	DOID_12683
DOID_5656	has_subclass	DOID_1278
DOID_5656	has_subclass	DOID_12984
DOID_5656	has_subclass	DOID_13174
DOID_5656	has_subclass	DOID_13329
DOID_5656	has_subclass	DOID_13561
DOID_5656	has_subclass	DOID_14125
DOID_5656	has_subclass	DOID_14155
DOID_5656	has_subclass	DOID_14555
DOID_5656	has_subclass	DOID_146
DOID_5656	has_subclass	DOID_2814
DOID_5656	has_subclass	DOID_2816
DOID_5656	has_subclass	DOID_2817
DOID_5656	has_subclass	DOID_3198
DOID_5656	has_subclass	DOID_3202
DOID_5656	has_subclass	DOID_337
DOID_5656	has_subclass	DOID_3419
DOID_5656	has_subclass	DOID_3421
DOID_5656	has_subclass	DOID_369
DOID_5656	has_subclass	DOID_370
DOID_5656	has_subclass	DOID_4991
DOID_5656	has_subclass	DOID_4992
DOID_5656	has_subclass	DOID_5632
DOID_5656	has_subclass	DOID_5655
DOID_5656	has_subclass	DOID_5723
DOID_5656	has_subclass	DOID_6334
DOID_5656	has_subclass	DOID_6335
DOID_5656	has_subclass	DOID_6575
DOID_5656	has_subclass	DOID_6576
DOID_5656	has_subclass	DOID_705
DOID_5656	has_subclass	DOID_8256
DOID_5656	has_subclass	DOID_8869
DOID_5656	has_subclass	DOID_9650
DOID_5665	has_subclass	DOID_4287
DOID_5665	has_subclass	DOID_5538
DOID_5672	has_subclass	DOID_14139
DOID_5672	has_subclass	DOID_14145
DOID_5672	has_subclass	DOID_3692
DOID_5672	has_subclass	DOID_4066
DOID_5672	has_subclass	DOID_6126
DOID_5672	has_subclass	DOID_7177
DOID_5672	has_subclass	DOID_8119
DOID_5679	has_subclass	DOID_0050572
DOID_5679	has_subclass	DOID_0050578
DOID_5679	has_subclass	DOID_0050661
DOID_5679	has_subclass	DOID_0050662
DOID_5679	has_subclass	DOID_0050664
DOID_5679	has_subclass	DOID_0051093
DOID_5679	has_subclass	DOID_0051094
DOID_5679	has_subclass	DOID_0051095
DOID_5679	has_subclass	DOID_0051096
DOID_5679	has_subclass	DOID_0051098
DOID_5679	has_subclass	DOID_0060763
DOID_5679	has_subclass	DOID_0060869
DOID_5679	has_subclass	DOID_0061103
DOID_5679	has_subclass	DOID_0061104
DOID_5679	has_subclass	DOID_0061108
DOID_5679	has_subclass	DOID_0061111
DOID_5679	has_subclass	DOID_0061113
DOID_5679	has_subclass	DOID_0061127
DOID_5679	has_subclass	DOID_0070363
DOID_5679	has_subclass	DOID_0070364
DOID_5679	has_subclass	DOID_0070438
DOID_5679	has_subclass	DOID_0070439
DOID_5679	has_subclass	DOID_0070440
DOID_5679	has_subclass	DOID_0070441
DOID_5679	has_subclass	DOID_0070517
DOID_5679	has_subclass	DOID_0080314
DOID_5679	has_subclass	DOID_0081447
DOID_5679	has_subclass	DOID_0081448
DOID_5679	has_subclass	DOID_0081449
DOID_5679	has_subclass	DOID_0081462
DOID_5679	has_subclass	DOID_0110353
DOID_5679	has_subclass	DOID_0110354
DOID_5679	has_subclass	DOID_0110355
DOID_5679	has_subclass	DOID_0110356
DOID_5679	has_subclass	DOID_0110357
DOID_5679	has_subclass	DOID_0110358
DOID_5679	has_subclass	DOID_0110359
DOID_5679	has_subclass	DOID_0110360
DOID_5679	has_subclass	DOID_0110361
DOID_5679	has_subclass	DOID_0110362
DOID_5679	has_subclass	DOID_0110363
DOID_5679	has_subclass	DOID_0110364
DOID_5679	has_subclass	DOID_0110365
DOID_5679	has_subclass	DOID_0110366
DOID_5679	has_subclass	DOID_0110367
DOID_5679	has_subclass	DOID_0110369
DOID_5679	has_subclass	DOID_0110370
DOID_5679	has_subclass	DOID_0110372
DOID_5679	has_subclass	DOID_0110373
DOID_5679	has_subclass	DOID_0110374
DOID_5679	has_subclass	DOID_0110375
DOID_5679	has_subclass	DOID_0110376
DOID_5679	has_subclass	DOID_0110377
DOID_5679	has_subclass	DOID_0110379
DOID_5679	has_subclass	DOID_0110381
DOID_5679	has_subclass	DOID_0110382
DOID_5679	has_subclass	DOID_0110383
DOID_5679	has_subclass	DOID_0110385
DOID_5679	has_subclass	DOID_0110387
DOID_5679	has_subclass	DOID_0110388
DOID_5679	has_subclass	DOID_0110390
DOID_5679	has_subclass	DOID_0110391
DOID_5679	has_subclass	DOID_0110393
DOID_5679	has_subclass	DOID_0110394
DOID_5679	has_subclass	DOID_0110395
DOID_5679	has_subclass	DOID_0110397
DOID_5679	has_subclass	DOID_0110398
DOID_5679	has_subclass	DOID_0110400
DOID_5679	has_subclass	DOID_0110405
DOID_5679	has_subclass	DOID_0110406
DOID_5679	has_subclass	DOID_0110409
DOID_5679	has_subclass	DOID_0110411
DOID_5679	has_subclass	DOID_0110413
DOID_5679	has_subclass	DOID_0110414
DOID_5679	has_subclass	DOID_0110417
DOID_5679	has_subclass	DOID_0110418
DOID_5679	has_subclass	DOID_0110420
DOID_5679	has_subclass	DOID_0110421
DOID_5679	has_subclass	DOID_0111005
DOID_5679	has_subclass	DOID_0111006
DOID_5679	has_subclass	DOID_0111007
DOID_5679	has_subclass	DOID_0111008
DOID_5679	has_subclass	DOID_0111009
DOID_5679	has_subclass	DOID_0111010
DOID_5679	has_subclass	DOID_0111011
DOID_5679	has_subclass	DOID_0111012
DOID_5679	has_subclass	DOID_0111013
DOID_5679	has_subclass	DOID_0111014
DOID_5679	has_subclass	DOID_0111015
DOID_5679	has_subclass	DOID_0111016
DOID_5679	has_subclass	DOID_0111017
DOID_5679	has_subclass	DOID_0111018
DOID_5679	has_subclass	DOID_0111019
DOID_5679	has_subclass	DOID_0111020
DOID_5679	has_subclass	DOID_0111021
DOID_5679	has_subclass	DOID_0111022
DOID_5679	has_subclass	DOID_0111023
DOID_5679	has_subclass	DOID_0111024
DOID_5679	has_subclass	DOID_0111025
DOID_5679	has_subclass	DOID_0111026
DOID_5679	has_subclass	DOID_0112141
DOID_5679	has_subclass	DOID_0112145
DOID_5679	has_subclass	DOID_0112157
DOID_5679	has_subclass	DOID_10584
DOID_5679	has_subclass	DOID_11282
DOID_5679	has_subclass	DOID_11283
DOID_5679	has_subclass	DOID_12108
DOID_5679	has_subclass	DOID_12514
DOID_5679	has_subclass	DOID_4447
DOID_5679	has_subclass	DOID_4448
DOID_5679	has_subclass	DOID_4449
DOID_5679	has_subclass	DOID_8464
DOID_5679	has_subclass	DOID_8465
DOID_5679	has_subclass	DOID_979
DOID_5719	has_subclass	DOID_0050892
DOID_5719	has_subclass	DOID_0050936
DOID_5719	has_subclass	DOID_0070325
DOID_5727	has_subclass	DOID_3699
DOID_5727	has_subclass	DOID_5302
DOID_5727	has_subclass	DOID_5747
DOID_5727	has_subclass	DOID_5829
DOID_573	has_subclass	DOID_0070466
DOID_5733	has_subclass	DOID_13942
DOID_574	has_subclass	DOID_0040087
DOID_574	has_subclass	DOID_0040089
DOID_574	has_subclass	DOID_0060731
DOID_574	has_subclass	DOID_0070466
DOID_574	has_subclass	DOID_10593
DOID_574	has_subclass	DOID_11488
DOID_574	has_subclass	DOID_11599
DOID_574	has_subclass	DOID_12169
DOID_574	has_subclass	DOID_12842
DOID_574	has_subclass	DOID_12889
DOID_574	has_subclass	DOID_13649
DOID_574	has_subclass	DOID_14022
DOID_574	has_subclass	DOID_1811
DOID_574	has_subclass	DOID_3222
DOID_574	has_subclass	DOID_3223
DOID_574	has_subclass	DOID_5213
DOID_574	has_subclass	DOID_5214
DOID_574	has_subclass	DOID_5221
DOID_574	has_subclass	DOID_7441
DOID_574	has_subclass	DOID_7825
DOID_574	has_subclass	DOID_8869
DOID_576	has_subclass	DOID_10966
DOID_576	has_subclass	DOID_1184
DOID_5875	has_subclass	DOID_5284
DOID_589	has_subclass	DOID_0051001
DOID_589	has_subclass	DOID_0051002
DOID_589	has_subclass	DOID_0110916
DOID_589	has_subclass	DOID_0110917
DOID_589	has_subclass	DOID_0110918
DOID_589	has_subclass	DOID_0111399
DOID_589	has_subclass	DOID_0111401
DOID_5940	has_subclass	DOID_6344
DOID_5975	has_subclass	DOID_6118
DOID_5977	has_subclass	DOID_6118
DOID_5977	has_subclass	DOID_6119
DOID_599	has_subclass	DOID_602
DOID_599	has_subclass	DOID_603
DOID_60000	has_subclass	DOID_0050911
DOID_60000	has_subclass	DOID_3559
DOID_60000	has_subclass	DOID_8151
DOID_60001	has_subclass	DOID_8512
DOID_60002	has_subclass	DOID_3998
DOID_60002	has_subclass	DOID_3999
DOID_60002	has_subclass	DOID_4879
DOID_60002	has_subclass	DOID_5630
DOID_60002	has_subclass	DOID_7140
DOID_60003	has_subclass	DOID_3998
DOID_60003	has_subclass	DOID_4879
DOID_60003	has_subclass	DOID_5630
DOID_60003	has_subclass	DOID_7140
DOID_60004	has_subclass	DOID_3110
DOID_60004	has_subclass	DOID_3114
DOID_60004	has_subclass	DOID_3603
DOID_60004	has_subclass	DOID_7729
DOID_60006	has_subclass	DOID_2286
DOID_60006	has_subclass	DOID_3081
DOID_60008	has_subclass	DOID_7607
DOID_60008	has_subclass	DOID_7609
DOID_60008	has_subclass	DOID_7610
DOID_60008	has_subclass	DOID_7611
DOID_60009	has_subclass	DOID_0112008
DOID_60009	has_subclass	DOID_0112009
DOID_60009	has_subclass	DOID_0112010
DOID_60009	has_subclass	DOID_3828
DOID_60009	has_subclass	DOID_4542
DOID_60009	has_subclass	DOID_5392
DOID_60009	has_subclass	DOID_5715
DOID_60009	has_subclass	DOID_7179
DOID_6004	has_subclass	DOID_6958
DOID_6025	has_subclass	DOID_0050222
DOID_6025	has_subclass	DOID_11701
DOID_6025	has_subclass	DOID_14176
DOID_6025	has_subclass	DOID_6024
DOID_6039	has_subclass	DOID_6523
DOID_6050	has_subclass	DOID_13147
DOID_6050	has_subclass	DOID_13921
DOID_6050	has_subclass	DOID_13922
DOID_6050	has_subclass	DOID_13976
DOID_6050	has_subclass	DOID_6297
DOID_607	has_subclass	DOID_0050886
DOID_607	has_subclass	DOID_0060245
DOID_607	has_subclass	DOID_0070455
DOID_607	has_subclass	DOID_0070459
DOID_607	has_subclass	DOID_0070644
DOID_607	has_subclass	DOID_0070645
DOID_607	has_subclass	DOID_0070718
DOID_607	has_subclass	DOID_0110764
DOID_607	has_subclass	DOID_0110765
DOID_607	has_subclass	DOID_0110766
DOID_607	has_subclass	DOID_0110767
DOID_607	has_subclass	DOID_0110768
DOID_607	has_subclass	DOID_0110770
DOID_607	has_subclass	DOID_0110774
DOID_607	has_subclass	DOID_0110776
DOID_607	has_subclass	DOID_0110777
DOID_607	has_subclass	DOID_0110778
DOID_607	has_subclass	DOID_0110780
DOID_607	has_subclass	DOID_0110782
DOID_607	has_subclass	DOID_0110783
DOID_607	has_subclass	DOID_0110784
DOID_607	has_subclass	DOID_0110785
DOID_607	has_subclass	DOID_0110790
DOID_607	has_subclass	DOID_0110791
DOID_607	has_subclass	DOID_0110792
DOID_607	has_subclass	DOID_0110796
DOID_607	has_subclass	DOID_0110797
DOID_607	has_subclass	DOID_0110800
DOID_607	has_subclass	DOID_0110802
DOID_607	has_subclass	DOID_0110803
DOID_607	has_subclass	DOID_0110812
DOID_607	has_subclass	DOID_0110814
DOID_607	has_subclass	DOID_0110818
DOID_607	has_subclass	DOID_0110819
DOID_607	has_subclass	DOID_0110820
DOID_607	has_subclass	DOID_0110821
DOID_607	has_subclass	DOID_0110822
DOID_607	has_subclass	DOID_0110824
DOID_607	has_subclass	DOID_0110825
DOID_607	has_subclass	DOID_0112341
DOID_607	has_subclass	DOID_0112345
DOID_607	has_subclass	DOID_0112347
DOID_607	has_subclass	DOID_0112348
DOID_607	has_subclass	DOID_0112349
DOID_6086	has_subclass	DOID_6089
DOID_6086	has_subclass	DOID_6090
DOID_612	has_subclass	DOID_0040092
DOID_612	has_subclass	DOID_0050222
DOID_612	has_subclass	DOID_0050553
DOID_612	has_subclass	DOID_0060024
DOID_612	has_subclass	DOID_0060026
DOID_612	has_subclass	DOID_0060027
DOID_612	has_subclass	DOID_0060705
DOID_612	has_subclass	DOID_0060706
DOID_612	has_subclass	DOID_0060913
DOID_612	has_subclass	DOID_0060914
DOID_612	has_subclass	DOID_0060915
DOID_612	has_subclass	DOID_0060919
DOID_612	has_subclass	DOID_0061056
DOID_612	has_subclass	DOID_0061067
DOID_612	has_subclass	DOID_0061083
DOID_612	has_subclass	DOID_0061089
DOID_612	has_subclass	DOID_0061091
DOID_612	has_subclass	DOID_0061094
DOID_612	has_subclass	DOID_0061224
DOID_612	has_subclass	DOID_0080603
DOID_612	has_subclass	DOID_0080605
DOID_612	has_subclass	DOID_0081136
DOID_612	has_subclass	DOID_0081138
DOID_612	has_subclass	DOID_0081141
DOID_612	has_subclass	DOID_0081142
DOID_612	has_subclass	DOID_0081143
DOID_612	has_subclass	DOID_0081144
DOID_612	has_subclass	DOID_0081147
DOID_612	has_subclass	DOID_0081148
DOID_612	has_subclass	DOID_0081150
DOID_612	has_subclass	DOID_0081154
DOID_612	has_subclass	DOID_0081156
DOID_612	has_subclass	DOID_0081307
DOID_612	has_subclass	DOID_0081308
DOID_612	has_subclass	DOID_0081309
DOID_612	has_subclass	DOID_0081310
DOID_612	has_subclass	DOID_0090061
DOID_612	has_subclass	DOID_0090062
DOID_612	has_subclass	DOID_0090065
DOID_612	has_subclass	DOID_0111152
DOID_612	has_subclass	DOID_0111157
DOID_612	has_subclass	DOID_0111942
DOID_612	has_subclass	DOID_0111958
DOID_612	has_subclass	DOID_0111967
DOID_612	has_subclass	DOID_0111970
DOID_612	has_subclass	DOID_0111979
DOID_612	has_subclass	DOID_0111990
DOID_612	has_subclass	DOID_0111991
DOID_612	has_subclass	DOID_0111997
DOID_612	has_subclass	DOID_0112000
DOID_612	has_subclass	DOID_0112006
DOID_612	has_subclass	DOID_0112063
DOID_612	has_subclass	DOID_11701
DOID_612	has_subclass	DOID_11702
DOID_612	has_subclass	DOID_12177
DOID_612	has_subclass	DOID_14176
DOID_612	has_subclass	DOID_14179
DOID_612	has_subclass	DOID_14256
DOID_612	has_subclass	DOID_2583
DOID_612	has_subclass	DOID_6024
DOID_612	has_subclass	DOID_6025
DOID_612	has_subclass	DOID_676
DOID_612	has_subclass	DOID_7263
DOID_615	has_subclass	DOID_0050590
DOID_615	has_subclass	DOID_0080625
DOID_615	has_subclass	DOID_0112128
DOID_615	has_subclass	DOID_0112129
DOID_615	has_subclass	DOID_0112130
DOID_615	has_subclass	DOID_0112131
DOID_615	has_subclass	DOID_0112132
DOID_615	has_subclass	DOID_0112133
DOID_615	has_subclass	DOID_0112134
DOID_615	has_subclass	DOID_0112135
DOID_615	has_subclass	DOID_0112136
DOID_615	has_subclass	DOID_11245
DOID_615	has_subclass	DOID_1227
DOID_615	has_subclass	DOID_5339
DOID_615	has_subclass	DOID_9771
DOID_6193	has_subclass	DOID_7491
DOID_6195	has_subclass	DOID_11190
DOID_6195	has_subclass	DOID_11197
DOID_6195	has_subclass	DOID_11213
DOID_6195	has_subclass	DOID_11219
DOID_6195	has_subclass	DOID_2457
DOID_62	has_subclass	DOID_0080333
DOID_620	has_subclass	DOID_10923
DOID_6227	has_subclass	DOID_13357
DOID_6227	has_subclass	DOID_2556
DOID_6232	has_subclass	DOID_5118
DOID_6232	has_subclass	DOID_6229
DOID_6232	has_subclass	DOID_6314
DOID_6232	has_subclass	DOID_6315
DOID_628	has_subclass	DOID_0080492
DOID_628	has_subclass	DOID_0110910
DOID_628	has_subclass	DOID_0110912
DOID_630	has_subclass	DOID_0050424
DOID_630	has_subclass	DOID_0050437
DOID_630	has_subclass	DOID_0050451
DOID_630	has_subclass	DOID_0050475
DOID_630	has_subclass	DOID_0050537
DOID_630	has_subclass	DOID_0050553
DOID_630	has_subclass	DOID_0050566
DOID_630	has_subclass	DOID_0050593
DOID_630	has_subclass	DOID_0050629
DOID_630	has_subclass	DOID_0050735
DOID_630	has_subclass	DOID_0050738
DOID_630	has_subclass	DOID_0050739
DOID_630	has_subclass	DOID_0050776
DOID_630	has_subclass	DOID_0050777
DOID_630	has_subclass	DOID_0050778
DOID_630	has_subclass	DOID_0050781
DOID_630	has_subclass	DOID_0050879
DOID_630	has_subclass	DOID_0050947
DOID_630	has_subclass	DOID_0050953
DOID_630	has_subclass	DOID_0050967
DOID_630	has_subclass	DOID_0051003
DOID_630	has_subclass	DOID_0060233
DOID_630	has_subclass	DOID_0060254
DOID_630	has_subclass	DOID_0060292
DOID_630	has_subclass	DOID_0060340
DOID_630	has_subclass	DOID_0060376
DOID_630	has_subclass	DOID_0060412
DOID_630	has_subclass	DOID_0060446
DOID_630	has_subclass	DOID_0060578
DOID_630	has_subclass	DOID_0060580
DOID_630	has_subclass	DOID_0060581
DOID_630	has_subclass	DOID_0060585
DOID_630	has_subclass	DOID_0060586
DOID_630	has_subclass	DOID_0060587
DOID_630	has_subclass	DOID_0060588
DOID_630	has_subclass	DOID_0060599
DOID_630	has_subclass	DOID_0060648
DOID_630	has_subclass	DOID_0060674
DOID_630	has_subclass	DOID_0060675
DOID_630	has_subclass	DOID_0060676
DOID_630	has_subclass	DOID_0060677
DOID_630	has_subclass	DOID_0060678
DOID_630	has_subclass	DOID_0060679
DOID_630	has_subclass	DOID_0060746
DOID_630	has_subclass	DOID_0060764
DOID_630	has_subclass	DOID_0060765
DOID_630	has_subclass	DOID_0060766
DOID_630	has_subclass	DOID_0060836
DOID_630	has_subclass	DOID_0060848
DOID_630	has_subclass	DOID_0060857
DOID_630	has_subclass	DOID_0060912
DOID_630	has_subclass	DOID_0060918
DOID_630	has_subclass	DOID_0060929
DOID_630	has_subclass	DOID_0060945
DOID_630	has_subclass	DOID_0060954
DOID_630	has_subclass	DOID_0060970
DOID_630	has_subclass	DOID_0060974
DOID_630	has_subclass	DOID_0061193
DOID_630	has_subclass	DOID_0061273
DOID_630	has_subclass	DOID_0061274
DOID_630	has_subclass	DOID_0061275
DOID_630	has_subclass	DOID_0061276
DOID_630	has_subclass	DOID_0061294
DOID_630	has_subclass	DOID_0061297
DOID_630	has_subclass	DOID_0070085
DOID_630	has_subclass	DOID_0070089
DOID_630	has_subclass	DOID_0070090
DOID_630	has_subclass	DOID_0070092
DOID_630	has_subclass	DOID_0070093
DOID_630	has_subclass	DOID_0070115
DOID_630	has_subclass	DOID_0070116
DOID_630	has_subclass	DOID_0070117
DOID_630	has_subclass	DOID_0070118
DOID_630	has_subclass	DOID_0070119
DOID_630	has_subclass	DOID_0070120
DOID_630	has_subclass	DOID_0070121
DOID_630	has_subclass	DOID_0070122
DOID_630	has_subclass	DOID_0070186
DOID_630	has_subclass	DOID_0070187
DOID_630	has_subclass	DOID_0070265
DOID_630	has_subclass	DOID_0070298
DOID_630	has_subclass	DOID_0070305
DOID_630	has_subclass	DOID_0070354
DOID_630	has_subclass	DOID_0070357
DOID_630	has_subclass	DOID_0070380
DOID_630	has_subclass	DOID_0070381
DOID_630	has_subclass	DOID_0070428
DOID_630	has_subclass	DOID_0070487
DOID_630	has_subclass	DOID_0070488
DOID_630	has_subclass	DOID_0070512
DOID_630	has_subclass	DOID_0070595
DOID_630	has_subclass	DOID_0070596
DOID_630	has_subclass	DOID_0070597
DOID_630	has_subclass	DOID_0070599
DOID_630	has_subclass	DOID_0070698
DOID_630	has_subclass	DOID_0070703
DOID_630	has_subclass	DOID_0080009
DOID_630	has_subclass	DOID_0080044
DOID_630	has_subclass	DOID_0080090
DOID_630	has_subclass	DOID_0080110
DOID_630	has_subclass	DOID_0080198
DOID_630	has_subclass	DOID_0080240
DOID_630	has_subclass	DOID_0080253
DOID_630	has_subclass	DOID_0080271
DOID_630	has_subclass	DOID_0080275
DOID_630	has_subclass	DOID_0080276
DOID_630	has_subclass	DOID_0080277
DOID_630	has_subclass	DOID_0080278
DOID_630	has_subclass	DOID_0080279
DOID_630	has_subclass	DOID_0080352
DOID_630	has_subclass	DOID_0080379
DOID_630	has_subclass	DOID_0080382
DOID_630	has_subclass	DOID_0080383
DOID_630	has_subclass	DOID_0080385
DOID_630	has_subclass	DOID_0080389
DOID_630	has_subclass	DOID_0080390
DOID_630	has_subclass	DOID_0080392
DOID_630	has_subclass	DOID_0080393
DOID_630	has_subclass	DOID_0080409
DOID_630	has_subclass	DOID_0080410
DOID_630	has_subclass	DOID_0080411
DOID_630	has_subclass	DOID_0080412
DOID_630	has_subclass	DOID_0080467
DOID_630	has_subclass	DOID_0080470
DOID_630	has_subclass	DOID_0080494
DOID_630	has_subclass	DOID_0080505
DOID_630	has_subclass	DOID_0080506
DOID_630	has_subclass	DOID_0080507
DOID_630	has_subclass	DOID_0080508
DOID_630	has_subclass	DOID_0080509
DOID_630	has_subclass	DOID_0080578
DOID_630	has_subclass	DOID_0080606
DOID_630	has_subclass	DOID_0080608
DOID_630	has_subclass	DOID_0080609
DOID_630	has_subclass	DOID_0080610
DOID_630	has_subclass	DOID_0080611
DOID_630	has_subclass	DOID_0080687
DOID_630	has_subclass	DOID_0080858
DOID_630	has_subclass	DOID_0080861
DOID_630	has_subclass	DOID_0080952
DOID_630	has_subclass	DOID_0080960
DOID_630	has_subclass	DOID_0081043
DOID_630	has_subclass	DOID_0081059
DOID_630	has_subclass	DOID_0081321
DOID_630	has_subclass	DOID_0090027
DOID_630	has_subclass	DOID_0090030
DOID_630	has_subclass	DOID_0090100
DOID_630	has_subclass	DOID_0110031
DOID_630	has_subclass	DOID_0110034
DOID_630	has_subclass	DOID_0110049
DOID_630	has_subclass	DOID_0110050
DOID_630	has_subclass	DOID_0110053
DOID_630	has_subclass	DOID_0110054
DOID_630	has_subclass	DOID_0110056
DOID_630	has_subclass	DOID_0110057
DOID_630	has_subclass	DOID_0110058
DOID_630	has_subclass	DOID_0110059
DOID_630	has_subclass	DOID_0110062
DOID_630	has_subclass	DOID_0110063
DOID_630	has_subclass	DOID_0110064
DOID_630	has_subclass	DOID_0110065
DOID_630	has_subclass	DOID_0110066
DOID_630	has_subclass	DOID_0110090
DOID_630	has_subclass	DOID_0110207
DOID_630	has_subclass	DOID_0110209
DOID_630	has_subclass	DOID_0110218
DOID_630	has_subclass	DOID_0110219
DOID_630	has_subclass	DOID_0110220
DOID_630	has_subclass	DOID_0110221
DOID_630	has_subclass	DOID_0110222
DOID_630	has_subclass	DOID_0110223
DOID_630	has_subclass	DOID_0110224
DOID_630	has_subclass	DOID_0110225
DOID_630	has_subclass	DOID_0110226
DOID_630	has_subclass	DOID_0110227
DOID_630	has_subclass	DOID_0110229
DOID_630	has_subclass	DOID_0110230
DOID_630	has_subclass	DOID_0110231
DOID_630	has_subclass	DOID_0110232
DOID_630	has_subclass	DOID_0110233
DOID_630	has_subclass	DOID_0110234
DOID_630	has_subclass	DOID_0110236
DOID_630	has_subclass	DOID_0110238
DOID_630	has_subclass	DOID_0110240
DOID_630	has_subclass	DOID_0110242
DOID_630	has_subclass	DOID_0110243
DOID_630	has_subclass	DOID_0110244
DOID_630	has_subclass	DOID_0110246
DOID_630	has_subclass	DOID_0110249
DOID_630	has_subclass	DOID_0110250
DOID_630	has_subclass	DOID_0110251
DOID_630	has_subclass	DOID_0110252
DOID_630	has_subclass	DOID_0110253
DOID_630	has_subclass	DOID_0110254
DOID_630	has_subclass	DOID_0110255
DOID_630	has_subclass	DOID_0110259
DOID_630	has_subclass	DOID_0110260
DOID_630	has_subclass	DOID_0110261
DOID_630	has_subclass	DOID_0110265
DOID_630	has_subclass	DOID_0110266
DOID_630	has_subclass	DOID_0110267
DOID_630	has_subclass	DOID_0110268
DOID_630	has_subclass	DOID_0110270
DOID_630	has_subclass	DOID_0110271
DOID_630	has_subclass	DOID_0110272
DOID_630	has_subclass	DOID_0110291
DOID_630	has_subclass	DOID_0110331
DOID_630	has_subclass	DOID_0110333
DOID_630	has_subclass	DOID_0110343
DOID_630	has_subclass	DOID_0110350
DOID_630	has_subclass	DOID_0110415
DOID_630	has_subclass	DOID_0110416
DOID_630	has_subclass	DOID_0110418
DOID_630	has_subclass	DOID_0110429
DOID_630	has_subclass	DOID_0110430
DOID_630	has_subclass	DOID_0110431
DOID_630	has_subclass	DOID_0110434
DOID_630	has_subclass	DOID_0110435
DOID_630	has_subclass	DOID_0110436
DOID_630	has_subclass	DOID_0110437
DOID_630	has_subclass	DOID_0110439
DOID_630	has_subclass	DOID_0110440
DOID_630	has_subclass	DOID_0110442
DOID_630	has_subclass	DOID_0110446
DOID_630	has_subclass	DOID_0110449
DOID_630	has_subclass	DOID_0110451
DOID_630	has_subclass	DOID_0110452
DOID_630	has_subclass	DOID_0110453
DOID_630	has_subclass	DOID_0110458
DOID_630	has_subclass	DOID_0110459
DOID_630	has_subclass	DOID_0110461
DOID_630	has_subclass	DOID_0110646
DOID_630	has_subclass	DOID_0110650
DOID_630	has_subclass	DOID_0110739
DOID_630	has_subclass	DOID_0110831
DOID_630	has_subclass	DOID_0110839
DOID_630	has_subclass	DOID_0110857
DOID_630	has_subclass	DOID_0110882
DOID_630	has_subclass	DOID_0110883
DOID_630	has_subclass	DOID_0110884
DOID_630	has_subclass	DOID_0110885
DOID_630	has_subclass	DOID_0110886
DOID_630	has_subclass	DOID_0110887
DOID_630	has_subclass	DOID_0110888
DOID_630	has_subclass	DOID_0110889
DOID_630	has_subclass	DOID_0110890
DOID_630	has_subclass	DOID_0110892
DOID_630	has_subclass	DOID_0110893
DOID_630	has_subclass	DOID_0110894
DOID_630	has_subclass	DOID_0110895
DOID_630	has_subclass	DOID_0110896
DOID_630	has_subclass	DOID_0110897
DOID_630	has_subclass	DOID_0110898
DOID_630	has_subclass	DOID_0110900
DOID_630	has_subclass	DOID_0110901
DOID_630	has_subclass	DOID_0110902
DOID_630	has_subclass	DOID_0110903
DOID_630	has_subclass	DOID_0110904
DOID_630	has_subclass	DOID_0110905
DOID_630	has_subclass	DOID_0110907
DOID_630	has_subclass	DOID_0110908
DOID_630	has_subclass	DOID_0110950
DOID_630	has_subclass	DOID_0110980
DOID_630	has_subclass	DOID_0110981
DOID_630	has_subclass	DOID_0110982
DOID_630	has_subclass	DOID_0110983
DOID_630	has_subclass	DOID_0110984
DOID_630	has_subclass	DOID_0110985
DOID_630	has_subclass	DOID_0110986
DOID_630	has_subclass	DOID_0110987
DOID_630	has_subclass	DOID_0110988
DOID_630	has_subclass	DOID_0110989
DOID_630	has_subclass	DOID_0110990
DOID_630	has_subclass	DOID_0110991
DOID_630	has_subclass	DOID_0110992
DOID_630	has_subclass	DOID_0110993
DOID_630	has_subclass	DOID_0110994
DOID_630	has_subclass	DOID_0110995
DOID_630	has_subclass	DOID_0110996
DOID_630	has_subclass	DOID_0110997
DOID_630	has_subclass	DOID_0110998
DOID_630	has_subclass	DOID_0110999
DOID_630	has_subclass	DOID_0111000
DOID_630	has_subclass	DOID_0111001
DOID_630	has_subclass	DOID_0111002
DOID_630	has_subclass	DOID_0111003
DOID_630	has_subclass	DOID_0111004
DOID_630	has_subclass	DOID_0111086
DOID_630	has_subclass	DOID_0111088
DOID_630	has_subclass	DOID_0111094
DOID_630	has_subclass	DOID_0111097
DOID_630	has_subclass	DOID_0111154
DOID_630	has_subclass	DOID_0111160
DOID_630	has_subclass	DOID_0111193
DOID_630	has_subclass	DOID_0111349
DOID_630	has_subclass	DOID_0111388
DOID_630	has_subclass	DOID_0111411
DOID_630	has_subclass	DOID_0111460
DOID_630	has_subclass	DOID_0111461
DOID_630	has_subclass	DOID_0111463
DOID_630	has_subclass	DOID_0111578
DOID_630	has_subclass	DOID_0111735
DOID_630	has_subclass	DOID_0111736
DOID_630	has_subclass	DOID_0111737
DOID_630	has_subclass	DOID_0111738
DOID_630	has_subclass	DOID_0111739
DOID_630	has_subclass	DOID_0111740
DOID_630	has_subclass	DOID_0111752
DOID_630	has_subclass	DOID_0111761
DOID_630	has_subclass	DOID_0111762
DOID_630	has_subclass	DOID_0111765
DOID_630	has_subclass	DOID_0111777
DOID_630	has_subclass	DOID_0111778
DOID_630	has_subclass	DOID_0111779
DOID_630	has_subclass	DOID_0111780
DOID_630	has_subclass	DOID_0111783
DOID_630	has_subclass	DOID_0111784
DOID_630	has_subclass	DOID_0111788
DOID_630	has_subclass	DOID_0111796
DOID_630	has_subclass	DOID_0111799
DOID_630	has_subclass	DOID_0111800
DOID_630	has_subclass	DOID_0111802
DOID_630	has_subclass	DOID_0111803
DOID_630	has_subclass	DOID_0111808
DOID_630	has_subclass	DOID_0111809
DOID_630	has_subclass	DOID_0111811
DOID_630	has_subclass	DOID_0111822
DOID_630	has_subclass	DOID_0111826
DOID_630	has_subclass	DOID_0111828
DOID_630	has_subclass	DOID_0111829
DOID_630	has_subclass	DOID_0111830
DOID_630	has_subclass	DOID_0111831
DOID_630	has_subclass	DOID_0111832
DOID_630	has_subclass	DOID_0111833
DOID_630	has_subclass	DOID_0111834
DOID_630	has_subclass	DOID_0111861
DOID_630	has_subclass	DOID_0111868
DOID_630	has_subclass	DOID_0111876
DOID_630	has_subclass	DOID_0111877
DOID_630	has_subclass	DOID_0111908
DOID_630	has_subclass	DOID_0112016
DOID_630	has_subclass	DOID_0112017
DOID_630	has_subclass	DOID_0112018
DOID_630	has_subclass	DOID_0112019
DOID_630	has_subclass	DOID_0112020
DOID_630	has_subclass	DOID_0112021
DOID_630	has_subclass	DOID_0112022
DOID_630	has_subclass	DOID_0112023
DOID_630	has_subclass	DOID_0112024
DOID_630	has_subclass	DOID_0112026
DOID_630	has_subclass	DOID_0112027
DOID_630	has_subclass	DOID_0112028
DOID_630	has_subclass	DOID_0112029
DOID_630	has_subclass	DOID_0112030
DOID_630	has_subclass	DOID_0112031
DOID_630	has_subclass	DOID_0112032
DOID_630	has_subclass	DOID_0112033
DOID_630	has_subclass	DOID_0112034
DOID_630	has_subclass	DOID_0112035
DOID_630	has_subclass	DOID_0112036
DOID_630	has_subclass	DOID_0112037
DOID_630	has_subclass	DOID_0112038
DOID_630	has_subclass	DOID_0112039
DOID_630	has_subclass	DOID_0112040
DOID_630	has_subclass	DOID_0112041
DOID_630	has_subclass	DOID_0112043
DOID_630	has_subclass	DOID_0112044
DOID_630	has_subclass	DOID_0112045
DOID_630	has_subclass	DOID_0112046
DOID_630	has_subclass	DOID_0112047
DOID_630	has_subclass	DOID_0112048
DOID_630	has_subclass	DOID_0112049
DOID_630	has_subclass	DOID_0112050
DOID_630	has_subclass	DOID_0112051
DOID_630	has_subclass	DOID_0112052
DOID_630	has_subclass	DOID_0112053
DOID_630	has_subclass	DOID_0112054
DOID_630	has_subclass	DOID_0112055
DOID_630	has_subclass	DOID_0112057
DOID_630	has_subclass	DOID_0112058
DOID_630	has_subclass	DOID_0112059
DOID_630	has_subclass	DOID_0112060
DOID_630	has_subclass	DOID_0112102
DOID_630	has_subclass	DOID_0112103
DOID_630	has_subclass	DOID_0112104
DOID_630	has_subclass	DOID_0112106
DOID_630	has_subclass	DOID_0112107
DOID_630	has_subclass	DOID_0112120
DOID_630	has_subclass	DOID_0112122
DOID_630	has_subclass	DOID_0112123
DOID_630	has_subclass	DOID_0112124
DOID_630	has_subclass	DOID_0112143
DOID_630	has_subclass	DOID_0112151
DOID_630	has_subclass	DOID_0112161
DOID_630	has_subclass	DOID_0112169
DOID_630	has_subclass	DOID_0112172
DOID_630	has_subclass	DOID_0112173
DOID_630	has_subclass	DOID_0112190
DOID_630	has_subclass	DOID_0112227
DOID_630	has_subclass	DOID_0112238
DOID_630	has_subclass	DOID_0112239
DOID_630	has_subclass	DOID_0112245
DOID_630	has_subclass	DOID_0112265
DOID_630	has_subclass	DOID_0112267
DOID_630	has_subclass	DOID_0112268
DOID_630	has_subclass	DOID_1099
DOID_630	has_subclass	DOID_10997
DOID_630	has_subclass	DOID_11211
DOID_630	has_subclass	DOID_11212
DOID_630	has_subclass	DOID_11725
DOID_630	has_subclass	DOID_13269
DOID_630	has_subclass	DOID_13328
DOID_630	has_subclass	DOID_13574
DOID_630	has_subclass	DOID_13717
DOID_630	has_subclass	DOID_13822
DOID_630	has_subclass	DOID_13963
DOID_630	has_subclass	DOID_13964
DOID_630	has_subclass	DOID_14261
DOID_630	has_subclass	DOID_14557
DOID_630	has_subclass	DOID_14737
DOID_630	has_subclass	DOID_14748
DOID_630	has_subclass	DOID_14778
DOID_630	has_subclass	DOID_1858
DOID_630	has_subclass	DOID_2120
DOID_630	has_subclass	DOID_2187
DOID_630	has_subclass	DOID_2229
DOID_630	has_subclass	DOID_2581
DOID_630	has_subclass	DOID_2590
DOID_630	has_subclass	DOID_2987
DOID_630	has_subclass	DOID_3490
DOID_630	has_subclass	DOID_3783
DOID_630	has_subclass	DOID_82
DOID_630	has_subclass	DOID_83
DOID_630	has_subclass	DOID_9250
DOID_630	has_subclass	DOID_9669
DOID_6364	has_subclass	DOID_0060178
DOID_6364	has_subclass	DOID_0111181
DOID_6364	has_subclass	DOID_0111182
DOID_6364	has_subclass	DOID_0111183
DOID_640	has_subclass	DOID_10992
DOID_6432	has_subclass	DOID_0081268
DOID_6498	has_subclass	DOID_6943
DOID_65	has_subclass	DOID_0040098
DOID_65	has_subclass	DOID_0050440
DOID_65	has_subclass	DOID_0050463
DOID_65	has_subclass	DOID_0050585
DOID_65	has_subclass	DOID_0050603
DOID_65	has_subclass	DOID_0050604
DOID_65	has_subclass	DOID_0050648
DOID_65	has_subclass	DOID_0050680
DOID_65	has_subclass	DOID_0050690
DOID_65	has_subclass	DOID_0050767
DOID_65	has_subclass	DOID_0050775
DOID_65	has_subclass	DOID_0050812
DOID_65	has_subclass	DOID_0051046
DOID_65	has_subclass	DOID_0060102
DOID_65	has_subclass	DOID_0060157
DOID_65	has_subclass	DOID_0060247
DOID_65	has_subclass	DOID_0060288
DOID_65	has_subclass	DOID_0060387
DOID_65	has_subclass	DOID_0060462
DOID_65	has_subclass	DOID_0060490
DOID_65	has_subclass	DOID_0060569
DOID_65	has_subclass	DOID_0060608
DOID_65	has_subclass	DOID_0060609
DOID_65	has_subclass	DOID_0060847
DOID_65	has_subclass	DOID_0060851
DOID_65	has_subclass	DOID_0070202
DOID_65	has_subclass	DOID_0070203
DOID_65	has_subclass	DOID_0070204
DOID_65	has_subclass	DOID_0070205
DOID_65	has_subclass	DOID_0070206
DOID_65	has_subclass	DOID_0070207
DOID_65	has_subclass	DOID_0070299
DOID_65	has_subclass	DOID_0070300
DOID_65	has_subclass	DOID_0070302
DOID_65	has_subclass	DOID_0080019
DOID_65	has_subclass	DOID_0080020
DOID_65	has_subclass	DOID_0080021
DOID_65	has_subclass	DOID_0080026
DOID_65	has_subclass	DOID_0080027
DOID_65	has_subclass	DOID_0080038
DOID_65	has_subclass	DOID_0080047
DOID_65	has_subclass	DOID_0080298
DOID_65	has_subclass	DOID_0080299
DOID_65	has_subclass	DOID_0080300
DOID_65	has_subclass	DOID_0080721
DOID_65	has_subclass	DOID_0080722
DOID_65	has_subclass	DOID_0080723
DOID_65	has_subclass	DOID_0080724
DOID_65	has_subclass	DOID_0080841
DOID_65	has_subclass	DOID_0080844
DOID_65	has_subclass	DOID_0080845
DOID_65	has_subclass	DOID_0080850
DOID_65	has_subclass	DOID_0080851
DOID_65	has_subclass	DOID_0080852
DOID_65	has_subclass	DOID_0081270
DOID_65	has_subclass	DOID_0081271
DOID_65	has_subclass	DOID_0111135
DOID_65	has_subclass	DOID_0111136
DOID_65	has_subclass	DOID_0111137
DOID_65	has_subclass	DOID_0111138
DOID_65	has_subclass	DOID_0111167
DOID_65	has_subclass	DOID_0111243
DOID_65	has_subclass	DOID_0111367
DOID_65	has_subclass	DOID_0111508
DOID_65	has_subclass	DOID_0111512
DOID_65	has_subclass	DOID_0111513
DOID_65	has_subclass	DOID_0111533
DOID_65	has_subclass	DOID_0112150
DOID_65	has_subclass	DOID_0112195
DOID_65	has_subclass	DOID_0112196
DOID_65	has_subclass	DOID_10986
DOID_65	has_subclass	DOID_11121
DOID_65	has_subclass	DOID_11189
DOID_65	has_subclass	DOID_11623
DOID_65	has_subclass	DOID_11656
DOID_65	has_subclass	DOID_12297
DOID_65	has_subclass	DOID_12306
DOID_65	has_subclass	DOID_12721
DOID_65	has_subclass	DOID_13353
DOID_65	has_subclass	DOID_13357
DOID_65	has_subclass	DOID_13481
DOID_65	has_subclass	DOID_13566
DOID_65	has_subclass	DOID_13585
DOID_65	has_subclass	DOID_14021
DOID_65	has_subclass	DOID_14482
DOID_65	has_subclass	DOID_14687
DOID_65	has_subclass	DOID_14798
DOID_65	has_subclass	DOID_1577
DOID_65	has_subclass	DOID_1578
DOID_65	has_subclass	DOID_1580
DOID_65	has_subclass	DOID_2256
DOID_65	has_subclass	DOID_2556
DOID_65	has_subclass	DOID_2557
DOID_65	has_subclass	DOID_418
DOID_65	has_subclass	DOID_419
DOID_65	has_subclass	DOID_4258
DOID_65	has_subclass	DOID_4480
DOID_65	has_subclass	DOID_5608
DOID_65	has_subclass	DOID_5684
DOID_65	has_subclass	DOID_6227
DOID_65	has_subclass	DOID_7326
DOID_65	has_subclass	DOID_7327
DOID_65	has_subclass	DOID_8506
DOID_65	has_subclass	DOID_9182
DOID_65	has_subclass	DOID_9358
DOID_65	has_subclass	DOID_9599
DOID_65	has_subclass	DOID_9600
DOID_65	has_subclass	DOID_9601
DOID_65	has_subclass	DOID_9602
DOID_65	has_subclass	DOID_9603
DOID_65	has_subclass	DOID_986
DOID_653	has_subclass	DOID_0070452
DOID_653	has_subclass	DOID_0070453
DOID_6536	has_subclass	DOID_3720
DOID_6536	has_subclass	DOID_3722
DOID_6536	has_subclass	DOID_3723
DOID_654	has_subclass	DOID_11981
DOID_655	has_subclass	DOID_0050437
DOID_655	has_subclass	DOID_0050461
DOID_655	has_subclass	DOID_0050713
DOID_655	has_subclass	DOID_0050719
DOID_655	has_subclass	DOID_0050730
DOID_655	has_subclass	DOID_0050757
DOID_655	has_subclass	DOID_0050768
DOID_655	has_subclass	DOID_0050809
DOID_655	has_subclass	DOID_0051029
DOID_655	has_subclass	DOID_0060067
DOID_655	has_subclass	DOID_0060222
DOID_655	has_subclass	DOID_0060236
DOID_655	has_subclass	DOID_0060331
DOID_655	has_subclass	DOID_0060332
DOID_655	has_subclass	DOID_0060537
DOID_655	has_subclass	DOID_0060640
DOID_655	has_subclass	DOID_0060996
DOID_655	has_subclass	DOID_0061004
DOID_655	has_subclass	DOID_0061128
DOID_655	has_subclass	DOID_0061185
DOID_655	has_subclass	DOID_0070027
DOID_655	has_subclass	DOID_0070028
DOID_655	has_subclass	DOID_0070030
DOID_655	has_subclass	DOID_0070238
DOID_655	has_subclass	DOID_0070239
DOID_655	has_subclass	DOID_0070240
DOID_655	has_subclass	DOID_0070241
DOID_655	has_subclass	DOID_0070242
DOID_655	has_subclass	DOID_0070243
DOID_655	has_subclass	DOID_0070244
DOID_655	has_subclass	DOID_0070245
DOID_655	has_subclass	DOID_0070329
DOID_655	has_subclass	DOID_0070331
DOID_655	has_subclass	DOID_0070446
DOID_655	has_subclass	DOID_0070447
DOID_655	has_subclass	DOID_0070450
DOID_655	has_subclass	DOID_0070451
DOID_655	has_subclass	DOID_0070452
DOID_655	has_subclass	DOID_0070453
DOID_655	has_subclass	DOID_0070463
DOID_655	has_subclass	DOID_0070491
DOID_655	has_subclass	DOID_0070492
DOID_655	has_subclass	DOID_0070493
DOID_655	has_subclass	DOID_0070497
DOID_655	has_subclass	DOID_0070498
DOID_655	has_subclass	DOID_0070500
DOID_655	has_subclass	DOID_0070502
DOID_655	has_subclass	DOID_0070504
DOID_655	has_subclass	DOID_0070505
DOID_655	has_subclass	DOID_0070506
DOID_655	has_subclass	DOID_0070540
DOID_655	has_subclass	DOID_0070691
DOID_655	has_subclass	DOID_0080119
DOID_655	has_subclass	DOID_0080121
DOID_655	has_subclass	DOID_0080123
DOID_655	has_subclass	DOID_0080127
DOID_655	has_subclass	DOID_0080128
DOID_655	has_subclass	DOID_0080130
DOID_655	has_subclass	DOID_0080131
DOID_655	has_subclass	DOID_0080335
DOID_655	has_subclass	DOID_0080336
DOID_655	has_subclass	DOID_0080337
DOID_655	has_subclass	DOID_0080357
DOID_655	has_subclass	DOID_0080358
DOID_655	has_subclass	DOID_0080359
DOID_655	has_subclass	DOID_0080360
DOID_655	has_subclass	DOID_0080363
DOID_655	has_subclass	DOID_0080540
DOID_655	has_subclass	DOID_0081377
DOID_655	has_subclass	DOID_0090028
DOID_655	has_subclass	DOID_0111143
DOID_655	has_subclass	DOID_0111180
DOID_655	has_subclass	DOID_0111273
DOID_655	has_subclass	DOID_0111276
DOID_655	has_subclass	DOID_0111329
DOID_655	has_subclass	DOID_0111389
DOID_655	has_subclass	DOID_0111390
DOID_655	has_subclass	DOID_0111678
DOID_655	has_subclass	DOID_0111679
DOID_655	has_subclass	DOID_0111748
DOID_655	has_subclass	DOID_0111749
DOID_655	has_subclass	DOID_0111750
DOID_655	has_subclass	DOID_0112138
DOID_655	has_subclass	DOID_0112317
DOID_655	has_subclass	DOID_0112318
DOID_655	has_subclass	DOID_0112319
DOID_655	has_subclass	DOID_0112320
DOID_655	has_subclass	DOID_12308
DOID_655	has_subclass	DOID_12798
DOID_655	has_subclass	DOID_12799
DOID_655	has_subclass	DOID_12800
DOID_655	has_subclass	DOID_12802
DOID_655	has_subclass	DOID_12803
DOID_655	has_subclass	DOID_14218
DOID_655	has_subclass	DOID_14500
DOID_655	has_subclass	DOID_2739
DOID_655	has_subclass	DOID_3413
DOID_655	has_subclass	DOID_3633
DOID_655	has_subclass	DOID_3652
DOID_655	has_subclass	DOID_3659
DOID_655	has_subclass	DOID_3762
DOID_655	has_subclass	DOID_3803
DOID_657	has_subclass	DOID_0111366
DOID_657	has_subclass	DOID_5437
DOID_657	has_subclass	DOID_6203
DOID_657	has_subclass	DOID_6204
DOID_657	has_subclass	DOID_6613
DOID_657	has_subclass	DOID_7607
DOID_657	has_subclass	DOID_7609
DOID_657	has_subclass	DOID_7610
DOID_657	has_subclass	DOID_7611
DOID_657	has_subclass	DOID_8102
DOID_657	has_subclass	DOID_8104
DOID_657	has_subclass	DOID_8109
DOID_657	has_subclass	DOID_8162
DOID_657	has_subclass	DOID_8292
DOID_657	has_subclass	DOID_8419
DOID_66	has_subclass	DOID_0081335
DOID_66	has_subclass	DOID_0111593
DOID_66	has_subclass	DOID_0111594
DOID_66	has_subclass	DOID_0111595
DOID_66	has_subclass	DOID_0111596
DOID_66	has_subclass	DOID_0111597
DOID_66	has_subclass	DOID_0111598
DOID_66	has_subclass	DOID_0111603
DOID_66	has_subclass	DOID_0111607
DOID_66	has_subclass	DOID_0111608
DOID_66	has_subclass	DOID_0111609
DOID_66	has_subclass	DOID_0111610
DOID_660	has_subclass	DOID_3959
DOID_6713	has_subclass	DOID_0051062
DOID_6713	has_subclass	DOID_0051063
DOID_6713	has_subclass	DOID_0060670
DOID_6713	has_subclass	DOID_0060671
DOID_6713	has_subclass	DOID_0080491
DOID_6713	has_subclass	DOID_13003
DOID_6713	has_subclass	DOID_223
DOID_6713	has_subclass	DOID_224
DOID_6713	has_subclass	DOID_3410
DOID_6713	has_subclass	DOID_3522
DOID_6713	has_subclass	DOID_3523
DOID_6713	has_subclass	DOID_3572
DOID_6713	has_subclass	DOID_3574
DOID_6713	has_subclass	DOID_3575
DOID_6713	has_subclass	DOID_3576
DOID_6713	has_subclass	DOID_6621
DOID_684	has_subclass	DOID_0080182
DOID_686	has_subclass	DOID_0070322
DOID_686	has_subclass	DOID_0070328
DOID_686	has_subclass	DOID_0080182
DOID_686	has_subclass	DOID_5015
DOID_686	has_subclass	DOID_5016
DOID_686	has_subclass	DOID_5022
DOID_686	has_subclass	DOID_5026
DOID_688	has_subclass	DOID_5680
DOID_688	has_subclass	DOID_6162
DOID_688	has_subclass	DOID_7232
DOID_688	has_subclass	DOID_8275
DOID_6929	has_subclass	DOID_4447
DOID_693	has_subclass	DOID_0060945
DOID_693	has_subclass	DOID_0080960
DOID_693	has_subclass	DOID_0110053
DOID_693	has_subclass	DOID_0110054
DOID_693	has_subclass	DOID_0110056
DOID_693	has_subclass	DOID_0110057
DOID_693	has_subclass	DOID_0110058
DOID_693	has_subclass	DOID_0110059
DOID_693	has_subclass	DOID_0110062
DOID_693	has_subclass	DOID_0110063
DOID_693	has_subclass	DOID_0110064
DOID_693	has_subclass	DOID_0110065
DOID_693	has_subclass	DOID_0110066
DOID_6970	has_subclass	DOID_12996
DOID_6970	has_subclass	DOID_12997
DOID_6970	has_subclass	DOID_9937
DOID_699	has_subclass	DOID_0070759
DOID_699	has_subclass	DOID_0111515
DOID_699	has_subclass	DOID_0111516
DOID_699	has_subclass	DOID_0111518
DOID_699	has_subclass	DOID_0111520
DOID_699	has_subclass	DOID_0111522
DOID_699	has_subclass	DOID_0111523
DOID_699	has_subclass	DOID_0111525
DOID_699	has_subclass	DOID_12934
DOID_699	has_subclass	DOID_310
DOID_699	has_subclass	DOID_3687
DOID_7	has_subclass	DOID_0040086
DOID_7	has_subclass	DOID_0040090
DOID_7	has_subclass	DOID_0040091
DOID_7	has_subclass	DOID_0040092
DOID_7	has_subclass	DOID_0040098
DOID_7	has_subclass	DOID_0040100
DOID_7	has_subclass	DOID_0050073
DOID_7	has_subclass	DOID_0050129
DOID_7	has_subclass	DOID_0050130
DOID_7	has_subclass	DOID_0050131
DOID_7	has_subclass	DOID_0050132
DOID_7	has_subclass	DOID_0050140
DOID_7	has_subclass	DOID_0050145
DOID_7	has_subclass	DOID_0050148
DOID_7	has_subclass	DOID_0050161
DOID_7	has_subclass	DOID_0050200
DOID_7	has_subclass	DOID_0050201
DOID_7	has_subclass	DOID_0050214
DOID_7	has_subclass	DOID_0050218
DOID_7	has_subclass	DOID_0050222
DOID_7	has_subclass	DOID_0050256
DOID_7	has_subclass	DOID_0050260
DOID_7	has_subclass	DOID_0050269
DOID_7	has_subclass	DOID_0050270
DOID_7	has_subclass	DOID_0050387
DOID_7	has_subclass	DOID_0050424
DOID_7	has_subclass	DOID_0050440
DOID_7	has_subclass	DOID_0050463
DOID_7	has_subclass	DOID_0050489
DOID_7	has_subclass	DOID_0050522
DOID_7	has_subclass	DOID_0050538
DOID_7	has_subclass	DOID_0050539
DOID_7	has_subclass	DOID_0050540
DOID_7	has_subclass	DOID_0050546
DOID_7	has_subclass	DOID_0050553
DOID_7	has_subclass	DOID_0050585
DOID_7	has_subclass	DOID_0050590
DOID_7	has_subclass	DOID_0050591
DOID_7	has_subclass	DOID_0050603
DOID_7	has_subclass	DOID_0050604
DOID_7	has_subclass	DOID_0050612
DOID_7	has_subclass	DOID_0050614
DOID_7	has_subclass	DOID_0050622
DOID_7	has_subclass	DOID_0050624
DOID_7	has_subclass	DOID_0050625
DOID_7	has_subclass	DOID_0050626
DOID_7	has_subclass	DOID_0050645
DOID_7	has_subclass	DOID_0050648
DOID_7	has_subclass	DOID_0050680
DOID_7	has_subclass	DOID_0050690
DOID_7	has_subclass	DOID_0050692
DOID_7	has_subclass	DOID_0050695
DOID_7	has_subclass	DOID_0050697
DOID_7	has_subclass	DOID_0050698
DOID_7	has_subclass	DOID_0050710
DOID_7	has_subclass	DOID_0050744
DOID_7	has_subclass	DOID_0050745
DOID_7	has_subclass	DOID_0050746
DOID_7	has_subclass	DOID_0050750
DOID_7	has_subclass	DOID_0050767
DOID_7	has_subclass	DOID_0050775
DOID_7	has_subclass	DOID_0050791
DOID_7	has_subclass	DOID_0050812
DOID_7	has_subclass	DOID_0050824
DOID_7	has_subclass	DOID_0050829
DOID_7	has_subclass	DOID_0050855
DOID_7	has_subclass	DOID_0050862
DOID_7	has_subclass	DOID_0050865
DOID_7	has_subclass	DOID_0050866
DOID_7	has_subclass	DOID_0050868
DOID_7	has_subclass	DOID_0050873
DOID_7	has_subclass	DOID_0050877
DOID_7	has_subclass	DOID_0050893
DOID_7	has_subclass	DOID_0050908
DOID_7	has_subclass	DOID_0050911
DOID_7	has_subclass	DOID_0050924
DOID_7	has_subclass	DOID_0050925
DOID_7	has_subclass	DOID_0050928
DOID_7	has_subclass	DOID_0050933
DOID_7	has_subclass	DOID_0050934
DOID_7	has_subclass	DOID_0050937
DOID_7	has_subclass	DOID_0051000
DOID_7	has_subclass	DOID_0051043
DOID_7	has_subclass	DOID_0051046
DOID_7	has_subclass	DOID_0051077
DOID_7	has_subclass	DOID_0051078
DOID_7	has_subclass	DOID_0060005
DOID_7	has_subclass	DOID_0060024
DOID_7	has_subclass	DOID_0060026
DOID_7	has_subclass	DOID_0060027
DOID_7	has_subclass	DOID_0060031
DOID_7	has_subclass	DOID_0060032
DOID_7	has_subclass	DOID_0060039
DOID_7	has_subclass	DOID_0060056
DOID_7	has_subclass	DOID_0060058
DOID_7	has_subclass	DOID_0060060
DOID_7	has_subclass	DOID_0060062
DOID_7	has_subclass	DOID_0060073
DOID_7	has_subclass	DOID_0060083
DOID_7	has_subclass	DOID_0060086
DOID_7	has_subclass	DOID_0060088
DOID_7	has_subclass	DOID_0060095
DOID_7	has_subclass	DOID_0060100
DOID_7	has_subclass	DOID_0060102
DOID_7	has_subclass	DOID_0060109
DOID_7	has_subclass	DOID_0060110
DOID_7	has_subclass	DOID_0060112
DOID_7	has_subclass	DOID_0060157
DOID_7	has_subclass	DOID_0060219
DOID_7	has_subclass	DOID_0060247
DOID_7	has_subclass	DOID_0060262
DOID_7	has_subclass	DOID_0060288
DOID_7	has_subclass	DOID_0060296
DOID_7	has_subclass	DOID_0060310
DOID_7	has_subclass	DOID_0060311
DOID_7	has_subclass	DOID_0060312
DOID_7	has_subclass	DOID_0060313
DOID_7	has_subclass	DOID_0060315
DOID_7	has_subclass	DOID_0060317
DOID_7	has_subclass	DOID_0060320
DOID_7	has_subclass	DOID_0060324
DOID_7	has_subclass	DOID_0060328
DOID_7	has_subclass	DOID_0060329
DOID_7	has_subclass	DOID_0060338
DOID_7	has_subclass	DOID_0060387
DOID_7	has_subclass	DOID_0060462
DOID_7	has_subclass	DOID_0060474
DOID_7	has_subclass	DOID_0060490
DOID_7	has_subclass	DOID_0060569
DOID_7	has_subclass	DOID_0060591
DOID_7	has_subclass	DOID_0060592
DOID_7	has_subclass	DOID_0060604
DOID_7	has_subclass	DOID_0060608
DOID_7	has_subclass	DOID_0060609
DOID_7	has_subclass	DOID_0060646
DOID_7	has_subclass	DOID_0060704
DOID_7	has_subclass	DOID_0060705
DOID_7	has_subclass	DOID_0060706
DOID_7	has_subclass	DOID_0060761
DOID_7	has_subclass	DOID_0060777
DOID_7	has_subclass	DOID_0060781
DOID_7	has_subclass	DOID_0060847
DOID_7	has_subclass	DOID_0060850
DOID_7	has_subclass	DOID_0060851
DOID_7	has_subclass	DOID_0060887
DOID_7	has_subclass	DOID_0060888
DOID_7	has_subclass	DOID_0060901
DOID_7	has_subclass	DOID_0060911
DOID_7	has_subclass	DOID_0060913
DOID_7	has_subclass	DOID_0060914
DOID_7	has_subclass	DOID_0060915
DOID_7	has_subclass	DOID_0060919
DOID_7	has_subclass	DOID_0060941
DOID_7	has_subclass	DOID_0060978
DOID_7	has_subclass	DOID_0060988
DOID_7	has_subclass	DOID_0061051
DOID_7	has_subclass	DOID_0061052
DOID_7	has_subclass	DOID_0061053
DOID_7	has_subclass	DOID_0061056
DOID_7	has_subclass	DOID_0061058
DOID_7	has_subclass	DOID_0061059
DOID_7	has_subclass	DOID_0061061
DOID_7	has_subclass	DOID_0061065
DOID_7	has_subclass	DOID_0061066
DOID_7	has_subclass	DOID_0061067
DOID_7	has_subclass	DOID_0061071
DOID_7	has_subclass	DOID_0061076
DOID_7	has_subclass	DOID_0061078
DOID_7	has_subclass	DOID_0061083
DOID_7	has_subclass	DOID_0061084
DOID_7	has_subclass	DOID_0061089
DOID_7	has_subclass	DOID_0061091
DOID_7	has_subclass	DOID_0061094
DOID_7	has_subclass	DOID_0061101
DOID_7	has_subclass	DOID_0061118
DOID_7	has_subclass	DOID_0061119
DOID_7	has_subclass	DOID_0061120
DOID_7	has_subclass	DOID_0061121
DOID_7	has_subclass	DOID_0061122
DOID_7	has_subclass	DOID_0061125
DOID_7	has_subclass	DOID_0061168
DOID_7	has_subclass	DOID_0061184
DOID_7	has_subclass	DOID_0061197
DOID_7	has_subclass	DOID_0061215
DOID_7	has_subclass	DOID_0061224
DOID_7	has_subclass	DOID_0061251
DOID_7	has_subclass	DOID_0070004
DOID_7	has_subclass	DOID_0070202
DOID_7	has_subclass	DOID_0070203
DOID_7	has_subclass	DOID_0070204
DOID_7	has_subclass	DOID_0070205
DOID_7	has_subclass	DOID_0070206
DOID_7	has_subclass	DOID_0070207
DOID_7	has_subclass	DOID_0070299
DOID_7	has_subclass	DOID_0070300
DOID_7	has_subclass	DOID_0070302
DOID_7	has_subclass	DOID_0070314
DOID_7	has_subclass	DOID_0070324
DOID_7	has_subclass	DOID_0070358
DOID_7	has_subclass	DOID_0070359
DOID_7	has_subclass	DOID_0070360
DOID_7	has_subclass	DOID_0070361
DOID_7	has_subclass	DOID_0070362
DOID_7	has_subclass	DOID_0070475
DOID_7	has_subclass	DOID_0070615
DOID_7	has_subclass	DOID_0070623
DOID_7	has_subclass	DOID_0070624
DOID_7	has_subclass	DOID_0070625
DOID_7	has_subclass	DOID_0070626
DOID_7	has_subclass	DOID_0070627
DOID_7	has_subclass	DOID_0070628
DOID_7	has_subclass	DOID_0070678
DOID_7	has_subclass	DOID_0070679
DOID_7	has_subclass	DOID_0070690
DOID_7	has_subclass	DOID_0070732
DOID_7	has_subclass	DOID_0080000
DOID_7	has_subclass	DOID_0080019
DOID_7	has_subclass	DOID_0080020
DOID_7	has_subclass	DOID_0080021
DOID_7	has_subclass	DOID_0080026
DOID_7	has_subclass	DOID_0080027
DOID_7	has_subclass	DOID_0080038
DOID_7	has_subclass	DOID_0080047
DOID_7	has_subclass	DOID_0080067
DOID_7	has_subclass	DOID_0080068
DOID_7	has_subclass	DOID_0080069
DOID_7	has_subclass	DOID_0080077
DOID_7	has_subclass	DOID_0080146
DOID_7	has_subclass	DOID_0080149
DOID_7	has_subclass	DOID_0080164
DOID_7	has_subclass	DOID_0080165
DOID_7	has_subclass	DOID_0080166
DOID_7	has_subclass	DOID_0080167
DOID_7	has_subclass	DOID_0080171
DOID_7	has_subclass	DOID_0080178
DOID_7	has_subclass	DOID_0080192
DOID_7	has_subclass	DOID_0080200
DOID_7	has_subclass	DOID_0080205
DOID_7	has_subclass	DOID_0080206
DOID_7	has_subclass	DOID_0080207
DOID_7	has_subclass	DOID_0080210
DOID_7	has_subclass	DOID_0080290
DOID_7	has_subclass	DOID_0080298
DOID_7	has_subclass	DOID_0080299
DOID_7	has_subclass	DOID_0080300
DOID_7	has_subclass	DOID_0080323
DOID_7	has_subclass	DOID_0080339
DOID_7	has_subclass	DOID_0080365
DOID_7	has_subclass	DOID_0080409
DOID_7	has_subclass	DOID_0080410
DOID_7	has_subclass	DOID_0080411
DOID_7	has_subclass	DOID_0080412
DOID_7	has_subclass	DOID_0080520
DOID_7	has_subclass	DOID_0080532
DOID_7	has_subclass	DOID_0080579
DOID_7	has_subclass	DOID_0080580
DOID_7	has_subclass	DOID_0080587
DOID_7	has_subclass	DOID_0080603
DOID_7	has_subclass	DOID_0080605
DOID_7	has_subclass	DOID_0080615
DOID_7	has_subclass	DOID_0080616
DOID_7	has_subclass	DOID_0080618
DOID_7	has_subclass	DOID_0080625
DOID_7	has_subclass	DOID_0080626
DOID_7	has_subclass	DOID_0080630
DOID_7	has_subclass	DOID_0080638
DOID_7	has_subclass	DOID_0080640
DOID_7	has_subclass	DOID_0080641
DOID_7	has_subclass	DOID_0080643
DOID_7	has_subclass	DOID_0080644
DOID_7	has_subclass	DOID_0080645
DOID_7	has_subclass	DOID_0080646
DOID_7	has_subclass	DOID_0080647
DOID_7	has_subclass	DOID_0080648
DOID_7	has_subclass	DOID_0080649
DOID_7	has_subclass	DOID_0080650
DOID_7	has_subclass	DOID_0080651
DOID_7	has_subclass	DOID_0080653
DOID_7	has_subclass	DOID_0080654
DOID_7	has_subclass	DOID_0080655
DOID_7	has_subclass	DOID_0080709
DOID_7	has_subclass	DOID_0080710
DOID_7	has_subclass	DOID_0080721
DOID_7	has_subclass	DOID_0080722
DOID_7	has_subclass	DOID_0080723
DOID_7	has_subclass	DOID_0080724
DOID_7	has_subclass	DOID_0080742
DOID_7	has_subclass	DOID_0080745
DOID_7	has_subclass	DOID_0080763
DOID_7	has_subclass	DOID_0080764
DOID_7	has_subclass	DOID_0080778
DOID_7	has_subclass	DOID_0080779
DOID_7	has_subclass	DOID_0080784
DOID_7	has_subclass	DOID_0080833
DOID_7	has_subclass	DOID_0080834
DOID_7	has_subclass	DOID_0080841
DOID_7	has_subclass	DOID_0080844
DOID_7	has_subclass	DOID_0080845
DOID_7	has_subclass	DOID_0080850
DOID_7	has_subclass	DOID_0080851
DOID_7	has_subclass	DOID_0080852
DOID_7	has_subclass	DOID_0080894
DOID_7	has_subclass	DOID_0080897
DOID_7	has_subclass	DOID_0080900
DOID_7	has_subclass	DOID_0080901
DOID_7	has_subclass	DOID_0080915
DOID_7	has_subclass	DOID_0080927
DOID_7	has_subclass	DOID_0080928
DOID_7	has_subclass	DOID_0080933
DOID_7	has_subclass	DOID_0080934
DOID_7	has_subclass	DOID_0080936
DOID_7	has_subclass	DOID_0080996
DOID_7	has_subclass	DOID_0080997
DOID_7	has_subclass	DOID_0081004
DOID_7	has_subclass	DOID_0081041
DOID_7	has_subclass	DOID_0081042
DOID_7	has_subclass	DOID_0081064
DOID_7	has_subclass	DOID_0081065
DOID_7	has_subclass	DOID_0081066
DOID_7	has_subclass	DOID_0081067
DOID_7	has_subclass	DOID_0081068
DOID_7	has_subclass	DOID_0081069
DOID_7	has_subclass	DOID_0081070
DOID_7	has_subclass	DOID_0081071
DOID_7	has_subclass	DOID_0081088
DOID_7	has_subclass	DOID_0081101
DOID_7	has_subclass	DOID_0081102
DOID_7	has_subclass	DOID_0081136
DOID_7	has_subclass	DOID_0081138
DOID_7	has_subclass	DOID_0081141
DOID_7	has_subclass	DOID_0081142
DOID_7	has_subclass	DOID_0081143
DOID_7	has_subclass	DOID_0081144
DOID_7	has_subclass	DOID_0081147
DOID_7	has_subclass	DOID_0081148
DOID_7	has_subclass	DOID_0081150
DOID_7	has_subclass	DOID_0081154
DOID_7	has_subclass	DOID_0081156
DOID_7	has_subclass	DOID_0081242
DOID_7	has_subclass	DOID_0081267
DOID_7	has_subclass	DOID_0081270
DOID_7	has_subclass	DOID_0081271
DOID_7	has_subclass	DOID_0081307
DOID_7	has_subclass	DOID_0081308
DOID_7	has_subclass	DOID_0081309
DOID_7	has_subclass	DOID_0081310
DOID_7	has_subclass	DOID_0081311
DOID_7	has_subclass	DOID_0081313
DOID_7	has_subclass	DOID_0081411
DOID_7	has_subclass	DOID_0081412
DOID_7	has_subclass	DOID_0081413
DOID_7	has_subclass	DOID_0081414
DOID_7	has_subclass	DOID_0081415
DOID_7	has_subclass	DOID_0081416
DOID_7	has_subclass	DOID_0081418
DOID_7	has_subclass	DOID_0081445
DOID_7	has_subclass	DOID_0081452
DOID_7	has_subclass	DOID_0090061
DOID_7	has_subclass	DOID_0090062
DOID_7	has_subclass	DOID_0090065
DOID_7	has_subclass	DOID_0090120
DOID_7	has_subclass	DOID_0090122
DOID_7	has_subclass	DOID_0090139
DOID_7	has_subclass	DOID_0090140
DOID_7	has_subclass	DOID_0090141
DOID_7	has_subclass	DOID_0110148
DOID_7	has_subclass	DOID_0110149
DOID_7	has_subclass	DOID_0110150
DOID_7	has_subclass	DOID_0110151
DOID_7	has_subclass	DOID_0110152
DOID_7	has_subclass	DOID_0110153
DOID_7	has_subclass	DOID_0110154
DOID_7	has_subclass	DOID_0110155
DOID_7	has_subclass	DOID_0110156
DOID_7	has_subclass	DOID_0110157
DOID_7	has_subclass	DOID_0110158
DOID_7	has_subclass	DOID_0110159
DOID_7	has_subclass	DOID_0110160
DOID_7	has_subclass	DOID_0110161
DOID_7	has_subclass	DOID_0110162
DOID_7	has_subclass	DOID_0110163
DOID_7	has_subclass	DOID_0110164
DOID_7	has_subclass	DOID_0110165
DOID_7	has_subclass	DOID_0110166
DOID_7	has_subclass	DOID_0110167
DOID_7	has_subclass	DOID_0110168
DOID_7	has_subclass	DOID_0110169
DOID_7	has_subclass	DOID_0110170
DOID_7	has_subclass	DOID_0110171
DOID_7	has_subclass	DOID_0110173
DOID_7	has_subclass	DOID_0110174
DOID_7	has_subclass	DOID_0110175
DOID_7	has_subclass	DOID_0110176
DOID_7	has_subclass	DOID_0110177
DOID_7	has_subclass	DOID_0110178
DOID_7	has_subclass	DOID_0110179
DOID_7	has_subclass	DOID_0110180
DOID_7	has_subclass	DOID_0110181
DOID_7	has_subclass	DOID_0110182
DOID_7	has_subclass	DOID_0110657
DOID_7	has_subclass	DOID_0110658
DOID_7	has_subclass	DOID_0110660
DOID_7	has_subclass	DOID_0110661
DOID_7	has_subclass	DOID_0110662
DOID_7	has_subclass	DOID_0110670
DOID_7	has_subclass	DOID_0110673
DOID_7	has_subclass	DOID_0110674
DOID_7	has_subclass	DOID_0110677
DOID_7	has_subclass	DOID_0110679
DOID_7	has_subclass	DOID_0110680
DOID_7	has_subclass	DOID_0111082
DOID_7	has_subclass	DOID_0111083
DOID_7	has_subclass	DOID_0111084
DOID_7	has_subclass	DOID_0111087
DOID_7	has_subclass	DOID_0111088
DOID_7	has_subclass	DOID_0111089
DOID_7	has_subclass	DOID_0111090
DOID_7	has_subclass	DOID_0111093
DOID_7	has_subclass	DOID_0111094
DOID_7	has_subclass	DOID_0111095
DOID_7	has_subclass	DOID_0111097
DOID_7	has_subclass	DOID_0111098
DOID_7	has_subclass	DOID_0111101
DOID_7	has_subclass	DOID_0111135
DOID_7	has_subclass	DOID_0111136
DOID_7	has_subclass	DOID_0111137
DOID_7	has_subclass	DOID_0111138
DOID_7	has_subclass	DOID_0111144
DOID_7	has_subclass	DOID_0111152
DOID_7	has_subclass	DOID_0111157
DOID_7	has_subclass	DOID_0111167
DOID_7	has_subclass	DOID_0111243
DOID_7	has_subclass	DOID_0111341
DOID_7	has_subclass	DOID_0111344
DOID_7	has_subclass	DOID_0111366
DOID_7	has_subclass	DOID_0111367
DOID_7	has_subclass	DOID_0111374
DOID_7	has_subclass	DOID_0111380
DOID_7	has_subclass	DOID_0111508
DOID_7	has_subclass	DOID_0111512
DOID_7	has_subclass	DOID_0111513
DOID_7	has_subclass	DOID_0111533
DOID_7	has_subclass	DOID_0111557
DOID_7	has_subclass	DOID_0111558
DOID_7	has_subclass	DOID_0111559
DOID_7	has_subclass	DOID_0111560
DOID_7	has_subclass	DOID_0111562
DOID_7	has_subclass	DOID_0111568
DOID_7	has_subclass	DOID_0111579
DOID_7	has_subclass	DOID_0111630
DOID_7	has_subclass	DOID_0111631
DOID_7	has_subclass	DOID_0111632
DOID_7	has_subclass	DOID_0111684
DOID_7	has_subclass	DOID_0111685
DOID_7	has_subclass	DOID_0111878
DOID_7	has_subclass	DOID_0111880
DOID_7	has_subclass	DOID_0111881
DOID_7	has_subclass	DOID_0111882
DOID_7	has_subclass	DOID_0111883
DOID_7	has_subclass	DOID_0111884
DOID_7	has_subclass	DOID_0111885
DOID_7	has_subclass	DOID_0111888
DOID_7	has_subclass	DOID_0111890
DOID_7	has_subclass	DOID_0111892
DOID_7	has_subclass	DOID_0111894
DOID_7	has_subclass	DOID_0111934
DOID_7	has_subclass	DOID_0111940
DOID_7	has_subclass	DOID_0111941
DOID_7	has_subclass	DOID_0111942
DOID_7	has_subclass	DOID_0111945
DOID_7	has_subclass	DOID_0111946
DOID_7	has_subclass	DOID_0111947
DOID_7	has_subclass	DOID_0111952
DOID_7	has_subclass	DOID_0111955
DOID_7	has_subclass	DOID_0111958
DOID_7	has_subclass	DOID_0111967
DOID_7	has_subclass	DOID_0111969
DOID_7	has_subclass	DOID_0111970
DOID_7	has_subclass	DOID_0111978
DOID_7	has_subclass	DOID_0111979
DOID_7	has_subclass	DOID_0111989
DOID_7	has_subclass	DOID_0111990
DOID_7	has_subclass	DOID_0111991
DOID_7	has_subclass	DOID_0111997
DOID_7	has_subclass	DOID_0112000
DOID_7	has_subclass	DOID_0112006
DOID_7	has_subclass	DOID_0112063
DOID_7	has_subclass	DOID_0112128
DOID_7	has_subclass	DOID_0112129
DOID_7	has_subclass	DOID_0112130
DOID_7	has_subclass	DOID_0112131
DOID_7	has_subclass	DOID_0112132
DOID_7	has_subclass	DOID_0112133
DOID_7	has_subclass	DOID_0112134
DOID_7	has_subclass	DOID_0112135
DOID_7	has_subclass	DOID_0112136
DOID_7	has_subclass	DOID_0112150
DOID_7	has_subclass	DOID_0112156
DOID_7	has_subclass	DOID_0112195
DOID_7	has_subclass	DOID_0112196
DOID_7	has_subclass	DOID_0112308
DOID_7	has_subclass	DOID_0112309
DOID_7	has_subclass	DOID_10020
DOID_7	has_subclass	DOID_10021
DOID_7	has_subclass	DOID_1003
DOID_7	has_subclass	DOID_10032
DOID_7	has_subclass	DOID_10080
DOID_7	has_subclass	DOID_10087
DOID_7	has_subclass	DOID_10146
DOID_7	has_subclass	DOID_10154
DOID_7	has_subclass	DOID_10155
DOID_7	has_subclass	DOID_10177
DOID_7	has_subclass	DOID_10187
DOID_7	has_subclass	DOID_10194
DOID_7	has_subclass	DOID_10195
DOID_7	has_subclass	DOID_10201
DOID_7	has_subclass	DOID_10206
DOID_7	has_subclass	DOID_10207
DOID_7	has_subclass	DOID_10209
DOID_7	has_subclass	DOID_10211
DOID_7	has_subclass	DOID_10234
DOID_7	has_subclass	DOID_10247
DOID_7	has_subclass	DOID_10254
DOID_7	has_subclass	DOID_10290
DOID_7	has_subclass	DOID_1035
DOID_7	has_subclass	DOID_1039
DOID_7	has_subclass	DOID_10398
DOID_7	has_subclass	DOID_1040
DOID_7	has_subclass	DOID_10456
DOID_7	has_subclass	DOID_10480
DOID_7	has_subclass	DOID_10481
DOID_7	has_subclass	DOID_10485
DOID_7	has_subclass	DOID_10507
DOID_7	has_subclass	DOID_10534
DOID_7	has_subclass	DOID_10536
DOID_7	has_subclass	DOID_10538
DOID_7	has_subclass	DOID_10540
DOID_7	has_subclass	DOID_10544
DOID_7	has_subclass	DOID_10547
DOID_7	has_subclass	DOID_10548
DOID_7	has_subclass	DOID_10595
DOID_7	has_subclass	DOID_10605
DOID_7	has_subclass	DOID_10606
DOID_7	has_subclass	DOID_10607
DOID_7	has_subclass	DOID_10608
DOID_7	has_subclass	DOID_10610
DOID_7	has_subclass	DOID_10611
DOID_7	has_subclass	DOID_10619
DOID_7	has_subclass	DOID_1063
DOID_7	has_subclass	DOID_10699
DOID_7	has_subclass	DOID_10719
DOID_7	has_subclass	DOID_1073
DOID_7	has_subclass	DOID_1076
DOID_7	has_subclass	DOID_10780
DOID_7	has_subclass	DOID_10813
DOID_7	has_subclass	DOID_10816
DOID_7	has_subclass	DOID_1082
DOID_7	has_subclass	DOID_10882
DOID_7	has_subclass	DOID_10883
DOID_7	has_subclass	DOID_1091
DOID_7	has_subclass	DOID_10923
DOID_7	has_subclass	DOID_10944
DOID_7	has_subclass	DOID_10952
DOID_7	has_subclass	DOID_10955
DOID_7	has_subclass	DOID_10971
DOID_7	has_subclass	DOID_10972
DOID_7	has_subclass	DOID_10974
DOID_7	has_subclass	DOID_10986
DOID_7	has_subclass	DOID_10993
DOID_7	has_subclass	DOID_1100
DOID_7	has_subclass	DOID_11049
DOID_7	has_subclass	DOID_11054
DOID_7	has_subclass	DOID_1106
DOID_7	has_subclass	DOID_11060
DOID_7	has_subclass	DOID_11088
DOID_7	has_subclass	DOID_11111
DOID_7	has_subclass	DOID_11121
DOID_7	has_subclass	DOID_11123
DOID_7	has_subclass	DOID_11151
DOID_7	has_subclass	DOID_11161
DOID_7	has_subclass	DOID_11162
DOID_7	has_subclass	DOID_11189
DOID_7	has_subclass	DOID_11195
DOID_7	has_subclass	DOID_112
DOID_7	has_subclass	DOID_11200
DOID_7	has_subclass	DOID_11239
DOID_7	has_subclass	DOID_11241
DOID_7	has_subclass	DOID_11242
DOID_7	has_subclass	DOID_11245
DOID_7	has_subclass	DOID_11266
DOID_7	has_subclass	DOID_11277
DOID_7	has_subclass	DOID_11329
DOID_7	has_subclass	DOID_11339
DOID_7	has_subclass	DOID_11394
DOID_7	has_subclass	DOID_11396
DOID_7	has_subclass	DOID_11400
DOID_7	has_subclass	DOID_11401
DOID_7	has_subclass	DOID_11428
DOID_7	has_subclass	DOID_11432
DOID_7	has_subclass	DOID_11450
DOID_7	has_subclass	DOID_11481
DOID_7	has_subclass	DOID_11482
DOID_7	has_subclass	DOID_115
DOID_7	has_subclass	DOID_11514
DOID_7	has_subclass	DOID_11520
DOID_7	has_subclass	DOID_11527
DOID_7	has_subclass	DOID_1159
DOID_7	has_subclass	DOID_11593
DOID_7	has_subclass	DOID_116
DOID_7	has_subclass	DOID_11623
DOID_7	has_subclass	DOID_11629
DOID_7	has_subclass	DOID_11650
DOID_7	has_subclass	DOID_11656
DOID_7	has_subclass	DOID_11664
DOID_7	has_subclass	DOID_117
DOID_7	has_subclass	DOID_11701
DOID_7	has_subclass	DOID_11702
DOID_7	has_subclass	DOID_11759
DOID_7	has_subclass	DOID_1176
DOID_7	has_subclass	DOID_11797
DOID_7	has_subclass	DOID_118
DOID_7	has_subclass	DOID_11809
DOID_7	has_subclass	DOID_11811
DOID_7	has_subclass	DOID_11812
DOID_7	has_subclass	DOID_11813
DOID_7	has_subclass	DOID_11814
DOID_7	has_subclass	DOID_11818
DOID_7	has_subclass	DOID_11819
DOID_7	has_subclass	DOID_11820
DOID_7	has_subclass	DOID_11821
DOID_7	has_subclass	DOID_11905
DOID_7	has_subclass	DOID_11914
DOID_7	has_subclass	DOID_11963
DOID_7	has_subclass	DOID_12001
DOID_7	has_subclass	DOID_12070
DOID_7	has_subclass	DOID_12072
DOID_7	has_subclass	DOID_12117
DOID_7	has_subclass	DOID_12120
DOID_7	has_subclass	DOID_12132
DOID_7	has_subclass	DOID_12175
DOID_7	has_subclass	DOID_12176
DOID_7	has_subclass	DOID_12177
DOID_7	has_subclass	DOID_1222
DOID_7	has_subclass	DOID_12234
DOID_7	has_subclass	DOID_12236
DOID_7	has_subclass	DOID_12257
DOID_7	has_subclass	DOID_12265
DOID_7	has_subclass	DOID_1227
DOID_7	has_subclass	DOID_12297
DOID_7	has_subclass	DOID_12298
DOID_7	has_subclass	DOID_12306
DOID_7	has_subclass	DOID_12339
DOID_7	has_subclass	DOID_12341
DOID_7	has_subclass	DOID_12361
DOID_7	has_subclass	DOID_12369
DOID_7	has_subclass	DOID_12375
DOID_7	has_subclass	DOID_1240
DOID_7	has_subclass	DOID_12424
DOID_7	has_subclass	DOID_12449
DOID_7	has_subclass	DOID_1245
DOID_7	has_subclass	DOID_12450
DOID_7	has_subclass	DOID_12451
DOID_7	has_subclass	DOID_12465
DOID_7	has_subclass	DOID_12474
DOID_7	has_subclass	DOID_12554
DOID_7	has_subclass	DOID_12566
DOID_7	has_subclass	DOID_12573
DOID_7	has_subclass	DOID_12594
DOID_7	has_subclass	DOID_1260
DOID_7	has_subclass	DOID_12637
DOID_7	has_subclass	DOID_12638
DOID_7	has_subclass	DOID_12639
DOID_7	has_subclass	DOID_12641
DOID_7	has_subclass	DOID_12642
DOID_7	has_subclass	DOID_12679
DOID_7	has_subclass	DOID_12716
DOID_7	has_subclass	DOID_12721
DOID_7	has_subclass	DOID_12735
DOID_7	has_subclass	DOID_1283
DOID_7	has_subclass	DOID_12837
DOID_7	has_subclass	DOID_1284
DOID_7	has_subclass	DOID_1285
DOID_7	has_subclass	DOID_1293
DOID_7	has_subclass	DOID_1294
DOID_7	has_subclass	DOID_12965
DOID_7	has_subclass	DOID_12972
DOID_7	has_subclass	DOID_12986
DOID_7	has_subclass	DOID_12987
DOID_7	has_subclass	DOID_13005
DOID_7	has_subclass	DOID_13050
DOID_7	has_subclass	DOID_13068
DOID_7	has_subclass	DOID_13120
DOID_7	has_subclass	DOID_13145
DOID_7	has_subclass	DOID_13146
DOID_7	has_subclass	DOID_13147
DOID_7	has_subclass	DOID_13185
DOID_7	has_subclass	DOID_13186
DOID_7	has_subclass	DOID_13195
DOID_7	has_subclass	DOID_13196
DOID_7	has_subclass	DOID_13197
DOID_7	has_subclass	DOID_13200
DOID_7	has_subclass	DOID_13222
DOID_7	has_subclass	DOID_13223
DOID_7	has_subclass	DOID_13241
DOID_7	has_subclass	DOID_13248
DOID_7	has_subclass	DOID_13249
DOID_7	has_subclass	DOID_13250
DOID_7	has_subclass	DOID_13310
DOID_7	has_subclass	DOID_13313
DOID_7	has_subclass	DOID_13316
DOID_7	has_subclass	DOID_13333
DOID_7	has_subclass	DOID_13353
DOID_7	has_subclass	DOID_13357
DOID_7	has_subclass	DOID_13375
DOID_7	has_subclass	DOID_13389
DOID_7	has_subclass	DOID_1339
DOID_7	has_subclass	DOID_1340
DOID_7	has_subclass	DOID_13419
DOID_7	has_subclass	DOID_1342
DOID_7	has_subclass	DOID_1343
DOID_7	has_subclass	DOID_13461
DOID_7	has_subclass	DOID_13481
DOID_7	has_subclass	DOID_13498
DOID_7	has_subclass	DOID_13500
DOID_7	has_subclass	DOID_13560
DOID_7	has_subclass	DOID_13566
DOID_7	has_subclass	DOID_13585
DOID_7	has_subclass	DOID_13589
DOID_7	has_subclass	DOID_13622
DOID_7	has_subclass	DOID_13636
DOID_7	has_subclass	DOID_1371
DOID_7	has_subclass	DOID_13711
DOID_7	has_subclass	DOID_13714
DOID_7	has_subclass	DOID_1373
DOID_7	has_subclass	DOID_13736
DOID_7	has_subclass	DOID_1375
DOID_7	has_subclass	DOID_13768
DOID_7	has_subclass	DOID_13811
DOID_7	has_subclass	DOID_13812
DOID_7	has_subclass	DOID_13884
DOID_7	has_subclass	DOID_13921
DOID_7	has_subclass	DOID_13922
DOID_7	has_subclass	DOID_13938
DOID_7	has_subclass	DOID_13951
DOID_7	has_subclass	DOID_13953
DOID_7	has_subclass	DOID_13955
DOID_7	has_subclass	DOID_13956
DOID_7	has_subclass	DOID_13957
DOID_7	has_subclass	DOID_13958
DOID_7	has_subclass	DOID_13976
DOID_7	has_subclass	DOID_13996
DOID_7	has_subclass	DOID_14021
DOID_7	has_subclass	DOID_14026
DOID_7	has_subclass	DOID_14032
DOID_7	has_subclass	DOID_14033
DOID_7	has_subclass	DOID_14039
DOID_7	has_subclass	DOID_14099
DOID_7	has_subclass	DOID_14111
DOID_7	has_subclass	DOID_1412
DOID_7	has_subclass	DOID_14130
DOID_7	has_subclass	DOID_14131
DOID_7	has_subclass	DOID_14133
DOID_7	has_subclass	DOID_14146
DOID_7	has_subclass	DOID_14150
DOID_7	has_subclass	DOID_14176
DOID_7	has_subclass	DOID_14179
DOID_7	has_subclass	DOID_14188
DOID_7	has_subclass	DOID_14223
DOID_7	has_subclass	DOID_14224
DOID_7	has_subclass	DOID_1425
DOID_7	has_subclass	DOID_14256
DOID_7	has_subclass	DOID_1426
DOID_7	has_subclass	DOID_14262
DOID_7	has_subclass	DOID_14275
DOID_7	has_subclass	DOID_14292
DOID_7	has_subclass	DOID_14305
DOID_7	has_subclass	DOID_14319
DOID_7	has_subclass	DOID_1439
DOID_7	has_subclass	DOID_14472
DOID_7	has_subclass	DOID_14482
DOID_7	has_subclass	DOID_14489
DOID_7	has_subclass	DOID_14491
DOID_7	has_subclass	DOID_1453
DOID_7	has_subclass	DOID_14535
DOID_7	has_subclass	DOID_1455
DOID_7	has_subclass	DOID_1456
DOID_7	has_subclass	DOID_14671
DOID_7	has_subclass	DOID_14687
DOID_7	has_subclass	DOID_14766
DOID_7	has_subclass	DOID_14798
DOID_7	has_subclass	DOID_1495
DOID_7	has_subclass	DOID_1522
DOID_7	has_subclass	DOID_1523
DOID_7	has_subclass	DOID_1532
DOID_7	has_subclass	DOID_1556
DOID_7	has_subclass	DOID_1557
DOID_7	has_subclass	DOID_1575
DOID_7	has_subclass	DOID_1577
DOID_7	has_subclass	DOID_1578
DOID_7	has_subclass	DOID_1580
DOID_7	has_subclass	DOID_1583
DOID_7	has_subclass	DOID_1584
DOID_7	has_subclass	DOID_1591
DOID_7	has_subclass	DOID_1677
DOID_7	has_subclass	DOID_1703
DOID_7	has_subclass	DOID_1733
DOID_7	has_subclass	DOID_1762
DOID_7	has_subclass	DOID_1787
DOID_7	has_subclass	DOID_1792
DOID_7	has_subclass	DOID_1793
DOID_7	has_subclass	DOID_1795
DOID_7	has_subclass	DOID_1796
DOID_7	has_subclass	DOID_1869
DOID_7	has_subclass	DOID_1965
DOID_7	has_subclass	DOID_1967
DOID_7	has_subclass	DOID_201
DOID_7	has_subclass	DOID_2018
DOID_7	has_subclass	DOID_2021
DOID_7	has_subclass	DOID_2024
DOID_7	has_subclass	DOID_2025
DOID_7	has_subclass	DOID_204
DOID_7	has_subclass	DOID_2048
DOID_7	has_subclass	DOID_2059
DOID_7	has_subclass	DOID_2060
DOID_7	has_subclass	DOID_2064
DOID_7	has_subclass	DOID_2066
DOID_7	has_subclass	DOID_2068
DOID_7	has_subclass	DOID_2071
DOID_7	has_subclass	DOID_2072
DOID_7	has_subclass	DOID_2075
DOID_7	has_subclass	DOID_2076
DOID_7	has_subclass	DOID_2080
DOID_7	has_subclass	DOID_2093
DOID_7	has_subclass	DOID_2097
DOID_7	has_subclass	DOID_2098
DOID_7	has_subclass	DOID_2101
DOID_7	has_subclass	DOID_2115
DOID_7	has_subclass	DOID_2122
DOID_7	has_subclass	DOID_2143
DOID_7	has_subclass	DOID_2145
DOID_7	has_subclass	DOID_2146
DOID_7	has_subclass	DOID_2148
DOID_7	has_subclass	DOID_2150
DOID_7	has_subclass	DOID_2151
DOID_7	has_subclass	DOID_2152
DOID_7	has_subclass	DOID_2153
DOID_7	has_subclass	DOID_2154
DOID_7	has_subclass	DOID_2155
DOID_7	has_subclass	DOID_2156
DOID_7	has_subclass	DOID_2224
DOID_7	has_subclass	DOID_2226
DOID_7	has_subclass	DOID_2256
DOID_7	has_subclass	DOID_2273
DOID_7	has_subclass	DOID_2275
DOID_7	has_subclass	DOID_229
DOID_7	has_subclass	DOID_2326
DOID_7	has_subclass	DOID_2354
DOID_7	has_subclass	DOID_2355
DOID_7	has_subclass	DOID_2361
DOID_7	has_subclass	DOID_2373
DOID_7	has_subclass	DOID_2394
DOID_7	has_subclass	DOID_2401
DOID_7	has_subclass	DOID_2531
DOID_7	has_subclass	DOID_2556
DOID_7	has_subclass	DOID_2557
DOID_7	has_subclass	DOID_2583
DOID_7	has_subclass	DOID_26
DOID_7	has_subclass	DOID_2616
DOID_7	has_subclass	DOID_262
DOID_7	has_subclass	DOID_263
DOID_7	has_subclass	DOID_2636
DOID_7	has_subclass	DOID_2640
DOID_7	has_subclass	DOID_2641
DOID_7	has_subclass	DOID_2673
DOID_7	has_subclass	DOID_2689
DOID_7	has_subclass	DOID_2691
DOID_7	has_subclass	DOID_2697
DOID_7	has_subclass	DOID_2698
DOID_7	has_subclass	DOID_2704
DOID_7	has_subclass	DOID_2706
DOID_7	has_subclass	DOID_2738
DOID_7	has_subclass	DOID_2743
DOID_7	has_subclass	DOID_2744
DOID_7	has_subclass	DOID_275
DOID_7	has_subclass	DOID_277
DOID_7	has_subclass	DOID_2799
DOID_7	has_subclass	DOID_2810
DOID_7	has_subclass	DOID_285
DOID_7	has_subclass	DOID_2856
DOID_7	has_subclass	DOID_288
DOID_7	has_subclass	DOID_2891
DOID_7	has_subclass	DOID_2942
DOID_7	has_subclass	DOID_2957
DOID_7	has_subclass	DOID_2973
DOID_7	has_subclass	DOID_2981
DOID_7	has_subclass	DOID_2982
DOID_7	has_subclass	DOID_2983
DOID_7	has_subclass	DOID_3052
DOID_7	has_subclass	DOID_3082
DOID_7	has_subclass	DOID_3116
DOID_7	has_subclass	DOID_3117
DOID_7	has_subclass	DOID_3118
DOID_7	has_subclass	DOID_3119
DOID_7	has_subclass	DOID_3120
DOID_7	has_subclass	DOID_3121
DOID_7	has_subclass	DOID_3122
DOID_7	has_subclass	DOID_3127
DOID_7	has_subclass	DOID_3141
DOID_7	has_subclass	DOID_3225
DOID_7	has_subclass	DOID_3227
DOID_7	has_subclass	DOID_3229
DOID_7	has_subclass	DOID_3234
DOID_7	has_subclass	DOID_3246
DOID_7	has_subclass	DOID_3247
DOID_7	has_subclass	DOID_3250
DOID_7	has_subclass	DOID_3253
DOID_7	has_subclass	DOID_3254
DOID_7	has_subclass	DOID_3255
DOID_7	has_subclass	DOID_3260
DOID_7	has_subclass	DOID_3262
DOID_7	has_subclass	DOID_3264
DOID_7	has_subclass	DOID_3267
DOID_7	has_subclass	DOID_3269
DOID_7	has_subclass	DOID_3275
DOID_7	has_subclass	DOID_3277
DOID_7	has_subclass	DOID_3278
DOID_7	has_subclass	DOID_3279
DOID_7	has_subclass	DOID_3280
DOID_7	has_subclass	DOID_3281
DOID_7	has_subclass	DOID_3283
DOID_7	has_subclass	DOID_3317
DOID_7	has_subclass	DOID_3319
DOID_7	has_subclass	DOID_3352
DOID_7	has_subclass	DOID_3367
DOID_7	has_subclass	DOID_3436
DOID_7	has_subclass	DOID_3437
DOID_7	has_subclass	DOID_345
DOID_7	has_subclass	DOID_3492
DOID_7	has_subclass	DOID_3499
DOID_7	has_subclass	DOID_3500
DOID_7	has_subclass	DOID_3501
DOID_7	has_subclass	DOID_3502
DOID_7	has_subclass	DOID_3508
DOID_7	has_subclass	DOID_355
DOID_7	has_subclass	DOID_3559
DOID_7	has_subclass	DOID_3578
DOID_7	has_subclass	DOID_3594
DOID_7	has_subclass	DOID_3596
DOID_7	has_subclass	DOID_3604
DOID_7	has_subclass	DOID_3605
DOID_7	has_subclass	DOID_3635
DOID_7	has_subclass	DOID_3664
DOID_7	has_subclass	DOID_3666
DOID_7	has_subclass	DOID_3677
DOID_7	has_subclass	DOID_3683
DOID_7	has_subclass	DOID_3693
DOID_7	has_subclass	DOID_3713
DOID_7	has_subclass	DOID_3740
DOID_7	has_subclass	DOID_3749
DOID_7	has_subclass	DOID_3750
DOID_7	has_subclass	DOID_3781
DOID_7	has_subclass	DOID_3798
DOID_7	has_subclass	DOID_3827
DOID_7	has_subclass	DOID_3852
DOID_7	has_subclass	DOID_3891
DOID_7	has_subclass	DOID_3892
DOID_7	has_subclass	DOID_3901
DOID_7	has_subclass	DOID_3917
DOID_7	has_subclass	DOID_3918
DOID_7	has_subclass	DOID_3919
DOID_7	has_subclass	DOID_3996
DOID_7	has_subclass	DOID_4001
DOID_7	has_subclass	DOID_4013
DOID_7	has_subclass	DOID_402
DOID_7	has_subclass	DOID_4022
DOID_7	has_subclass	DOID_403
DOID_7	has_subclass	DOID_4031
DOID_7	has_subclass	DOID_4043
DOID_7	has_subclass	DOID_4045
DOID_7	has_subclass	DOID_4048
DOID_7	has_subclass	DOID_4049
DOID_7	has_subclass	DOID_4051
DOID_7	has_subclass	DOID_4057
DOID_7	has_subclass	DOID_4059
DOID_7	has_subclass	DOID_4065
DOID_7	has_subclass	DOID_4066
DOID_7	has_subclass	DOID_4071
DOID_7	has_subclass	DOID_4072
DOID_7	has_subclass	DOID_409
DOID_7	has_subclass	DOID_4115
DOID_7	has_subclass	DOID_4136
DOID_7	has_subclass	DOID_4140
DOID_7	has_subclass	DOID_4147
DOID_7	has_subclass	DOID_4148
DOID_7	has_subclass	DOID_4175
DOID_7	has_subclass	DOID_4176
DOID_7	has_subclass	DOID_418
DOID_7	has_subclass	DOID_419
DOID_7	has_subclass	DOID_4217
DOID_7	has_subclass	DOID_4230
DOID_7	has_subclass	DOID_4239
DOID_7	has_subclass	DOID_424
DOID_7	has_subclass	DOID_4242
DOID_7	has_subclass	DOID_4258
DOID_7	has_subclass	DOID_429
DOID_7	has_subclass	DOID_4301
DOID_7	has_subclass	DOID_4320
DOID_7	has_subclass	DOID_4331
DOID_7	has_subclass	DOID_4333
DOID_7	has_subclass	DOID_4370
DOID_7	has_subclass	DOID_4374
DOID_7	has_subclass	DOID_439
DOID_7	has_subclass	DOID_440
DOID_7	has_subclass	DOID_4441
DOID_7	has_subclass	DOID_4450
DOID_7	has_subclass	DOID_4451
DOID_7	has_subclass	DOID_4454
DOID_7	has_subclass	DOID_4455
DOID_7	has_subclass	DOID_4463
DOID_7	has_subclass	DOID_4464
DOID_7	has_subclass	DOID_4465
DOID_7	has_subclass	DOID_4467
DOID_7	has_subclass	DOID_4471
DOID_7	has_subclass	DOID_4472
DOID_7	has_subclass	DOID_4473
DOID_7	has_subclass	DOID_4480
DOID_7	has_subclass	DOID_452
DOID_7	has_subclass	DOID_4527
DOID_7	has_subclass	DOID_4542
DOID_7	has_subclass	DOID_4554
DOID_7	has_subclass	DOID_4555
DOID_7	has_subclass	DOID_4557
DOID_7	has_subclass	DOID_4608
DOID_7	has_subclass	DOID_4678
DOID_7	has_subclass	DOID_4699
DOID_7	has_subclass	DOID_4715
DOID_7	has_subclass	DOID_4716
DOID_7	has_subclass	DOID_4744
DOID_7	has_subclass	DOID_4773
DOID_7	has_subclass	DOID_4780
DOID_7	has_subclass	DOID_4880
DOID_7	has_subclass	DOID_4894
DOID_7	has_subclass	DOID_490
DOID_7	has_subclass	DOID_4906
DOID_7	has_subclass	DOID_4907
DOID_7	has_subclass	DOID_4932
DOID_7	has_subclass	DOID_4939
DOID_7	has_subclass	DOID_4948
DOID_7	has_subclass	DOID_4960
DOID_7	has_subclass	DOID_4961
DOID_7	has_subclass	DOID_4994
DOID_7	has_subclass	DOID_4995
DOID_7	has_subclass	DOID_50
DOID_7	has_subclass	DOID_5043
DOID_7	has_subclass	DOID_5082
DOID_7	has_subclass	DOID_5093
DOID_7	has_subclass	DOID_5117
DOID_7	has_subclass	DOID_5119
DOID_7	has_subclass	DOID_5125
DOID_7	has_subclass	DOID_5137
DOID_7	has_subclass	DOID_5140
DOID_7	has_subclass	DOID_5142
DOID_7	has_subclass	DOID_5146
DOID_7	has_subclass	DOID_5147
DOID_7	has_subclass	DOID_5150
DOID_7	has_subclass	DOID_5157
DOID_7	has_subclass	DOID_5158
DOID_7	has_subclass	DOID_5169
DOID_7	has_subclass	DOID_5176
DOID_7	has_subclass	DOID_5178
DOID_7	has_subclass	DOID_5179
DOID_7	has_subclass	DOID_5182
DOID_7	has_subclass	DOID_5183
DOID_7	has_subclass	DOID_5189
DOID_7	has_subclass	DOID_5191
DOID_7	has_subclass	DOID_5199
DOID_7	has_subclass	DOID_5207
DOID_7	has_subclass	DOID_5208
DOID_7	has_subclass	DOID_5223
DOID_7	has_subclass	DOID_5251
DOID_7	has_subclass	DOID_5253
DOID_7	has_subclass	DOID_5254
DOID_7	has_subclass	DOID_5258
DOID_7	has_subclass	DOID_5259
DOID_7	has_subclass	DOID_5261
DOID_7	has_subclass	DOID_5262
DOID_7	has_subclass	DOID_5263
DOID_7	has_subclass	DOID_5264
DOID_7	has_subclass	DOID_5265
DOID_7	has_subclass	DOID_5267
DOID_7	has_subclass	DOID_5268
DOID_7	has_subclass	DOID_5271
DOID_7	has_subclass	DOID_5275
DOID_7	has_subclass	DOID_5280
DOID_7	has_subclass	DOID_5284
DOID_7	has_subclass	DOID_5287
DOID_7	has_subclass	DOID_5288
DOID_7	has_subclass	DOID_5292
DOID_7	has_subclass	DOID_5293
DOID_7	has_subclass	DOID_5295
DOID_7	has_subclass	DOID_5304
DOID_7	has_subclass	DOID_5308
DOID_7	has_subclass	DOID_5330
DOID_7	has_subclass	DOID_5339
DOID_7	has_subclass	DOID_5350
DOID_7	has_subclass	DOID_5351
DOID_7	has_subclass	DOID_5364
DOID_7	has_subclass	DOID_5382
DOID_7	has_subclass	DOID_5386
DOID_7	has_subclass	DOID_5392
DOID_7	has_subclass	DOID_5425
DOID_7	has_subclass	DOID_5468
DOID_7	has_subclass	DOID_5469
DOID_7	has_subclass	DOID_5475
DOID_7	has_subclass	DOID_5476
DOID_7	has_subclass	DOID_5482
DOID_7	has_subclass	DOID_5484
DOID_7	has_subclass	DOID_5485
DOID_7	has_subclass	DOID_5487
DOID_7	has_subclass	DOID_5488
DOID_7	has_subclass	DOID_5492
DOID_7	has_subclass	DOID_5494
DOID_7	has_subclass	DOID_5495
DOID_7	has_subclass	DOID_551
DOID_7	has_subclass	DOID_5511
DOID_7	has_subclass	DOID_552
DOID_7	has_subclass	DOID_5539
DOID_7	has_subclass	DOID_5547
DOID_7	has_subclass	DOID_5550
DOID_7	has_subclass	DOID_5551
DOID_7	has_subclass	DOID_5561
DOID_7	has_subclass	DOID_5567
DOID_7	has_subclass	DOID_557
DOID_7	has_subclass	DOID_5579
DOID_7	has_subclass	DOID_5587
DOID_7	has_subclass	DOID_559
DOID_7	has_subclass	DOID_5608
DOID_7	has_subclass	DOID_5621
DOID_7	has_subclass	DOID_5626
DOID_7	has_subclass	DOID_5627
DOID_7	has_subclass	DOID_5628
DOID_7	has_subclass	DOID_5637
DOID_7	has_subclass	DOID_5681
DOID_7	has_subclass	DOID_5684
DOID_7	has_subclass	DOID_5699
DOID_7	has_subclass	DOID_5700
DOID_7	has_subclass	DOID_5711
DOID_7	has_subclass	DOID_5726
DOID_7	has_subclass	DOID_5740
DOID_7	has_subclass	DOID_5744
DOID_7	has_subclass	DOID_5746
DOID_7	has_subclass	DOID_5761
DOID_7	has_subclass	DOID_5763
DOID_7	has_subclass	DOID_5767
DOID_7	has_subclass	DOID_5773
DOID_7	has_subclass	DOID_5815
DOID_7	has_subclass	DOID_5820
DOID_7	has_subclass	DOID_5821
DOID_7	has_subclass	DOID_5823
DOID_7	has_subclass	DOID_5825
DOID_7	has_subclass	DOID_5826
DOID_7	has_subclass	DOID_5828
DOID_7	has_subclass	DOID_5870
DOID_7	has_subclass	DOID_5874
DOID_7	has_subclass	DOID_5875
DOID_7	has_subclass	DOID_5877
DOID_7	has_subclass	DOID_5895
DOID_7	has_subclass	DOID_5896
DOID_7	has_subclass	DOID_5897
DOID_7	has_subclass	DOID_5915
DOID_7	has_subclass	DOID_5916
DOID_7	has_subclass	DOID_5917
DOID_7	has_subclass	DOID_5936
DOID_7	has_subclass	DOID_5982
DOID_7	has_subclass	DOID_5983
DOID_7	has_subclass	DOID_60000
DOID_7	has_subclass	DOID_60001
DOID_7	has_subclass	DOID_6003
DOID_7	has_subclass	DOID_6004
DOID_7	has_subclass	DOID_6024
DOID_7	has_subclass	DOID_6025
DOID_7	has_subclass	DOID_6033
DOID_7	has_subclass	DOID_6034
DOID_7	has_subclass	DOID_6050
DOID_7	has_subclass	DOID_6083
DOID_7	has_subclass	DOID_612
DOID_7	has_subclass	DOID_6132
DOID_7	has_subclass	DOID_615
DOID_7	has_subclass	DOID_6160
DOID_7	has_subclass	DOID_6163
DOID_7	has_subclass	DOID_6166
DOID_7	has_subclass	DOID_6167
DOID_7	has_subclass	DOID_6170
DOID_7	has_subclass	DOID_6179
DOID_7	has_subclass	DOID_6196
DOID_7	has_subclass	DOID_620
DOID_7	has_subclass	DOID_6201
DOID_7	has_subclass	DOID_6203
DOID_7	has_subclass	DOID_6204
DOID_7	has_subclass	DOID_6211
DOID_7	has_subclass	DOID_6212
DOID_7	has_subclass	DOID_6225
DOID_7	has_subclass	DOID_6227
DOID_7	has_subclass	DOID_6230
DOID_7	has_subclass	DOID_624
DOID_7	has_subclass	DOID_6257
DOID_7	has_subclass	DOID_6258
DOID_7	has_subclass	DOID_6259
DOID_7	has_subclass	DOID_6262
DOID_7	has_subclass	DOID_6270
DOID_7	has_subclass	DOID_6271
DOID_7	has_subclass	DOID_6297
DOID_7	has_subclass	DOID_6331
DOID_7	has_subclass	DOID_6333
DOID_7	has_subclass	DOID_6339
DOID_7	has_subclass	DOID_6404
DOID_7	has_subclass	DOID_6408
DOID_7	has_subclass	DOID_6445
DOID_7	has_subclass	DOID_6448
DOID_7	has_subclass	DOID_6468
DOID_7	has_subclass	DOID_6469
DOID_7	has_subclass	DOID_65
DOID_7	has_subclass	DOID_6511
DOID_7	has_subclass	DOID_6512
DOID_7	has_subclass	DOID_6514
DOID_7	has_subclass	DOID_6518
DOID_7	has_subclass	DOID_6547
DOID_7	has_subclass	DOID_6554
DOID_7	has_subclass	DOID_6564
DOID_7	has_subclass	DOID_6569
DOID_7	has_subclass	DOID_6605
DOID_7	has_subclass	DOID_6606
DOID_7	has_subclass	DOID_6634
DOID_7	has_subclass	DOID_6639
DOID_7	has_subclass	DOID_6693
DOID_7	has_subclass	DOID_6700
DOID_7	has_subclass	DOID_6703
DOID_7	has_subclass	DOID_6723
DOID_7	has_subclass	DOID_6758
DOID_7	has_subclass	DOID_6759
DOID_7	has_subclass	DOID_676
DOID_7	has_subclass	DOID_6760
DOID_7	has_subclass	DOID_6774
DOID_7	has_subclass	DOID_6786
DOID_7	has_subclass	DOID_6845
DOID_7	has_subclass	DOID_6847
DOID_7	has_subclass	DOID_6867
DOID_7	has_subclass	DOID_6868
DOID_7	has_subclass	DOID_6886
DOID_7	has_subclass	DOID_6888
DOID_7	has_subclass	DOID_6898
DOID_7	has_subclass	DOID_6901
DOID_7	has_subclass	DOID_6948
DOID_7	has_subclass	DOID_6958
DOID_7	has_subclass	DOID_6998
DOID_7	has_subclass	DOID_7013
DOID_7	has_subclass	DOID_7037
DOID_7	has_subclass	DOID_7048
DOID_7	has_subclass	DOID_707
DOID_7	has_subclass	DOID_711
DOID_7	has_subclass	DOID_712
DOID_7	has_subclass	DOID_713
DOID_7	has_subclass	DOID_7133
DOID_7	has_subclass	DOID_7136
DOID_7	has_subclass	DOID_7146
DOID_7	has_subclass	DOID_7147
DOID_7	has_subclass	DOID_7148
DOID_7	has_subclass	DOID_7188
DOID_7	has_subclass	DOID_7191
DOID_7	has_subclass	DOID_7192
DOID_7	has_subclass	DOID_720
DOID_7	has_subclass	DOID_7214
DOID_7	has_subclass	DOID_7222
DOID_7	has_subclass	DOID_7235
DOID_7	has_subclass	DOID_7263
DOID_7	has_subclass	DOID_727
DOID_7	has_subclass	DOID_732
DOID_7	has_subclass	DOID_7326
DOID_7	has_subclass	DOID_7327
DOID_7	has_subclass	DOID_7332
DOID_7	has_subclass	DOID_734
DOID_7	has_subclass	DOID_7347
DOID_7	has_subclass	DOID_736
DOID_7	has_subclass	DOID_7363
DOID_7	has_subclass	DOID_738
DOID_7	has_subclass	DOID_7381
DOID_7	has_subclass	DOID_7389
DOID_7	has_subclass	DOID_7390
DOID_7	has_subclass	DOID_7402
DOID_7	has_subclass	DOID_7408
DOID_7	has_subclass	DOID_7409
DOID_7	has_subclass	DOID_7438
DOID_7	has_subclass	DOID_7442
DOID_7	has_subclass	DOID_7463
DOID_7	has_subclass	DOID_7474
DOID_7	has_subclass	DOID_7479
DOID_7	has_subclass	DOID_7488
DOID_7	has_subclass	DOID_7506
DOID_7	has_subclass	DOID_7518
DOID_7	has_subclass	DOID_7532
DOID_7	has_subclass	DOID_7565
DOID_7	has_subclass	DOID_7567
DOID_7	has_subclass	DOID_7571
DOID_7	has_subclass	DOID_7591
DOID_7	has_subclass	DOID_76
DOID_7	has_subclass	DOID_7650
DOID_7	has_subclass	DOID_7651
DOID_7	has_subclass	DOID_7665
DOID_7	has_subclass	DOID_7735
DOID_7	has_subclass	DOID_774
DOID_7	has_subclass	DOID_7752
DOID_7	has_subclass	DOID_7762
DOID_7	has_subclass	DOID_780
DOID_7	has_subclass	DOID_782
DOID_7	has_subclass	DOID_7848
DOID_7	has_subclass	DOID_7849
DOID_7	has_subclass	DOID_7851
DOID_7	has_subclass	DOID_786
DOID_7	has_subclass	DOID_7878
DOID_7	has_subclass	DOID_7880
DOID_7	has_subclass	DOID_7927
DOID_7	has_subclass	DOID_7936
DOID_7	has_subclass	DOID_7959
DOID_7	has_subclass	DOID_7997
DOID_7	has_subclass	DOID_7998
DOID_7	has_subclass	DOID_8012
DOID_7	has_subclass	DOID_8036
DOID_7	has_subclass	DOID_8082
DOID_7	has_subclass	DOID_8083
DOID_7	has_subclass	DOID_8102
DOID_7	has_subclass	DOID_8108
DOID_7	has_subclass	DOID_811
DOID_7	has_subclass	DOID_8110
DOID_7	has_subclass	DOID_8118
DOID_7	has_subclass	DOID_8135
DOID_7	has_subclass	DOID_8151
DOID_7	has_subclass	DOID_8162
DOID_7	has_subclass	DOID_8167
DOID_7	has_subclass	DOID_8177
DOID_7	has_subclass	DOID_8178
DOID_7	has_subclass	DOID_8179
DOID_7	has_subclass	DOID_8186
DOID_7	has_subclass	DOID_8187
DOID_7	has_subclass	DOID_8188
DOID_7	has_subclass	DOID_819
DOID_7	has_subclass	DOID_8223
DOID_7	has_subclass	DOID_8230
DOID_7	has_subclass	DOID_8251
DOID_7	has_subclass	DOID_8255
DOID_7	has_subclass	DOID_8259
DOID_7	has_subclass	DOID_827
DOID_7	has_subclass	DOID_8272
DOID_7	has_subclass	DOID_8283
DOID_7	has_subclass	DOID_8292
DOID_7	has_subclass	DOID_8336
DOID_7	has_subclass	DOID_8337
DOID_7	has_subclass	DOID_8419
DOID_7	has_subclass	DOID_8431
DOID_7	has_subclass	DOID_8432
DOID_7	has_subclass	DOID_8433
DOID_7	has_subclass	DOID_8455
DOID_7	has_subclass	DOID_8476
DOID_7	has_subclass	DOID_8478
DOID_7	has_subclass	DOID_8488
DOID_7	has_subclass	DOID_849
DOID_7	has_subclass	DOID_850
DOID_7	has_subclass	DOID_8506
DOID_7	has_subclass	DOID_8512
DOID_7	has_subclass	DOID_8527
DOID_7	has_subclass	DOID_853
DOID_7	has_subclass	DOID_8534
DOID_7	has_subclass	DOID_8538
DOID_7	has_subclass	DOID_8543
DOID_7	has_subclass	DOID_8552
DOID_7	has_subclass	DOID_8564
DOID_7	has_subclass	DOID_8567
DOID_7	has_subclass	DOID_8578
DOID_7	has_subclass	DOID_8590
DOID_7	has_subclass	DOID_8593
DOID_7	has_subclass	DOID_8618
DOID_7	has_subclass	DOID_8628
DOID_7	has_subclass	DOID_8630
DOID_7	has_subclass	DOID_8632
DOID_7	has_subclass	DOID_8633
DOID_7	has_subclass	DOID_8635
DOID_7	has_subclass	DOID_8642
DOID_7	has_subclass	DOID_8643
DOID_7	has_subclass	DOID_8649
DOID_7	has_subclass	DOID_8651
DOID_7	has_subclass	DOID_8654
DOID_7	has_subclass	DOID_8661
DOID_7	has_subclass	DOID_8677
DOID_7	has_subclass	DOID_8683
DOID_7	has_subclass	DOID_8692
DOID_7	has_subclass	DOID_8696
DOID_7	has_subclass	DOID_8702
DOID_7	has_subclass	DOID_8802
DOID_7	has_subclass	DOID_8826
DOID_7	has_subclass	DOID_8838
DOID_7	has_subclass	DOID_884
DOID_7	has_subclass	DOID_8864
DOID_7	has_subclass	DOID_8883
DOID_7	has_subclass	DOID_8930
DOID_7	has_subclass	DOID_8936
DOID_7	has_subclass	DOID_8937
DOID_7	has_subclass	DOID_8997
DOID_7	has_subclass	DOID_900
DOID_7	has_subclass	DOID_9008
DOID_7	has_subclass	DOID_901
DOID_7	has_subclass	DOID_9011
DOID_7	has_subclass	DOID_9021
DOID_7	has_subclass	DOID_9024
DOID_7	has_subclass	DOID_903
DOID_7	has_subclass	DOID_9042
DOID_7	has_subclass	DOID_907
DOID_7	has_subclass	DOID_9074
DOID_7	has_subclass	DOID_9095
DOID_7	has_subclass	DOID_913
DOID_7	has_subclass	DOID_9132
DOID_7	has_subclass	DOID_9138
DOID_7	has_subclass	DOID_9149
DOID_7	has_subclass	DOID_9155
DOID_7	has_subclass	DOID_916
DOID_7	has_subclass	DOID_9164
DOID_7	has_subclass	DOID_917
DOID_7	has_subclass	DOID_918
DOID_7	has_subclass	DOID_9182
DOID_7	has_subclass	DOID_9188
DOID_7	has_subclass	DOID_9192
DOID_7	has_subclass	DOID_9206
DOID_7	has_subclass	DOID_9234
DOID_7	has_subclass	DOID_9245
DOID_7	has_subclass	DOID_9253
DOID_7	has_subclass	DOID_9254
DOID_7	has_subclass	DOID_9266
DOID_7	has_subclass	DOID_9297
DOID_7	has_subclass	DOID_9299
DOID_7	has_subclass	DOID_9307
DOID_7	has_subclass	DOID_9339
DOID_7	has_subclass	DOID_9341
DOID_7	has_subclass	DOID_9346
DOID_7	has_subclass	DOID_9358
DOID_7	has_subclass	DOID_9392
DOID_7	has_subclass	DOID_9395
DOID_7	has_subclass	DOID_9396
DOID_7	has_subclass	DOID_9398
DOID_7	has_subclass	DOID_9442
DOID_7	has_subclass	DOID_9445
DOID_7	has_subclass	DOID_9477
DOID_7	has_subclass	DOID_9498
DOID_7	has_subclass	DOID_9500
DOID_7	has_subclass	DOID_9502
DOID_7	has_subclass	DOID_9538
DOID_7	has_subclass	DOID_9541
DOID_7	has_subclass	DOID_9544
DOID_7	has_subclass	DOID_9547
DOID_7	has_subclass	DOID_9550
DOID_7	has_subclass	DOID_9551
DOID_7	has_subclass	DOID_9553
DOID_7	has_subclass	DOID_9589
DOID_7	has_subclass	DOID_959
DOID_7	has_subclass	DOID_9597
DOID_7	has_subclass	DOID_9598
DOID_7	has_subclass	DOID_9599
DOID_7	has_subclass	DOID_960
DOID_7	has_subclass	DOID_9600
DOID_7	has_subclass	DOID_9601
DOID_7	has_subclass	DOID_9602
DOID_7	has_subclass	DOID_9603
DOID_7	has_subclass	DOID_9617
DOID_7	has_subclass	DOID_9620
DOID_7	has_subclass	DOID_9622
DOID_7	has_subclass	DOID_9655
DOID_7	has_subclass	DOID_9667
DOID_7	has_subclass	DOID_9714
DOID_7	has_subclass	DOID_9717
DOID_7	has_subclass	DOID_974
DOID_7	has_subclass	DOID_9771
DOID_7	has_subclass	DOID_9778
DOID_7	has_subclass	DOID_9779
DOID_7	has_subclass	DOID_9790
DOID_7	has_subclass	DOID_9808
DOID_7	has_subclass	DOID_9809
DOID_7	has_subclass	DOID_9857
DOID_7	has_subclass	DOID_986
DOID_7	has_subclass	DOID_9868
DOID_7	has_subclass	DOID_9877
DOID_7	has_subclass	DOID_9893
DOID_7	has_subclass	DOID_9931
DOID_7	has_subclass	DOID_9957
DOID_7	has_subclass	DOID_9958
DOID_7	has_subclass	DOID_997
DOID_7	has_subclass	DOID_9978
DOID_7	has_subclass	DOID_9986
DOID_700	has_subclass	DOID_0050713
DOID_700	has_subclass	DOID_0050768
DOID_700	has_subclass	DOID_0051029
DOID_700	has_subclass	DOID_0060331
DOID_700	has_subclass	DOID_0060332
DOID_700	has_subclass	DOID_0070238
DOID_700	has_subclass	DOID_0070239
DOID_700	has_subclass	DOID_0070240
DOID_700	has_subclass	DOID_0070241
DOID_700	has_subclass	DOID_0070242
DOID_700	has_subclass	DOID_0070243
DOID_700	has_subclass	DOID_0070244
DOID_700	has_subclass	DOID_0070245
DOID_700	has_subclass	DOID_0070331
DOID_700	has_subclass	DOID_0070446
DOID_700	has_subclass	DOID_0070447
DOID_700	has_subclass	DOID_0070450
DOID_700	has_subclass	DOID_0070451
DOID_700	has_subclass	DOID_0070463
DOID_700	has_subclass	DOID_0070491
DOID_700	has_subclass	DOID_0070492
DOID_700	has_subclass	DOID_0070493
DOID_700	has_subclass	DOID_0070497
DOID_700	has_subclass	DOID_0070498
DOID_700	has_subclass	DOID_0070500
DOID_700	has_subclass	DOID_0070502
DOID_700	has_subclass	DOID_0070504
DOID_700	has_subclass	DOID_0070505
DOID_700	has_subclass	DOID_0070506
DOID_700	has_subclass	DOID_0080119
DOID_700	has_subclass	DOID_0080121
DOID_700	has_subclass	DOID_0080123
DOID_700	has_subclass	DOID_0080127
DOID_700	has_subclass	DOID_0080128
DOID_700	has_subclass	DOID_0080130
DOID_700	has_subclass	DOID_0080131
DOID_700	has_subclass	DOID_0080335
DOID_700	has_subclass	DOID_0080336
DOID_700	has_subclass	DOID_0080337
DOID_700	has_subclass	DOID_0080357
DOID_700	has_subclass	DOID_0080358
DOID_700	has_subclass	DOID_0080359
DOID_700	has_subclass	DOID_0080360
DOID_700	has_subclass	DOID_0081377
DOID_700	has_subclass	DOID_0111180
DOID_700	has_subclass	DOID_0111748
DOID_700	has_subclass	DOID_0111749
DOID_700	has_subclass	DOID_0112138
DOID_700	has_subclass	DOID_3652
DOID_706	has_subclass	DOID_3720
DOID_706	has_subclass	DOID_3721
DOID_706	has_subclass	DOID_3722
DOID_706	has_subclass	DOID_3723
DOID_706	has_subclass	DOID_9513
DOID_707	has_subclass	DOID_0050745
DOID_707	has_subclass	DOID_0080192
DOID_707	has_subclass	DOID_0080210
DOID_707	has_subclass	DOID_0080779
DOID_707	has_subclass	DOID_0080996
DOID_707	has_subclass	DOID_0080997
DOID_707	has_subclass	DOID_0081004
DOID_707	has_subclass	DOID_0081064
DOID_707	has_subclass	DOID_0081065
DOID_707	has_subclass	DOID_0081066
DOID_707	has_subclass	DOID_0081067
DOID_707	has_subclass	DOID_0081068
DOID_707	has_subclass	DOID_0081069
DOID_707	has_subclass	DOID_0081070
DOID_707	has_subclass	DOID_0081071
DOID_707	has_subclass	DOID_0081311
DOID_707	has_subclass	DOID_0081313
DOID_7154	has_subclass	DOID_0081281
DOID_7154	has_subclass	DOID_0081282
DOID_720	has_subclass	DOID_0060978
DOID_720	has_subclass	DOID_0111082
DOID_720	has_subclass	DOID_0111083
DOID_720	has_subclass	DOID_0111084
DOID_720	has_subclass	DOID_0111087
DOID_720	has_subclass	DOID_0111088
DOID_720	has_subclass	DOID_0111089
DOID_720	has_subclass	DOID_0111090
DOID_720	has_subclass	DOID_0111093
DOID_720	has_subclass	DOID_0111094
DOID_720	has_subclass	DOID_0111095
DOID_720	has_subclass	DOID_0111097
DOID_720	has_subclass	DOID_0111098
DOID_720	has_subclass	DOID_0111878
DOID_720	has_subclass	DOID_0111880
DOID_720	has_subclass	DOID_0111881
DOID_720	has_subclass	DOID_0111882
DOID_720	has_subclass	DOID_0111883
DOID_720	has_subclass	DOID_0111884
DOID_720	has_subclass	DOID_0111885
DOID_720	has_subclass	DOID_0111888
DOID_720	has_subclass	DOID_0111890
DOID_720	has_subclass	DOID_0111892
DOID_720	has_subclass	DOID_0111894
DOID_720	has_subclass	DOID_1339
DOID_720	has_subclass	DOID_1340
DOID_720	has_subclass	DOID_1342
DOID_720	has_subclass	DOID_13636
DOID_720	has_subclass	DOID_2354
DOID_731	has_subclass	DOID_0080615
DOID_731	has_subclass	DOID_10194
DOID_731	has_subclass	DOID_11887
DOID_731	has_subclass	DOID_11888
DOID_731	has_subclass	DOID_13109
DOID_731	has_subclass	DOID_13110
DOID_731	has_subclass	DOID_2139
DOID_731	has_subclass	DOID_2673
DOID_731	has_subclass	DOID_2697
DOID_731	has_subclass	DOID_2698
DOID_731	has_subclass	DOID_5427
DOID_731	has_subclass	DOID_5429
DOID_731	has_subclass	DOID_6257
DOID_731	has_subclass	DOID_6258
DOID_731	has_subclass	DOID_6259
DOID_731	has_subclass	DOID_6404
DOID_731	has_subclass	DOID_6932
DOID_731	has_subclass	DOID_6935
DOID_731	has_subclass	DOID_6936
DOID_731	has_subclass	DOID_7333
DOID_731	has_subclass	DOID_7762
DOID_734	has_subclass	DOID_3749
DOID_734	has_subclass	DOID_6166
DOID_734	has_subclass	DOID_6167
DOID_734	has_subclass	DOID_7488
DOID_734	has_subclass	DOID_8223
DOID_734	has_subclass	DOID_8259
DOID_734	has_subclass	DOID_8272
DOID_736	has_subclass	DOID_6166
DOID_74	has_subclass	DOID_0050590
DOID_74	has_subclass	DOID_0050744
DOID_74	has_subclass	DOID_0050745
DOID_74	has_subclass	DOID_0050746
DOID_74	has_subclass	DOID_0050750
DOID_74	has_subclass	DOID_0050873
DOID_74	has_subclass	DOID_0050908
DOID_74	has_subclass	DOID_0060058
DOID_74	has_subclass	DOID_0060060
DOID_74	has_subclass	DOID_0060474
DOID_74	has_subclass	DOID_0060592
DOID_74	has_subclass	DOID_0060761
DOID_74	has_subclass	DOID_0060888
DOID_74	has_subclass	DOID_0060901
DOID_74	has_subclass	DOID_0060978
DOID_74	has_subclass	DOID_0070004
DOID_74	has_subclass	DOID_0070324
DOID_74	has_subclass	DOID_0070623
DOID_74	has_subclass	DOID_0070624
DOID_74	has_subclass	DOID_0070625
DOID_74	has_subclass	DOID_0070626
DOID_74	has_subclass	DOID_0070627
DOID_74	has_subclass	DOID_0070628
DOID_74	has_subclass	DOID_0080146
DOID_74	has_subclass	DOID_0080149
DOID_74	has_subclass	DOID_0080164
DOID_74	has_subclass	DOID_0080165
DOID_74	has_subclass	DOID_0080166
DOID_74	has_subclass	DOID_0080167
DOID_74	has_subclass	DOID_0080192
DOID_74	has_subclass	DOID_0080210
DOID_74	has_subclass	DOID_0080290
DOID_74	has_subclass	DOID_0080339
DOID_74	has_subclass	DOID_0080625
DOID_74	has_subclass	DOID_0080630
DOID_74	has_subclass	DOID_0080638
DOID_74	has_subclass	DOID_0080643
DOID_74	has_subclass	DOID_0080644
DOID_74	has_subclass	DOID_0080645
DOID_74	has_subclass	DOID_0080646
DOID_74	has_subclass	DOID_0080647
DOID_74	has_subclass	DOID_0080648
DOID_74	has_subclass	DOID_0080649
DOID_74	has_subclass	DOID_0080650
DOID_74	has_subclass	DOID_0080651
DOID_74	has_subclass	DOID_0080779
DOID_74	has_subclass	DOID_0080915
DOID_74	has_subclass	DOID_0080996
DOID_74	has_subclass	DOID_0080997
DOID_74	has_subclass	DOID_0081004
DOID_74	has_subclass	DOID_0081041
DOID_74	has_subclass	DOID_0081042
DOID_74	has_subclass	DOID_0081064
DOID_74	has_subclass	DOID_0081065
DOID_74	has_subclass	DOID_0081066
DOID_74	has_subclass	DOID_0081067
DOID_74	has_subclass	DOID_0081068
DOID_74	has_subclass	DOID_0081069
DOID_74	has_subclass	DOID_0081070
DOID_74	has_subclass	DOID_0081071
DOID_74	has_subclass	DOID_0081088
DOID_74	has_subclass	DOID_0081311
DOID_74	has_subclass	DOID_0081313
DOID_74	has_subclass	DOID_0081411
DOID_74	has_subclass	DOID_0081412
DOID_74	has_subclass	DOID_0081445
DOID_74	has_subclass	DOID_0081452
DOID_74	has_subclass	DOID_0090120
DOID_74	has_subclass	DOID_0111082
DOID_74	has_subclass	DOID_0111083
DOID_74	has_subclass	DOID_0111084
DOID_74	has_subclass	DOID_0111087
DOID_74	has_subclass	DOID_0111088
DOID_74	has_subclass	DOID_0111089
DOID_74	has_subclass	DOID_0111090
DOID_74	has_subclass	DOID_0111093
DOID_74	has_subclass	DOID_0111094
DOID_74	has_subclass	DOID_0111095
DOID_74	has_subclass	DOID_0111097
DOID_74	has_subclass	DOID_0111098
DOID_74	has_subclass	DOID_0111344
DOID_74	has_subclass	DOID_0111562
DOID_74	has_subclass	DOID_0111630
DOID_74	has_subclass	DOID_0111631
DOID_74	has_subclass	DOID_0111632
DOID_74	has_subclass	DOID_0111878
DOID_74	has_subclass	DOID_0111880
DOID_74	has_subclass	DOID_0111881
DOID_74	has_subclass	DOID_0111882
DOID_74	has_subclass	DOID_0111883
DOID_74	has_subclass	DOID_0111884
DOID_74	has_subclass	DOID_0111885
DOID_74	has_subclass	DOID_0111888
DOID_74	has_subclass	DOID_0111890
DOID_74	has_subclass	DOID_0111892
DOID_74	has_subclass	DOID_0111894
DOID_74	has_subclass	DOID_0112128
DOID_74	has_subclass	DOID_0112129
DOID_74	has_subclass	DOID_0112130
DOID_74	has_subclass	DOID_0112131
DOID_74	has_subclass	DOID_0112132
DOID_74	has_subclass	DOID_0112133
DOID_74	has_subclass	DOID_0112134
DOID_74	has_subclass	DOID_0112135
DOID_74	has_subclass	DOID_0112136
DOID_74	has_subclass	DOID_0112156
DOID_74	has_subclass	DOID_10290
DOID_74	has_subclass	DOID_1035
DOID_74	has_subclass	DOID_1039
DOID_74	has_subclass	DOID_1040
DOID_74	has_subclass	DOID_10540
DOID_74	has_subclass	DOID_10780
DOID_74	has_subclass	DOID_10813
DOID_74	has_subclass	DOID_10923
DOID_74	has_subclass	DOID_1106
DOID_74	has_subclass	DOID_11241
DOID_74	has_subclass	DOID_11242
DOID_74	has_subclass	DOID_11245
DOID_74	has_subclass	DOID_11759
DOID_74	has_subclass	DOID_11821
DOID_74	has_subclass	DOID_12001
DOID_74	has_subclass	DOID_1227
DOID_74	has_subclass	DOID_12339
DOID_74	has_subclass	DOID_1240
DOID_74	has_subclass	DOID_12449
DOID_74	has_subclass	DOID_12450
DOID_74	has_subclass	DOID_12451
DOID_74	has_subclass	DOID_12965
DOID_74	has_subclass	DOID_12986
DOID_74	has_subclass	DOID_12987
DOID_74	has_subclass	DOID_13005
DOID_74	has_subclass	DOID_13120
DOID_74	has_subclass	DOID_1339
DOID_74	has_subclass	DOID_1340
DOID_74	has_subclass	DOID_1342
DOID_74	has_subclass	DOID_13636
DOID_74	has_subclass	DOID_13996
DOID_74	has_subclass	DOID_14026
DOID_74	has_subclass	DOID_14039
DOID_74	has_subclass	DOID_14150
DOID_74	has_subclass	DOID_14489
DOID_74	has_subclass	DOID_1522
DOID_74	has_subclass	DOID_1523
DOID_74	has_subclass	DOID_1703
DOID_74	has_subclass	DOID_1792
DOID_74	has_subclass	DOID_2150
DOID_74	has_subclass	DOID_2224
DOID_74	has_subclass	DOID_2226
DOID_74	has_subclass	DOID_2354
DOID_74	has_subclass	DOID_2361
DOID_74	has_subclass	DOID_285
DOID_74	has_subclass	DOID_3234
DOID_74	has_subclass	DOID_3264
DOID_74	has_subclass	DOID_355
DOID_74	has_subclass	DOID_3664
DOID_74	has_subclass	DOID_3666
DOID_74	has_subclass	DOID_4175
DOID_74	has_subclass	DOID_4542
DOID_74	has_subclass	DOID_4960
DOID_74	has_subclass	DOID_5339
DOID_74	has_subclass	DOID_5392
DOID_74	has_subclass	DOID_5621
DOID_74	has_subclass	DOID_5815
DOID_74	has_subclass	DOID_5820
DOID_74	has_subclass	DOID_5821
DOID_74	has_subclass	DOID_5823
DOID_74	has_subclass	DOID_5825
DOID_74	has_subclass	DOID_5826
DOID_74	has_subclass	DOID_6003
DOID_74	has_subclass	DOID_6004
DOID_74	has_subclass	DOID_615
DOID_74	has_subclass	DOID_6262
DOID_74	has_subclass	DOID_6547
DOID_74	has_subclass	DOID_6758
DOID_74	has_subclass	DOID_6759
DOID_74	has_subclass	DOID_6760
DOID_74	has_subclass	DOID_6867
DOID_74	has_subclass	DOID_6868
DOID_74	has_subclass	DOID_6958
DOID_74	has_subclass	DOID_707
DOID_74	has_subclass	DOID_711
DOID_74	has_subclass	DOID_712
DOID_74	has_subclass	DOID_713
DOID_74	has_subclass	DOID_7146
DOID_74	has_subclass	DOID_720
DOID_74	has_subclass	DOID_7442
DOID_74	has_subclass	DOID_774
DOID_74	has_subclass	DOID_7848
DOID_74	has_subclass	DOID_7849
DOID_74	has_subclass	DOID_7936
DOID_74	has_subclass	DOID_8135
DOID_74	has_subclass	DOID_8431
DOID_74	has_subclass	DOID_8432
DOID_74	has_subclass	DOID_8455
DOID_74	has_subclass	DOID_8527
DOID_74	has_subclass	DOID_8543
DOID_74	has_subclass	DOID_8552
DOID_74	has_subclass	DOID_8567
DOID_74	has_subclass	DOID_8593
DOID_74	has_subclass	DOID_8628
DOID_74	has_subclass	DOID_8642
DOID_74	has_subclass	DOID_8651
DOID_74	has_subclass	DOID_8654
DOID_74	has_subclass	DOID_8683
DOID_74	has_subclass	DOID_8692
DOID_74	has_subclass	DOID_8696
DOID_74	has_subclass	DOID_8838
DOID_74	has_subclass	DOID_8864
DOID_74	has_subclass	DOID_8997
DOID_74	has_subclass	DOID_901
DOID_74	has_subclass	DOID_903
DOID_74	has_subclass	DOID_9254
DOID_74	has_subclass	DOID_9538
DOID_74	has_subclass	DOID_9541
DOID_74	has_subclass	DOID_9544
DOID_74	has_subclass	DOID_9547
DOID_74	has_subclass	DOID_9550
DOID_74	has_subclass	DOID_9551
DOID_74	has_subclass	DOID_9771
DOID_74	has_subclass	DOID_9986
DOID_75	has_subclass	DOID_0050744
DOID_75	has_subclass	DOID_0050745
DOID_75	has_subclass	DOID_0050746
DOID_75	has_subclass	DOID_0050873
DOID_75	has_subclass	DOID_0060058
DOID_75	has_subclass	DOID_0060060
DOID_75	has_subclass	DOID_0060219
DOID_75	has_subclass	DOID_0060314
DOID_75	has_subclass	DOID_0060592
DOID_75	has_subclass	DOID_0060901
DOID_75	has_subclass	DOID_0070324
DOID_75	has_subclass	DOID_0070623
DOID_75	has_subclass	DOID_0070624
DOID_75	has_subclass	DOID_0070625
DOID_75	has_subclass	DOID_0070626
DOID_75	has_subclass	DOID_0070627
DOID_75	has_subclass	DOID_0070628
DOID_75	has_subclass	DOID_0080146
DOID_75	has_subclass	DOID_0080192
DOID_75	has_subclass	DOID_0080210
DOID_75	has_subclass	DOID_0080617
DOID_75	has_subclass	DOID_0080618
DOID_75	has_subclass	DOID_0080630
DOID_75	has_subclass	DOID_0080638
DOID_75	has_subclass	DOID_0080643
DOID_75	has_subclass	DOID_0080644
DOID_75	has_subclass	DOID_0080645
DOID_75	has_subclass	DOID_0080646
DOID_75	has_subclass	DOID_0080647
DOID_75	has_subclass	DOID_0080648
DOID_75	has_subclass	DOID_0080649
DOID_75	has_subclass	DOID_0080650
DOID_75	has_subclass	DOID_0080651
DOID_75	has_subclass	DOID_0080779
DOID_75	has_subclass	DOID_0080996
DOID_75	has_subclass	DOID_0080997
DOID_75	has_subclass	DOID_0081004
DOID_75	has_subclass	DOID_0081041
DOID_75	has_subclass	DOID_0081042
DOID_75	has_subclass	DOID_0081064
DOID_75	has_subclass	DOID_0081065
DOID_75	has_subclass	DOID_0081066
DOID_75	has_subclass	DOID_0081067
DOID_75	has_subclass	DOID_0081068
DOID_75	has_subclass	DOID_0081069
DOID_75	has_subclass	DOID_0081070
DOID_75	has_subclass	DOID_0081071
DOID_75	has_subclass	DOID_0081311
DOID_75	has_subclass	DOID_0081313
DOID_75	has_subclass	DOID_0081411
DOID_75	has_subclass	DOID_0081412
DOID_75	has_subclass	DOID_0081452
DOID_75	has_subclass	DOID_0110921
DOID_75	has_subclass	DOID_0110922
DOID_75	has_subclass	DOID_0110923
DOID_75	has_subclass	DOID_0110924
DOID_75	has_subclass	DOID_0110925
DOID_75	has_subclass	DOID_10146
DOID_75	has_subclass	DOID_10290
DOID_75	has_subclass	DOID_1039
DOID_75	has_subclass	DOID_1040
DOID_75	has_subclass	DOID_10540
DOID_75	has_subclass	DOID_10619
DOID_75	has_subclass	DOID_10773
DOID_75	has_subclass	DOID_10813
DOID_75	has_subclass	DOID_1106
DOID_75	has_subclass	DOID_11241
DOID_75	has_subclass	DOID_11258
DOID_75	has_subclass	DOID_11821
DOID_75	has_subclass	DOID_12001
DOID_75	has_subclass	DOID_12339
DOID_75	has_subclass	DOID_12972
DOID_75	has_subclass	DOID_13996
DOID_75	has_subclass	DOID_14150
DOID_75	has_subclass	DOID_14489
DOID_75	has_subclass	DOID_1522
DOID_75	has_subclass	DOID_1523
DOID_75	has_subclass	DOID_1703
DOID_75	has_subclass	DOID_1792
DOID_75	has_subclass	DOID_2150
DOID_75	has_subclass	DOID_2689
DOID_75	has_subclass	DOID_285
DOID_75	has_subclass	DOID_3234
DOID_75	has_subclass	DOID_3275
DOID_75	has_subclass	DOID_3277
DOID_75	has_subclass	DOID_3278
DOID_75	has_subclass	DOID_3279
DOID_75	has_subclass	DOID_3280
DOID_75	has_subclass	DOID_3281
DOID_75	has_subclass	DOID_3283
DOID_75	has_subclass	DOID_4554
DOID_75	has_subclass	DOID_4678
DOID_75	has_subclass	DOID_5626
DOID_75	has_subclass	DOID_5815
DOID_75	has_subclass	DOID_5820
DOID_75	has_subclass	DOID_5821
DOID_75	has_subclass	DOID_5823
DOID_75	has_subclass	DOID_5825
DOID_75	has_subclass	DOID_5826
DOID_75	has_subclass	DOID_6547
DOID_75	has_subclass	DOID_6723
DOID_75	has_subclass	DOID_6758
DOID_75	has_subclass	DOID_6759
DOID_75	has_subclass	DOID_6760
DOID_75	has_subclass	DOID_6867
DOID_75	has_subclass	DOID_6868
DOID_75	has_subclass	DOID_707
DOID_75	has_subclass	DOID_711
DOID_75	has_subclass	DOID_713
DOID_75	has_subclass	DOID_7214
DOID_75	has_subclass	DOID_774
DOID_75	has_subclass	DOID_7927
DOID_75	has_subclass	DOID_8135
DOID_75	has_subclass	DOID_8304
DOID_75	has_subclass	DOID_8538
DOID_75	has_subclass	DOID_8543
DOID_75	has_subclass	DOID_8567
DOID_75	has_subclass	DOID_8628
DOID_75	has_subclass	DOID_8642
DOID_75	has_subclass	DOID_8651
DOID_75	has_subclass	DOID_8654
DOID_75	has_subclass	DOID_8838
DOID_75	has_subclass	DOID_8937
DOID_75	has_subclass	DOID_901
DOID_75	has_subclass	DOID_903
DOID_75	has_subclass	DOID_9986
DOID_7505	has_subclass	DOID_0050927
DOID_7551	has_subclass	DOID_0050004
DOID_7551	has_subclass	DOID_10399
DOID_7575	has_subclass	DOID_7685
DOID_7575	has_subclass	DOID_8150
DOID_76	has_subclass	DOID_0080763
DOID_76	has_subclass	DOID_0080764
DOID_76	has_subclass	DOID_10536
DOID_76	has_subclass	DOID_10538
DOID_76	has_subclass	DOID_10544
DOID_76	has_subclass	DOID_10547
DOID_76	has_subclass	DOID_10548
DOID_76	has_subclass	DOID_11914
DOID_76	has_subclass	DOID_12638
DOID_76	has_subclass	DOID_12639
DOID_76	has_subclass	DOID_12641
DOID_76	has_subclass	DOID_14099
DOID_76	has_subclass	DOID_4716
DOID_76	has_subclass	DOID_5280
DOID_76	has_subclass	DOID_5561
DOID_76	has_subclass	DOID_5579
DOID_76	has_subclass	DOID_5700
DOID_76	has_subclass	DOID_6270
DOID_76	has_subclass	DOID_6271
DOID_76	has_subclass	DOID_6700
DOID_76	has_subclass	DOID_6703
DOID_76	has_subclass	DOID_6948
DOID_76	has_subclass	DOID_8118
DOID_768	has_subclass	DOID_7747
DOID_769	has_subclass	DOID_0050935
DOID_769	has_subclass	DOID_5193
DOID_769	has_subclass	DOID_5194
DOID_769	has_subclass	DOID_5195
DOID_769	has_subclass	DOID_7949
DOID_769	has_subclass	DOID_7951
DOID_77	has_subclass	DOID_0040090
DOID_77	has_subclass	DOID_0050129
DOID_77	has_subclass	DOID_0050130
DOID_77	has_subclass	DOID_0050131
DOID_77	has_subclass	DOID_0050132
DOID_77	has_subclass	DOID_0050140
DOID_77	has_subclass	DOID_0050218
DOID_77	has_subclass	DOID_0050256
DOID_77	has_subclass	DOID_0050270
DOID_77	has_subclass	DOID_0050424
DOID_77	has_subclass	DOID_0050591
DOID_77	has_subclass	DOID_0050612
DOID_77	has_subclass	DOID_0050625
DOID_77	has_subclass	DOID_0050626
DOID_77	has_subclass	DOID_0050865
DOID_77	has_subclass	DOID_0050866
DOID_77	has_subclass	DOID_0050868
DOID_77	has_subclass	DOID_0050893
DOID_77	has_subclass	DOID_0050911
DOID_77	has_subclass	DOID_0050925
DOID_77	has_subclass	DOID_0060296
DOID_77	has_subclass	DOID_0060312
DOID_77	has_subclass	DOID_0060315
DOID_77	has_subclass	DOID_0060320
DOID_77	has_subclass	DOID_0060324
DOID_77	has_subclass	DOID_0060328
DOID_77	has_subclass	DOID_0060604
DOID_77	has_subclass	DOID_0060777
DOID_77	has_subclass	DOID_0060781
DOID_77	has_subclass	DOID_0061215
DOID_77	has_subclass	DOID_0070358
DOID_77	has_subclass	DOID_0070359
DOID_77	has_subclass	DOID_0070360
DOID_77	has_subclass	DOID_0070361
DOID_77	has_subclass	DOID_0070362
DOID_77	has_subclass	DOID_0070690
DOID_77	has_subclass	DOID_0080409
DOID_77	has_subclass	DOID_0080410
DOID_77	has_subclass	DOID_0080411
DOID_77	has_subclass	DOID_0080412
DOID_77	has_subclass	DOID_0080640
DOID_77	has_subclass	DOID_0080641
DOID_77	has_subclass	DOID_0080742
DOID_77	has_subclass	DOID_0080763
DOID_77	has_subclass	DOID_0080764
DOID_77	has_subclass	DOID_0080778
DOID_77	has_subclass	DOID_0080900
DOID_77	has_subclass	DOID_0080936
DOID_77	has_subclass	DOID_0111341
DOID_77	has_subclass	DOID_0111366
DOID_77	has_subclass	DOID_0111380
DOID_77	has_subclass	DOID_0111684
DOID_77	has_subclass	DOID_0111685
DOID_77	has_subclass	DOID_10020
DOID_77	has_subclass	DOID_10021
DOID_77	has_subclass	DOID_10087
DOID_77	has_subclass	DOID_10154
DOID_77	has_subclass	DOID_10155
DOID_77	has_subclass	DOID_10187
DOID_77	has_subclass	DOID_10201
DOID_77	has_subclass	DOID_10209
DOID_77	has_subclass	DOID_10211
DOID_77	has_subclass	DOID_10254
DOID_77	has_subclass	DOID_10485
DOID_77	has_subclass	DOID_10534
DOID_77	has_subclass	DOID_10536
DOID_77	has_subclass	DOID_10538
DOID_77	has_subclass	DOID_10544
DOID_77	has_subclass	DOID_10547
DOID_77	has_subclass	DOID_10548
DOID_77	has_subclass	DOID_10605
DOID_77	has_subclass	DOID_10606
DOID_77	has_subclass	DOID_10607
DOID_77	has_subclass	DOID_10608
DOID_77	has_subclass	DOID_10611
DOID_77	has_subclass	DOID_10699
DOID_77	has_subclass	DOID_10816
DOID_77	has_subclass	DOID_10883
DOID_77	has_subclass	DOID_1091
DOID_77	has_subclass	DOID_10944
DOID_77	has_subclass	DOID_11151
DOID_77	has_subclass	DOID_112
DOID_77	has_subclass	DOID_11239
DOID_77	has_subclass	DOID_11428
DOID_77	has_subclass	DOID_11514
DOID_77	has_subclass	DOID_1159
DOID_77	has_subclass	DOID_11914
DOID_77	has_subclass	DOID_11963
DOID_77	has_subclass	DOID_12070
DOID_77	has_subclass	DOID_12072
DOID_77	has_subclass	DOID_12234
DOID_77	has_subclass	DOID_12236
DOID_77	has_subclass	DOID_12298
DOID_77	has_subclass	DOID_12474
DOID_77	has_subclass	DOID_12638
DOID_77	has_subclass	DOID_12639
DOID_77	has_subclass	DOID_12641
DOID_77	has_subclass	DOID_12642
DOID_77	has_subclass	DOID_1285
DOID_77	has_subclass	DOID_13146
DOID_77	has_subclass	DOID_13147
DOID_77	has_subclass	DOID_13185
DOID_77	has_subclass	DOID_13186
DOID_77	has_subclass	DOID_13248
DOID_77	has_subclass	DOID_13249
DOID_77	has_subclass	DOID_13310
DOID_77	has_subclass	DOID_13333
DOID_77	has_subclass	DOID_13419
DOID_77	has_subclass	DOID_13500
DOID_77	has_subclass	DOID_13622
DOID_77	has_subclass	DOID_13711
DOID_77	has_subclass	DOID_13714
DOID_77	has_subclass	DOID_13768
DOID_77	has_subclass	DOID_13921
DOID_77	has_subclass	DOID_13922
DOID_77	has_subclass	DOID_13976
DOID_77	has_subclass	DOID_13996
DOID_77	has_subclass	DOID_14099
DOID_77	has_subclass	DOID_14111
DOID_77	has_subclass	DOID_14262
DOID_77	has_subclass	DOID_1453
DOID_77	has_subclass	DOID_1455
DOID_77	has_subclass	DOID_1456
DOID_77	has_subclass	DOID_14671
DOID_77	has_subclass	DOID_1495
DOID_77	has_subclass	DOID_1733
DOID_77	has_subclass	DOID_1762
DOID_77	has_subclass	DOID_2048
DOID_77	has_subclass	DOID_275
DOID_77	has_subclass	DOID_3117
DOID_77	has_subclass	DOID_3120
DOID_77	has_subclass	DOID_3121
DOID_77	has_subclass	DOID_3122
DOID_77	has_subclass	DOID_3127
DOID_77	has_subclass	DOID_3229
DOID_77	has_subclass	DOID_3317
DOID_77	has_subclass	DOID_3499
DOID_77	has_subclass	DOID_3500
DOID_77	has_subclass	DOID_3501
DOID_77	has_subclass	DOID_3502
DOID_77	has_subclass	DOID_3559
DOID_77	has_subclass	DOID_3693
DOID_77	has_subclass	DOID_3852
DOID_77	has_subclass	DOID_3892
DOID_77	has_subclass	DOID_3917
DOID_77	has_subclass	DOID_3918
DOID_77	has_subclass	DOID_402
DOID_77	has_subclass	DOID_4031
DOID_77	has_subclass	DOID_4057
DOID_77	has_subclass	DOID_4071
DOID_77	has_subclass	DOID_4072
DOID_77	has_subclass	DOID_409
DOID_77	has_subclass	DOID_4140
DOID_77	has_subclass	DOID_4147
DOID_77	has_subclass	DOID_4148
DOID_77	has_subclass	DOID_4331
DOID_77	has_subclass	DOID_4370
DOID_77	has_subclass	DOID_452
DOID_77	has_subclass	DOID_4557
DOID_77	has_subclass	DOID_4608
DOID_77	has_subclass	DOID_4715
DOID_77	has_subclass	DOID_4716
DOID_77	has_subclass	DOID_4906
DOID_77	has_subclass	DOID_4907
DOID_77	has_subclass	DOID_4932
DOID_77	has_subclass	DOID_4948
DOID_77	has_subclass	DOID_5082
DOID_77	has_subclass	DOID_5125
DOID_77	has_subclass	DOID_5140
DOID_77	has_subclass	DOID_5146
DOID_77	has_subclass	DOID_5150
DOID_77	has_subclass	DOID_5271
DOID_77	has_subclass	DOID_5275
DOID_77	has_subclass	DOID_5280
DOID_77	has_subclass	DOID_5308
DOID_77	has_subclass	DOID_5468
DOID_77	has_subclass	DOID_5469
DOID_77	has_subclass	DOID_5561
DOID_77	has_subclass	DOID_5579
DOID_77	has_subclass	DOID_5627
DOID_77	has_subclass	DOID_5628
DOID_77	has_subclass	DOID_5700
DOID_77	has_subclass	DOID_5740
DOID_77	has_subclass	DOID_5773
DOID_77	has_subclass	DOID_6225
DOID_77	has_subclass	DOID_6270
DOID_77	has_subclass	DOID_6271
DOID_77	has_subclass	DOID_6297
DOID_77	has_subclass	DOID_6700
DOID_77	has_subclass	DOID_6703
DOID_77	has_subclass	DOID_6948
DOID_77	has_subclass	DOID_6998
DOID_77	has_subclass	DOID_7133
DOID_77	has_subclass	DOID_7136
DOID_77	has_subclass	DOID_7222
DOID_77	has_subclass	DOID_7235
DOID_77	has_subclass	DOID_7332
DOID_77	has_subclass	DOID_7402
DOID_77	has_subclass	DOID_7479
DOID_77	has_subclass	DOID_7506
DOID_77	has_subclass	DOID_7532
DOID_77	has_subclass	DOID_7735
DOID_77	has_subclass	DOID_7752
DOID_77	has_subclass	DOID_7851
DOID_77	has_subclass	DOID_7959
DOID_77	has_subclass	DOID_8110
DOID_77	has_subclass	DOID_8118
DOID_77	has_subclass	DOID_8135
DOID_77	has_subclass	DOID_8151
DOID_77	has_subclass	DOID_8167
DOID_77	has_subclass	DOID_8230
DOID_77	has_subclass	DOID_8337
DOID_77	has_subclass	DOID_8476
DOID_77	has_subclass	DOID_8564
DOID_77	has_subclass	DOID_8578
DOID_77	has_subclass	DOID_8590
DOID_77	has_subclass	DOID_8618
DOID_77	has_subclass	DOID_8630
DOID_77	has_subclass	DOID_8633
DOID_77	has_subclass	DOID_8635
DOID_77	has_subclass	DOID_8643
DOID_77	has_subclass	DOID_8649
DOID_77	has_subclass	DOID_8661
DOID_77	has_subclass	DOID_8702
DOID_77	has_subclass	DOID_8826
DOID_77	has_subclass	DOID_884
DOID_77	has_subclass	DOID_8883
DOID_77	has_subclass	DOID_8930
DOID_77	has_subclass	DOID_900
DOID_77	has_subclass	DOID_9021
DOID_77	has_subclass	DOID_9024
DOID_77	has_subclass	DOID_903
DOID_77	has_subclass	DOID_907
DOID_77	has_subclass	DOID_9095
DOID_77	has_subclass	DOID_9132
DOID_77	has_subclass	DOID_9138
DOID_77	has_subclass	DOID_9149
DOID_77	has_subclass	DOID_916
DOID_77	has_subclass	DOID_9164
DOID_77	has_subclass	DOID_917
DOID_77	has_subclass	DOID_918
DOID_77	has_subclass	DOID_9188
DOID_77	has_subclass	DOID_9192
DOID_77	has_subclass	DOID_9206
DOID_77	has_subclass	DOID_9245
DOID_77	has_subclass	DOID_9253
DOID_77	has_subclass	DOID_9297
DOID_77	has_subclass	DOID_9307
DOID_77	has_subclass	DOID_959
DOID_77	has_subclass	DOID_960
DOID_77	has_subclass	DOID_9655
DOID_77	has_subclass	DOID_9714
DOID_77	has_subclass	DOID_9717
DOID_77	has_subclass	DOID_9778
DOID_77	has_subclass	DOID_9779
DOID_77	has_subclass	DOID_9868
DOID_77	has_subclass	DOID_9893
DOID_771	has_subclass	DOID_4647
DOID_771	has_subclass	DOID_4648
DOID_771	has_subclass	DOID_4650
DOID_771	has_subclass	DOID_4651
DOID_771	has_subclass	DOID_4656
DOID_771	has_subclass	DOID_7747
DOID_7763	has_subclass	DOID_7586
DOID_7764	has_subclass	DOID_7584
DOID_780	has_subclass	DOID_1677
DOID_780	has_subclass	DOID_2024
DOID_780	has_subclass	DOID_2025
DOID_780	has_subclass	DOID_3594
DOID_780	has_subclass	DOID_3596
DOID_780	has_subclass	DOID_4320
DOID_780	has_subclass	DOID_5550
DOID_780	has_subclass	DOID_5551
DOID_780	has_subclass	DOID_6160
DOID_780	has_subclass	DOID_6634
DOID_780	has_subclass	DOID_6639
DOID_780	has_subclass	DOID_6693
DOID_780	has_subclass	DOID_7591
DOID_780	has_subclass	DOID_7665
DOID_780	has_subclass	DOID_8186
DOID_780	has_subclass	DOID_8187
DOID_780	has_subclass	DOID_8188
DOID_780	has_subclass	DOID_8336
DOID_786	has_subclass	DOID_11797
DOID_786	has_subclass	DOID_1583
DOID_786	has_subclass	DOID_3436
DOID_786	has_subclass	DOID_9396
DOID_7894	has_subclass	DOID_14374
DOID_799	has_subclass	DOID_12337
DOID_799	has_subclass	DOID_9745
DOID_799	has_subclass	DOID_9746
DOID_799	has_subclass	DOID_9749
DOID_811	has_subclass	DOID_0050440
DOID_811	has_subclass	DOID_0050585
DOID_811	has_subclass	DOID_0070202
DOID_811	has_subclass	DOID_0070203
DOID_811	has_subclass	DOID_0070204
DOID_811	has_subclass	DOID_0070205
DOID_811	has_subclass	DOID_0070206
DOID_811	has_subclass	DOID_0070207
DOID_811	has_subclass	DOID_0080300
DOID_811	has_subclass	DOID_0111135
DOID_811	has_subclass	DOID_0111136
DOID_811	has_subclass	DOID_0111137
DOID_811	has_subclass	DOID_0111138
DOID_820	has_subclass	DOID_10778
DOID_820	has_subclass	DOID_10779
DOID_820	has_subclass	DOID_9694
DOID_83	has_subclass	DOID_10997
DOID_83	has_subclass	DOID_13574
DOID_83	has_subclass	DOID_13717
DOID_83	has_subclass	DOID_13963
DOID_83	has_subclass	DOID_13964
DOID_8432	has_subclass	DOID_0060474
DOID_8432	has_subclass	DOID_0080290
DOID_8432	has_subclass	DOID_0080339
DOID_8432	has_subclass	DOID_0111630
DOID_8432	has_subclass	DOID_0111631
DOID_8432	has_subclass	DOID_0111632
DOID_8466	has_subclass	DOID_0050578
DOID_8466	has_subclass	DOID_0050661
DOID_8466	has_subclass	DOID_0050662
DOID_8466	has_subclass	DOID_0051093
DOID_8466	has_subclass	DOID_0051094
DOID_8466	has_subclass	DOID_0051095
DOID_8466	has_subclass	DOID_0051096
DOID_8466	has_subclass	DOID_0051098
DOID_8466	has_subclass	DOID_0060763
DOID_8466	has_subclass	DOID_0061103
DOID_8466	has_subclass	DOID_0061104
DOID_8466	has_subclass	DOID_0061108
DOID_8466	has_subclass	DOID_0061111
DOID_8466	has_subclass	DOID_0061113
DOID_8466	has_subclass	DOID_0061127
DOID_8466	has_subclass	DOID_0070438
DOID_8466	has_subclass	DOID_0070439
DOID_8466	has_subclass	DOID_0070440
DOID_8466	has_subclass	DOID_0070441
DOID_8466	has_subclass	DOID_0070517
DOID_8466	has_subclass	DOID_0080314
DOID_8466	has_subclass	DOID_0081447
DOID_8466	has_subclass	DOID_0081448
DOID_8466	has_subclass	DOID_0081449
DOID_8466	has_subclass	DOID_0110353
DOID_8466	has_subclass	DOID_0110354
DOID_8466	has_subclass	DOID_0110355
DOID_8466	has_subclass	DOID_0110356
DOID_8466	has_subclass	DOID_0110357
DOID_8466	has_subclass	DOID_0110358
DOID_8466	has_subclass	DOID_0110359
DOID_8466	has_subclass	DOID_0110360
DOID_8466	has_subclass	DOID_0110361
DOID_8466	has_subclass	DOID_0110362
DOID_8466	has_subclass	DOID_0110363
DOID_8466	has_subclass	DOID_0110364
DOID_8466	has_subclass	DOID_0110365
DOID_8466	has_subclass	DOID_0110366
DOID_8466	has_subclass	DOID_0110367
DOID_8466	has_subclass	DOID_0110369
DOID_8466	has_subclass	DOID_0110370
DOID_8466	has_subclass	DOID_0110372
DOID_8466	has_subclass	DOID_0110373
DOID_8466	has_subclass	DOID_0110374
DOID_8466	has_subclass	DOID_0110375
DOID_8466	has_subclass	DOID_0110376
DOID_8466	has_subclass	DOID_0110377
DOID_8466	has_subclass	DOID_0110379
DOID_8466	has_subclass	DOID_0110381
DOID_8466	has_subclass	DOID_0110382
DOID_8466	has_subclass	DOID_0110383
DOID_8466	has_subclass	DOID_0110385
DOID_8466	has_subclass	DOID_0110387
DOID_8466	has_subclass	DOID_0110388
DOID_8466	has_subclass	DOID_0110390
DOID_8466	has_subclass	DOID_0110391
DOID_8466	has_subclass	DOID_0110393
DOID_8466	has_subclass	DOID_0110394
DOID_8466	has_subclass	DOID_0110395
DOID_8466	has_subclass	DOID_0110397
DOID_8466	has_subclass	DOID_0110398
DOID_8466	has_subclass	DOID_0110400
DOID_8466	has_subclass	DOID_0110405
DOID_8466	has_subclass	DOID_0110406
DOID_8466	has_subclass	DOID_0110409
DOID_8466	has_subclass	DOID_0110411
DOID_8466	has_subclass	DOID_0110413
DOID_8466	has_subclass	DOID_0110414
DOID_8466	has_subclass	DOID_0110417
DOID_8466	has_subclass	DOID_0110418
DOID_8466	has_subclass	DOID_0110420
DOID_8466	has_subclass	DOID_0110421
DOID_8466	has_subclass	DOID_0111005
DOID_8466	has_subclass	DOID_0111006
DOID_8466	has_subclass	DOID_0111007
DOID_8466	has_subclass	DOID_0111008
DOID_8466	has_subclass	DOID_0111009
DOID_8466	has_subclass	DOID_0111010
DOID_8466	has_subclass	DOID_0111011
DOID_8466	has_subclass	DOID_0111012
DOID_8466	has_subclass	DOID_0111013
DOID_8466	has_subclass	DOID_0111014
DOID_8466	has_subclass	DOID_0111015
DOID_8466	has_subclass	DOID_0111016
DOID_8466	has_subclass	DOID_0111017
DOID_8466	has_subclass	DOID_0111018
DOID_8466	has_subclass	DOID_0111019
DOID_8466	has_subclass	DOID_0111020
DOID_8466	has_subclass	DOID_0111021
DOID_8466	has_subclass	DOID_0111022
DOID_8466	has_subclass	DOID_0111023
DOID_8466	has_subclass	DOID_0111024
DOID_8466	has_subclass	DOID_0111025
DOID_8466	has_subclass	DOID_0111026
DOID_8466	has_subclass	DOID_0112141
DOID_8466	has_subclass	DOID_0112145
DOID_8466	has_subclass	DOID_0112157
DOID_8466	has_subclass	DOID_12108
DOID_8466	has_subclass	DOID_8464
DOID_848	has_subclass	DOID_0051058
DOID_848	has_subclass	DOID_14256
DOID_848	has_subclass	DOID_676
DOID_8498	has_subclass	DOID_0110712
DOID_8498	has_subclass	DOID_0110713
DOID_8498	has_subclass	DOID_0110714
DOID_8498	has_subclass	DOID_0110715
DOID_8498	has_subclass	DOID_0110862
DOID_8498	has_subclass	DOID_0110863
DOID_8498	has_subclass	DOID_0110864
DOID_8498	has_subclass	DOID_0110865
DOID_8498	has_subclass	DOID_0110866
DOID_8498	has_subclass	DOID_0110867
DOID_8498	has_subclass	DOID_0110868
DOID_8498	has_subclass	DOID_0110869
DOID_8498	has_subclass	DOID_0110870
DOID_8498	has_subclass	DOID_0110871
DOID_850	has_subclass	DOID_0060941
DOID_850	has_subclass	DOID_11161
DOID_850	has_subclass	DOID_11394
DOID_850	has_subclass	DOID_11396
DOID_850	has_subclass	DOID_12375
DOID_850	has_subclass	DOID_12716
DOID_850	has_subclass	DOID_14319
DOID_850	has_subclass	DOID_2799
DOID_850	has_subclass	DOID_490
DOID_850	has_subclass	DOID_5364
DOID_850	has_subclass	DOID_5386
DOID_850	has_subclass	DOID_551
DOID_850	has_subclass	DOID_5547
DOID_850	has_subclass	DOID_5763
DOID_850	has_subclass	DOID_5767
DOID_850	has_subclass	DOID_5870
DOID_850	has_subclass	DOID_849
DOID_850	has_subclass	DOID_8512
DOID_850	has_subclass	DOID_9477
DOID_850	has_subclass	DOID_9502
DOID_8502	has_subclass	DOID_0040098
DOID_8502	has_subclass	DOID_0060642
DOID_8502	has_subclass	DOID_0060733
DOID_8502	has_subclass	DOID_0060737
DOID_8502	has_subclass	DOID_0060738
DOID_8502	has_subclass	DOID_0060851
DOID_8502	has_subclass	DOID_0080224
DOID_8502	has_subclass	DOID_0080850
DOID_8502	has_subclass	DOID_0080851
DOID_8502	has_subclass	DOID_0080852
DOID_8502	has_subclass	DOID_0080988
DOID_8502	has_subclass	DOID_0111347
DOID_8502	has_subclass	DOID_11656
DOID_8502	has_subclass	DOID_14482
DOID_8502	has_subclass	DOID_2730
DOID_8502	has_subclass	DOID_3209
DOID_8502	has_subclass	DOID_4313
DOID_8502	has_subclass	DOID_4959
DOID_8502	has_subclass	DOID_8506
DOID_8502	has_subclass	DOID_8507
DOID_8515	has_subclass	DOID_12325
DOID_8515	has_subclass	DOID_14557
DOID_8527	has_subclass	DOID_0080149
DOID_854	has_subclass	DOID_0050802
DOID_854	has_subclass	DOID_0080726
DOID_854	has_subclass	DOID_0080728
DOID_854	has_subclass	DOID_0080730
DOID_854	has_subclass	DOID_0080735
DOID_854	has_subclass	DOID_0080736
DOID_854	has_subclass	DOID_0080739
DOID_854	has_subclass	DOID_0080986
DOID_854	has_subclass	DOID_14757
DOID_8618	has_subclass	DOID_8630
DOID_8618	has_subclass	DOID_8635
DOID_8618	has_subclass	DOID_8883
DOID_863	has_subclass	DOID_0040087
DOID_863	has_subclass	DOID_0040088
DOID_863	has_subclass	DOID_0040089
DOID_863	has_subclass	DOID_0050250
DOID_863	has_subclass	DOID_0050259
DOID_863	has_subclass	DOID_0050304
DOID_863	has_subclass	DOID_0050335
DOID_863	has_subclass	DOID_0050537
DOID_863	has_subclass	DOID_0050572
DOID_863	has_subclass	DOID_0050578
DOID_863	has_subclass	DOID_0050593
DOID_863	has_subclass	DOID_0050633
DOID_863	has_subclass	DOID_0050661
DOID_863	has_subclass	DOID_0050662
DOID_863	has_subclass	DOID_0050664
DOID_863	has_subclass	DOID_0050679
DOID_863	has_subclass	DOID_0050683
DOID_863	has_subclass	DOID_0050906
DOID_863	has_subclass	DOID_0051093
DOID_863	has_subclass	DOID_0051094
DOID_863	has_subclass	DOID_0051095
DOID_863	has_subclass	DOID_0051096
DOID_863	has_subclass	DOID_0051098
DOID_863	has_subclass	DOID_0060030
DOID_863	has_subclass	DOID_0060033
DOID_863	has_subclass	DOID_0060216
DOID_863	has_subclass	DOID_0060217
DOID_863	has_subclass	DOID_0060648
DOID_863	has_subclass	DOID_0060680
DOID_863	has_subclass	DOID_0060696
DOID_863	has_subclass	DOID_0060698
DOID_863	has_subclass	DOID_0060731
DOID_863	has_subclass	DOID_0060763
DOID_863	has_subclass	DOID_0060835
DOID_863	has_subclass	DOID_0060836
DOID_863	has_subclass	DOID_0060842
DOID_863	has_subclass	DOID_0060869
DOID_863	has_subclass	DOID_0061027
DOID_863	has_subclass	DOID_0061103
DOID_863	has_subclass	DOID_0061104
DOID_863	has_subclass	DOID_0061108
DOID_863	has_subclass	DOID_0061111
DOID_863	has_subclass	DOID_0061113
DOID_863	has_subclass	DOID_0061127
DOID_863	has_subclass	DOID_0070354
DOID_863	has_subclass	DOID_0070363
DOID_863	has_subclass	DOID_0070364
DOID_863	has_subclass	DOID_0070438
DOID_863	has_subclass	DOID_0070439
DOID_863	has_subclass	DOID_0070440
DOID_863	has_subclass	DOID_0070441
DOID_863	has_subclass	DOID_0070466
DOID_863	has_subclass	DOID_0070517
DOID_863	has_subclass	DOID_0070530
DOID_863	has_subclass	DOID_0070531
DOID_863	has_subclass	DOID_0080314
DOID_863	has_subclass	DOID_0080581
DOID_863	has_subclass	DOID_0080606
DOID_863	has_subclass	DOID_0080608
DOID_863	has_subclass	DOID_0080609
DOID_863	has_subclass	DOID_0080610
DOID_863	has_subclass	DOID_0080611
DOID_863	has_subclass	DOID_0080634
DOID_863	has_subclass	DOID_0080635
DOID_863	has_subclass	DOID_0080636
DOID_863	has_subclass	DOID_0080637
DOID_863	has_subclass	DOID_0080849
DOID_863	has_subclass	DOID_0081120
DOID_863	has_subclass	DOID_0081447
DOID_863	has_subclass	DOID_0081448
DOID_863	has_subclass	DOID_0081449
DOID_863	has_subclass	DOID_0081462
DOID_863	has_subclass	DOID_0090100
DOID_863	has_subclass	DOID_0110007
DOID_863	has_subclass	DOID_0110009
DOID_863	has_subclass	DOID_0110010
DOID_863	has_subclass	DOID_0110227
DOID_863	has_subclass	DOID_0110229
DOID_863	has_subclass	DOID_0110230
DOID_863	has_subclass	DOID_0110231
DOID_863	has_subclass	DOID_0110232
DOID_863	has_subclass	DOID_0110233
DOID_863	has_subclass	DOID_0110234
DOID_863	has_subclass	DOID_0110236
DOID_863	has_subclass	DOID_0110238
DOID_863	has_subclass	DOID_0110240
DOID_863	has_subclass	DOID_0110242
DOID_863	has_subclass	DOID_0110243
DOID_863	has_subclass	DOID_0110244
DOID_863	has_subclass	DOID_0110246
DOID_863	has_subclass	DOID_0110249
DOID_863	has_subclass	DOID_0110250
DOID_863	has_subclass	DOID_0110251
DOID_863	has_subclass	DOID_0110252
DOID_863	has_subclass	DOID_0110253
DOID_863	has_subclass	DOID_0110254
DOID_863	has_subclass	DOID_0110255
DOID_863	has_subclass	DOID_0110259
DOID_863	has_subclass	DOID_0110260
DOID_863	has_subclass	DOID_0110261
DOID_863	has_subclass	DOID_0110265
DOID_863	has_subclass	DOID_0110266
DOID_863	has_subclass	DOID_0110267
DOID_863	has_subclass	DOID_0110268
DOID_863	has_subclass	DOID_0110270
DOID_863	has_subclass	DOID_0110271
DOID_863	has_subclass	DOID_0110272
DOID_863	has_subclass	DOID_0110353
DOID_863	has_subclass	DOID_0110354
DOID_863	has_subclass	DOID_0110355
DOID_863	has_subclass	DOID_0110356
DOID_863	has_subclass	DOID_0110357
DOID_863	has_subclass	DOID_0110358
DOID_863	has_subclass	DOID_0110359
DOID_863	has_subclass	DOID_0110360
DOID_863	has_subclass	DOID_0110361
DOID_863	has_subclass	DOID_0110362
DOID_863	has_subclass	DOID_0110363
DOID_863	has_subclass	DOID_0110364
DOID_863	has_subclass	DOID_0110365
DOID_863	has_subclass	DOID_0110366
DOID_863	has_subclass	DOID_0110367
DOID_863	has_subclass	DOID_0110369
DOID_863	has_subclass	DOID_0110370
DOID_863	has_subclass	DOID_0110372
DOID_863	has_subclass	DOID_0110373
DOID_863	has_subclass	DOID_0110374
DOID_863	has_subclass	DOID_0110375
DOID_863	has_subclass	DOID_0110376
DOID_863	has_subclass	DOID_0110377
DOID_863	has_subclass	DOID_0110379
DOID_863	has_subclass	DOID_0110381
DOID_863	has_subclass	DOID_0110382
DOID_863	has_subclass	DOID_0110383
DOID_863	has_subclass	DOID_0110385
DOID_863	has_subclass	DOID_0110387
DOID_863	has_subclass	DOID_0110388
DOID_863	has_subclass	DOID_0110390
DOID_863	has_subclass	DOID_0110391
DOID_863	has_subclass	DOID_0110393
DOID_863	has_subclass	DOID_0110394
DOID_863	has_subclass	DOID_0110395
DOID_863	has_subclass	DOID_0110397
DOID_863	has_subclass	DOID_0110398
DOID_863	has_subclass	DOID_0110400
DOID_863	has_subclass	DOID_0110405
DOID_863	has_subclass	DOID_0110406
DOID_863	has_subclass	DOID_0110409
DOID_863	has_subclass	DOID_0110411
DOID_863	has_subclass	DOID_0110413
DOID_863	has_subclass	DOID_0110414
DOID_863	has_subclass	DOID_0110417
DOID_863	has_subclass	DOID_0110418
DOID_863	has_subclass	DOID_0110420
DOID_863	has_subclass	DOID_0110421
DOID_863	has_subclass	DOID_0111005
DOID_863	has_subclass	DOID_0111006
DOID_863	has_subclass	DOID_0111007
DOID_863	has_subclass	DOID_0111008
DOID_863	has_subclass	DOID_0111009
DOID_863	has_subclass	DOID_0111010
DOID_863	has_subclass	DOID_0111011
DOID_863	has_subclass	DOID_0111012
DOID_863	has_subclass	DOID_0111013
DOID_863	has_subclass	DOID_0111014
DOID_863	has_subclass	DOID_0111015
DOID_863	has_subclass	DOID_0111016
DOID_863	has_subclass	DOID_0111017
DOID_863	has_subclass	DOID_0111018
DOID_863	has_subclass	DOID_0111019
DOID_863	has_subclass	DOID_0111020
DOID_863	has_subclass	DOID_0111021
DOID_863	has_subclass	DOID_0111022
DOID_863	has_subclass	DOID_0111023
DOID_863	has_subclass	DOID_0111024
DOID_863	has_subclass	DOID_0111025
DOID_863	has_subclass	DOID_0111026
DOID_863	has_subclass	DOID_0111148
DOID_863	has_subclass	DOID_0111149
DOID_863	has_subclass	DOID_0111150
DOID_863	has_subclass	DOID_0111228
DOID_863	has_subclass	DOID_0111541
DOID_863	has_subclass	DOID_0111570
DOID_863	has_subclass	DOID_0111799
DOID_863	has_subclass	DOID_0111800
DOID_863	has_subclass	DOID_0111802
DOID_863	has_subclass	DOID_0111803
DOID_863	has_subclass	DOID_0111804
DOID_863	has_subclass	DOID_0111805
DOID_863	has_subclass	DOID_0111806
DOID_863	has_subclass	DOID_0111807
DOID_863	has_subclass	DOID_0111812
DOID_863	has_subclass	DOID_0112141
DOID_863	has_subclass	DOID_0112145
DOID_863	has_subclass	DOID_0112157
DOID_863	has_subclass	DOID_0112240
DOID_863	has_subclass	DOID_10079
DOID_863	has_subclass	DOID_10138
DOID_863	has_subclass	DOID_10139
DOID_863	has_subclass	DOID_10140
DOID_863	has_subclass	DOID_10174
DOID_863	has_subclass	DOID_10176
DOID_863	has_subclass	DOID_10526
DOID_863	has_subclass	DOID_10584
DOID_863	has_subclass	DOID_10593
DOID_863	has_subclass	DOID_10629
DOID_863	has_subclass	DOID_10863
DOID_863	has_subclass	DOID_10864
DOID_863	has_subclass	DOID_10866
DOID_863	has_subclass	DOID_10869
DOID_863	has_subclass	DOID_10989
DOID_863	has_subclass	DOID_10997
DOID_863	has_subclass	DOID_110
DOID_863	has_subclass	DOID_11029
DOID_863	has_subclass	DOID_11086
DOID_863	has_subclass	DOID_11105
DOID_863	has_subclass	DOID_11134
DOID_863	has_subclass	DOID_11177
DOID_863	has_subclass	DOID_11184
DOID_863	has_subclass	DOID_11190
DOID_863	has_subclass	DOID_11197
DOID_863	has_subclass	DOID_11211
DOID_863	has_subclass	DOID_11212
DOID_863	has_subclass	DOID_11213
DOID_863	has_subclass	DOID_11219
DOID_863	has_subclass	DOID_11227
DOID_863	has_subclass	DOID_11282
DOID_863	has_subclass	DOID_11283
DOID_863	has_subclass	DOID_11343
DOID_863	has_subclass	DOID_11364
DOID_863	has_subclass	DOID_1142
DOID_863	has_subclass	DOID_1143
DOID_863	has_subclass	DOID_11465
DOID_863	has_subclass	DOID_11488
DOID_863	has_subclass	DOID_11561
DOID_863	has_subclass	DOID_11594
DOID_863	has_subclass	DOID_11595
DOID_863	has_subclass	DOID_11599
DOID_863	has_subclass	DOID_11653
DOID_863	has_subclass	DOID_11661
DOID_863	has_subclass	DOID_11754
DOID_863	has_subclass	DOID_11766
DOID_863	has_subclass	DOID_11772
DOID_863	has_subclass	DOID_11776
DOID_863	has_subclass	DOID_11781
DOID_863	has_subclass	DOID_11782
DOID_863	has_subclass	DOID_11850
DOID_863	has_subclass	DOID_11853
DOID_863	has_subclass	DOID_11864
DOID_863	has_subclass	DOID_11988
DOID_863	has_subclass	DOID_12108
DOID_863	has_subclass	DOID_12124
DOID_863	has_subclass	DOID_12169
DOID_863	has_subclass	DOID_12270
DOID_863	has_subclass	DOID_12273
DOID_863	has_subclass	DOID_12349
DOID_863	has_subclass	DOID_12445
DOID_863	has_subclass	DOID_1248
DOID_863	has_subclass	DOID_12514
DOID_863	has_subclass	DOID_12557
DOID_863	has_subclass	DOID_12667
DOID_863	has_subclass	DOID_12668
DOID_863	has_subclass	DOID_12731
DOID_863	has_subclass	DOID_12756
DOID_863	has_subclass	DOID_12809
DOID_863	has_subclass	DOID_12841
DOID_863	has_subclass	DOID_12842
DOID_863	has_subclass	DOID_12889
DOID_863	has_subclass	DOID_12895
DOID_863	has_subclass	DOID_13025
DOID_863	has_subclass	DOID_13060
DOID_863	has_subclass	DOID_13227
DOID_863	has_subclass	DOID_13327
DOID_863	has_subclass	DOID_13328
DOID_863	has_subclass	DOID_13399
DOID_863	has_subclass	DOID_13401
DOID_863	has_subclass	DOID_13452
DOID_863	has_subclass	DOID_13574
DOID_863	has_subclass	DOID_13649
DOID_863	has_subclass	DOID_13651
DOID_863	has_subclass	DOID_13653
DOID_863	has_subclass	DOID_13654
DOID_863	has_subclass	DOID_13655
DOID_863	has_subclass	DOID_13676
DOID_863	has_subclass	DOID_13717
DOID_863	has_subclass	DOID_13787
DOID_863	has_subclass	DOID_13788
DOID_863	has_subclass	DOID_13789
DOID_863	has_subclass	DOID_13794
DOID_863	has_subclass	DOID_13822
DOID_863	has_subclass	DOID_13861
DOID_863	has_subclass	DOID_1389
DOID_863	has_subclass	DOID_13909
DOID_863	has_subclass	DOID_13910
DOID_863	has_subclass	DOID_13911
DOID_863	has_subclass	DOID_13912
DOID_863	has_subclass	DOID_13913
DOID_863	has_subclass	DOID_13919
DOID_863	has_subclass	DOID_13929
DOID_863	has_subclass	DOID_13963
DOID_863	has_subclass	DOID_13964
DOID_863	has_subclass	DOID_1399
DOID_863	has_subclass	DOID_1400
DOID_863	has_subclass	DOID_14000
DOID_863	has_subclass	DOID_14022
DOID_863	has_subclass	DOID_14230
DOID_863	has_subclass	DOID_14251
DOID_863	has_subclass	DOID_14252
DOID_863	has_subclass	DOID_14253
DOID_863	has_subclass	DOID_14287
DOID_863	has_subclass	DOID_1432
DOID_863	has_subclass	DOID_14422
DOID_863	has_subclass	DOID_14548
DOID_863	has_subclass	DOID_1686
DOID_863	has_subclass	DOID_1687
DOID_863	has_subclass	DOID_1748
DOID_863	has_subclass	DOID_1751
DOID_863	has_subclass	DOID_1752
DOID_863	has_subclass	DOID_1811
DOID_863	has_subclass	DOID_1822
DOID_863	has_subclass	DOID_1942
DOID_863	has_subclass	DOID_1979
DOID_863	has_subclass	DOID_2174
DOID_863	has_subclass	DOID_238
DOID_863	has_subclass	DOID_2457
DOID_863	has_subclass	DOID_2458
DOID_863	has_subclass	DOID_292
DOID_863	has_subclass	DOID_293
DOID_863	has_subclass	DOID_294
DOID_863	has_subclass	DOID_295
DOID_863	has_subclass	DOID_296
DOID_863	has_subclass	DOID_298
DOID_863	has_subclass	DOID_3096
DOID_863	has_subclass	DOID_3222
DOID_863	has_subclass	DOID_3223
DOID_863	has_subclass	DOID_4250
DOID_863	has_subclass	DOID_4251
DOID_863	has_subclass	DOID_4308
DOID_863	has_subclass	DOID_4447
DOID_863	has_subclass	DOID_4448
DOID_863	has_subclass	DOID_4449
DOID_863	has_subclass	DOID_4685
DOID_863	has_subclass	DOID_4870
DOID_863	has_subclass	DOID_5213
DOID_863	has_subclass	DOID_5214
DOID_863	has_subclass	DOID_5221
DOID_863	has_subclass	DOID_5327
DOID_863	has_subclass	DOID_538
DOID_863	has_subclass	DOID_540
DOID_863	has_subclass	DOID_5465
DOID_863	has_subclass	DOID_5467
DOID_863	has_subclass	DOID_5529
DOID_863	has_subclass	DOID_5614
DOID_863	has_subclass	DOID_5679
DOID_863	has_subclass	DOID_573
DOID_863	has_subclass	DOID_6037
DOID_863	has_subclass	DOID_6195
DOID_863	has_subclass	DOID_6198
DOID_863	has_subclass	DOID_6903
DOID_863	has_subclass	DOID_6925
DOID_863	has_subclass	DOID_6929
DOID_863	has_subclass	DOID_728
DOID_863	has_subclass	DOID_7441
DOID_863	has_subclass	DOID_7633
DOID_863	has_subclass	DOID_775
DOID_863	has_subclass	DOID_7825
DOID_863	has_subclass	DOID_790
DOID_863	has_subclass	DOID_82
DOID_863	has_subclass	DOID_83
DOID_863	has_subclass	DOID_8464
DOID_863	has_subclass	DOID_8465
DOID_863	has_subclass	DOID_8466
DOID_863	has_subclass	DOID_8501
DOID_863	has_subclass	DOID_8787
DOID_863	has_subclass	DOID_8792
DOID_863	has_subclass	DOID_8869
DOID_863	has_subclass	DOID_8886
DOID_863	has_subclass	DOID_9210
DOID_863	has_subclass	DOID_9282
DOID_863	has_subclass	DOID_9283
DOID_863	has_subclass	DOID_9335
DOID_863	has_subclass	DOID_949
DOID_863	has_subclass	DOID_950
DOID_863	has_subclass	DOID_952
DOID_863	has_subclass	DOID_9669
DOID_863	has_subclass	DOID_9709
DOID_863	has_subclass	DOID_9719
DOID_863	has_subclass	DOID_9722
DOID_863	has_subclass	DOID_979
DOID_863	has_subclass	DOID_9799
DOID_863	has_subclass	DOID_9834
DOID_863	has_subclass	DOID_9835
DOID_863	has_subclass	DOID_9837
DOID_863	has_subclass	DOID_9838
DOID_863	has_subclass	DOID_9841
DOID_863	has_subclass	DOID_9843
DOID_863	has_subclass	DOID_9946
DOID_863	has_subclass	DOID_9948
DOID_864	has_subclass	DOID_10880
DOID_864	has_subclass	DOID_12282
DOID_864	has_subclass	DOID_14392
DOID_8646	has_subclass	DOID_1742
DOID_8646	has_subclass	DOID_252
DOID_865	has_subclass	DOID_13375
DOID_866	has_subclass	DOID_10880
DOID_866	has_subclass	DOID_12282
DOID_866	has_subclass	DOID_14392
DOID_866	has_subclass	DOID_3875
DOID_8692	has_subclass	DOID_0060761
DOID_8692	has_subclass	DOID_0080149
DOID_8692	has_subclass	DOID_0081088
DOID_8692	has_subclass	DOID_8593
DOID_8692	has_subclass	DOID_8696
DOID_8692	has_subclass	DOID_8864
DOID_870	has_subclass	DOID_0050214
DOID_870	has_subclass	DOID_0050538
DOID_870	has_subclass	DOID_0050539
DOID_870	has_subclass	DOID_0050540
DOID_870	has_subclass	DOID_0051043
DOID_870	has_subclass	DOID_0061168
DOID_870	has_subclass	DOID_0061188
DOID_870	has_subclass	DOID_0061251
DOID_870	has_subclass	DOID_0070145
DOID_870	has_subclass	DOID_0070146
DOID_870	has_subclass	DOID_0070149
DOID_870	has_subclass	DOID_0070151
DOID_870	has_subclass	DOID_0070153
DOID_870	has_subclass	DOID_0070159
DOID_870	has_subclass	DOID_0070160
DOID_870	has_subclass	DOID_0070678
DOID_870	has_subclass	DOID_0070679
DOID_870	has_subclass	DOID_0080067
DOID_870	has_subclass	DOID_0080068
DOID_870	has_subclass	DOID_0080069
DOID_870	has_subclass	DOID_0080587
DOID_870	has_subclass	DOID_0081393
DOID_870	has_subclass	DOID_0090068
DOID_870	has_subclass	DOID_0090069
DOID_870	has_subclass	DOID_0110148
DOID_870	has_subclass	DOID_0110149
DOID_870	has_subclass	DOID_0110150
DOID_870	has_subclass	DOID_0110151
DOID_870	has_subclass	DOID_0110152
DOID_870	has_subclass	DOID_0110153
DOID_870	has_subclass	DOID_0110154
DOID_870	has_subclass	DOID_0110155
DOID_870	has_subclass	DOID_0110156
DOID_870	has_subclass	DOID_0110157
DOID_870	has_subclass	DOID_0110158
DOID_870	has_subclass	DOID_0110159
DOID_870	has_subclass	DOID_0110160
DOID_870	has_subclass	DOID_0110161
DOID_870	has_subclass	DOID_0110162
DOID_870	has_subclass	DOID_0110163
DOID_870	has_subclass	DOID_0110164
DOID_870	has_subclass	DOID_0110165
DOID_870	has_subclass	DOID_0110166
DOID_870	has_subclass	DOID_0110167
DOID_870	has_subclass	DOID_0110168
DOID_870	has_subclass	DOID_0110169
DOID_870	has_subclass	DOID_0110170
DOID_870	has_subclass	DOID_0110171
DOID_870	has_subclass	DOID_0110173
DOID_870	has_subclass	DOID_0110174
DOID_870	has_subclass	DOID_0110175
DOID_870	has_subclass	DOID_0110176
DOID_870	has_subclass	DOID_0110177
DOID_870	has_subclass	DOID_0110178
DOID_870	has_subclass	DOID_0110179
DOID_870	has_subclass	DOID_0110180
DOID_870	has_subclass	DOID_0110181
DOID_870	has_subclass	DOID_0110182
DOID_870	has_subclass	DOID_0110657
DOID_870	has_subclass	DOID_0110658
DOID_870	has_subclass	DOID_0110660
DOID_870	has_subclass	DOID_0110661
DOID_870	has_subclass	DOID_0110662
DOID_870	has_subclass	DOID_0110670
DOID_870	has_subclass	DOID_0110673
DOID_870	has_subclass	DOID_0110674
DOID_870	has_subclass	DOID_0110677
DOID_870	has_subclass	DOID_0110679
DOID_870	has_subclass	DOID_0110680
DOID_870	has_subclass	DOID_0110801
DOID_870	has_subclass	DOID_0111557
DOID_870	has_subclass	DOID_0111558
DOID_870	has_subclass	DOID_0111559
DOID_870	has_subclass	DOID_0111560
DOID_870	has_subclass	DOID_0111729
DOID_870	has_subclass	DOID_10383
DOID_870	has_subclass	DOID_10595
DOID_870	has_subclass	DOID_11589
DOID_870	has_subclass	DOID_1187
DOID_870	has_subclass	DOID_12168
DOID_870	has_subclass	DOID_12170
DOID_870	has_subclass	DOID_12171
DOID_870	has_subclass	DOID_12526
DOID_870	has_subclass	DOID_12785
DOID_870	has_subclass	DOID_14183
DOID_870	has_subclass	DOID_14184
DOID_870	has_subclass	DOID_14402
DOID_870	has_subclass	DOID_1802
DOID_870	has_subclass	DOID_1835
DOID_870	has_subclass	DOID_1844
DOID_870	has_subclass	DOID_2536
DOID_870	has_subclass	DOID_3635
DOID_870	has_subclass	DOID_3689
DOID_870	has_subclass	DOID_4196
DOID_870	has_subclass	DOID_4201
DOID_870	has_subclass	DOID_439
DOID_870	has_subclass	DOID_4613
DOID_870	has_subclass	DOID_571
DOID_870	has_subclass	DOID_572
DOID_870	has_subclass	DOID_8443
DOID_870	has_subclass	DOID_8681
DOID_8712	has_subclass	DOID_0070482
DOID_8719	has_subclass	DOID_0050870
DOID_8719	has_subclass	DOID_8661
DOID_8719	has_subclass	DOID_8826
DOID_874	has_subclass	DOID_873
DOID_8791	has_subclass	DOID_5670
DOID_883	has_subclass	DOID_0050218
DOID_883	has_subclass	DOID_12148
DOID_8850	has_subclass	DOID_0050930
DOID_8850	has_subclass	DOID_0050931
DOID_8850	has_subclass	DOID_0080800
DOID_8850	has_subclass	DOID_0080808
DOID_8850	has_subclass	DOID_0081293
DOID_8850	has_subclass	DOID_4866
DOID_8886	has_subclass	DOID_11864
DOID_891	has_subclass	DOID_0061211
DOID_891	has_subclass	DOID_0070660
DOID_8913	has_subclass	DOID_0050097
DOID_8913	has_subclass	DOID_0050116
DOID_8913	has_subclass	DOID_13368
DOID_8913	has_subclass	DOID_4336
DOID_8927	has_subclass	DOID_0060223
DOID_8927	has_subclass	DOID_4428
DOID_8927	has_subclass	DOID_4540
DOID_896	has_subclass	DOID_0111028
DOID_896	has_subclass	DOID_0111029
DOID_896	has_subclass	DOID_0111030
DOID_896	has_subclass	DOID_0111031
DOID_896	has_subclass	DOID_0111033
DOID_906	has_subclass	DOID_0080476
DOID_906	has_subclass	DOID_0080477
DOID_906	has_subclass	DOID_0080478
DOID_906	has_subclass	DOID_0080479
DOID_906	has_subclass	DOID_0080480
DOID_906	has_subclass	DOID_0080481
DOID_906	has_subclass	DOID_0080482
DOID_906	has_subclass	DOID_0080483
DOID_906	has_subclass	DOID_0080484
DOID_906	has_subclass	DOID_0080485
DOID_906	has_subclass	DOID_0080486
DOID_906	has_subclass	DOID_0080487
DOID_906	has_subclass	DOID_0080622
DOID_906	has_subclass	DOID_0081433
DOID_906	has_subclass	DOID_0081437
DOID_906	has_subclass	DOID_0081438
DOID_906	has_subclass	DOID_0081439
DOID_906	has_subclass	DOID_905
DOID_9119	has_subclass	DOID_0080794
DOID_9119	has_subclass	DOID_0080798
DOID_9119	has_subclass	DOID_0081081
DOID_9120	has_subclass	DOID_0050637
DOID_9120	has_subclass	DOID_0070027
DOID_9120	has_subclass	DOID_0070028
DOID_9120	has_subclass	DOID_0070030
DOID_9120	has_subclass	DOID_0080930
DOID_9120	has_subclass	DOID_0080931
DOID_9120	has_subclass	DOID_0080932
DOID_916	has_subclass	DOID_0111366
DOID_92	has_subclass	DOID_0060243
DOID_9252	has_subclass	DOID_0050574
DOID_9252	has_subclass	DOID_0050575
DOID_9252	has_subclass	DOID_0050712
DOID_9252	has_subclass	DOID_0050799
DOID_9252	has_subclass	DOID_0050800
DOID_9252	has_subclass	DOID_0060168
DOID_9252	has_subclass	DOID_0060174
DOID_9252	has_subclass	DOID_0060175
DOID_9252	has_subclass	DOID_0060177
DOID_9252	has_subclass	DOID_0061001
DOID_9252	has_subclass	DOID_0070616
DOID_9252	has_subclass	DOID_0080542
DOID_9252	has_subclass	DOID_0080579
DOID_9252	has_subclass	DOID_0080580
DOID_9252	has_subclass	DOID_0111037
DOID_9252	has_subclass	DOID_0111038
DOID_9252	has_subclass	DOID_0111039
DOID_9252	has_subclass	DOID_0111351
DOID_9252	has_subclass	DOID_0111352
DOID_9252	has_subclass	DOID_0111619
DOID_9255	has_subclass	DOID_0081389
DOID_9255	has_subclass	DOID_0081390
DOID_9255	has_subclass	DOID_0081391
DOID_9256	has_subclass	DOID_0050861
DOID_9256	has_subclass	DOID_0080183
DOID_9256	has_subclass	DOID_12190
DOID_9256	has_subclass	DOID_12191
DOID_9256	has_subclass	DOID_12192
DOID_9256	has_subclass	DOID_1520
DOID_9256	has_subclass	DOID_1523
DOID_9256	has_subclass	DOID_261
DOID_9256	has_subclass	DOID_2781
DOID_9256	has_subclass	DOID_2782
DOID_9256	has_subclass	DOID_5260
DOID_9256	has_subclass	DOID_5519
DOID_9256	has_subclass	DOID_6727
DOID_9256	has_subclass	DOID_6804
DOID_9256	has_subclass	DOID_7401
DOID_9297	has_subclass	DOID_0060312
DOID_93	has_subclass	DOID_4541
DOID_930	has_subclass	DOID_10499
DOID_930	has_subclass	DOID_12362
DOID_930	has_subclass	DOID_9369
DOID_934	has_subclass	DOID_0050125
DOID_934	has_subclass	DOID_0050143
DOID_934	has_subclass	DOID_0050204
DOID_934	has_subclass	DOID_12206
DOID_934	has_subclass	DOID_12549
DOID_934	has_subclass	DOID_1883
DOID_934	has_subclass	DOID_2043
DOID_934	has_subclass	DOID_2047
DOID_934	has_subclass	DOID_4411
DOID_934	has_subclass	DOID_6102
DOID_934	has_subclass	DOID_635
DOID_9351	has_subclass	DOID_0111099
DOID_9351	has_subclass	DOID_0111100
DOID_9351	has_subclass	DOID_0111102
DOID_9351	has_subclass	DOID_0111103
DOID_9351	has_subclass	DOID_0111104
DOID_9351	has_subclass	DOID_0111105
DOID_9351	has_subclass	DOID_0111106
DOID_9351	has_subclass	DOID_0111107
DOID_9351	has_subclass	DOID_0111108
DOID_9351	has_subclass	DOID_0111109
DOID_9351	has_subclass	DOID_0111110
DOID_9351	has_subclass	DOID_0111111
DOID_936	has_subclass	DOID_0050433
DOID_936	has_subclass	DOID_0050669
DOID_936	has_subclass	DOID_0050670
DOID_936	has_subclass	DOID_0050672
DOID_936	has_subclass	DOID_0050673
DOID_936	has_subclass	DOID_0050835
DOID_936	has_subclass	DOID_0050838
DOID_936	has_subclass	DOID_0050903
DOID_936	has_subclass	DOID_0051014
DOID_936	has_subclass	DOID_0051015
DOID_936	has_subclass	DOID_0051059
DOID_936	has_subclass	DOID_0051061
DOID_936	has_subclass	DOID_0051062
DOID_936	has_subclass	DOID_0051063
DOID_936	has_subclass	DOID_0060103
DOID_936	has_subclass	DOID_0060106
DOID_936	has_subclass	DOID_0060178
DOID_936	has_subclass	DOID_0060376
DOID_936	has_subclass	DOID_0060669
DOID_936	has_subclass	DOID_0060670
DOID_936	has_subclass	DOID_0060671
DOID_936	has_subclass	DOID_0060688
DOID_936	has_subclass	DOID_0060730
DOID_936	has_subclass	DOID_0060937
DOID_936	has_subclass	DOID_0060938
DOID_936	has_subclass	DOID_0060944
DOID_936	has_subclass	DOID_0060955
DOID_936	has_subclass	DOID_0060956
DOID_936	has_subclass	DOID_0060966
DOID_936	has_subclass	DOID_0060967
DOID_936	has_subclass	DOID_0070343
DOID_936	has_subclass	DOID_0070396
DOID_936	has_subclass	DOID_0070487
DOID_936	has_subclass	DOID_0070488
DOID_936	has_subclass	DOID_0070636
DOID_936	has_subclass	DOID_0070639
DOID_936	has_subclass	DOID_0070702
DOID_936	has_subclass	DOID_0070744
DOID_936	has_subclass	DOID_0080275
DOID_936	has_subclass	DOID_0080276
DOID_936	has_subclass	DOID_0080277
DOID_936	has_subclass	DOID_0080278
DOID_936	has_subclass	DOID_0080279
DOID_936	has_subclass	DOID_0080315
DOID_936	has_subclass	DOID_0080316
DOID_936	has_subclass	DOID_0080317
DOID_936	has_subclass	DOID_0080318
DOID_936	has_subclass	DOID_0080491
DOID_936	has_subclass	DOID_0080523
DOID_936	has_subclass	DOID_0080741
DOID_936	has_subclass	DOID_0080903
DOID_936	has_subclass	DOID_0081286
DOID_936	has_subclass	DOID_0081295
DOID_936	has_subclass	DOID_0081315
DOID_936	has_subclass	DOID_0081316
DOID_936	has_subclass	DOID_0081419
DOID_936	has_subclass	DOID_0090038
DOID_936	has_subclass	DOID_0090041
DOID_936	has_subclass	DOID_0090042
DOID_936	has_subclass	DOID_0090043
DOID_936	has_subclass	DOID_0090044
DOID_936	has_subclass	DOID_0090045
DOID_936	has_subclass	DOID_0090047
DOID_936	has_subclass	DOID_0090050
DOID_936	has_subclass	DOID_0090056
DOID_936	has_subclass	DOID_0090103
DOID_936	has_subclass	DOID_0110980
DOID_936	has_subclass	DOID_0110981
DOID_936	has_subclass	DOID_0110982
DOID_936	has_subclass	DOID_0110983
DOID_936	has_subclass	DOID_0110984
DOID_936	has_subclass	DOID_0110985
DOID_936	has_subclass	DOID_0110986
DOID_936	has_subclass	DOID_0110987
DOID_936	has_subclass	DOID_0110988
DOID_936	has_subclass	DOID_0110989
DOID_936	has_subclass	DOID_0110990
DOID_936	has_subclass	DOID_0110991
DOID_936	has_subclass	DOID_0110992
DOID_936	has_subclass	DOID_0110993
DOID_936	has_subclass	DOID_0110994
DOID_936	has_subclass	DOID_0110995
DOID_936	has_subclass	DOID_0110996
DOID_936	has_subclass	DOID_0110997
DOID_936	has_subclass	DOID_0110998
DOID_936	has_subclass	DOID_0110999
DOID_936	has_subclass	DOID_0111000
DOID_936	has_subclass	DOID_0111001
DOID_936	has_subclass	DOID_0111002
DOID_936	has_subclass	DOID_0111003
DOID_936	has_subclass	DOID_0111004
DOID_936	has_subclass	DOID_0111153
DOID_936	has_subclass	DOID_0111168
DOID_936	has_subclass	DOID_0111181
DOID_936	has_subclass	DOID_0111182
DOID_936	has_subclass	DOID_0111183
DOID_936	has_subclass	DOID_0111428
DOID_936	has_subclass	DOID_0111430
DOID_936	has_subclass	DOID_0111432
DOID_936	has_subclass	DOID_0112105
DOID_936	has_subclass	DOID_0112276
DOID_936	has_subclass	DOID_10024
DOID_936	has_subclass	DOID_10081
DOID_936	has_subclass	DOID_10127
DOID_936	has_subclass	DOID_10579
DOID_936	has_subclass	DOID_10588
DOID_936	has_subclass	DOID_10742
DOID_936	has_subclass	DOID_10965
DOID_936	has_subclass	DOID_10967
DOID_936	has_subclass	DOID_10968
DOID_936	has_subclass	DOID_10991
DOID_936	has_subclass	DOID_11390
DOID_936	has_subclass	DOID_11949
DOID_936	has_subclass	DOID_12016
DOID_936	has_subclass	DOID_12783
DOID_936	has_subclass	DOID_12859
DOID_936	has_subclass	DOID_13003
DOID_936	has_subclass	DOID_13088
DOID_936	has_subclass	DOID_13100
DOID_936	has_subclass	DOID_13366
DOID_936	has_subclass	DOID_13664
DOID_936	has_subclass	DOID_13839
DOID_936	has_subclass	DOID_14384
DOID_936	has_subclass	DOID_14483
DOID_936	has_subclass	DOID_14524
DOID_936	has_subclass	DOID_1659
DOID_936	has_subclass	DOID_1713
DOID_936	has_subclass	DOID_2127
DOID_936	has_subclass	DOID_2129
DOID_936	has_subclass	DOID_2132
DOID_936	has_subclass	DOID_2135
DOID_936	has_subclass	DOID_223
DOID_936	has_subclass	DOID_224
DOID_936	has_subclass	DOID_2316
DOID_936	has_subclass	DOID_2367
DOID_936	has_subclass	DOID_3410
DOID_936	has_subclass	DOID_3454
DOID_936	has_subclass	DOID_3522
DOID_936	has_subclass	DOID_3523
DOID_936	has_subclass	DOID_3530
DOID_936	has_subclass	DOID_3572
DOID_936	has_subclass	DOID_3574
DOID_936	has_subclass	DOID_3575
DOID_936	has_subclass	DOID_3576
DOID_936	has_subclass	DOID_3644
DOID_936	has_subclass	DOID_368
DOID_936	has_subclass	DOID_3865
DOID_936	has_subclass	DOID_3870
DOID_936	has_subclass	DOID_4164
DOID_936	has_subclass	DOID_4193
DOID_936	has_subclass	DOID_4249
DOID_936	has_subclass	DOID_4372
DOID_936	has_subclass	DOID_4584
DOID_936	has_subclass	DOID_4788
DOID_936	has_subclass	DOID_4790
DOID_936	has_subclass	DOID_4791
DOID_936	has_subclass	DOID_4990
DOID_936	has_subclass	DOID_5057
DOID_936	has_subclass	DOID_5222
DOID_936	has_subclass	DOID_5224
DOID_936	has_subclass	DOID_5225
DOID_936	has_subclass	DOID_5393
DOID_936	has_subclass	DOID_543
DOID_936	has_subclass	DOID_5434
DOID_936	has_subclass	DOID_5435
DOID_936	has_subclass	DOID_5677
DOID_936	has_subclass	DOID_5815
DOID_936	has_subclass	DOID_6112
DOID_936	has_subclass	DOID_6113
DOID_936	has_subclass	DOID_6115
DOID_936	has_subclass	DOID_6128
DOID_936	has_subclass	DOID_6337
DOID_936	has_subclass	DOID_646
DOID_936	has_subclass	DOID_648
DOID_936	has_subclass	DOID_6621
DOID_936	has_subclass	DOID_678
DOID_936	has_subclass	DOID_6939
DOID_936	has_subclass	DOID_7007
DOID_936	has_subclass	DOID_7398
DOID_936	has_subclass	DOID_7429
DOID_936	has_subclass	DOID_7430
DOID_936	has_subclass	DOID_7502
DOID_936	has_subclass	DOID_7516
DOID_936	has_subclass	DOID_7631
DOID_936	has_subclass	DOID_8970
DOID_936	has_subclass	DOID_910
DOID_936	has_subclass	DOID_9854
DOID_9360	has_subclass	DOID_0080820
DOID_9365	has_subclass	DOID_0050004
DOID_9365	has_subclass	DOID_10399
DOID_9383	has_subclass	DOID_10442
DOID_9402	has_subclass	DOID_10802
DOID_9406	has_subclass	DOID_0060872
DOID_9406	has_subclass	DOID_0060873
DOID_9406	has_subclass	DOID_0060874
DOID_9406	has_subclass	DOID_0060875
DOID_9406	has_subclass	DOID_0061016
DOID_9406	has_subclass	DOID_0061018
DOID_9406	has_subclass	DOID_0061020
DOID_9406	has_subclass	DOID_0061021
DOID_9409	has_subclass	DOID_0081059
DOID_9409	has_subclass	DOID_12388
DOID_9446	has_subclass	DOID_0060643
DOID_9446	has_subclass	DOID_2828
DOID_9446	has_subclass	DOID_9765
DOID_9446	has_subclass	DOID_9766
DOID_9452	has_subclass	DOID_0080547
DOID_9455	has_subclass	DOID_0050441
DOID_9455	has_subclass	DOID_0110957
DOID_9455	has_subclass	DOID_0110958
DOID_9455	has_subclass	DOID_0110959
DOID_9455	has_subclass	DOID_0110960
DOID_9455	has_subclass	DOID_0110961
DOID_9455	has_subclass	DOID_0111330
DOID_9455	has_subclass	DOID_0112250
DOID_9455	has_subclass	DOID_10581
DOID_9455	has_subclass	DOID_10587
DOID_9455	has_subclass	DOID_14497
DOID_9455	has_subclass	DOID_14499
DOID_9455	has_subclass	DOID_14502
DOID_9455	has_subclass	DOID_1926
DOID_9455	has_subclass	DOID_2368
DOID_9455	has_subclass	DOID_3320
DOID_9455	has_subclass	DOID_3321
DOID_9455	has_subclass	DOID_3323
DOID_9455	has_subclass	DOID_4423
DOID_9455	has_subclass	DOID_4795
DOID_9455	has_subclass	DOID_4810
DOID_9455	has_subclass	DOID_5769
DOID_9460	has_subclass	DOID_8187
DOID_9463	has_subclass	DOID_10519
DOID_9471	has_subclass	DOID_0080176
DOID_9471	has_subclass	DOID_0080179
DOID_9471	has_subclass	DOID_10073
DOID_9471	has_subclass	DOID_10361
DOID_9471	has_subclass	DOID_11572
DOID_9471	has_subclass	DOID_11574
DOID_9471	has_subclass	DOID_14559
DOID_9498	has_subclass	DOID_9502
DOID_9500	has_subclass	DOID_0050590
DOID_9500	has_subclass	DOID_0080625
DOID_9500	has_subclass	DOID_0112128
DOID_9500	has_subclass	DOID_0112129
DOID_9500	has_subclass	DOID_0112130
DOID_9500	has_subclass	DOID_0112131
DOID_9500	has_subclass	DOID_0112132
DOID_9500	has_subclass	DOID_0112133
DOID_9500	has_subclass	DOID_0112134
DOID_9500	has_subclass	DOID_0112135
DOID_9500	has_subclass	DOID_0112136
DOID_9500	has_subclass	DOID_11245
DOID_9500	has_subclass	DOID_1227
DOID_9500	has_subclass	DOID_12987
DOID_9500	has_subclass	DOID_5339
DOID_9500	has_subclass	DOID_9771
DOID_9588	has_subclass	DOID_0070702
DOID_9588	has_subclass	DOID_8970
DOID_9598	has_subclass	DOID_7326
DOID_9598	has_subclass	DOID_9603
DOID_9637	has_subclass	DOID_9672
DOID_971	has_subclass	DOID_14192
DOID_971	has_subclass	DOID_312
DOID_9739	has_subclass	DOID_10550
DOID_9739	has_subclass	DOID_1999
DOID_974	has_subclass	DOID_0060313
DOID_974	has_subclass	DOID_0080833
DOID_974	has_subclass	DOID_0080834
DOID_974	has_subclass	DOID_11527
DOID_974	has_subclass	DOID_11797
DOID_974	has_subclass	DOID_14224
DOID_974	has_subclass	DOID_1583
DOID_974	has_subclass	DOID_3227
DOID_974	has_subclass	DOID_3436
DOID_974	has_subclass	DOID_3437
DOID_974	has_subclass	DOID_8802
DOID_974	has_subclass	DOID_9011
DOID_974	has_subclass	DOID_9392
DOID_974	has_subclass	DOID_9396
DOID_9741	has_subclass	DOID_0050613
DOID_9741	has_subclass	DOID_0050849
DOID_9741	has_subclass	DOID_0050876
DOID_9741	has_subclass	DOID_0050893
DOID_9741	has_subclass	DOID_0060643
DOID_9741	has_subclass	DOID_0061214
DOID_9741	has_subclass	DOID_0080640
DOID_9741	has_subclass	DOID_10020
DOID_9741	has_subclass	DOID_10022
DOID_9741	has_subclass	DOID_10201
DOID_9741	has_subclass	DOID_10209
DOID_9741	has_subclass	DOID_11755
DOID_9741	has_subclass	DOID_14268
DOID_9741	has_subclass	DOID_14269
DOID_9741	has_subclass	DOID_14270
DOID_9741	has_subclass	DOID_14271
DOID_9741	has_subclass	DOID_14272
DOID_9741	has_subclass	DOID_1949
DOID_9741	has_subclass	DOID_2828
DOID_9741	has_subclass	DOID_3120
DOID_9741	has_subclass	DOID_3494
DOID_9741	has_subclass	DOID_3501
DOID_9741	has_subclass	DOID_3502
DOID_9741	has_subclass	DOID_3693
DOID_9741	has_subclass	DOID_3698
DOID_9741	has_subclass	DOID_4064
DOID_9741	has_subclass	DOID_4075
DOID_9741	has_subclass	DOID_4137
DOID_9741	has_subclass	DOID_4606
DOID_9741	has_subclass	DOID_4608
DOID_9741	has_subclass	DOID_4681
DOID_9741	has_subclass	DOID_4896
DOID_9741	has_subclass	DOID_4897
DOID_9741	has_subclass	DOID_4932
DOID_9741	has_subclass	DOID_5125
DOID_9741	has_subclass	DOID_5140
DOID_9741	has_subclass	DOID_5308
DOID_9741	has_subclass	DOID_5468
DOID_9741	has_subclass	DOID_5469
DOID_9741	has_subclass	DOID_5628
DOID_9741	has_subclass	DOID_5923
DOID_9741	has_subclass	DOID_7032
DOID_9741	has_subclass	DOID_7136
DOID_9741	has_subclass	DOID_7752
DOID_9741	has_subclass	DOID_8110
DOID_9741	has_subclass	DOID_8230
DOID_9741	has_subclass	DOID_885
DOID_9741	has_subclass	DOID_899
DOID_9741	has_subclass	DOID_9439
DOID_9741	has_subclass	DOID_9446
DOID_9741	has_subclass	DOID_9765
DOID_9741	has_subclass	DOID_9766
DOID_9742	has_subclass	DOID_9745
DOID_9742	has_subclass	DOID_9749
DOID_9794	has_subclass	DOID_9820
DOID_980	has_subclass	DOID_9811
DOID_980	has_subclass	DOID_9820
DOID_980	has_subclass	DOID_9822
DOID_980	has_subclass	DOID_9842
DOID_9834	has_subclass	DOID_0061027
DOID_9834	has_subclass	DOID_10863
DOID_9834	has_subclass	DOID_10864
DOID_9834	has_subclass	DOID_10866
DOID_9834	has_subclass	DOID_10869
DOID_9834	has_subclass	DOID_1142
DOID_9834	has_subclass	DOID_1143
DOID_9834	has_subclass	DOID_11853
DOID_9834	has_subclass	DOID_12445
DOID_9834	has_subclass	DOID_12557
DOID_9834	has_subclass	DOID_12667
DOID_9834	has_subclass	DOID_12668
DOID_9834	has_subclass	DOID_1942
DOID_9834	has_subclass	DOID_538
DOID_9834	has_subclass	DOID_9837
DOID_9834	has_subclass	DOID_9838
DOID_9834	has_subclass	DOID_9841
DOID_9834	has_subclass	DOID_9843
DOID_9835	has_subclass	DOID_0061027
DOID_9835	has_subclass	DOID_10863
DOID_9835	has_subclass	DOID_10864
DOID_9835	has_subclass	DOID_10866
DOID_9835	has_subclass	DOID_10869
DOID_9835	has_subclass	DOID_1142
DOID_9835	has_subclass	DOID_1143
DOID_9835	has_subclass	DOID_11781
DOID_9835	has_subclass	DOID_11853
DOID_9835	has_subclass	DOID_12445
DOID_9835	has_subclass	DOID_12557
DOID_9835	has_subclass	DOID_12667
DOID_9835	has_subclass	DOID_12668
DOID_9835	has_subclass	DOID_13919
DOID_9835	has_subclass	DOID_1942
DOID_9835	has_subclass	DOID_538
DOID_9835	has_subclass	DOID_540
DOID_9835	has_subclass	DOID_9837
DOID_9835	has_subclass	DOID_9838
DOID_9835	has_subclass	DOID_9841
DOID_9835	has_subclass	DOID_9843
DOID_9847	has_subclass	DOID_13490
DOID_9847	has_subclass	DOID_13491
DOID_9847	has_subclass	DOID_13492
DOID_9847	has_subclass	DOID_9849
DOID_9848	has_subclass	DOID_13490
DOID_9848	has_subclass	DOID_13491
DOID_9848	has_subclass	DOID_13492
DOID_9884	has_subclass	DOID_0050558
DOID_9884	has_subclass	DOID_0050559
DOID_9884	has_subclass	DOID_0050560
DOID_9884	has_subclass	DOID_0050588
DOID_9884	has_subclass	DOID_0050663
DOID_9884	has_subclass	DOID_0060917
DOID_9884	has_subclass	DOID_0060918
DOID_9884	has_subclass	DOID_0060942
DOID_9884	has_subclass	DOID_0060943
DOID_9884	has_subclass	DOID_0060946
DOID_9884	has_subclass	DOID_0060948
DOID_9884	has_subclass	DOID_0061198
DOID_9884	has_subclass	DOID_0061199
DOID_9884	has_subclass	DOID_0061200
DOID_9884	has_subclass	DOID_0061201
DOID_9884	has_subclass	DOID_0061202
DOID_9884	has_subclass	DOID_0080197
DOID_9884	has_subclass	DOID_0110632
DOID_9884	has_subclass	DOID_0110633
DOID_9884	has_subclass	DOID_0110634
DOID_9884	has_subclass	DOID_0110635
DOID_9884	has_subclass	DOID_0110636
DOID_9884	has_subclass	DOID_0110637
DOID_9884	has_subclass	DOID_0110639
DOID_9884	has_subclass	DOID_0110640
DOID_9884	has_subclass	DOID_0111192
DOID_9884	has_subclass	DOID_0111229
DOID_9884	has_subclass	DOID_0111230
DOID_9884	has_subclass	DOID_0111231
DOID_9884	has_subclass	DOID_0111232
DOID_9884	has_subclass	DOID_0111233
DOID_9884	has_subclass	DOID_0111234
DOID_9884	has_subclass	DOID_0111235
DOID_9884	has_subclass	DOID_0111236
DOID_9884	has_subclass	DOID_0111237
DOID_9884	has_subclass	DOID_0111238
DOID_9884	has_subclass	DOID_0111239
DOID_9884	has_subclass	DOID_0111240
DOID_9884	has_subclass	DOID_0111241
DOID_9884	has_subclass	DOID_0111242
DOID_9884	has_subclass	DOID_0112374
DOID_9884	has_subclass	DOID_0112375
DOID_9884	has_subclass	DOID_0112376
DOID_9884	has_subclass	DOID_0112380
DOID_9942	has_subclass	DOID_0060219
DOID_9942	has_subclass	DOID_0080618
DOID_9942	has_subclass	DOID_12972
DOID_9942	has_subclass	DOID_8304
DOID_9952	has_subclass	DOID_0060592
DOID_9952	has_subclass	DOID_0080145
DOID_9974	has_subclass	DOID_2560
DOID_9974	has_subclass	DOID_9976
DOID_9987	has_subclass	DOID_3258
DOID_9987	has_subclass	DOID_4384
DOID_999	has_subclass	DOID_5870
DOID_999	has_subclass	DOID_9502
DOID_9993	has_subclass	DOID_0070214
DOID_9993	has_subclass	DOID_0070217
DOID_9993	has_subclass	DOID_0070218
DOID_9993	has_subclass	DOID_0070219
