10002944	narrower	10002944.10011122.10002945
10002944	narrower	10002944.10011122.10002946
10002944	narrower	10002944.10011122.10002947
10002944	narrower	10002944.10011122.10002948
10002944	narrower	10002944.10011122.10002949
10002944	narrower	10002944.10011122.10003459
10002944	narrower	10002944.10011123.10010577
10002944	narrower	10002944.10011123.10010912
10002944	narrower	10002944.10011123.10010916
10002944	narrower	10002944.10011123.10011124
10002944	narrower	10002944.10011123.10011130
10002944	narrower	10002944.10011123.10011131
10002944	narrower	10002944.10011123.10011133
10002944	narrower	10002944.10011123.10011673
10002944	narrower	10002944.10011123.10011674
10002944	narrower	10002944.10011123.10011675
10002944	narrower	10002944.10011123.10011676
10002950	narrower	10002950.10003624.10003625
10002950	narrower	10002950.10003624.10003625.10003626
10002950	narrower	10002950.10003624.10003625.10003627
10002950	narrower	10002950.10003624.10003625.10003628
10002950	narrower	10002950.10003624.10003625.10003629
10002950	narrower	10002950.10003624.10003625.10003630
10002950	narrower	10002950.10003624.10003625.10003631
10002950	narrower	10002950.10003624.10003625.10003632
10002950	narrower	10002950.10003624.10003633
10002950	narrower	10002950.10003624.10003633.10003634
10002950	narrower	10002950.10003624.10003633.10003637
10002950	narrower	10002950.10003624.10003633.10003638
10002950	narrower	10002950.10003624.10003633.10003639
10002950	narrower	10002950.10003624.10003633.10003640
10002950	narrower	10002950.10003624.10003633.10003641
10002950	narrower	10002950.10003624.10003633.10003642
10002950	narrower	10002950.10003624.10003633.10003643
10002950	narrower	10002950.10003624.10003633.10003644
10002950	narrower	10002950.10003624.10003633.10003645
10002950	narrower	10002950.10003624.10003633.10003646
10002950	narrower	10002950.10003624.10003633.10003647
10002950	narrower	10002950.10003624.10003633.10010917
10002950	narrower	10002950.10003624.10003633.10010918
10002950	narrower	10002950.10003648.10003649
10002950	narrower	10002950.10003648.10003649.10003650
10002950	narrower	10002950.10003648.10003649.10003651
10002950	narrower	10002950.10003648.10003649.10003652
10002950	narrower	10002950.10003648.10003649.10003653
10002950	narrower	10002950.10003648.10003649.10003654
10002950	narrower	10002950.10003648.10003649.10003655
10002950	narrower	10002950.10003648.10003649.10003656
10002950	narrower	10002950.10003648.10003649.10003657
10002950	narrower	10002950.10003648.10003649.10003657.10003658
10002950	narrower	10002950.10003648.10003649.10003657.10003659
10002950	narrower	10002950.10003648.10003649.10003657.10003661
10002950	narrower	10002950.10003648.10003662
10002950	narrower	10002950.10003648.10003662.10003663
10002950	narrower	10002950.10003648.10003662.10003664
10002950	narrower	10002950.10003648.10003662.10003665
10002950	narrower	10002950.10003648.10003662.10003666
10002950	narrower	10002950.10003648.10003662.10003667
10002950	narrower	10002950.10003648.10003662.10003667.10003668
10002950	narrower	10002950.10003648.10003662.10003669
10002950	narrower	10002950.10003648.10003670
10002950	narrower	10002950.10003648.10003670.10003673
10002950	narrower	10002950.10003648.10003670.10003674
10002950	narrower	10002950.10003648.10003670.10003675
10002950	narrower	10002950.10003648.10003670.10003676
10002950	narrower	10002950.10003648.10003670.10003677
10002950	narrower	10002950.10003648.10003670.10003677.10003678
10002950	narrower	10002950.10003648.10003670.10003677.10003679
10002950	narrower	10002950.10003648.10003670.10003677.10003680
10002950	narrower	10002950.10003648.10003670.10003677.10003681
10002950	narrower	10002950.10003648.10003670.10003682
10002950	narrower	10002950.10003648.10003670.10003683
10002950	narrower	10002950.10003648.10003670.10003684
10002950	narrower	10002950.10003648.10003670.10003684.10003685
10002950	narrower	10002950.10003648.10003670.10003684.10003686
10002950	narrower	10002950.10003648.10003670.10003687
10002950	narrower	10002950.10003648.10003671
10002950	narrower	10002950.10003648.10003688
10002950	narrower	10002950.10003648.10003688.10003689
10002950	narrower	10002950.10003648.10003688.10003690
10002950	narrower	10002950.10003648.10003688.10003691
10002950	narrower	10002950.10003648.10003688.10003691.10003692
10002950	narrower	10002950.10003648.10003688.10003693
10002950	narrower	10002950.10003648.10003688.10003694
10002950	narrower	10002950.10003648.10003688.10003695
10002950	narrower	10002950.10003648.10003688.10003696
10002950	narrower	10002950.10003648.10003688.10003697
10002950	narrower	10002950.10003648.10003688.10003698
10002950	narrower	10002950.10003648.10003688.10003699
10002950	narrower	10002950.10003648.10003700
10002950	narrower	10002950.10003648.10003700.10003701
10002950	narrower	10002950.10003648.10003702
10002950	narrower	10002950.10003648.10003703
10002950	narrower	10002950.10003648.10003704
10002950	narrower	10002950.10003705.10003707
10002950	narrower	10002950.10003705.10003708
10002950	narrower	10002950.10003705.10011686
10002950	narrower	10002950.10003712.10003713
10002950	narrower	10002950.10003714.10003715
10002950	narrower	10002950.10003714.10003715.10003717
10002950	narrower	10002950.10003714.10003715.10003718
10002950	narrower	10002950.10003714.10003715.10003719
10002950	narrower	10002950.10003714.10003715.10003720
10002950	narrower	10002950.10003714.10003715.10003720.10003747
10002950	narrower	10002950.10003714.10003715.10003721
10002950	narrower	10002950.10003714.10003715.10003722
10002950	narrower	10002950.10003714.10003715.10003724
10002950	narrower	10002950.10003714.10003715.10003725
10002950	narrower	10002950.10003714.10003715.10003726
10002950	narrower	10002950.10003714.10003715.10003748
10002950	narrower	10002950.10003714.10003715.10003749
10002950	narrower	10002950.10003714.10003715.10003750
10002950	narrower	10002950.10003714.10003716
10002950	narrower	10002950.10003714.10003716.10011136
10002950	narrower	10002950.10003714.10003716.10011136.10011137
10002950	narrower	10002950.10003714.10003716.10011136.10011797
10002950	narrower	10002950.10003714.10003716.10011136.10011797.10011798
10002950	narrower	10002950.10003714.10003716.10011136.10011797.10011799
10002950	narrower	10002950.10003714.10003716.10011136.10011797.10011800
10002950	narrower	10002950.10003714.10003716.10011136.10011797.10011801
10002950	narrower	10002950.10003714.10003716.10011138
10002950	narrower	10002950.10003714.10003716.10011138.10010041
10002950	narrower	10002950.10003714.10003716.10011138.10010042
10002950	narrower	10002950.10003714.10003716.10011138.10010043
10002950	narrower	10002950.10003714.10003716.10011138.10010044
10002950	narrower	10002950.10003714.10003716.10011138.10010046
10002950	narrower	10002950.10003714.10003716.10011138.10011139
10002950	narrower	10002950.10003714.10003716.10011138.10011140
10002950	narrower	10002950.10003714.10003716.10011138.10011803
10002950	narrower	10002950.10003714.10003716.10011141
10002950	narrower	10002950.10003714.10003716.10011141.10010040
10002950	narrower	10002950.10003714.10003716.10011141.10010045
10002950	narrower	10002950.10003714.10003716.10011141.10011803
10002950	narrower	10002950.10003714.10003716.10011804
10002950	narrower	10002950.10003714.10003716.10011804.10011813
10002950	narrower	10002950.10003714.10003716.10011804.10011818
10002950	narrower	10002950.10003714.10003727
10002950	narrower	10002950.10003714.10003727.10003728
10002950	narrower	10002950.10003714.10003727.10003729
10002950	narrower	10002950.10003714.10003727.10003730
10002950	narrower	10002950.10003714.10003727.10003731
10002950	narrower	10002950.10003714.10003732
10002950	narrower	10002950.10003714.10003732.10003733
10002950	narrower	10002950.10003714.10003732.10003734
10002950	narrower	10002950.10003714.10003732.10003735
10002950	narrower	10002950.10003714.10003736
10002950	narrower	10002950.10003714.10003736.10003737
10002950	narrower	10002950.10003714.10003738
10002950	narrower	10002950.10003714.10003739
10002950	narrower	10002950.10003714.10003740
10002950	narrower	10002950.10003741.10003732
10002950	narrower	10002950.10003741.10003732.10003733
10002950	narrower	10002950.10003741.10003732.10003734
10002950	narrower	10002950.10003741.10003732.10003735
10002950	narrower	10002950.10003741.10003742
10002950	narrower	10002950.10003741.10003742.10003743
10002950	narrower	10002950.10003741.10003742.10003744
10002950	narrower	10002950.10003741.10003742.10003745
10002950	narrower	10002950.10003741.10003746
10002950.10003624	narrower	10002950.10003624.10003625.10003626
10002950.10003624	narrower	10002950.10003624.10003625.10003627
10002950.10003624	narrower	10002950.10003624.10003625.10003628
10002950.10003624	narrower	10002950.10003624.10003625.10003629
10002950.10003624	narrower	10002950.10003624.10003625.10003630
10002950.10003624	narrower	10002950.10003624.10003625.10003631
10002950.10003624	narrower	10002950.10003624.10003625.10003632
10002950.10003624	narrower	10002950.10003624.10003633.10003634
10002950.10003624	narrower	10002950.10003624.10003633.10003637
10002950.10003624	narrower	10002950.10003624.10003633.10003638
10002950.10003624	narrower	10002950.10003624.10003633.10003639
10002950.10003624	narrower	10002950.10003624.10003633.10003640
10002950.10003624	narrower	10002950.10003624.10003633.10003641
10002950.10003624	narrower	10002950.10003624.10003633.10003642
10002950.10003624	narrower	10002950.10003624.10003633.10003643
10002950.10003624	narrower	10002950.10003624.10003633.10003644
10002950.10003624	narrower	10002950.10003624.10003633.10003645
10002950.10003624	narrower	10002950.10003624.10003633.10003646
10002950.10003624	narrower	10002950.10003624.10003633.10003647
10002950.10003624	narrower	10002950.10003624.10003633.10010917
10002950.10003624	narrower	10002950.10003624.10003633.10010918
10002950.10003648	narrower	10002950.10003648.10003649.10003650
10002950.10003648	narrower	10002950.10003648.10003649.10003651
10002950.10003648	narrower	10002950.10003648.10003649.10003652
10002950.10003648	narrower	10002950.10003648.10003649.10003653
10002950.10003648	narrower	10002950.10003648.10003649.10003654
10002950.10003648	narrower	10002950.10003648.10003649.10003655
10002950.10003648	narrower	10002950.10003648.10003649.10003656
10002950.10003648	narrower	10002950.10003648.10003649.10003657
10002950.10003648	narrower	10002950.10003648.10003649.10003657.10003658
10002950.10003648	narrower	10002950.10003648.10003649.10003657.10003659
10002950.10003648	narrower	10002950.10003648.10003649.10003657.10003661
10002950.10003648	narrower	10002950.10003648.10003662.10003663
10002950.10003648	narrower	10002950.10003648.10003662.10003664
10002950.10003648	narrower	10002950.10003648.10003662.10003665
10002950.10003648	narrower	10002950.10003648.10003662.10003666
10002950.10003648	narrower	10002950.10003648.10003662.10003667
10002950.10003648	narrower	10002950.10003648.10003662.10003667.10003668
10002950.10003648	narrower	10002950.10003648.10003662.10003669
10002950.10003648	narrower	10002950.10003648.10003670.10003673
10002950.10003648	narrower	10002950.10003648.10003670.10003674
10002950.10003648	narrower	10002950.10003648.10003670.10003675
10002950.10003648	narrower	10002950.10003648.10003670.10003676
10002950.10003648	narrower	10002950.10003648.10003670.10003677
10002950.10003648	narrower	10002950.10003648.10003670.10003677.10003678
10002950.10003648	narrower	10002950.10003648.10003670.10003677.10003679
10002950.10003648	narrower	10002950.10003648.10003670.10003677.10003680
10002950.10003648	narrower	10002950.10003648.10003670.10003677.10003681
10002950.10003648	narrower	10002950.10003648.10003670.10003682
10002950.10003648	narrower	10002950.10003648.10003670.10003683
10002950.10003648	narrower	10002950.10003648.10003670.10003684
10002950.10003648	narrower	10002950.10003648.10003670.10003684.10003685
10002950.10003648	narrower	10002950.10003648.10003670.10003684.10003686
10002950.10003648	narrower	10002950.10003648.10003670.10003687
10002950.10003648	narrower	10002950.10003648.10003688.10003689
10002950.10003648	narrower	10002950.10003648.10003688.10003690
10002950.10003648	narrower	10002950.10003648.10003688.10003691
10002950.10003648	narrower	10002950.10003648.10003688.10003691.10003692
10002950.10003648	narrower	10002950.10003648.10003688.10003693
10002950.10003648	narrower	10002950.10003648.10003688.10003694
10002950.10003648	narrower	10002950.10003648.10003688.10003695
10002950.10003648	narrower	10002950.10003648.10003688.10003696
10002950.10003648	narrower	10002950.10003648.10003688.10003697
10002950.10003648	narrower	10002950.10003648.10003688.10003698
10002950.10003648	narrower	10002950.10003648.10003688.10003699
10002950.10003648	narrower	10002950.10003648.10003700.10003701
10002950.10003648.10003649	narrower	10002950.10003648.10003649.10003657.10003658
10002950.10003648.10003649	narrower	10002950.10003648.10003649.10003657.10003659
10002950.10003648.10003649	narrower	10002950.10003648.10003649.10003657.10003661
10002950.10003648.10003662	narrower	10002950.10003648.10003662.10003667.10003668
10002950.10003648.10003670	narrower	10002950.10003648.10003670.10003677.10003678
10002950.10003648.10003670	narrower	10002950.10003648.10003670.10003677.10003679
10002950.10003648.10003670	narrower	10002950.10003648.10003670.10003677.10003680
10002950.10003648.10003670	narrower	10002950.10003648.10003670.10003677.10003681
10002950.10003648.10003670	narrower	10002950.10003648.10003670.10003684.10003685
10002950.10003648.10003670	narrower	10002950.10003648.10003670.10003684.10003686
10002950.10003648.10003688	narrower	10002950.10003648.10003688.10003691.10003692
10002950.10003714	narrower	10002950.10003714.10003715.10003717
10002950.10003714	narrower	10002950.10003714.10003715.10003718
10002950.10003714	narrower	10002950.10003714.10003715.10003719
10002950.10003714	narrower	10002950.10003714.10003715.10003720
10002950.10003714	narrower	10002950.10003714.10003715.10003720.10003747
10002950.10003714	narrower	10002950.10003714.10003715.10003721
10002950.10003714	narrower	10002950.10003714.10003715.10003722
10002950.10003714	narrower	10002950.10003714.10003715.10003724
10002950.10003714	narrower	10002950.10003714.10003715.10003725
10002950.10003714	narrower	10002950.10003714.10003715.10003726
10002950.10003714	narrower	10002950.10003714.10003715.10003748
10002950.10003714	narrower	10002950.10003714.10003715.10003749
10002950.10003714	narrower	10002950.10003714.10003715.10003750
10002950.10003714	narrower	10002950.10003714.10003716.10011136
10002950.10003714	narrower	10002950.10003714.10003716.10011136.10011137
10002950.10003714	narrower	10002950.10003714.10003716.10011136.10011797
10002950.10003714	narrower	10002950.10003714.10003716.10011136.10011797.10011798
10002950.10003714	narrower	10002950.10003714.10003716.10011136.10011797.10011799
10002950.10003714	narrower	10002950.10003714.10003716.10011136.10011797.10011800
10002950.10003714	narrower	10002950.10003714.10003716.10011136.10011797.10011801
10002950.10003714	narrower	10002950.10003714.10003716.10011138
10002950.10003714	narrower	10002950.10003714.10003716.10011138.10010041
10002950.10003714	narrower	10002950.10003714.10003716.10011138.10010042
10002950.10003714	narrower	10002950.10003714.10003716.10011138.10010043
10002950.10003714	narrower	10002950.10003714.10003716.10011138.10010044
10002950.10003714	narrower	10002950.10003714.10003716.10011138.10010046
10002950.10003714	narrower	10002950.10003714.10003716.10011138.10011139
10002950.10003714	narrower	10002950.10003714.10003716.10011138.10011140
10002950.10003714	narrower	10002950.10003714.10003716.10011138.10011803
10002950.10003714	narrower	10002950.10003714.10003716.10011141
10002950.10003714	narrower	10002950.10003714.10003716.10011141.10010040
10002950.10003714	narrower	10002950.10003714.10003716.10011141.10010045
10002950.10003714	narrower	10002950.10003714.10003716.10011141.10011803
10002950.10003714	narrower	10002950.10003714.10003716.10011804
10002950.10003714	narrower	10002950.10003714.10003716.10011804.10011813
10002950.10003714	narrower	10002950.10003714.10003716.10011804.10011818
10002950.10003714	narrower	10002950.10003714.10003727.10003728
10002950.10003714	narrower	10002950.10003714.10003727.10003729
10002950.10003714	narrower	10002950.10003714.10003727.10003730
10002950.10003714	narrower	10002950.10003714.10003727.10003731
10002950.10003714	narrower	10002950.10003714.10003732.10003733
10002950.10003714	narrower	10002950.10003714.10003732.10003734
10002950.10003714	narrower	10002950.10003714.10003732.10003735
10002950.10003714	narrower	10002950.10003714.10003736.10003737
10002950.10003714.10003715	narrower	10002950.10003714.10003715.10003720.10003747
10002950.10003714.10003716	narrower	10002950.10003714.10003716.10011136.10011137
10002950.10003714.10003716	narrower	10002950.10003714.10003716.10011136.10011797
10002950.10003714.10003716	narrower	10002950.10003714.10003716.10011136.10011797.10011798
10002950.10003714.10003716	narrower	10002950.10003714.10003716.10011136.10011797.10011799
10002950.10003714.10003716	narrower	10002950.10003714.10003716.10011136.10011797.10011800
10002950.10003714.10003716	narrower	10002950.10003714.10003716.10011136.10011797.10011801
10002950.10003714.10003716	narrower	10002950.10003714.10003716.10011138.10010041
10002950.10003714.10003716	narrower	10002950.10003714.10003716.10011138.10010042
10002950.10003714.10003716	narrower	10002950.10003714.10003716.10011138.10010043
10002950.10003714.10003716	narrower	10002950.10003714.10003716.10011138.10010044
10002950.10003714.10003716	narrower	10002950.10003714.10003716.10011138.10010046
10002950.10003714.10003716	narrower	10002950.10003714.10003716.10011138.10011139
10002950.10003714.10003716	narrower	10002950.10003714.10003716.10011138.10011140
10002950.10003714.10003716	narrower	10002950.10003714.10003716.10011138.10011803
10002950.10003714.10003716	narrower	10002950.10003714.10003716.10011141.10010040
10002950.10003714.10003716	narrower	10002950.10003714.10003716.10011141.10010045
10002950.10003714.10003716	narrower	10002950.10003714.10003716.10011141.10011803
10002950.10003714.10003716	narrower	10002950.10003714.10003716.10011804.10011813
10002950.10003714.10003716	narrower	10002950.10003714.10003716.10011804.10011818
10002950.10003714.10003716.10011136	narrower	10002950.10003714.10003716.10011136.10011797.10011798
10002950.10003714.10003716.10011136	narrower	10002950.10003714.10003716.10011136.10011797.10011799
10002950.10003714.10003716.10011136	narrower	10002950.10003714.10003716.10011136.10011797.10011800
10002950.10003714.10003716.10011136	narrower	10002950.10003714.10003716.10011136.10011797.10011801
10002950.10003741	narrower	10002950.10003741.10003732.10003733
10002950.10003741	narrower	10002950.10003741.10003732.10003734
10002950.10003741	narrower	10002950.10003741.10003732.10003735
10002950.10003741	narrower	10002950.10003741.10003742.10003743
10002950.10003741	narrower	10002950.10003741.10003742.10003744
10002950.10003741	narrower	10002950.10003741.10003742.10003745
10002951	narrower	10002951.10002952.10002953
10002951	narrower	10002951.10002952.10002953.10002955
10002951	narrower	10002951.10002952.10002953.10002959
10002951	narrower	10002951.10002952.10002953.10010146
10002951	narrower	10002951.10002952.10002953.10010146.10002956
10002951	narrower	10002951.10002952.10002953.10010146.10010818
10002951	narrower	10002951.10002952.10002953.10010819
10002951	narrower	10002951.10002952.10002953.10010820
10002951	narrower	10002951.10002952.10002953.10010820.10002958
10002951	narrower	10002951.10002952.10002953.10010820.10003208
10002951	narrower	10002951.10002952.10002953.10010820.10003623
10002951	narrower	10002951.10002952.10002953.10010820.10010120
10002951	narrower	10002951.10002952.10002953.10010820.10010518
10002951	narrower	10002951.10002952.10002953.10010820.10010821
10002951	narrower	10002951.10002952.10002953.10010820.10010915
10002951	narrower	10002951.10002952.10002971
10002951	narrower	10002951.10002952.10002971.10003450
10002951	narrower	10002951.10002952.10002971.10003450.10002974
10002951	narrower	10002951.10002952.10002971.10003450.10010828
10002951	narrower	10002951.10002952.10002971.10003450.10010829
10002951	narrower	10002951.10002952.10002971.10003450.10010830
10002951	narrower	10002951.10002952.10002971.10003450.10010831
10002951	narrower	10002951.10002952.10002971.10003451
10002951	narrower	10002951.10002952.10002971.10003451.10002975
10002951	narrower	10002951.10002952.10002971.10003451.10002976
10002951	narrower	10002951.10002952.10002971.10003451.10003189
10002951	narrower	10002951.10002952.10003190
10002951	narrower	10002951.10002952.10003190.10003191
10002951	narrower	10002951.10002952.10003190.10003192
10002951	narrower	10002951.10002952.10003190.10003192.10003210
10002951	narrower	10002951.10002952.10003190.10003192.10003398
10002951	narrower	10002951.10002952.10003190.10003192.10003425
10002951	narrower	10002951.10002952.10003190.10003192.10003426
10002951	narrower	10002951.10002952.10003190.10003193
10002951	narrower	10002951.10002952.10003190.10003193.10003427
10002951	narrower	10002951.10002952.10003190.10003193.10003428
10002951	narrower	10002951.10002952.10003190.10003193.10003429
10002951	narrower	10002951.10002952.10003190.10003194
10002951	narrower	10002951.10002952.10003190.10003195
10002951	narrower	10002951.10002952.10003190.10003195.10010836
10002951	narrower	10002951.10002952.10003190.10003195.10010837
10002951	narrower	10002951.10002952.10003190.10003195.10010838
10002951	narrower	10002951.10002952.10003190.10003201
10002951	narrower	10002951.10002952.10003190.10003205
10002951	narrower	10002951.10002952.10003190.10003206
10002951	narrower	10002951.10002952.10003190.10010832
10002951	narrower	10002951.10002952.10003190.10010832.10010833
10002951	narrower	10002951.10002952.10003190.10010832.10010834
10002951	narrower	10002951.10002952.10003190.10010832.10010835
10002951	narrower	10002951.10002952.10003190.10010840
10002951	narrower	10002951.10002952.10003190.10010841
10002951	narrower	10002951.10002952.10003190.10010842
10002951	narrower	10002951.10002952.10003197
10002951	narrower	10002951.10002952.10003197.10010822
10002951	narrower	10002951.10002952.10003197.10010822.10010823
10002951	narrower	10002951.10002952.10003197.10010824
10002951	narrower	10002951.10002952.10003197.10010824.10003312
10002951	narrower	10002951.10002952.10003197.10010824.10003313
10002951	narrower	10002951.10002952.10003197.10010825
10002951	narrower	10002951.10002952.10003197.10010825.10010827
10002951	narrower	10002951.10002952.10003197.10010826
10002951	narrower	10002951.10002952.10003212
10002951	narrower	10002951.10002952.10003212.10003213
10002951	narrower	10002951.10002952.10003212.10003214
10002951	narrower	10002951.10002952.10003212.10003216
10002951	narrower	10002951.10002952.10003212.10003224
10002951	narrower	10002951.10002952.10003219
10002951	narrower	10002951.10002952.10003219.10003183
10002951	narrower	10002951.10002952.10003219.10003215
10002951	narrower	10002951.10002952.10003219.10003217
10002951	narrower	10002951.10002952.10003219.10003218
10002951	narrower	10002951.10002952.10003219.10003221
10002951	narrower	10002951.10002952.10003219.10003222
10002951	narrower	10002951.10002952.10003219.10003223
10002951	narrower	10002951.10002952.10003219.10003242
10002951	narrower	10002951.10002952.10003219.10003399
10002951	narrower	10002951.10002952.10003400
10002951	narrower	10002951.10002952.10003400.10003401
10002951	narrower	10002951.10002952.10003400.10003402
10002951	narrower	10002951.10002952.10003400.10003403
10002951	narrower	10002951.10002952.10003400.10003405
10002951	narrower	10002951.10002952.10003400.10003406
10002951	narrower	10002951.10002952.10003400.10003407
10002951	narrower	10002951.10002952.10003400.10003408
10002951	narrower	10002951.10002952.10003400.10003409
10002951	narrower	10002951.10002952.10003400.10003410
10002951	narrower	10002951.10002952.10003400.10011142
10002951	narrower	10002951.10003152.10003153
10002951	narrower	10002951.10003152.10003153.10003155
10002951	narrower	10002951.10003152.10003153.10003156
10002951	narrower	10002951.10003152.10003153.10003157
10002951	narrower	10002951.10003152.10003153.10003158
10002951	narrower	10002951.10003152.10003153.10003158.10003452
10002951	narrower	10002951.10003152.10003153.10003158.10003453
10002951	narrower	10002951.10003152.10003153.10003159
10002951	narrower	10002951.10003152.10003153.10003160
10002951	narrower	10002951.10003152.10003161
10002951	narrower	10002951.10003152.10003161.10003162
10002951	narrower	10002951.10003152.10003161.10003162.10003411
10002951	narrower	10002951.10003152.10003161.10003162.10003412
10002951	narrower	10002951.10003152.10003161.10003162.10003413
10002951	narrower	10002951.10003152.10003161.10003162.10003414
10002951	narrower	10002951.10003152.10003161.10003163
10002951	narrower	10002951.10003152.10003161.10003163.10003415
10002951	narrower	10002951.10003152.10003161.10003163.10003416
10002951	narrower	10002951.10003152.10003161.10003163.10003417
10002951	narrower	10002951.10003152.10003161.10003163.10003418
10002951	narrower	10002951.10003152.10003161.10003164
10002951	narrower	10002951.10003152.10003161.10003164.10003419
10002951	narrower	10002951.10003152.10003161.10003164.10003420
10002951	narrower	10002951.10003152.10003161.10003164.10003421
10002951	narrower	10002951.10003152.10003161.10003165
10002951	narrower	10002951.10003152.10003161.10003165.10003422
10002951	narrower	10002951.10003152.10003161.10003165.10003423
10002951	narrower	10002951.10003152.10003161.10003165.10003424
10002951	narrower	10002951.10003152.10003161.10003434
10002951	narrower	10002951.10003152.10003161.10003434.10003435
10002951	narrower	10002951.10003152.10003161.10003434.10003436
10002951	narrower	10002951.10003152.10003161.10003434.10003437
10002951	narrower	10002951.10003152.10003161.10003434.10003438
10002951	narrower	10002951.10003152.10003161.10003434.10003439
10002951	narrower	10002951.10003152.10003166
10002951	narrower	10002951.10003152.10003166.10003167
10002951	narrower	10002951.10003152.10003166.10003168
10002951	narrower	10002951.10003152.10003166.10003171
10002951	narrower	10002951.10003152.10003166.10003172
10002951	narrower	10002951.10003152.10003166.10003516
10002951	narrower	10002951.10003152.10003517
10002951	narrower	10002951.10003152.10003517.10003176
10002951	narrower	10002951.10003152.10003517.10003518
10002951	narrower	10002951.10003152.10003517.10003518.10003109
10002951	narrower	10002951.10003152.10003517.10003518.10003174
10002951	narrower	10002951.10003152.10003517.10003518.10003175
10002951	narrower	10002951.10003152.10003517.10003519
10002951	narrower	10002951.10003152.10003520
10002951	narrower	10002951.10003152.10003520.10003180
10002951	narrower	10002951.10003152.10003520.10003181
10002951	narrower	10002951.10003152.10003520.10003182
10002951	narrower	10002951.10003152.10003520.10003184
10002951	narrower	10002951.10003152.10003520.10003185
10002951	narrower	10002951.10003152.10003520.10003186
10002951	narrower	10002951.10003227.10003228
10002951	narrower	10002951.10003227.10003228.10003229
10002951	narrower	10002951.10003227.10003228.10003230
10002951	narrower	10002951.10003227.10003228.10003232
10002951	narrower	10002951.10003227.10003228.10003442
10002951	narrower	10002951.10003227.10003228.10010925
10002951	narrower	10002951.10003227.10003233
10002951	narrower	10002951.10003227.10003233.10003288
10002951	narrower	10002951.10003227.10003233.10003301
10002951	narrower	10002951.10003227.10003233.10003449
10002951	narrower	10002951.10003227.10003233.10003597
10002951	narrower	10002951.10003227.10003233.10010519
10002951	narrower	10002951.10003227.10003233.10010922
10002951	narrower	10002951.10003227.10003233.10011765
10002951	narrower	10002951.10003227.10003233.10011766
10002951	narrower	10002951.10003227.10003236
10002951	narrower	10002951.10003227.10003236.10003101
10002951	narrower	10002951.10003227.10003236.10003237
10002951	narrower	10002951.10003227.10003236.10003238
10002951	narrower	10002951.10003227.10003236.10003239
10002951	narrower	10002951.10003227.10003236.10011559
10002951	narrower	10002951.10003227.10003241
10002951	narrower	10002951.10003227.10003241.10003242
10002951	narrower	10002951.10003227.10003241.10003243
10002951	narrower	10002951.10003227.10003241.10003244
10002951	narrower	10002951.10003227.10003241.10010843
10002951	narrower	10002951.10003227.10003245
10002951	narrower	10002951.10003227.10003246
10002951	narrower	10002951.10003227.10003251
10002951	narrower	10002951.10003227.10003251.10003253
10002951	narrower	10002951.10003227.10003251.10003255
10002951	narrower	10002951.10003227.10003251.10003256
10002951	narrower	10002951.10003227.10003251.10003258
10002951	narrower	10002951.10003227.10003351
10002951	narrower	10002951.10003227.10003351.10003218
10002951	narrower	10002951.10003227.10003351.10003269
10002951	narrower	10002951.10003227.10003351.10003443
10002951	narrower	10002951.10003227.10003351.10003444
10002951	narrower	10002951.10003227.10003351.10003445
10002951	narrower	10002951.10003227.10003351.10003446
10002951	narrower	10002951.10003227.10003392
10002951	narrower	10002951.10003227.10003447
10002951	narrower	10002951.10003227.10010926
10002951	narrower	10002951.10003260.10003261
10002951	narrower	10002951.10003260.10003261.10003263
10002951	narrower	10002951.10003260.10003261.10003263.10003262
10002951	narrower	10002951.10003260.10003261.10003263.10003264
10002951	narrower	10002951.10003260.10003261.10003263.10003265
10002951	narrower	10002951.10003260.10003261.10003263.10003266
10002951	narrower	10002951.10003260.10003261.10003267
10002951	narrower	10002951.10003260.10003261.10003269
10002951	narrower	10002951.10003260.10003261.10003270
10002951	narrower	10002951.10003260.10003261.10003271
10002951	narrower	10002951.10003260.10003261.10003376
10002951	narrower	10002951.10003260.10003272
10002951	narrower	10002951.10003260.10003272.10003273
10002951	narrower	10002951.10003260.10003272.10003274
10002951	narrower	10002951.10003260.10003272.10003275
10002951	narrower	10002951.10003260.10003272.10003276
10002951	narrower	10002951.10003260.10003277
10002951	narrower	10002951.10003260.10003277.10003278
10002951	narrower	10002951.10003260.10003277.10003279
10002951	narrower	10002951.10003260.10003277.10003279.10010846
10002951	narrower	10002951.10003260.10003277.10003279.10010847
10002951	narrower	10002951.10003260.10003277.10003279.10010848
10002951	narrower	10002951.10003260.10003277.10003280
10002951	narrower	10002951.10003260.10003277.10003281
10002951	narrower	10002951.10003260.10003282
10002951	narrower	10002951.10003260.10003282.10003286
10002951	narrower	10002951.10003260.10003282.10003286.10003287
10002951	narrower	10002951.10003260.10003282.10003286.10003288
10002951	narrower	10002951.10003260.10003282.10003286.10003289
10002951	narrower	10002951.10003260.10003282.10003286.10003290
10002951	narrower	10002951.10003260.10003282.10003286.10003291
10002951	narrower	10002951.10003260.10003282.10003292
10002951	narrower	10002951.10003260.10003282.10003296
10002951	narrower	10002951.10003260.10003282.10003296.10003297
10002951	narrower	10002951.10003260.10003282.10003296.10003298
10002951	narrower	10002951.10003260.10003282.10003296.10003299
10002951	narrower	10002951.10003260.10003282.10003296.10003449
10002951	narrower	10002951.10003260.10003282.10003550
10002951	narrower	10002951.10003260.10003282.10003550.10003551
10002951	narrower	10002951.10003260.10003282.10003550.10003552
10002951	narrower	10002951.10003260.10003282.10003550.10003553
10002951	narrower	10002951.10003260.10003282.10003550.10003554
10002951	narrower	10002951.10003260.10003282.10003550.10003555
10002951	narrower	10002951.10003260.10003282.10003550.10003556
10002951	narrower	10002951.10003260.10003282.10003550.10003557
10002951	narrower	10002951.10003260.10003282.10003550.10003596
10002951	narrower	10002951.10003260.10003300
10002951	narrower	10002951.10003260.10003300.10003301
10002951	narrower	10002951.10003260.10003300.10003302
10002951	narrower	10002951.10003260.10003300.10003303
10002951	narrower	10002951.10003260.10003304
10002951	narrower	10002951.10003260.10003304.10003305
10002951	narrower	10002951.10003260.10003304.10003306
10002951	narrower	10002951.10003260.10003304.10003307
10002951	narrower	10002951.10003260.10003304.10003308
10002951	narrower	10002951.10003260.10003304.10010849
10002951	narrower	10002951.10003260.10003309
10002951	narrower	10002951.10003260.10003309.10003315
10002951	narrower	10002951.10003260.10003309.10003315.10003314
10002951	narrower	10002951.10003260.10003309.10003315.10003316
10002951	narrower	10002951.10003260.10003309.10010512
10002951	narrower	10002951.10003260.10003309.10010512.10003310
10002951	narrower	10002951.10003260.10003309.10010512.10011143
10002951	narrower	10002951.10003317.10003318
10002951	narrower	10002951.10003317.10003318.10003319
10002951	narrower	10002951.10003317.10003318.10003320
10002951	narrower	10002951.10003317.10003318.10003321
10002951	narrower	10002951.10003317.10003318.10003323
10002951	narrower	10002951.10003317.10003318.10003324
10002951	narrower	10002951.10003317.10003318.10011147
10002951	narrower	10002951.10003317.10003318.10011148
10002951	narrower	10002951.10003317.10003318.10011149
10002951	narrower	10002951.10003317.10003325
10002951	narrower	10002951.10003317.10003325.10003326
10002951	narrower	10002951.10003317.10003325.10003327
10002951	narrower	10002951.10003317.10003325.10003328
10002951	narrower	10002951.10003317.10003325.10003329
10002951	narrower	10002951.10003317.10003325.10003330
10002951	narrower	10002951.10003317.10003331
10002951	narrower	10002951.10003317.10003331.10003271
10002951	narrower	10002951.10003317.10003331.10003333
10002951	narrower	10002951.10003317.10003331.10003336
10002951	narrower	10002951.10003317.10003331.10003337
10002951	narrower	10002951.10003317.10003338
10002951	narrower	10002951.10003317.10003338.10003339
10002951	narrower	10002951.10003317.10003338.10003340
10002951	narrower	10002951.10003317.10003338.10003341
10002951	narrower	10002951.10003317.10003338.10003342
10002951	narrower	10002951.10003317.10003338.10003343
10002951	narrower	10002951.10003317.10003338.10003344
10002951	narrower	10002951.10003317.10003338.10003345
10002951	narrower	10002951.10003317.10003338.10003346
10002951	narrower	10002951.10003317.10003338.10010403
10002951	narrower	10002951.10003317.10003347
10002951	narrower	10002951.10003317.10003347.10003348
10002951	narrower	10002951.10003317.10003347.10003349
10002951	narrower	10002951.10003317.10003347.10003350
10002951	narrower	10002951.10003317.10003347.10003352
10002951	narrower	10002951.10003317.10003347.10003353
10002951	narrower	10002951.10003317.10003347.10003354
10002951	narrower	10002951.10003317.10003347.10003355
10002951	narrower	10002951.10003317.10003347.10003356
10002951	narrower	10002951.10003317.10003347.10003357
10002951	narrower	10002951.10003317.10003347.10011712
10002951	narrower	10002951.10003317.10003359
10002951	narrower	10002951.10003317.10003359.10003360
10002951	narrower	10002951.10003317.10003359.10003361
10002951	narrower	10002951.10003317.10003359.10003362
10002951	narrower	10002951.10003317.10003359.10003363
10002951	narrower	10002951.10003317.10003359.10011699
10002951	narrower	10002951.10003317.10003365
10002951	narrower	10002951.10003317.10003365.10003366
10002951	narrower	10002951.10003317.10003365.10003367
10002951	narrower	10002951.10003317.10003365.10003368
10002951	narrower	10002951.10003317.10003365.10003369
10002951	narrower	10002951.10003317.10003365.10003370
10002951	narrower	10002951.10003317.10003365.10010850
10002951	narrower	10002951.10003317.10003365.10010851
10002951	narrower	10002951.10003317.10003365.10011700
10002951	narrower	10002951.10003317.10003371
10002951	narrower	10002951.10003317.10003371.10003381
10002951	narrower	10002951.10003317.10003371.10003381.10003382
10002951	narrower	10002951.10003317.10003371.10003381.10003383
10002951	narrower	10002951.10003317.10003371.10003381.10003384
10002951	narrower	10002951.10003317.10003371.10003381.10003385
10002951	narrower	10002951.10003317.10003371.10003386
10002951	narrower	10002951.10003317.10003371.10003386.10003387
10002951	narrower	10002951.10003317.10003371.10003386.10003388
10002951	narrower	10002951.10003317.10003371.10003386.10003389
10002951	narrower	10002951.10003317.10003371.10003386.10003390
10002951	narrower	10002951.10003317.10003371.10010852
10002951	narrower	10002951.10003317.10003371.10010852.10003393
10002951	narrower	10002951.10003317.10003371.10010852.10003394
10002951	narrower	10002951.10003317.10003371.10010852.10010853
10002951.10002952	narrower	10002951.10002952.10002953.10002955
10002951.10002952	narrower	10002951.10002952.10002953.10002959
10002951.10002952	narrower	10002951.10002952.10002953.10010146
10002951.10002952	narrower	10002951.10002952.10002953.10010146.10002956
10002951.10002952	narrower	10002951.10002952.10002953.10010146.10010818
10002951.10002952	narrower	10002951.10002952.10002953.10010819
10002951.10002952	narrower	10002951.10002952.10002953.10010820
10002951.10002952	narrower	10002951.10002952.10002953.10010820.10002958
10002951.10002952	narrower	10002951.10002952.10002953.10010820.10003208
10002951.10002952	narrower	10002951.10002952.10002953.10010820.10003623
10002951.10002952	narrower	10002951.10002952.10002953.10010820.10010120
10002951.10002952	narrower	10002951.10002952.10002953.10010820.10010518
10002951.10002952	narrower	10002951.10002952.10002953.10010820.10010821
10002951.10002952	narrower	10002951.10002952.10002953.10010820.10010915
10002951.10002952	narrower	10002951.10002952.10002971.10003450
10002951.10002952	narrower	10002951.10002952.10002971.10003450.10002974
10002951.10002952	narrower	10002951.10002952.10002971.10003450.10010828
10002951.10002952	narrower	10002951.10002952.10002971.10003450.10010829
10002951.10002952	narrower	10002951.10002952.10002971.10003450.10010830
10002951.10002952	narrower	10002951.10002952.10002971.10003450.10010831
10002951.10002952	narrower	10002951.10002952.10002971.10003451
10002951.10002952	narrower	10002951.10002952.10002971.10003451.10002975
10002951.10002952	narrower	10002951.10002952.10002971.10003451.10002976
10002951.10002952	narrower	10002951.10002952.10002971.10003451.10003189
10002951.10002952	narrower	10002951.10002952.10003190.10003191
10002951.10002952	narrower	10002951.10002952.10003190.10003192
10002951.10002952	narrower	10002951.10002952.10003190.10003192.10003210
10002951.10002952	narrower	10002951.10002952.10003190.10003192.10003398
10002951.10002952	narrower	10002951.10002952.10003190.10003192.10003425
10002951.10002952	narrower	10002951.10002952.10003190.10003192.10003426
10002951.10002952	narrower	10002951.10002952.10003190.10003193
10002951.10002952	narrower	10002951.10002952.10003190.10003193.10003427
10002951.10002952	narrower	10002951.10002952.10003190.10003193.10003428
10002951.10002952	narrower	10002951.10002952.10003190.10003193.10003429
10002951.10002952	narrower	10002951.10002952.10003190.10003194
10002951.10002952	narrower	10002951.10002952.10003190.10003195
10002951.10002952	narrower	10002951.10002952.10003190.10003195.10010836
10002951.10002952	narrower	10002951.10002952.10003190.10003195.10010837
10002951.10002952	narrower	10002951.10002952.10003190.10003195.10010838
10002951.10002952	narrower	10002951.10002952.10003190.10003201
10002951.10002952	narrower	10002951.10002952.10003190.10003205
10002951.10002952	narrower	10002951.10002952.10003190.10003206
10002951.10002952	narrower	10002951.10002952.10003190.10010832
10002951.10002952	narrower	10002951.10002952.10003190.10010832.10010833
10002951.10002952	narrower	10002951.10002952.10003190.10010832.10010834
10002951.10002952	narrower	10002951.10002952.10003190.10010832.10010835
10002951.10002952	narrower	10002951.10002952.10003190.10010840
10002951.10002952	narrower	10002951.10002952.10003190.10010841
10002951.10002952	narrower	10002951.10002952.10003190.10010842
10002951.10002952	narrower	10002951.10002952.10003197.10010822
10002951.10002952	narrower	10002951.10002952.10003197.10010822.10010823
10002951.10002952	narrower	10002951.10002952.10003197.10010824
10002951.10002952	narrower	10002951.10002952.10003197.10010824.10003312
10002951.10002952	narrower	10002951.10002952.10003197.10010824.10003313
10002951.10002952	narrower	10002951.10002952.10003197.10010825
10002951.10002952	narrower	10002951.10002952.10003197.10010825.10010827
10002951.10002952	narrower	10002951.10002952.10003197.10010826
10002951.10002952	narrower	10002951.10002952.10003212.10003213
10002951.10002952	narrower	10002951.10002952.10003212.10003214
10002951.10002952	narrower	10002951.10002952.10003212.10003216
10002951.10002952	narrower	10002951.10002952.10003212.10003224
10002951.10002952	narrower	10002951.10002952.10003219.10003183
10002951.10002952	narrower	10002951.10002952.10003219.10003215
10002951.10002952	narrower	10002951.10002952.10003219.10003217
10002951.10002952	narrower	10002951.10002952.10003219.10003218
10002951.10002952	narrower	10002951.10002952.10003219.10003221
10002951.10002952	narrower	10002951.10002952.10003219.10003222
10002951.10002952	narrower	10002951.10002952.10003219.10003223
10002951.10002952	narrower	10002951.10002952.10003219.10003242
10002951.10002952	narrower	10002951.10002952.10003219.10003399
10002951.10002952	narrower	10002951.10002952.10003400.10003401
10002951.10002952	narrower	10002951.10002952.10003400.10003402
10002951.10002952	narrower	10002951.10002952.10003400.10003403
10002951.10002952	narrower	10002951.10002952.10003400.10003405
10002951.10002952	narrower	10002951.10002952.10003400.10003406
10002951.10002952	narrower	10002951.10002952.10003400.10003407
10002951.10002952	narrower	10002951.10002952.10003400.10003408
10002951.10002952	narrower	10002951.10002952.10003400.10003409
10002951.10002952	narrower	10002951.10002952.10003400.10003410
10002951.10002952	narrower	10002951.10002952.10003400.10011142
10002951.10002952.10002953	narrower	10002951.10002952.10002953.10010146.10002956
10002951.10002952.10002953	narrower	10002951.10002952.10002953.10010146.10010818
10002951.10002952.10002953	narrower	10002951.10002952.10002953.10010820.10002958
10002951.10002952.10002953	narrower	10002951.10002952.10002953.10010820.10003208
10002951.10002952.10002953	narrower	10002951.10002952.10002953.10010820.10003623
10002951.10002952.10002953	narrower	10002951.10002952.10002953.10010820.10010120
10002951.10002952.10002953	narrower	10002951.10002952.10002953.10010820.10010518
10002951.10002952.10002953	narrower	10002951.10002952.10002953.10010820.10010821
10002951.10002952.10002953	narrower	10002951.10002952.10002953.10010820.10010915
10002951.10002952.10002971	narrower	10002951.10002952.10002971.10003450.10002974
10002951.10002952.10002971	narrower	10002951.10002952.10002971.10003450.10010828
10002951.10002952.10002971	narrower	10002951.10002952.10002971.10003450.10010829
10002951.10002952.10002971	narrower	10002951.10002952.10002971.10003450.10010830
10002951.10002952.10002971	narrower	10002951.10002952.10002971.10003450.10010831
10002951.10002952.10002971	narrower	10002951.10002952.10002971.10003451.10002975
10002951.10002952.10002971	narrower	10002951.10002952.10002971.10003451.10002976
10002951.10002952.10002971	narrower	10002951.10002952.10002971.10003451.10003189
10002951.10002952.10003190	narrower	10002951.10002952.10003190.10003192.10003210
10002951.10002952.10003190	narrower	10002951.10002952.10003190.10003192.10003398
10002951.10002952.10003190	narrower	10002951.10002952.10003190.10003192.10003425
10002951.10002952.10003190	narrower	10002951.10002952.10003190.10003192.10003426
10002951.10002952.10003190	narrower	10002951.10002952.10003190.10003193.10003427
10002951.10002952.10003190	narrower	10002951.10002952.10003190.10003193.10003428
10002951.10002952.10003190	narrower	10002951.10002952.10003190.10003193.10003429
10002951.10002952.10003190	narrower	10002951.10002952.10003190.10003195.10010836
10002951.10002952.10003190	narrower	10002951.10002952.10003190.10003195.10010837
10002951.10002952.10003190	narrower	10002951.10002952.10003190.10003195.10010838
10002951.10002952.10003190	narrower	10002951.10002952.10003190.10010832.10010833
10002951.10002952.10003190	narrower	10002951.10002952.10003190.10010832.10010834
10002951.10002952.10003190	narrower	10002951.10002952.10003190.10010832.10010835
10002951.10002952.10003197	narrower	10002951.10002952.10003197.10010822.10010823
10002951.10002952.10003197	narrower	10002951.10002952.10003197.10010824.10003312
10002951.10002952.10003197	narrower	10002951.10002952.10003197.10010824.10003313
10002951.10002952.10003197	narrower	10002951.10002952.10003197.10010825.10010827
10002951.10003152	narrower	10002951.10003152.10003153.10003155
10002951.10003152	narrower	10002951.10003152.10003153.10003156
10002951.10003152	narrower	10002951.10003152.10003153.10003157
10002951.10003152	narrower	10002951.10003152.10003153.10003158
10002951.10003152	narrower	10002951.10003152.10003153.10003158.10003452
10002951.10003152	narrower	10002951.10003152.10003153.10003158.10003453
10002951.10003152	narrower	10002951.10003152.10003153.10003159
10002951.10003152	narrower	10002951.10003152.10003153.10003160
10002951.10003152	narrower	10002951.10003152.10003161.10003162
10002951.10003152	narrower	10002951.10003152.10003161.10003162.10003411
10002951.10003152	narrower	10002951.10003152.10003161.10003162.10003412
10002951.10003152	narrower	10002951.10003152.10003161.10003162.10003413
10002951.10003152	narrower	10002951.10003152.10003161.10003162.10003414
10002951.10003152	narrower	10002951.10003152.10003161.10003163
10002951.10003152	narrower	10002951.10003152.10003161.10003163.10003415
10002951.10003152	narrower	10002951.10003152.10003161.10003163.10003416
10002951.10003152	narrower	10002951.10003152.10003161.10003163.10003417
10002951.10003152	narrower	10002951.10003152.10003161.10003163.10003418
10002951.10003152	narrower	10002951.10003152.10003161.10003164
10002951.10003152	narrower	10002951.10003152.10003161.10003164.10003419
10002951.10003152	narrower	10002951.10003152.10003161.10003164.10003420
10002951.10003152	narrower	10002951.10003152.10003161.10003164.10003421
10002951.10003152	narrower	10002951.10003152.10003161.10003165
10002951.10003152	narrower	10002951.10003152.10003161.10003165.10003422
10002951.10003152	narrower	10002951.10003152.10003161.10003165.10003423
10002951.10003152	narrower	10002951.10003152.10003161.10003165.10003424
10002951.10003152	narrower	10002951.10003152.10003161.10003434
10002951.10003152	narrower	10002951.10003152.10003161.10003434.10003435
10002951.10003152	narrower	10002951.10003152.10003161.10003434.10003436
10002951.10003152	narrower	10002951.10003152.10003161.10003434.10003437
10002951.10003152	narrower	10002951.10003152.10003161.10003434.10003438
10002951.10003152	narrower	10002951.10003152.10003161.10003434.10003439
10002951.10003152	narrower	10002951.10003152.10003166.10003167
10002951.10003152	narrower	10002951.10003152.10003166.10003168
10002951.10003152	narrower	10002951.10003152.10003166.10003171
10002951.10003152	narrower	10002951.10003152.10003166.10003172
10002951.10003152	narrower	10002951.10003152.10003166.10003516
10002951.10003152	narrower	10002951.10003152.10003517.10003176
10002951.10003152	narrower	10002951.10003152.10003517.10003518
10002951.10003152	narrower	10002951.10003152.10003517.10003518.10003109
10002951.10003152	narrower	10002951.10003152.10003517.10003518.10003174
10002951.10003152	narrower	10002951.10003152.10003517.10003518.10003175
10002951.10003152	narrower	10002951.10003152.10003517.10003519
10002951.10003152	narrower	10002951.10003152.10003520.10003180
10002951.10003152	narrower	10002951.10003152.10003520.10003181
10002951.10003152	narrower	10002951.10003152.10003520.10003182
10002951.10003152	narrower	10002951.10003152.10003520.10003184
10002951.10003152	narrower	10002951.10003152.10003520.10003185
10002951.10003152	narrower	10002951.10003152.10003520.10003186
10002951.10003152.10003153	narrower	10002951.10003152.10003153.10003158.10003452
10002951.10003152.10003153	narrower	10002951.10003152.10003153.10003158.10003453
10002951.10003152.10003161	narrower	10002951.10003152.10003161.10003162.10003411
10002951.10003152.10003161	narrower	10002951.10003152.10003161.10003162.10003412
10002951.10003152.10003161	narrower	10002951.10003152.10003161.10003162.10003413
10002951.10003152.10003161	narrower	10002951.10003152.10003161.10003162.10003414
10002951.10003152.10003161	narrower	10002951.10003152.10003161.10003163.10003415
10002951.10003152.10003161	narrower	10002951.10003152.10003161.10003163.10003416
10002951.10003152.10003161	narrower	10002951.10003152.10003161.10003163.10003417
10002951.10003152.10003161	narrower	10002951.10003152.10003161.10003163.10003418
10002951.10003152.10003161	narrower	10002951.10003152.10003161.10003164.10003419
10002951.10003152.10003161	narrower	10002951.10003152.10003161.10003164.10003420
10002951.10003152.10003161	narrower	10002951.10003152.10003161.10003164.10003421
10002951.10003152.10003161	narrower	10002951.10003152.10003161.10003165.10003422
10002951.10003152.10003161	narrower	10002951.10003152.10003161.10003165.10003423
10002951.10003152.10003161	narrower	10002951.10003152.10003161.10003165.10003424
10002951.10003152.10003161	narrower	10002951.10003152.10003161.10003434.10003435
10002951.10003152.10003161	narrower	10002951.10003152.10003161.10003434.10003436
10002951.10003152.10003161	narrower	10002951.10003152.10003161.10003434.10003437
10002951.10003152.10003161	narrower	10002951.10003152.10003161.10003434.10003438
10002951.10003152.10003161	narrower	10002951.10003152.10003161.10003434.10003439
10002951.10003152.10003517	narrower	10002951.10003152.10003517.10003518.10003109
10002951.10003152.10003517	narrower	10002951.10003152.10003517.10003518.10003174
10002951.10003152.10003517	narrower	10002951.10003152.10003517.10003518.10003175
10002951.10003227	narrower	10002951.10003227.10003228.10003229
10002951.10003227	narrower	10002951.10003227.10003228.10003230
10002951.10003227	narrower	10002951.10003227.10003228.10003232
10002951.10003227	narrower	10002951.10003227.10003228.10003442
10002951.10003227	narrower	10002951.10003227.10003228.10010925
10002951.10003227	narrower	10002951.10003227.10003233.10003288
10002951.10003227	narrower	10002951.10003227.10003233.10003301
10002951.10003227	narrower	10002951.10003227.10003233.10003449
10002951.10003227	narrower	10002951.10003227.10003233.10003597
10002951.10003227	narrower	10002951.10003227.10003233.10010519
10002951.10003227	narrower	10002951.10003227.10003233.10010922
10002951.10003227	narrower	10002951.10003227.10003233.10011765
10002951.10003227	narrower	10002951.10003227.10003233.10011766
10002951.10003227	narrower	10002951.10003227.10003236.10003101
10002951.10003227	narrower	10002951.10003227.10003236.10003237
10002951.10003227	narrower	10002951.10003227.10003236.10003238
10002951.10003227	narrower	10002951.10003227.10003236.10003239
10002951.10003227	narrower	10002951.10003227.10003236.10011559
10002951.10003227	narrower	10002951.10003227.10003241.10003242
10002951.10003227	narrower	10002951.10003227.10003241.10003243
10002951.10003227	narrower	10002951.10003227.10003241.10003244
10002951.10003227	narrower	10002951.10003227.10003241.10010843
10002951.10003227	narrower	10002951.10003227.10003251.10003253
10002951.10003227	narrower	10002951.10003227.10003251.10003255
10002951.10003227	narrower	10002951.10003227.10003251.10003256
10002951.10003227	narrower	10002951.10003227.10003251.10003258
10002951.10003227	narrower	10002951.10003227.10003351.10003218
10002951.10003227	narrower	10002951.10003227.10003351.10003269
10002951.10003227	narrower	10002951.10003227.10003351.10003443
10002951.10003227	narrower	10002951.10003227.10003351.10003444
10002951.10003227	narrower	10002951.10003227.10003351.10003445
10002951.10003227	narrower	10002951.10003227.10003351.10003446
10002951.10003260	narrower	10002951.10003260.10003261.10003263
10002951.10003260	narrower	10002951.10003260.10003261.10003263.10003262
10002951.10003260	narrower	10002951.10003260.10003261.10003263.10003264
10002951.10003260	narrower	10002951.10003260.10003261.10003263.10003265
10002951.10003260	narrower	10002951.10003260.10003261.10003263.10003266
10002951.10003260	narrower	10002951.10003260.10003261.10003267
10002951.10003260	narrower	10002951.10003260.10003261.10003269
10002951.10003260	narrower	10002951.10003260.10003261.10003270
10002951.10003260	narrower	10002951.10003260.10003261.10003271
10002951.10003260	narrower	10002951.10003260.10003261.10003376
10002951.10003260	narrower	10002951.10003260.10003272.10003273
10002951.10003260	narrower	10002951.10003260.10003272.10003274
10002951.10003260	narrower	10002951.10003260.10003272.10003275
10002951.10003260	narrower	10002951.10003260.10003272.10003276
10002951.10003260	narrower	10002951.10003260.10003277.10003278
10002951.10003260	narrower	10002951.10003260.10003277.10003279
10002951.10003260	narrower	10002951.10003260.10003277.10003279.10010846
10002951.10003260	narrower	10002951.10003260.10003277.10003279.10010847
10002951.10003260	narrower	10002951.10003260.10003277.10003279.10010848
10002951.10003260	narrower	10002951.10003260.10003277.10003280
10002951.10003260	narrower	10002951.10003260.10003277.10003281
10002951.10003260	narrower	10002951.10003260.10003282.10003286
10002951.10003260	narrower	10002951.10003260.10003282.10003286.10003287
10002951.10003260	narrower	10002951.10003260.10003282.10003286.10003288
10002951.10003260	narrower	10002951.10003260.10003282.10003286.10003289
10002951.10003260	narrower	10002951.10003260.10003282.10003286.10003290
10002951.10003260	narrower	10002951.10003260.10003282.10003286.10003291
10002951.10003260	narrower	10002951.10003260.10003282.10003292
10002951.10003260	narrower	10002951.10003260.10003282.10003296
10002951.10003260	narrower	10002951.10003260.10003282.10003296.10003297
10002951.10003260	narrower	10002951.10003260.10003282.10003296.10003298
10002951.10003260	narrower	10002951.10003260.10003282.10003296.10003299
10002951.10003260	narrower	10002951.10003260.10003282.10003296.10003449
10002951.10003260	narrower	10002951.10003260.10003282.10003550
10002951.10003260	narrower	10002951.10003260.10003282.10003550.10003551
10002951.10003260	narrower	10002951.10003260.10003282.10003550.10003552
10002951.10003260	narrower	10002951.10003260.10003282.10003550.10003553
10002951.10003260	narrower	10002951.10003260.10003282.10003550.10003554
10002951.10003260	narrower	10002951.10003260.10003282.10003550.10003555
10002951.10003260	narrower	10002951.10003260.10003282.10003550.10003556
10002951.10003260	narrower	10002951.10003260.10003282.10003550.10003557
10002951.10003260	narrower	10002951.10003260.10003282.10003550.10003596
10002951.10003260	narrower	10002951.10003260.10003300.10003301
10002951.10003260	narrower	10002951.10003260.10003300.10003302
10002951.10003260	narrower	10002951.10003260.10003300.10003303
10002951.10003260	narrower	10002951.10003260.10003304.10003305
10002951.10003260	narrower	10002951.10003260.10003304.10003306
10002951.10003260	narrower	10002951.10003260.10003304.10003307
10002951.10003260	narrower	10002951.10003260.10003304.10003308
10002951.10003260	narrower	10002951.10003260.10003304.10010849
10002951.10003260	narrower	10002951.10003260.10003309.10003315
10002951.10003260	narrower	10002951.10003260.10003309.10003315.10003314
10002951.10003260	narrower	10002951.10003260.10003309.10003315.10003316
10002951.10003260	narrower	10002951.10003260.10003309.10010512
10002951.10003260	narrower	10002951.10003260.10003309.10010512.10003310
10002951.10003260	narrower	10002951.10003260.10003309.10010512.10011143
10002951.10003260.10003261	narrower	10002951.10003260.10003261.10003263.10003262
10002951.10003260.10003261	narrower	10002951.10003260.10003261.10003263.10003264
10002951.10003260.10003261	narrower	10002951.10003260.10003261.10003263.10003265
10002951.10003260.10003261	narrower	10002951.10003260.10003261.10003263.10003266
10002951.10003260.10003277	narrower	10002951.10003260.10003277.10003279.10010846
10002951.10003260.10003277	narrower	10002951.10003260.10003277.10003279.10010847
10002951.10003260.10003277	narrower	10002951.10003260.10003277.10003279.10010848
10002951.10003260.10003282	narrower	10002951.10003260.10003282.10003286.10003287
10002951.10003260.10003282	narrower	10002951.10003260.10003282.10003286.10003288
10002951.10003260.10003282	narrower	10002951.10003260.10003282.10003286.10003289
10002951.10003260.10003282	narrower	10002951.10003260.10003282.10003286.10003290
10002951.10003260.10003282	narrower	10002951.10003260.10003282.10003286.10003291
10002951.10003260.10003282	narrower	10002951.10003260.10003282.10003296.10003297
10002951.10003260.10003282	narrower	10002951.10003260.10003282.10003296.10003298
10002951.10003260.10003282	narrower	10002951.10003260.10003282.10003296.10003299
10002951.10003260.10003282	narrower	10002951.10003260.10003282.10003296.10003449
10002951.10003260.10003282	narrower	10002951.10003260.10003282.10003550.10003551
10002951.10003260.10003282	narrower	10002951.10003260.10003282.10003550.10003552
10002951.10003260.10003282	narrower	10002951.10003260.10003282.10003550.10003553
10002951.10003260.10003282	narrower	10002951.10003260.10003282.10003550.10003554
10002951.10003260.10003282	narrower	10002951.10003260.10003282.10003550.10003555
10002951.10003260.10003282	narrower	10002951.10003260.10003282.10003550.10003556
10002951.10003260.10003282	narrower	10002951.10003260.10003282.10003550.10003557
10002951.10003260.10003282	narrower	10002951.10003260.10003282.10003550.10003596
10002951.10003260.10003309	narrower	10002951.10003260.10003309.10003315.10003314
10002951.10003260.10003309	narrower	10002951.10003260.10003309.10003315.10003316
10002951.10003260.10003309	narrower	10002951.10003260.10003309.10010512.10003310
10002951.10003260.10003309	narrower	10002951.10003260.10003309.10010512.10011143
10002951.10003317	narrower	10002951.10003317.10003318.10003319
10002951.10003317	narrower	10002951.10003317.10003318.10003320
10002951.10003317	narrower	10002951.10003317.10003318.10003321
10002951.10003317	narrower	10002951.10003317.10003318.10003323
10002951.10003317	narrower	10002951.10003317.10003318.10003324
10002951.10003317	narrower	10002951.10003317.10003318.10011147
10002951.10003317	narrower	10002951.10003317.10003318.10011148
10002951.10003317	narrower	10002951.10003317.10003318.10011149
10002951.10003317	narrower	10002951.10003317.10003325.10003326
10002951.10003317	narrower	10002951.10003317.10003325.10003327
10002951.10003317	narrower	10002951.10003317.10003325.10003328
10002951.10003317	narrower	10002951.10003317.10003325.10003329
10002951.10003317	narrower	10002951.10003317.10003325.10003330
10002951.10003317	narrower	10002951.10003317.10003331.10003271
10002951.10003317	narrower	10002951.10003317.10003331.10003333
10002951.10003317	narrower	10002951.10003317.10003331.10003336
10002951.10003317	narrower	10002951.10003317.10003331.10003337
10002951.10003317	narrower	10002951.10003317.10003338.10003339
10002951.10003317	narrower	10002951.10003317.10003338.10003340
10002951.10003317	narrower	10002951.10003317.10003338.10003341
10002951.10003317	narrower	10002951.10003317.10003338.10003342
10002951.10003317	narrower	10002951.10003317.10003338.10003343
10002951.10003317	narrower	10002951.10003317.10003338.10003344
10002951.10003317	narrower	10002951.10003317.10003338.10003345
10002951.10003317	narrower	10002951.10003317.10003338.10003346
10002951.10003317	narrower	10002951.10003317.10003338.10010403
10002951.10003317	narrower	10002951.10003317.10003347.10003348
10002951.10003317	narrower	10002951.10003317.10003347.10003349
10002951.10003317	narrower	10002951.10003317.10003347.10003350
10002951.10003317	narrower	10002951.10003317.10003347.10003352
10002951.10003317	narrower	10002951.10003317.10003347.10003353
10002951.10003317	narrower	10002951.10003317.10003347.10003354
10002951.10003317	narrower	10002951.10003317.10003347.10003355
10002951.10003317	narrower	10002951.10003317.10003347.10003356
10002951.10003317	narrower	10002951.10003317.10003347.10003357
10002951.10003317	narrower	10002951.10003317.10003347.10011712
10002951.10003317	narrower	10002951.10003317.10003359.10003360
10002951.10003317	narrower	10002951.10003317.10003359.10003361
10002951.10003317	narrower	10002951.10003317.10003359.10003362
10002951.10003317	narrower	10002951.10003317.10003359.10003363
10002951.10003317	narrower	10002951.10003317.10003359.10011699
10002951.10003317	narrower	10002951.10003317.10003365.10003366
10002951.10003317	narrower	10002951.10003317.10003365.10003367
10002951.10003317	narrower	10002951.10003317.10003365.10003368
10002951.10003317	narrower	10002951.10003317.10003365.10003369
10002951.10003317	narrower	10002951.10003317.10003365.10003370
10002951.10003317	narrower	10002951.10003317.10003365.10010850
10002951.10003317	narrower	10002951.10003317.10003365.10010851
10002951.10003317	narrower	10002951.10003317.10003365.10011700
10002951.10003317	narrower	10002951.10003317.10003371.10003381
10002951.10003317	narrower	10002951.10003317.10003371.10003381.10003382
10002951.10003317	narrower	10002951.10003317.10003371.10003381.10003383
10002951.10003317	narrower	10002951.10003317.10003371.10003381.10003384
10002951.10003317	narrower	10002951.10003317.10003371.10003381.10003385
10002951.10003317	narrower	10002951.10003317.10003371.10003386
10002951.10003317	narrower	10002951.10003317.10003371.10003386.10003387
10002951.10003317	narrower	10002951.10003317.10003371.10003386.10003388
10002951.10003317	narrower	10002951.10003317.10003371.10003386.10003389
10002951.10003317	narrower	10002951.10003317.10003371.10003386.10003390
10002951.10003317	narrower	10002951.10003317.10003371.10010852
10002951.10003317	narrower	10002951.10003317.10003371.10010852.10003393
10002951.10003317	narrower	10002951.10003317.10003371.10010852.10003394
10002951.10003317	narrower	10002951.10003317.10003371.10010852.10010853
10002951.10003317.10003371	narrower	10002951.10003317.10003371.10003381.10003382
10002951.10003317.10003371	narrower	10002951.10003317.10003371.10003381.10003383
10002951.10003317.10003371	narrower	10002951.10003317.10003371.10003381.10003384
10002951.10003317.10003371	narrower	10002951.10003317.10003371.10003381.10003385
10002951.10003317.10003371	narrower	10002951.10003317.10003371.10003386.10003387
10002951.10003317.10003371	narrower	10002951.10003317.10003371.10003386.10003388
10002951.10003317.10003371	narrower	10002951.10003317.10003371.10003386.10003389
10002951.10003317.10003371	narrower	10002951.10003317.10003371.10003386.10003390
10002951.10003317.10003371	narrower	10002951.10003317.10003371.10010852.10003393
10002951.10003317.10003371	narrower	10002951.10003317.10003371.10010852.10003394
10002951.10003317.10003371	narrower	10002951.10003317.10003371.10010852.10010853
10002978	narrower	10002978.10002979.10002980
10002978	narrower	10002978.10002979.10002981
10002978	narrower	10002978.10002979.10002981.10011602
10002978	narrower	10002978.10002979.10002981.10011745
10002978	narrower	10002978.10002979.10002982
10002978	narrower	10002978.10002979.10002982.10011598
10002978	narrower	10002978.10002979.10002982.10011600
10002978	narrower	10002978.10002979.10002983
10002978	narrower	10002978.10002979.10002984
10002978	narrower	10002978.10002979.10002985
10002978	narrower	10002978.10002986.10002987
10002978	narrower	10002978.10002986.10002988
10002978	narrower	10002978.10002986.10002989
10002978	narrower	10002978.10002986.10002990
10002978	narrower	10002978.10002991.10002992
10002978	narrower	10002978.10002991.10002992.10003479
10002978	narrower	10002978.10002991.10002992.10011618
10002978	narrower	10002978.10002991.10002992.10011619
10002978	narrower	10002978.10002991.10002993
10002978	narrower	10002978.10002991.10002994
10002978	narrower	10002978.10002991.10002995
10002978	narrower	10002978.10002991.10002996
10002978	narrower	10002978.10002991.10010839
10002978	narrower	10002978.10002997.10002998
10002978	narrower	10002978.10002997.10002999
10002978	narrower	10002978.10002997.10002999.10011807
10002978	narrower	10002978.10002997.10003000
10002978	narrower	10002978.10002997.10003000.10011611
10002978	narrower	10002978.10002997.10003000.10011612
10002978	narrower	10002978.10003001.10003002
10002978	narrower	10002978.10003001.10003003
10002978	narrower	10002978.10003001.10003599
10002978	narrower	10002978.10003001.10003599.10011621
10002978	narrower	10002978.10003001.10010777
10002978	narrower	10002978.10003001.10010777.10010779
10002978	narrower	10002978.10003001.10010777.10011702
10002978	narrower	10002978.10003001.10011746
10002978	narrower	10002978.10003006.10003007
10002978	narrower	10002978.10003006.10003007.10003008
10002978	narrower	10002978.10003006.10003007.10003009
10002978	narrower	10002978.10003006.10003007.10003010
10002978	narrower	10002978.10003006.10003011
10002978	narrower	10002978.10003006.10003013
10002978	narrower	10002978.10003006.10011608
10002978	narrower	10002978.10003006.10011610
10002978	narrower	10002978.10003006.10011617
10002978	narrower	10002978.10003006.10011634
10002978	narrower	10002978.10003006.10011634.10011633
10002978	narrower	10002978.10003006.10011634.10011635
10002978	narrower	10002978.10003006.10011747
10002978	narrower	10002978.10003014.10003015
10002978	narrower	10002978.10003014.10003016
10002978	narrower	10002978.10003014.10003017
10002978	narrower	10002978.10003014.10011610
10002978	narrower	10002978.10003014.10011617
10002978	narrower	10002978.10003018.10003019
10002978	narrower	10002978.10003018.10003020
10002978	narrower	10002978.10003018.10003021
10002978	narrower	10002978.10003018.10011607
10002978	narrower	10002978.10003022.10003023
10002978	narrower	10002978.10003022.10003026
10002978	narrower	10002978.10003022.10003027
10002978	narrower	10002978.10003022.10003028
10002978	narrower	10002978.10003022.10003465
10002978	narrower	10002978.10003029.10003031
10002978	narrower	10002978.10003029.10003032
10002978	narrower	10002978.10003029.10011150
10002978	narrower	10002978.10003029.10011703
10002978.10002979	narrower	10002978.10002979.10002981.10011602
10002978.10002979	narrower	10002978.10002979.10002981.10011745
10002978.10002979	narrower	10002978.10002979.10002982.10011598
10002978.10002979	narrower	10002978.10002979.10002982.10011600
10002978.10002991	narrower	10002978.10002991.10002992.10003479
10002978.10002991	narrower	10002978.10002991.10002992.10011618
10002978.10002991	narrower	10002978.10002991.10002992.10011619
10002978.10002997	narrower	10002978.10002997.10002999.10011807
10002978.10002997	narrower	10002978.10002997.10003000.10011611
10002978.10002997	narrower	10002978.10002997.10003000.10011612
10002978.10003001	narrower	10002978.10003001.10003599.10011621
10002978.10003001	narrower	10002978.10003001.10010777.10010779
10002978.10003001	narrower	10002978.10003001.10010777.10011702
10002978.10003006	narrower	10002978.10003006.10003007.10003008
10002978.10003006	narrower	10002978.10003006.10003007.10003009
10002978.10003006	narrower	10002978.10003006.10003007.10003010
10002978.10003006	narrower	10002978.10003006.10011634.10011633
10002978.10003006	narrower	10002978.10003006.10011634.10011635
10003033	narrower	10003033.10003034.10003035
10003033	narrower	10003033.10003034.10003035.10003036
10003033	narrower	10003033.10003034.10003035.10003037
10003033	narrower	10003033.10003034.10003038
10003033	narrower	10003033.10003039.10003040
10003033	narrower	10003033.10003039.10003041
10003033	narrower	10003033.10003039.10003041.10003042
10003033	narrower	10003033.10003039.10003041.10003043
10003033	narrower	10003033.10003039.10003044
10003033	narrower	10003033.10003039.10003045
10003033	narrower	10003033.10003039.10003045.10003046
10003033	narrower	10003033.10003039.10003045.10003047
10003033	narrower	10003033.10003039.10003048
10003033	narrower	10003033.10003039.10003049
10003033	narrower	10003033.10003039.10003050
10003033	narrower	10003033.10003039.10003051
10003033	narrower	10003033.10003039.10003051.10003052
10003033	narrower	10003033.10003039.10003053
10003033	narrower	10003033.10003039.10003053.10003054
10003033	narrower	10003033.10003039.10003053.10003055
10003033	narrower	10003033.10003039.10003056
10003033	narrower	10003033.10003039.10011655
10003033	narrower	10003033.10003058.10003059
10003033	narrower	10003033.10003058.10003059.10003060
10003033	narrower	10003033.10003058.10003059.10003061
10003033	narrower	10003033.10003058.10003062
10003033	narrower	10003033.10003058.10003062.10011659
10003033	narrower	10003033.10003058.10003063
10003033	narrower	10003033.10003058.10003064
10003033	narrower	10003033.10003058.10003064.10011657
10003033	narrower	10003033.10003058.10003064.10011660
10003033	narrower	10003033.10003058.10003065
10003033	narrower	10003033.10003058.10003065.10011642
10003033	narrower	10003033.10003058.10003066
10003033	narrower	10003033.10003058.10003066.10003067
10003033	narrower	10003033.10003068.10003069
10003033	narrower	10003033.10003068.10003069.10003070
10003033	narrower	10003033.10003068.10003069.10003071
10003033	narrower	10003033.10003068.10003069.10003072
10003033	narrower	10003033.10003068.10003073
10003033	narrower	10003033.10003068.10003073.10003074
10003033	narrower	10003033.10003068.10003073.10003075
10003033	narrower	10003033.10003068.10003073.10003076
10003033	narrower	10003033.10003068.10003073.10003077
10003033	narrower	10003033.10003068.10003078
10003033	narrower	10003033.10003079.10003080
10003033	narrower	10003033.10003079.10003081
10003033	narrower	10003033.10003079.10003082
10003033	narrower	10003033.10003079.10011672
10003033	narrower	10003033.10003079.10011704
10003033	narrower	10003033.10003083.10003014
10003033	narrower	10003033.10003083.10003014.10003015
10003033	narrower	10003033.10003083.10003014.10003016
10003033	narrower	10003033.10003083.10003014.10003017
10003033	narrower	10003033.10003083.10003014.10011610
10003033	narrower	10003033.10003083.10003014.10011617
10003033	narrower	10003033.10003083.10003084
10003033	narrower	10003033.10003083.10003084.10003085
10003033	narrower	10003033.10003083.10003084.10003086
10003033	narrower	10003033.10003083.10003084.10003087
10003033	narrower	10003033.10003083.10003084.10003088
10003033	narrower	10003033.10003083.10003084.10003089
10003033	narrower	10003033.10003083.10003090
10003033	narrower	10003033.10003083.10003090.10003091
10003033	narrower	10003033.10003083.10003090.10003092
10003033	narrower	10003033.10003083.10003090.10003093
10003033	narrower	10003033.10003083.10003090.10011643
10003033	narrower	10003033.10003083.10003090.10011643.10011644
10003033	narrower	10003033.10003083.10003090.10011643.10011645
10003033	narrower	10003033.10003083.10003090.10011643.10011646
10003033	narrower	10003033.10003083.10003090.10011643.10011647
10003033	narrower	10003033.10003083.10003090.10011643.10011647.10011648
10003033	narrower	10003033.10003083.10003090.10011643.10011647.10011649
10003033	narrower	10003033.10003083.10003090.10011643.10011650
10003033	narrower	10003033.10003083.10003090.10011643.10011650.10011663
10003033	narrower	10003033.10003083.10003090.10011643.10011651
10003033	narrower	10003033.10003083.10003094
10003033	narrower	10003033.10003083.10003095
10003033	narrower	10003033.10003083.10003095.10010752
10003033	narrower	10003033.10003083.10003097
10003033	narrower	10003033.10003083.10003098
10003033	narrower	10003033.10003083.10011739
10003033	narrower	10003033.10003099.10003037
10003033	narrower	10003033.10003099.10003100
10003033	narrower	10003033.10003099.10003101
10003033	narrower	10003033.10003099.10003102
10003033	narrower	10003033.10003099.10003103
10003033	narrower	10003033.10003099.10003104
10003033	narrower	10003033.10003099.10003105
10003033	narrower	10003033.10003106.10003107
10003033	narrower	10003033.10003106.10003108
10003033	narrower	10003033.10003106.10003109
10003033	narrower	10003033.10003106.10003110
10003033	narrower	10003033.10003106.10003111
10003033	narrower	10003033.10003106.10003112
10003033	narrower	10003033.10003106.10003112.10003238
10003033	narrower	10003033.10003106.10003113
10003033	narrower	10003033.10003106.10003114
10003033	narrower	10003033.10003106.10003114.10003115
10003033	narrower	10003033.10003106.10003114.10003116
10003033	narrower	10003033.10003106.10003114.10003118
10003033	narrower	10003033.10003106.10003114.10011730
10003033	narrower	10003033.10003106.10003119
10003033	narrower	10003033.10003106.10003119.10011661
10003033	narrower	10003033.10003106.10003119.10011662
10003033	narrower	10003033.10003106.10010582
10003033	narrower	10003033.10003106.10010582.10011668
10003033	narrower	10003033.10003106.10010924
10003033	narrower	10003033.10003106.10011705
10003033.10003034	narrower	10003033.10003034.10003035.10003036
10003033.10003034	narrower	10003033.10003034.10003035.10003037
10003033.10003039	narrower	10003033.10003039.10003041.10003042
10003033.10003039	narrower	10003033.10003039.10003041.10003043
10003033.10003039	narrower	10003033.10003039.10003045.10003046
10003033.10003039	narrower	10003033.10003039.10003045.10003047
10003033.10003039	narrower	10003033.10003039.10003051.10003052
10003033.10003039	narrower	10003033.10003039.10003053.10003054
10003033.10003039	narrower	10003033.10003039.10003053.10003055
10003033.10003058	narrower	10003033.10003058.10003059.10003060
10003033.10003058	narrower	10003033.10003058.10003059.10003061
10003033.10003058	narrower	10003033.10003058.10003062.10011659
10003033.10003058	narrower	10003033.10003058.10003064.10011657
10003033.10003058	narrower	10003033.10003058.10003064.10011660
10003033.10003058	narrower	10003033.10003058.10003065.10011642
10003033.10003058	narrower	10003033.10003058.10003066.10003067
10003033.10003068	narrower	10003033.10003068.10003069.10003070
10003033.10003068	narrower	10003033.10003068.10003069.10003071
10003033.10003068	narrower	10003033.10003068.10003069.10003072
10003033.10003068	narrower	10003033.10003068.10003073.10003074
10003033.10003068	narrower	10003033.10003068.10003073.10003075
10003033.10003068	narrower	10003033.10003068.10003073.10003076
10003033.10003068	narrower	10003033.10003068.10003073.10003077
10003033.10003083	narrower	10003033.10003083.10003014.10003015
10003033.10003083	narrower	10003033.10003083.10003014.10003016
10003033.10003083	narrower	10003033.10003083.10003014.10003017
10003033.10003083	narrower	10003033.10003083.10003014.10011610
10003033.10003083	narrower	10003033.10003083.10003014.10011617
10003033.10003083	narrower	10003033.10003083.10003084.10003085
10003033.10003083	narrower	10003033.10003083.10003084.10003086
10003033.10003083	narrower	10003033.10003083.10003084.10003087
10003033.10003083	narrower	10003033.10003083.10003084.10003088
10003033.10003083	narrower	10003033.10003083.10003084.10003089
10003033.10003083	narrower	10003033.10003083.10003090.10003091
10003033.10003083	narrower	10003033.10003083.10003090.10003092
10003033.10003083	narrower	10003033.10003083.10003090.10003093
10003033.10003083	narrower	10003033.10003083.10003090.10011643
10003033.10003083	narrower	10003033.10003083.10003090.10011643.10011644
10003033.10003083	narrower	10003033.10003083.10003090.10011643.10011645
10003033.10003083	narrower	10003033.10003083.10003090.10011643.10011646
10003033.10003083	narrower	10003033.10003083.10003090.10011643.10011647
10003033.10003083	narrower	10003033.10003083.10003090.10011643.10011647.10011648
10003033.10003083	narrower	10003033.10003083.10003090.10011643.10011647.10011649
10003033.10003083	narrower	10003033.10003083.10003090.10011643.10011650
10003033.10003083	narrower	10003033.10003083.10003090.10011643.10011650.10011663
10003033.10003083	narrower	10003033.10003083.10003090.10011643.10011651
10003033.10003083	narrower	10003033.10003083.10003095.10010752
10003033.10003083.10003090	narrower	10003033.10003083.10003090.10011643.10011644
10003033.10003083.10003090	narrower	10003033.10003083.10003090.10011643.10011645
10003033.10003083.10003090	narrower	10003033.10003083.10003090.10011643.10011646
10003033.10003083.10003090	narrower	10003033.10003083.10003090.10011643.10011647
10003033.10003083.10003090	narrower	10003033.10003083.10003090.10011643.10011647.10011648
10003033.10003083.10003090	narrower	10003033.10003083.10003090.10011643.10011647.10011649
10003033.10003083.10003090	narrower	10003033.10003083.10003090.10011643.10011650
10003033.10003083.10003090	narrower	10003033.10003083.10003090.10011643.10011650.10011663
10003033.10003083.10003090	narrower	10003033.10003083.10003090.10011643.10011651
10003033.10003083.10003090.10011643	narrower	10003033.10003083.10003090.10011643.10011647.10011648
10003033.10003083.10003090.10011643	narrower	10003033.10003083.10003090.10011643.10011647.10011649
10003033.10003083.10003090.10011643	narrower	10003033.10003083.10003090.10011643.10011650.10011663
10003033.10003106	narrower	10003033.10003106.10003112.10003238
10003033.10003106	narrower	10003033.10003106.10003114.10003115
10003033.10003106	narrower	10003033.10003106.10003114.10003116
10003033.10003106	narrower	10003033.10003106.10003114.10003118
10003033.10003106	narrower	10003033.10003106.10003114.10011730
10003033.10003106	narrower	10003033.10003106.10003119.10011661
10003033.10003106	narrower	10003033.10003106.10003119.10011662
10003033.10003106	narrower	10003033.10003106.10010582.10011668
10003120	narrower	10003120.10003121.10003122
10003120	narrower	10003120.10003121.10003122.10003332
10003120	narrower	10003120.10003121.10003122.10003334
10003120	narrower	10003120.10003121.10003122.10010854
10003120	narrower	10003120.10003121.10003122.10010855
10003120	narrower	10003120.10003121.10003122.10010856
10003120	narrower	10003120.10003121.10003122.10011749
10003120	narrower	10003120.10003121.10003122.10011750
10003120	narrower	10003120.10003121.10003124
10003120	narrower	10003120.10003121.10003124.10003254
10003120	narrower	10003120.10003121.10003124.10010392
10003120	narrower	10003120.10003121.10003124.10010862
10003120	narrower	10003120.10003121.10003124.10010865
10003120	narrower	10003120.10003121.10003124.10010866
10003120	narrower	10003120.10003121.10003124.10010868
10003120	narrower	10003120.10003121.10003124.10010870
10003120	narrower	10003120.10003121.10003124.10011751
10003120	narrower	10003120.10003121.10003125
10003120	narrower	10003120.10003121.10003125.10010391
10003120	narrower	10003120.10003121.10003125.10010591
10003120	narrower	10003120.10003121.10003125.10010597
10003120	narrower	10003120.10003121.10003125.10010872
10003120	narrower	10003120.10003121.10003125.10010873
10003120	narrower	10003120.10003121.10003125.10011666
10003120	narrower	10003120.10003121.10003125.10011752
10003120	narrower	10003120.10003121.10003126
10003120	narrower	10003120.10003121.10003128
10003120	narrower	10003120.10003121.10003128.10010869
10003120	narrower	10003120.10003121.10003128.10011753
10003120	narrower	10003120.10003121.10003128.10011754
10003120	narrower	10003120.10003121.10003128.10011755
10003120	narrower	10003120.10003121.10003129
10003120	narrower	10003120.10003121.10003129.10010885
10003120	narrower	10003120.10003121.10003129.10011756
10003120	narrower	10003120.10003121.10003129.10011757
10003120	narrower	10003120.10003121.10011748
10003120	narrower	10003120.10003123.10010860
10003120	narrower	10003120.10003123.10010860.10010858
10003120	narrower	10003120.10003123.10010860.10010859
10003120	narrower	10003120.10003123.10010860.10010877
10003120	narrower	10003120.10003123.10010860.10010883
10003120	narrower	10003120.10003123.10010860.10010911
10003120	narrower	10003120.10003123.10010860.10011121
10003120	narrower	10003120.10003123.10010860.10011694
10003120	narrower	10003120.10003123.10011758
10003120	narrower	10003120.10003123.10011759
10003120	narrower	10003120.10003123.10011760
10003120	narrower	10003120.10003123.10011760.10011707
10003120	narrower	10003120.10003130.10003131
10003120	narrower	10003120.10003130.10003131.10003234
10003120	narrower	10003120.10003130.10003131.10003235
10003120	narrower	10003120.10003130.10003131.10003269
10003120	narrower	10003120.10003130.10003131.10003270
10003120	narrower	10003120.10003130.10003131.10003292
10003120	narrower	10003120.10003130.10003131.10003376
10003120	narrower	10003120.10003130.10003131.10003570
10003120	narrower	10003120.10003130.10003131.10003579
10003120	narrower	10003120.10003130.10003131.10010910
10003120	narrower	10003120.10003130.10003131.10011761
10003120	narrower	10003120.10003130.10003134
10003120	narrower	10003120.10003130.10003134.10003293
10003120	narrower	10003120.10003130.10003134.10011763
10003120	narrower	10003120.10003130.10003233
10003120	narrower	10003120.10003130.10003233.10003288
10003120	narrower	10003120.10003130.10003233.10003301
10003120	narrower	10003120.10003130.10003233.10003449
10003120	narrower	10003120.10003130.10003233.10003597
10003120	narrower	10003120.10003130.10003233.10010519
10003120	narrower	10003120.10003130.10003233.10010922
10003120	narrower	10003120.10003130.10003233.10011765
10003120	narrower	10003120.10003130.10003233.10011766
10003120	narrower	10003120.10003130.10011762
10003120	narrower	10003120.10003130.10011764
10003120	narrower	10003120.10003138.10003139
10003120	narrower	10003120.10003138.10003139.10010904
10003120	narrower	10003120.10003138.10003139.10010905
10003120	narrower	10003120.10003138.10003139.10010906
10003120	narrower	10003120.10003138.10003140
10003120	narrower	10003120.10003138.10003141
10003120	narrower	10003120.10003138.10003141.10010895
10003120	narrower	10003120.10003138.10003141.10010896
10003120	narrower	10003120.10003138.10003141.10010897
10003120	narrower	10003120.10003138.10003141.10010898
10003120	narrower	10003120.10003138.10003141.10010899
10003120	narrower	10003120.10003138.10003141.10010900
10003120	narrower	10003120.10003138.10003141.10010901
10003120	narrower	10003120.10003138.10003141.10010902
10003120	narrower	10003120.10003138.10003141.10010903
10003120	narrower	10003120.10003138.10003142
10003120	narrower	10003120.10003138.10011767
10003120	narrower	10003120.10003145.10003146
10003120	narrower	10003120.10003145.10003146.10010889
10003120	narrower	10003120.10003145.10003146.10010890
10003120	narrower	10003120.10003145.10003146.10010891
10003120	narrower	10003120.10003145.10003146.10010892
10003120	narrower	10003120.10003145.10003146.10010893
10003120	narrower	10003120.10003145.10003146.10010894
10003120	narrower	10003120.10003145.10003147
10003120	narrower	10003120.10003145.10003147.10010364
10003120	narrower	10003120.10003145.10003147.10010365
10003120	narrower	10003120.10003145.10003147.10010887
10003120	narrower	10003120.10003145.10003147.10010923
10003120	narrower	10003120.10003145.10003151
10003120	narrower	10003120.10003145.10003151.10011771
10003120	narrower	10003120.10003145.10011768
10003120	narrower	10003120.10003145.10011769
10003120	narrower	10003120.10003145.10011770
10003120	narrower	10003120.10011738.10011772
10003120	narrower	10003120.10011738.10011773
10003120	narrower	10003120.10011738.10011774
10003120	narrower	10003120.10011738.10011775
10003120	narrower	10003120.10011738.10011776
10003120.10003121	narrower	10003120.10003121.10003122.10003332
10003120.10003121	narrower	10003120.10003121.10003122.10003334
10003120.10003121	narrower	10003120.10003121.10003122.10010854
10003120.10003121	narrower	10003120.10003121.10003122.10010855
10003120.10003121	narrower	10003120.10003121.10003122.10010856
10003120.10003121	narrower	10003120.10003121.10003122.10011749
10003120.10003121	narrower	10003120.10003121.10003122.10011750
10003120.10003121	narrower	10003120.10003121.10003124.10003254
10003120.10003121	narrower	10003120.10003121.10003124.10010392
10003120.10003121	narrower	10003120.10003121.10003124.10010862
10003120.10003121	narrower	10003120.10003121.10003124.10010865
10003120.10003121	narrower	10003120.10003121.10003124.10010866
10003120.10003121	narrower	10003120.10003121.10003124.10010868
10003120.10003121	narrower	10003120.10003121.10003124.10010870
10003120.10003121	narrower	10003120.10003121.10003124.10011751
10003120.10003121	narrower	10003120.10003121.10003125.10010391
10003120.10003121	narrower	10003120.10003121.10003125.10010591
10003120.10003121	narrower	10003120.10003121.10003125.10010597
10003120.10003121	narrower	10003120.10003121.10003125.10010872
10003120.10003121	narrower	10003120.10003121.10003125.10010873
10003120.10003121	narrower	10003120.10003121.10003125.10011666
10003120.10003121	narrower	10003120.10003121.10003125.10011752
10003120.10003121	narrower	10003120.10003121.10003128.10010869
10003120.10003121	narrower	10003120.10003121.10003128.10011753
10003120.10003121	narrower	10003120.10003121.10003128.10011754
10003120.10003121	narrower	10003120.10003121.10003128.10011755
10003120.10003121	narrower	10003120.10003121.10003129.10010885
10003120.10003121	narrower	10003120.10003121.10003129.10011756
10003120.10003121	narrower	10003120.10003121.10003129.10011757
10003120.10003123	narrower	10003120.10003123.10010860.10010858
10003120.10003123	narrower	10003120.10003123.10010860.10010859
10003120.10003123	narrower	10003120.10003123.10010860.10010877
10003120.10003123	narrower	10003120.10003123.10010860.10010883
10003120.10003123	narrower	10003120.10003123.10010860.10010911
10003120.10003123	narrower	10003120.10003123.10010860.10011121
10003120.10003123	narrower	10003120.10003123.10010860.10011694
10003120.10003123	narrower	10003120.10003123.10011760.10011707
10003120.10003130	narrower	10003120.10003130.10003131.10003234
10003120.10003130	narrower	10003120.10003130.10003131.10003235
10003120.10003130	narrower	10003120.10003130.10003131.10003269
10003120.10003130	narrower	10003120.10003130.10003131.10003270
10003120.10003130	narrower	10003120.10003130.10003131.10003292
10003120.10003130	narrower	10003120.10003130.10003131.10003376
10003120.10003130	narrower	10003120.10003130.10003131.10003570
10003120.10003130	narrower	10003120.10003130.10003131.10003579
10003120.10003130	narrower	10003120.10003130.10003131.10010910
10003120.10003130	narrower	10003120.10003130.10003131.10011761
10003120.10003130	narrower	10003120.10003130.10003134.10003293
10003120.10003130	narrower	10003120.10003130.10003134.10011763
10003120.10003130	narrower	10003120.10003130.10003233.10003288
10003120.10003130	narrower	10003120.10003130.10003233.10003301
10003120.10003130	narrower	10003120.10003130.10003233.10003449
10003120.10003130	narrower	10003120.10003130.10003233.10003597
10003120.10003130	narrower	10003120.10003130.10003233.10010519
10003120.10003130	narrower	10003120.10003130.10003233.10010922
10003120.10003130	narrower	10003120.10003130.10003233.10011765
10003120.10003130	narrower	10003120.10003130.10003233.10011766
10003120.10003138	narrower	10003120.10003138.10003139.10010904
10003120.10003138	narrower	10003120.10003138.10003139.10010905
10003120.10003138	narrower	10003120.10003138.10003139.10010906
10003120.10003138	narrower	10003120.10003138.10003141.10010895
10003120.10003138	narrower	10003120.10003138.10003141.10010896
10003120.10003138	narrower	10003120.10003138.10003141.10010897
10003120.10003138	narrower	10003120.10003138.10003141.10010898
10003120.10003138	narrower	10003120.10003138.10003141.10010899
10003120.10003138	narrower	10003120.10003138.10003141.10010900
10003120.10003138	narrower	10003120.10003138.10003141.10010901
10003120.10003138	narrower	10003120.10003138.10003141.10010902
10003120.10003138	narrower	10003120.10003138.10003141.10010903
10003120.10003145	narrower	10003120.10003145.10003146.10010889
10003120.10003145	narrower	10003120.10003145.10003146.10010890
10003120.10003145	narrower	10003120.10003145.10003146.10010891
10003120.10003145	narrower	10003120.10003145.10003146.10010892
10003120.10003145	narrower	10003120.10003145.10003146.10010893
10003120.10003145	narrower	10003120.10003145.10003146.10010894
10003120.10003145	narrower	10003120.10003145.10003147.10010364
10003120.10003145	narrower	10003120.10003145.10003147.10010365
10003120.10003145	narrower	10003120.10003145.10003147.10010887
10003120.10003145	narrower	10003120.10003145.10003147.10010923
10003120.10003145	narrower	10003120.10003145.10003151.10011771
10003456	narrower	10003456.10003457.10003458
10003456	narrower	10003456.10003457.10003458.10003460
10003456	narrower	10003456.10003457.10003458.10003461
10003456	narrower	10003456.10003457.10003458.10010921
10003456	narrower	10003456.10003457.10003490
10003456	narrower	10003456.10003457.10003490.10003491
10003456	narrower	10003456.10003457.10003490.10003491.10003492
10003456	narrower	10003456.10003457.10003490.10003491.10003493
10003456	narrower	10003456.10003457.10003490.10003491.10003494
10003456	narrower	10003456.10003457.10003490.10003491.10003495
10003456	narrower	10003456.10003457.10003490.10003491.10003496
10003456	narrower	10003456.10003457.10003490.10003491.10003497
10003456	narrower	10003456.10003457.10003490.10003498
10003456	narrower	10003456.10003457.10003490.10003498.10003499
10003456	narrower	10003456.10003457.10003490.10003498.10003500
10003456	narrower	10003456.10003457.10003490.10003498.10003502
10003456	narrower	10003456.10003457.10003490.10003503
10003456	narrower	10003456.10003457.10003490.10003503.10003505
10003456	narrower	10003456.10003457.10003490.10003503.10003506
10003456	narrower	10003456.10003457.10003490.10003507
10003456	narrower	10003456.10003457.10003490.10003507.10003508
10003456	narrower	10003456.10003457.10003490.10003507.10003509
10003456	narrower	10003456.10003457.10003490.10003507.10003510
10003456	narrower	10003456.10003457.10003490.10003511
10003456	narrower	10003456.10003457.10003490.10003512
10003456	narrower	10003456.10003457.10003490.10003514
10003456	narrower	10003456.10003457.10003521
10003456	narrower	10003456.10003457.10003521.10003522
10003456	narrower	10003456.10003457.10003521.10003523
10003456	narrower	10003456.10003457.10003521.10003524
10003456	narrower	10003456.10003457.10003521.10003525
10003456	narrower	10003456.10003457.10003521.10003526
10003456	narrower	10003456.10003457.10003527
10003456	narrower	10003456.10003457.10003527.10003528
10003456	narrower	10003456.10003457.10003527.10003529
10003456	narrower	10003456.10003457.10003527.10003530
10003456	narrower	10003456.10003457.10003527.10003531
10003456	narrower	10003456.10003457.10003527.10003531.10003532
10003456	narrower	10003456.10003457.10003527.10003531.10003533
10003456	narrower	10003456.10003457.10003527.10003531.10003533.10011595
10003456	narrower	10003456.10003457.10003527.10003531.10003534
10003456	narrower	10003456.10003457.10003527.10003531.10003535
10003456	narrower	10003456.10003457.10003527.10003531.10003536
10003456	narrower	10003456.10003457.10003527.10003531.10003537
10003456	narrower	10003456.10003457.10003527.10003531.10003751
10003456	narrower	10003456.10003457.10003527.10003538
10003456	narrower	10003456.10003457.10003527.10003539
10003456	narrower	10003456.10003457.10003527.10003540
10003456	narrower	10003456.10003457.10003527.10003541
10003456	narrower	10003456.10003457.10003527.10003542
10003456	narrower	10003456.10003457.10003567
10003456	narrower	10003456.10003457.10003567.10003568
10003456	narrower	10003456.10003457.10003567.10003569
10003456	narrower	10003456.10003457.10003567.10003570
10003456	narrower	10003456.10003457.10003567.10003571
10003456	narrower	10003456.10003457.10003567.10003572
10003456	narrower	10003456.10003457.10003567.10003573
10003456	narrower	10003456.10003457.10003567.10010990
10003456	narrower	10003456.10003457.10003580
10003456	narrower	10003456.10003457.10003580.10003543
10003456	narrower	10003456.10003457.10003580.10003568
10003456	narrower	10003456.10003457.10003580.10003581
10003456	narrower	10003456.10003457.10003580.10003583
10003456	narrower	10003456.10003457.10003580.10003584
10003456	narrower	10003456.10003457.10003580.10003585
10003456	narrower	10003456.10003457.10003580.10003587
10003456	narrower	10003456.10003462.10003463
10003456	narrower	10003456.10003462.10003463.10002996
10003456	narrower	10003456.10003462.10003463.10003464
10003456	narrower	10003456.10003462.10003463.10003465
10003456	narrower	10003456.10003462.10003463.10003466
10003456	narrower	10003456.10003462.10003463.10003467
10003456	narrower	10003456.10003462.10003463.10003469
10003456	narrower	10003456.10003462.10003463.10003470
10003456	narrower	10003456.10003462.10003463.10003471
10003456	narrower	10003456.10003462.10003463.10003472
10003456	narrower	10003456.10003462.10003463.10003473
10003456	narrower	10003456.10003462.10003463.10010646
10003456	narrower	10003456.10003462.10003463.10011746
10003456	narrower	10003456.10003462.10003477
10003456	narrower	10003456.10003462.10003480
10003456	narrower	10003456.10003462.10003480.10003481
10003456	narrower	10003456.10003462.10003480.10003482
10003456	narrower	10003456.10003462.10003480.10003483
10003456	narrower	10003456.10003462.10003480.10003484
10003456	narrower	10003456.10003462.10003480.10003486
10003456	narrower	10003456.10003462.10003487
10003456	narrower	10003456.10003462.10003487.10003488
10003456	narrower	10003456.10003462.10003487.10003489
10003456	narrower	10003456.10003462.10003544
10003456	narrower	10003456.10003462.10003544.10003545
10003456	narrower	10003456.10003462.10003544.10003548
10003456	narrower	10003456.10003462.10003544.10003549
10003456	narrower	10003456.10003462.10003544.10003589
10003456	narrower	10003456.10003462.10003544.10011698
10003456	narrower	10003456.10003462.10003544.10011709
10003456	narrower	10003456.10003462.10003561
10003456	narrower	10003456.10003462.10003561.10003486
10003456	narrower	10003456.10003462.10003561.10003560
10003456	narrower	10003456.10003462.10003561.10003562
10003456	narrower	10003456.10003462.10003561.10003563
10003456	narrower	10003456.10003462.10003561.10003563.10003564
10003456	narrower	10003456.10003462.10003561.10003563.10003565
10003456	narrower	10003456.10003462.10003561.10003566
10003456	narrower	10003456.10003462.10003574
10003456	narrower	10003456.10003462.10003574.10003000
10003456	narrower	10003456.10003462.10003574.10003000.10011611
10003456	narrower	10003456.10003462.10003574.10003000.10011612
10003456	narrower	10003456.10003462.10003574.10003475
10003456	narrower	10003456.10003462.10003574.10003575
10003456	narrower	10003456.10003462.10003574.10003578
10003456	narrower	10003456.10003462.10003588
10003456	narrower	10003456.10003462.10003588.10003589
10003456	narrower	10003456.10003462.10003588.10003592
10003456	narrower	10003456.10003462.10003602
10003456	narrower	10003456.10003462.10003602.10003603
10003456	narrower	10003456.10003462.10003602.10003604
10003456	narrower	10003456.10003462.10003602.10003605
10003456	narrower	10003456.10003462.10003602.10003606
10003456	narrower	10003456.10003462.10003602.10003607
10003456	narrower	10003456.10003462.10003602.10003608
10003456	narrower	10003456.10003462.10003602.10003608.10003609
10003456	narrower	10003456.10010927.10003611
10003456	narrower	10003456.10010927.10003612
10003456	narrower	10003456.10010927.10003613
10003456	narrower	10003456.10010927.10003613.10010928
10003456	narrower	10003456.10010927.10003613.10010929
10003456	narrower	10003456.10010927.10003614
10003456	narrower	10003456.10010927.10003616
10003456	narrower	10003456.10010927.10003618
10003456	narrower	10003456.10010927.10003619
10003456	narrower	10003456.10010927.10010930
10003456	narrower	10003456.10010927.10010930.10010931
10003456	narrower	10003456.10010927.10010930.10010932
10003456	narrower	10003456.10010927.10010930.10010933
10003456.10003457	narrower	10003456.10003457.10003458.10003460
10003456.10003457	narrower	10003456.10003457.10003458.10003461
10003456.10003457	narrower	10003456.10003457.10003458.10010921
10003456.10003457	narrower	10003456.10003457.10003490.10003491
10003456.10003457	narrower	10003456.10003457.10003490.10003491.10003492
10003456.10003457	narrower	10003456.10003457.10003490.10003491.10003493
10003456.10003457	narrower	10003456.10003457.10003490.10003491.10003494
10003456.10003457	narrower	10003456.10003457.10003490.10003491.10003495
10003456.10003457	narrower	10003456.10003457.10003490.10003491.10003496
10003456.10003457	narrower	10003456.10003457.10003490.10003491.10003497
10003456.10003457	narrower	10003456.10003457.10003490.10003498
10003456.10003457	narrower	10003456.10003457.10003490.10003498.10003499
10003456.10003457	narrower	10003456.10003457.10003490.10003498.10003500
10003456.10003457	narrower	10003456.10003457.10003490.10003498.10003502
10003456.10003457	narrower	10003456.10003457.10003490.10003503
10003456.10003457	narrower	10003456.10003457.10003490.10003503.10003505
10003456.10003457	narrower	10003456.10003457.10003490.10003503.10003506
10003456.10003457	narrower	10003456.10003457.10003490.10003507
10003456.10003457	narrower	10003456.10003457.10003490.10003507.10003508
10003456.10003457	narrower	10003456.10003457.10003490.10003507.10003509
10003456.10003457	narrower	10003456.10003457.10003490.10003507.10003510
10003456.10003457	narrower	10003456.10003457.10003490.10003511
10003456.10003457	narrower	10003456.10003457.10003490.10003512
10003456.10003457	narrower	10003456.10003457.10003490.10003514
10003456.10003457	narrower	10003456.10003457.10003521.10003522
10003456.10003457	narrower	10003456.10003457.10003521.10003523
10003456.10003457	narrower	10003456.10003457.10003521.10003524
10003456.10003457	narrower	10003456.10003457.10003521.10003525
10003456.10003457	narrower	10003456.10003457.10003521.10003526
10003456.10003457	narrower	10003456.10003457.10003527.10003528
10003456.10003457	narrower	10003456.10003457.10003527.10003529
10003456.10003457	narrower	10003456.10003457.10003527.10003530
10003456.10003457	narrower	10003456.10003457.10003527.10003531
10003456.10003457	narrower	10003456.10003457.10003527.10003531.10003532
10003456.10003457	narrower	10003456.10003457.10003527.10003531.10003533
10003456.10003457	narrower	10003456.10003457.10003527.10003531.10003533.10011595
10003456.10003457	narrower	10003456.10003457.10003527.10003531.10003534
10003456.10003457	narrower	10003456.10003457.10003527.10003531.10003535
10003456.10003457	narrower	10003456.10003457.10003527.10003531.10003536
10003456.10003457	narrower	10003456.10003457.10003527.10003531.10003537
10003456.10003457	narrower	10003456.10003457.10003527.10003531.10003751
10003456.10003457	narrower	10003456.10003457.10003527.10003538
10003456.10003457	narrower	10003456.10003457.10003527.10003539
10003456.10003457	narrower	10003456.10003457.10003527.10003540
10003456.10003457	narrower	10003456.10003457.10003527.10003541
10003456.10003457	narrower	10003456.10003457.10003527.10003542
10003456.10003457	narrower	10003456.10003457.10003567.10003568
10003456.10003457	narrower	10003456.10003457.10003567.10003569
10003456.10003457	narrower	10003456.10003457.10003567.10003570
10003456.10003457	narrower	10003456.10003457.10003567.10003571
10003456.10003457	narrower	10003456.10003457.10003567.10003572
10003456.10003457	narrower	10003456.10003457.10003567.10003573
10003456.10003457	narrower	10003456.10003457.10003567.10010990
10003456.10003457	narrower	10003456.10003457.10003580.10003543
10003456.10003457	narrower	10003456.10003457.10003580.10003568
10003456.10003457	narrower	10003456.10003457.10003580.10003581
10003456.10003457	narrower	10003456.10003457.10003580.10003583
10003456.10003457	narrower	10003456.10003457.10003580.10003584
10003456.10003457	narrower	10003456.10003457.10003580.10003585
10003456.10003457	narrower	10003456.10003457.10003580.10003587
10003456.10003457.10003490	narrower	10003456.10003457.10003490.10003491.10003492
10003456.10003457.10003490	narrower	10003456.10003457.10003490.10003491.10003493
10003456.10003457.10003490	narrower	10003456.10003457.10003490.10003491.10003494
10003456.10003457.10003490	narrower	10003456.10003457.10003490.10003491.10003495
10003456.10003457.10003490	narrower	10003456.10003457.10003490.10003491.10003496
10003456.10003457.10003490	narrower	10003456.10003457.10003490.10003491.10003497
10003456.10003457.10003490	narrower	10003456.10003457.10003490.10003498.10003499
10003456.10003457.10003490	narrower	10003456.10003457.10003490.10003498.10003500
10003456.10003457.10003490	narrower	10003456.10003457.10003490.10003498.10003502
10003456.10003457.10003490	narrower	10003456.10003457.10003490.10003503.10003505
10003456.10003457.10003490	narrower	10003456.10003457.10003490.10003503.10003506
10003456.10003457.10003490	narrower	10003456.10003457.10003490.10003507.10003508
10003456.10003457.10003490	narrower	10003456.10003457.10003490.10003507.10003509
10003456.10003457.10003490	narrower	10003456.10003457.10003490.10003507.10003510
10003456.10003457.10003527	narrower	10003456.10003457.10003527.10003531.10003532
10003456.10003457.10003527	narrower	10003456.10003457.10003527.10003531.10003533
10003456.10003457.10003527	narrower	10003456.10003457.10003527.10003531.10003533.10011595
10003456.10003457.10003527	narrower	10003456.10003457.10003527.10003531.10003534
10003456.10003457.10003527	narrower	10003456.10003457.10003527.10003531.10003535
10003456.10003457.10003527	narrower	10003456.10003457.10003527.10003531.10003536
10003456.10003457.10003527	narrower	10003456.10003457.10003527.10003531.10003537
10003456.10003457.10003527	narrower	10003456.10003457.10003527.10003531.10003751
10003456.10003457.10003527.10003531	narrower	10003456.10003457.10003527.10003531.10003533.10011595
10003456.10003462	narrower	10003456.10003462.10003463.10002996
10003456.10003462	narrower	10003456.10003462.10003463.10003464
10003456.10003462	narrower	10003456.10003462.10003463.10003465
10003456.10003462	narrower	10003456.10003462.10003463.10003466
10003456.10003462	narrower	10003456.10003462.10003463.10003467
10003456.10003462	narrower	10003456.10003462.10003463.10003469
10003456.10003462	narrower	10003456.10003462.10003463.10003470
10003456.10003462	narrower	10003456.10003462.10003463.10003471
10003456.10003462	narrower	10003456.10003462.10003463.10003472
10003456.10003462	narrower	10003456.10003462.10003463.10003473
10003456.10003462	narrower	10003456.10003462.10003463.10010646
10003456.10003462	narrower	10003456.10003462.10003463.10011746
10003456.10003462	narrower	10003456.10003462.10003480.10003481
10003456.10003462	narrower	10003456.10003462.10003480.10003482
10003456.10003462	narrower	10003456.10003462.10003480.10003483
10003456.10003462	narrower	10003456.10003462.10003480.10003484
10003456.10003462	narrower	10003456.10003462.10003480.10003486
10003456.10003462	narrower	10003456.10003462.10003487.10003488
10003456.10003462	narrower	10003456.10003462.10003487.10003489
10003456.10003462	narrower	10003456.10003462.10003544.10003545
10003456.10003462	narrower	10003456.10003462.10003544.10003548
10003456.10003462	narrower	10003456.10003462.10003544.10003549
10003456.10003462	narrower	10003456.10003462.10003544.10003589
10003456.10003462	narrower	10003456.10003462.10003544.10011698
10003456.10003462	narrower	10003456.10003462.10003544.10011709
10003456.10003462	narrower	10003456.10003462.10003561.10003486
10003456.10003462	narrower	10003456.10003462.10003561.10003560
10003456.10003462	narrower	10003456.10003462.10003561.10003562
10003456.10003462	narrower	10003456.10003462.10003561.10003563
10003456.10003462	narrower	10003456.10003462.10003561.10003563.10003564
10003456.10003462	narrower	10003456.10003462.10003561.10003563.10003565
10003456.10003462	narrower	10003456.10003462.10003561.10003566
10003456.10003462	narrower	10003456.10003462.10003574.10003000
10003456.10003462	narrower	10003456.10003462.10003574.10003000.10011611
10003456.10003462	narrower	10003456.10003462.10003574.10003000.10011612
10003456.10003462	narrower	10003456.10003462.10003574.10003475
10003456.10003462	narrower	10003456.10003462.10003574.10003575
10003456.10003462	narrower	10003456.10003462.10003574.10003578
10003456.10003462	narrower	10003456.10003462.10003588.10003589
10003456.10003462	narrower	10003456.10003462.10003588.10003592
10003456.10003462	narrower	10003456.10003462.10003602.10003603
10003456.10003462	narrower	10003456.10003462.10003602.10003604
10003456.10003462	narrower	10003456.10003462.10003602.10003605
10003456.10003462	narrower	10003456.10003462.10003602.10003606
10003456.10003462	narrower	10003456.10003462.10003602.10003607
10003456.10003462	narrower	10003456.10003462.10003602.10003608
10003456.10003462	narrower	10003456.10003462.10003602.10003608.10003609
10003456.10003462.10003561	narrower	10003456.10003462.10003561.10003563.10003564
10003456.10003462.10003561	narrower	10003456.10003462.10003561.10003563.10003565
10003456.10003462.10003574	narrower	10003456.10003462.10003574.10003000.10011611
10003456.10003462.10003574	narrower	10003456.10003462.10003574.10003000.10011612
10003456.10003462.10003602	narrower	10003456.10003462.10003602.10003608.10003609
10003456.10010927	narrower	10003456.10010927.10003613.10010928
10003456.10010927	narrower	10003456.10010927.10003613.10010929
10003456.10010927	narrower	10003456.10010927.10010930.10010931
10003456.10010927	narrower	10003456.10010927.10010930.10010932
10003456.10010927	narrower	10003456.10010927.10010930.10010933
10003752	narrower	10003752.10003753.10003754
10003752	narrower	10003752.10003753.10003754.10003733
10003752	narrower	10003752.10003753.10003754.10003755
10003752	narrower	10003752.10003753.10003754.10003756
10003752	narrower	10003752.10003753.10003757
10003752	narrower	10003752.10003753.10003758
10003752	narrower	10003752.10003753.10003758.10003784
10003752	narrower	10003752.10003753.10003758.10010624
10003752	narrower	10003752.10003753.10003758.10010625
10003752	narrower	10003752.10003753.10003758.10010626
10003752	narrower	10003752.10003753.10003759
10003752	narrower	10003752.10003753.10003760
10003752	narrower	10003752.10003753.10003761
10003752	narrower	10003752.10003753.10003761.10003762
10003752	narrower	10003752.10003753.10003761.10003763
10003752	narrower	10003752.10003753.10003761.10003764
10003752	narrower	10003752.10003753.10003765
10003752	narrower	10003752.10003753.10010622
10003752	narrower	10003752.10003766.10003767
10003752	narrower	10003752.10003766.10003767.10003768
10003752	narrower	10003752.10003766.10003767.10003769
10003752	narrower	10003752.10003766.10003770
10003752	narrower	10003752.10003766.10003771
10003752	narrower	10003752.10003766.10003772
10003752	narrower	10003752.10003766.10003773
10003752	narrower	10003752.10003766.10003773.10003774
10003752	narrower	10003752.10003766.10003773.10003775
10003752	narrower	10003752.10003766.10003776
10003752	narrower	10003752.10003777.10003778
10003752	narrower	10003752.10003777.10003779
10003752	narrower	10003752.10003777.10003780
10003752	narrower	10003752.10003777.10003781
10003752	narrower	10003752.10003777.10003782
10003752	narrower	10003752.10003777.10003783
10003752	narrower	10003752.10003777.10003784
10003752	narrower	10003752.10003777.10003785
10003752	narrower	10003752.10003777.10003786
10003752	narrower	10003752.10003777.10003787
10003752	narrower	10003752.10003777.10003788
10003752	narrower	10003752.10003777.10003789
10003752	narrower	10003752.10003790.10002990
10003752	narrower	10003752.10003790.10003792
10003752	narrower	10003752.10003790.10003793
10003752	narrower	10003752.10003790.10003794
10003752	narrower	10003752.10003790.10003795
10003752	narrower	10003752.10003790.10003796
10003752	narrower	10003752.10003790.10003797
10003752	narrower	10003752.10003790.10003798
10003752	narrower	10003752.10003790.10003799
10003752	narrower	10003752.10003790.10003800
10003752	narrower	10003752.10003790.10003801
10003752	narrower	10003752.10003790.10003806
10003752	narrower	10003752.10003790.10011119
10003752	narrower	10003752.10003790.10011192
10003752	narrower	10003752.10003790.10011740
10003752	narrower	10003752.10003790.10011741
10003752	narrower	10003752.10003790.10011742
10003752	narrower	10003752.10003809.10003635
10003752	narrower	10003752.10003809.10003635.10003644
10003752	narrower	10003752.10003809.10003635.10010036
10003752	narrower	10003752.10003809.10003635.10010037
10003752	narrower	10003752.10003809.10003635.10010038
10003752	narrower	10003752.10003809.10003636
10003752	narrower	10003752.10003809.10003636.10003808
10003752	narrower	10003752.10003809.10003636.10003810
10003752	narrower	10003752.10003809.10003636.10003811
10003752	narrower	10003752.10003809.10003636.10003812
10003752	narrower	10003752.10003809.10003636.10003813
10003752	narrower	10003752.10003809.10003636.10003814
10003752	narrower	10003752.10003809.10003636.10003815
10003752	narrower	10003752.10003809.10003716
10003752	narrower	10003752.10003809.10003716.10011136
10003752	narrower	10003752.10003809.10003716.10011136.10011137
10003752	narrower	10003752.10003809.10003716.10011136.10011797
10003752	narrower	10003752.10003809.10003716.10011136.10011797.10011798
10003752	narrower	10003752.10003809.10003716.10011136.10011797.10011799
10003752	narrower	10003752.10003809.10003716.10011136.10011797.10011800
10003752	narrower	10003752.10003809.10003716.10011136.10011797.10011801
10003752	narrower	10003752.10003809.10003716.10011138
10003752	narrower	10003752.10003809.10003716.10011138.10010041
10003752	narrower	10003752.10003809.10003716.10011138.10010042
10003752	narrower	10003752.10003809.10003716.10011138.10010043
10003752	narrower	10003752.10003809.10003716.10011138.10010044
10003752	narrower	10003752.10003809.10003716.10011138.10010046
10003752	narrower	10003752.10003809.10003716.10011138.10011139
10003752	narrower	10003752.10003809.10003716.10011138.10011140
10003752	narrower	10003752.10003809.10003716.10011138.10011803
10003752	narrower	10003752.10003809.10003716.10011141
10003752	narrower	10003752.10003809.10003716.10011141.10010040
10003752	narrower	10003752.10003809.10003716.10011141.10010045
10003752	narrower	10003752.10003809.10003716.10011141.10011803
10003752	narrower	10003752.10003809.10003716.10011804
10003752	narrower	10003752.10003809.10003716.10011804.10011813
10003752	narrower	10003752.10003809.10003716.10011804.10011818
10003752	narrower	10003752.10003809.10010031
10003752	narrower	10003752.10003809.10010031.10002975
10003752	narrower	10003752.10003809.10010031.10010032
10003752	narrower	10003752.10003809.10010031.10010033
10003752	narrower	10003752.10003809.10010031.10010034
10003752	narrower	10003752.10003809.10010031.10010035
10003752	narrower	10003752.10003809.10010047
10003752	narrower	10003752.10003809.10010047.10010048
10003752	narrower	10003752.10003809.10010047.10010048.10003808
10003752	narrower	10003752.10003809.10010047.10010049
10003752	narrower	10003752.10003809.10010047.10010050
10003752	narrower	10003752.10003809.10010047.10010051
10003752	narrower	10003752.10003809.10010052
10003752	narrower	10003752.10003809.10010052.10010053
10003752	narrower	10003752.10003809.10010052.10010054
10003752	narrower	10003752.10003809.10010055
10003752	narrower	10003752.10003809.10010055.10010056
10003752	narrower	10003752.10003809.10010055.10010057
10003752	narrower	10003752.10003809.10010055.10010058
10003752	narrower	10003752.10003809.10010055.10010059
10003752	narrower	10003752.10003809.10010055.10010060
10003752	narrower	10003752.10003809.10010170
10003752	narrower	10003752.10003809.10010170.10003817
10003752	narrower	10003752.10003809.10010170.10003824
10003752	narrower	10003752.10003809.10010170.10010171
10003752	narrower	10003752.10003809.10010170.10010173
10003752	narrower	10003752.10003809.10010170.10010174
10003752	narrower	10003752.10003809.10010172
10003752	narrower	10003752.10003809.10010172.10003817
10003752	narrower	10003752.10003809.10010172.10003824
10003752	narrower	10003752.10003809.10011254
10003752	narrower	10003752.10003809.10011254.10011255
10003752	narrower	10003752.10003809.10011254.10011256
10003752	narrower	10003752.10003809.10011254.10011257
10003752	narrower	10003752.10003809.10011254.10011258
10003752	narrower	10003752.10003809.10011254.10011259
10003752	narrower	10003752.10003809.10011778
10003752	narrower	10003752.10010061.10010062
10003752	narrower	10003752.10010061.10010063
10003752	narrower	10003752.10010061.10010064
10003752	narrower	10003752.10010061.10010065
10003752	narrower	10003752.10010061.10010066
10003752	narrower	10003752.10010061.10010067
10003752	narrower	10003752.10010061.10010068
10003752	narrower	10003752.10010061.10010069
10003752	narrower	10003752.10010061.10011795
10003752	narrower	10003752.10010070.10010071
10003752	narrower	10003752.10010070.10010071.10010072
10003752	narrower	10003752.10010070.10010071.10010073
10003752	narrower	10003752.10010070.10010071.10010074
10003752	narrower	10003752.10010070.10010071.10010075
10003752	narrower	10003752.10010070.10010071.10010075.10010295
10003752	narrower	10003752.10010070.10010071.10010075.10010296
10003752	narrower	10003752.10010070.10010071.10010076
10003752	narrower	10003752.10010070.10010071.10010077
10003752	narrower	10003752.10010070.10010071.10010078
10003752	narrower	10003752.10010070.10010071.10010079
10003752	narrower	10003752.10010070.10010071.10010082
10003752	narrower	10003752.10010070.10010071.10010083
10003752	narrower	10003752.10010070.10010071.10010084
10003752	narrower	10003752.10010070.10010071.10010085
10003752	narrower	10003752.10010070.10010071.10010261
10003752	narrower	10003752.10010070.10010071.10010261.10010272
10003752	narrower	10003752.10010070.10010071.10010261.10010273
10003752	narrower	10003752.10010070.10010071.10010261.10010274
10003752	narrower	10003752.10010070.10010071.10010261.10010275
10003752	narrower	10003752.10010070.10010071.10010261.10010276
10003752	narrower	10003752.10010070.10010071.10010286
10003752	narrower	10003752.10010070.10010071.10010289
10003752	narrower	10003752.10010070.10010071.10010316
10003752	narrower	10003752.10010070.10010071.10011194
10003752	narrower	10003752.10010070.10010099
10003752	narrower	10003752.10010070.10010099.10003292
10003752	narrower	10003752.10010070.10010099.10010100
10003752	narrower	10003752.10010070.10010099.10010101
10003752	narrower	10003752.10010070.10010099.10010102
10003752	narrower	10003752.10010070.10010099.10010103
10003752	narrower	10003752.10010070.10010099.10010104
10003752	narrower	10003752.10010070.10010099.10010105
10003752	narrower	10003752.10010070.10010099.10010106
10003752	narrower	10003752.10010070.10010099.10010107
10003752	narrower	10003752.10010070.10010099.10010108
10003752	narrower	10003752.10010070.10010099.10010109
10003752	narrower	10003752.10010070.10010099.10010110
10003752	narrower	10003752.10010070.10010099.10011253
10003752	narrower	10003752.10010070.10010111
10003752	narrower	10003752.10010070.10010111.10003217
10003752	narrower	10003752.10010070.10010111.10003623
10003752	narrower	10003752.10010070.10010111.10010112
10003752	narrower	10003752.10010070.10010111.10010113
10003752	narrower	10003752.10010070.10010111.10010114
10003752	narrower	10003752.10010070.10010111.10011685
10003752	narrower	10003752.10010070.10010111.10011710
10003752	narrower	10003752.10010070.10010111.10011711
10003752	narrower	10003752.10010070.10010111.10011733
10003752	narrower	10003752.10010070.10010111.10011734
10003752	narrower	10003752.10010070.10010111.10011735
10003752	narrower	10003752.10010070.10010111.10011736
10003752	narrower	10003752.10010070.10011796
10003752	narrower	10003752.10010124.10010125
10003752	narrower	10003752.10010124.10010125.10010126
10003752	narrower	10003752.10010124.10010125.10010127
10003752	narrower	10003752.10010124.10010125.10010128
10003752	narrower	10003752.10010124.10010125.10010129
10003752	narrower	10003752.10010124.10010125.10010130
10003752	narrower	10003752.10010124.10010131
10003752	narrower	10003752.10010124.10010131.10010132
10003752	narrower	10003752.10010124.10010131.10010133
10003752	narrower	10003752.10010124.10010131.10010134
10003752	narrower	10003752.10010124.10010131.10010135
10003752	narrower	10003752.10010124.10010131.10010136
10003752	narrower	10003752.10010124.10010131.10010137
10003752	narrower	10003752.10010124.10010138
10003752	narrower	10003752.10010124.10010138.10010139
10003752	narrower	10003752.10010124.10010138.10010140
10003752	narrower	10003752.10010124.10010138.10010141
10003752	narrower	10003752.10010124.10010138.10010142
10003752	narrower	10003752.10010124.10010138.10010143
10003752	narrower	10003752.10010124.10010138.10010144
10003752	narrower	10003752.10010124.10010138.10010145
10003752	narrower	10003752.10010124.10010138.10011119
10003752.10003753	narrower	10003752.10003753.10003754.10003733
10003752.10003753	narrower	10003752.10003753.10003754.10003755
10003752.10003753	narrower	10003752.10003753.10003754.10003756
10003752.10003753	narrower	10003752.10003753.10003758.10003784
10003752.10003753	narrower	10003752.10003753.10003758.10010624
10003752.10003753	narrower	10003752.10003753.10003758.10010625
10003752.10003753	narrower	10003752.10003753.10003758.10010626
10003752.10003753	narrower	10003752.10003753.10003761.10003762
10003752.10003753	narrower	10003752.10003753.10003761.10003763
10003752.10003753	narrower	10003752.10003753.10003761.10003764
10003752.10003766	narrower	10003752.10003766.10003767.10003768
10003752.10003766	narrower	10003752.10003766.10003767.10003769
10003752.10003766	narrower	10003752.10003766.10003773.10003774
10003752.10003766	narrower	10003752.10003766.10003773.10003775
10003752.10003809	narrower	10003752.10003809.10003635.10003644
10003752.10003809	narrower	10003752.10003809.10003635.10010036
10003752.10003809	narrower	10003752.10003809.10003635.10010037
10003752.10003809	narrower	10003752.10003809.10003635.10010038
10003752.10003809	narrower	10003752.10003809.10003636.10003808
10003752.10003809	narrower	10003752.10003809.10003636.10003810
10003752.10003809	narrower	10003752.10003809.10003636.10003811
10003752.10003809	narrower	10003752.10003809.10003636.10003812
10003752.10003809	narrower	10003752.10003809.10003636.10003813
10003752.10003809	narrower	10003752.10003809.10003636.10003814
10003752.10003809	narrower	10003752.10003809.10003636.10003815
10003752.10003809	narrower	10003752.10003809.10003716.10011136
10003752.10003809	narrower	10003752.10003809.10003716.10011136.10011137
10003752.10003809	narrower	10003752.10003809.10003716.10011136.10011797
10003752.10003809	narrower	10003752.10003809.10003716.10011136.10011797.10011798
10003752.10003809	narrower	10003752.10003809.10003716.10011136.10011797.10011799
10003752.10003809	narrower	10003752.10003809.10003716.10011136.10011797.10011800
10003752.10003809	narrower	10003752.10003809.10003716.10011136.10011797.10011801
10003752.10003809	narrower	10003752.10003809.10003716.10011138
10003752.10003809	narrower	10003752.10003809.10003716.10011138.10010041
10003752.10003809	narrower	10003752.10003809.10003716.10011138.10010042
10003752.10003809	narrower	10003752.10003809.10003716.10011138.10010043
10003752.10003809	narrower	10003752.10003809.10003716.10011138.10010044
10003752.10003809	narrower	10003752.10003809.10003716.10011138.10010046
10003752.10003809	narrower	10003752.10003809.10003716.10011138.10011139
10003752.10003809	narrower	10003752.10003809.10003716.10011138.10011140
10003752.10003809	narrower	10003752.10003809.10003716.10011138.10011803
10003752.10003809	narrower	10003752.10003809.10003716.10011141
10003752.10003809	narrower	10003752.10003809.10003716.10011141.10010040
10003752.10003809	narrower	10003752.10003809.10003716.10011141.10010045
10003752.10003809	narrower	10003752.10003809.10003716.10011141.10011803
10003752.10003809	narrower	10003752.10003809.10003716.10011804
10003752.10003809	narrower	10003752.10003809.10003716.10011804.10011813
10003752.10003809	narrower	10003752.10003809.10003716.10011804.10011818
10003752.10003809	narrower	10003752.10003809.10010031.10002975
10003752.10003809	narrower	10003752.10003809.10010031.10010032
10003752.10003809	narrower	10003752.10003809.10010031.10010033
10003752.10003809	narrower	10003752.10003809.10010031.10010034
10003752.10003809	narrower	10003752.10003809.10010031.10010035
10003752.10003809	narrower	10003752.10003809.10010047.10010048
10003752.10003809	narrower	10003752.10003809.10010047.10010048.10003808
10003752.10003809	narrower	10003752.10003809.10010047.10010049
10003752.10003809	narrower	10003752.10003809.10010047.10010050
10003752.10003809	narrower	10003752.10003809.10010047.10010051
10003752.10003809	narrower	10003752.10003809.10010052.10010053
10003752.10003809	narrower	10003752.10003809.10010052.10010054
10003752.10003809	narrower	10003752.10003809.10010055.10010056
10003752.10003809	narrower	10003752.10003809.10010055.10010057
10003752.10003809	narrower	10003752.10003809.10010055.10010058
10003752.10003809	narrower	10003752.10003809.10010055.10010059
10003752.10003809	narrower	10003752.10003809.10010055.10010060
10003752.10003809	narrower	10003752.10003809.10010170.10003817
10003752.10003809	narrower	10003752.10003809.10010170.10003824
10003752.10003809	narrower	10003752.10003809.10010170.10010171
10003752.10003809	narrower	10003752.10003809.10010170.10010173
10003752.10003809	narrower	10003752.10003809.10010170.10010174
10003752.10003809	narrower	10003752.10003809.10010172.10003817
10003752.10003809	narrower	10003752.10003809.10010172.10003824
10003752.10003809	narrower	10003752.10003809.10011254.10011255
10003752.10003809	narrower	10003752.10003809.10011254.10011256
10003752.10003809	narrower	10003752.10003809.10011254.10011257
10003752.10003809	narrower	10003752.10003809.10011254.10011258
10003752.10003809	narrower	10003752.10003809.10011254.10011259
10003752.10003809.10003716	narrower	10003752.10003809.10003716.10011136.10011137
10003752.10003809.10003716	narrower	10003752.10003809.10003716.10011136.10011797
10003752.10003809.10003716	narrower	10003752.10003809.10003716.10011136.10011797.10011798
10003752.10003809.10003716	narrower	10003752.10003809.10003716.10011136.10011797.10011799
10003752.10003809.10003716	narrower	10003752.10003809.10003716.10011136.10011797.10011800
10003752.10003809.10003716	narrower	10003752.10003809.10003716.10011136.10011797.10011801
10003752.10003809.10003716	narrower	10003752.10003809.10003716.10011138.10010041
10003752.10003809.10003716	narrower	10003752.10003809.10003716.10011138.10010042
10003752.10003809.10003716	narrower	10003752.10003809.10003716.10011138.10010043
10003752.10003809.10003716	narrower	10003752.10003809.10003716.10011138.10010044
10003752.10003809.10003716	narrower	10003752.10003809.10003716.10011138.10010046
10003752.10003809.10003716	narrower	10003752.10003809.10003716.10011138.10011139
10003752.10003809.10003716	narrower	10003752.10003809.10003716.10011138.10011140
10003752.10003809.10003716	narrower	10003752.10003809.10003716.10011138.10011803
10003752.10003809.10003716	narrower	10003752.10003809.10003716.10011141.10010040
10003752.10003809.10003716	narrower	10003752.10003809.10003716.10011141.10010045
10003752.10003809.10003716	narrower	10003752.10003809.10003716.10011141.10011803
10003752.10003809.10003716	narrower	10003752.10003809.10003716.10011804.10011813
10003752.10003809.10003716	narrower	10003752.10003809.10003716.10011804.10011818
10003752.10003809.10003716.10011136	narrower	10003752.10003809.10003716.10011136.10011797.10011798
10003752.10003809.10003716.10011136	narrower	10003752.10003809.10003716.10011136.10011797.10011799
10003752.10003809.10003716.10011136	narrower	10003752.10003809.10003716.10011136.10011797.10011800
10003752.10003809.10003716.10011136	narrower	10003752.10003809.10003716.10011136.10011797.10011801
10003752.10003809.10010047	narrower	10003752.10003809.10010047.10010048.10003808
10003752.10010070	narrower	10003752.10010070.10010071.10010072
10003752.10010070	narrower	10003752.10010070.10010071.10010073
10003752.10010070	narrower	10003752.10010070.10010071.10010074
10003752.10010070	narrower	10003752.10010070.10010071.10010075
10003752.10010070	narrower	10003752.10010070.10010071.10010075.10010295
10003752.10010070	narrower	10003752.10010070.10010071.10010075.10010296
10003752.10010070	narrower	10003752.10010070.10010071.10010076
10003752.10010070	narrower	10003752.10010070.10010071.10010077
10003752.10010070	narrower	10003752.10010070.10010071.10010078
10003752.10010070	narrower	10003752.10010070.10010071.10010079
10003752.10010070	narrower	10003752.10010070.10010071.10010082
10003752.10010070	narrower	10003752.10010070.10010071.10010083
10003752.10010070	narrower	10003752.10010070.10010071.10010084
10003752.10010070	narrower	10003752.10010070.10010071.10010085
10003752.10010070	narrower	10003752.10010070.10010071.10010261
10003752.10010070	narrower	10003752.10010070.10010071.10010261.10010272
10003752.10010070	narrower	10003752.10010070.10010071.10010261.10010273
10003752.10010070	narrower	10003752.10010070.10010071.10010261.10010274
10003752.10010070	narrower	10003752.10010070.10010071.10010261.10010275
10003752.10010070	narrower	10003752.10010070.10010071.10010261.10010276
10003752.10010070	narrower	10003752.10010070.10010071.10010286
10003752.10010070	narrower	10003752.10010070.10010071.10010289
10003752.10010070	narrower	10003752.10010070.10010071.10010316
10003752.10010070	narrower	10003752.10010070.10010071.10011194
10003752.10010070	narrower	10003752.10010070.10010099.10003292
10003752.10010070	narrower	10003752.10010070.10010099.10010100
10003752.10010070	narrower	10003752.10010070.10010099.10010101
10003752.10010070	narrower	10003752.10010070.10010099.10010102
10003752.10010070	narrower	10003752.10010070.10010099.10010103
10003752.10010070	narrower	10003752.10010070.10010099.10010104
10003752.10010070	narrower	10003752.10010070.10010099.10010105
10003752.10010070	narrower	10003752.10010070.10010099.10010106
10003752.10010070	narrower	10003752.10010070.10010099.10010107
10003752.10010070	narrower	10003752.10010070.10010099.10010108
10003752.10010070	narrower	10003752.10010070.10010099.10010109
10003752.10010070	narrower	10003752.10010070.10010099.10010110
10003752.10010070	narrower	10003752.10010070.10010099.10011253
10003752.10010070	narrower	10003752.10010070.10010111.10003217
10003752.10010070	narrower	10003752.10010070.10010111.10003623
10003752.10010070	narrower	10003752.10010070.10010111.10010112
10003752.10010070	narrower	10003752.10010070.10010111.10010113
10003752.10010070	narrower	10003752.10010070.10010111.10010114
10003752.10010070	narrower	10003752.10010070.10010111.10011685
10003752.10010070	narrower	10003752.10010070.10010111.10011710
10003752.10010070	narrower	10003752.10010070.10010111.10011711
10003752.10010070	narrower	10003752.10010070.10010111.10011733
10003752.10010070	narrower	10003752.10010070.10010111.10011734
10003752.10010070	narrower	10003752.10010070.10010111.10011735
10003752.10010070	narrower	10003752.10010070.10010111.10011736
10003752.10010070.10010071	narrower	10003752.10010070.10010071.10010075.10010295
10003752.10010070.10010071	narrower	10003752.10010070.10010071.10010075.10010296
10003752.10010070.10010071	narrower	10003752.10010070.10010071.10010261.10010272
10003752.10010070.10010071	narrower	10003752.10010070.10010071.10010261.10010273
10003752.10010070.10010071	narrower	10003752.10010070.10010071.10010261.10010274
10003752.10010070.10010071	narrower	10003752.10010070.10010071.10010261.10010275
10003752.10010070.10010071	narrower	10003752.10010070.10010071.10010261.10010276
10003752.10010124	narrower	10003752.10010124.10010125.10010126
10003752.10010124	narrower	10003752.10010124.10010125.10010127
10003752.10010124	narrower	10003752.10010124.10010125.10010128
10003752.10010124	narrower	10003752.10010124.10010125.10010129
10003752.10010124	narrower	10003752.10010124.10010125.10010130
10003752.10010124	narrower	10003752.10010124.10010131.10010132
10003752.10010124	narrower	10003752.10010124.10010131.10010133
10003752.10010124	narrower	10003752.10010124.10010131.10010134
10003752.10010124	narrower	10003752.10010124.10010131.10010135
10003752.10010124	narrower	10003752.10010124.10010131.10010136
10003752.10010124	narrower	10003752.10010124.10010131.10010137
10003752.10010124	narrower	10003752.10010124.10010138.10010139
10003752.10010124	narrower	10003752.10010124.10010138.10010140
10003752.10010124	narrower	10003752.10010124.10010138.10010141
10003752.10010124	narrower	10003752.10010124.10010138.10010142
10003752.10010124	narrower	10003752.10010124.10010138.10010143
10003752.10010124	narrower	10003752.10010124.10010138.10010144
10003752.10010124	narrower	10003752.10010124.10010138.10010145
10003752.10010124	narrower	10003752.10010124.10010138.10011119
10010147	narrower	10010147.10010148.10010149
10010147	narrower	10010147.10010148.10010149.10003628
10010147	narrower	10010147.10010148.10010149.10010150
10010147	narrower	10010147.10010148.10010149.10010151
10010147	narrower	10010147.10010148.10010149.10010152
10010147	narrower	10010147.10010148.10010149.10010153
10010147	narrower	10010147.10010148.10010149.10010154
10010147	narrower	10010147.10010148.10010149.10010155
10010147	narrower	10010147.10010148.10010149.10010156
10010147	narrower	10010147.10010148.10010149.10010157
10010147	narrower	10010147.10010148.10010149.10010158
10010147	narrower	10010147.10010148.10010149.10010159
10010147	narrower	10010147.10010148.10010149.10010160
10010147	narrower	10010147.10010148.10010149.10010161
10010147	narrower	10010147.10010148.10010162
10010147	narrower	10010147.10010148.10010162.10010163
10010147	narrower	10010147.10010148.10010164
10010147	narrower	10010147.10010148.10010164.10010165
10010147	narrower	10010147.10010148.10010164.10010166
10010147	narrower	10010147.10010148.10010164.10010167
10010147	narrower	10010147.10010148.10010164.10010168
10010147	narrower	10010147.10010169.10010170
10010147	narrower	10010147.10010169.10010170.10003817
10010147	narrower	10010147.10010169.10010170.10003824
10010147	narrower	10010147.10010169.10010170.10010171
10010147	narrower	10010147.10010169.10010170.10010173
10010147	narrower	10010147.10010169.10010170.10010174
10010147	narrower	10010147.10010169.10010175
10010147	narrower	10010147.10010178.10010179
10010147	narrower	10010147.10010178.10010179.10003352
10010147	narrower	10010147.10010178.10010179.10010180
10010147	narrower	10010147.10010178.10010179.10010181
10010147	narrower	10010147.10010178.10010179.10010182
10010147	narrower	10010147.10010178.10010179.10010183
10010147	narrower	10010147.10010178.10010179.10010184
10010147	narrower	10010147.10010178.10010179.10010185
10010147	narrower	10010147.10010178.10010179.10010186
10010147	narrower	10010147.10010178.10010187
10010147	narrower	10010147.10010178.10010187.10003797
10010147	narrower	10010147.10010178.10010187.10010188
10010147	narrower	10010147.10010178.10010187.10010189
10010147	narrower	10010147.10010178.10010187.10010190
10010147	narrower	10010147.10010178.10010187.10010191
10010147	narrower	10010147.10010178.10010187.10010192
10010147	narrower	10010147.10010178.10010187.10010193
10010147	narrower	10010147.10010178.10010187.10010194
10010147	narrower	10010147.10010178.10010187.10010195
10010147	narrower	10010147.10010178.10010187.10010196
10010147	narrower	10010147.10010178.10010187.10010197
10010147	narrower	10010147.10010178.10010187.10010198
10010147	narrower	10010147.10010178.10010199
10010147	narrower	10010147.10010178.10010199.10010200
10010147	narrower	10010147.10010178.10010199.10010201
10010147	narrower	10010147.10010178.10010199.10010202
10010147	narrower	10010147.10010178.10010199.10010203
10010147	narrower	10010147.10010178.10010199.10010204
10010147	narrower	10010147.10010178.10010199.10010204.10011814
10010147	narrower	10010147.10010178.10010205
10010147	narrower	10010147.10010178.10010205.10010206
10010147	narrower	10010147.10010178.10010205.10010207
10010147	narrower	10010147.10010178.10010205.10010208
10010147	narrower	10010147.10010178.10010205.10010209
10010147	narrower	10010147.10010178.10010205.10010210
10010147	narrower	10010147.10010178.10010205.10010211
10010147	narrower	10010147.10010178.10010205.10010212
10010147	narrower	10010147.10010178.10010213
10010147	narrower	10010147.10010178.10010213.10010204
10010147	narrower	10010147.10010178.10010213.10010204.10011814
10010147	narrower	10010147.10010178.10010213.10010214
10010147	narrower	10010147.10010178.10010213.10010215
10010147	narrower	10010147.10010178.10010216
10010147	narrower	10010147.10010178.10010216.10010217
10010147	narrower	10010147.10010178.10010216.10010218
10010147	narrower	10010147.10010178.10010219
10010147	narrower	10010147.10010178.10010219.10010220
10010147	narrower	10010147.10010178.10010219.10010221
10010147	narrower	10010147.10010178.10010219.10010222
10010147	narrower	10010147.10010178.10010219.10010223
10010147	narrower	10010147.10010178.10010224
10010147	narrower	10010147.10010178.10010224.10010225
10010147	narrower	10010147.10010178.10010224.10010225.10003479
10010147	narrower	10010147.10010178.10010224.10010225.10010227
10010147	narrower	10010147.10010178.10010224.10010225.10010228
10010147	narrower	10010147.10010178.10010224.10010225.10010230
10010147	narrower	10010147.10010178.10010224.10010225.10010231
10010147	narrower	10010147.10010178.10010224.10010225.10010232
10010147	narrower	10010147.10010178.10010224.10010225.10010233
10010147	narrower	10010147.10010178.10010224.10010225.10011295
10010147	narrower	10010147.10010178.10010224.10010226
10010147	narrower	10010147.10010178.10010224.10010226.10010234
10010147	narrower	10010147.10010178.10010224.10010226.10010235
10010147	narrower	10010147.10010178.10010224.10010226.10010236
10010147	narrower	10010147.10010178.10010224.10010226.10010237
10010147	narrower	10010147.10010178.10010224.10010226.10010238
10010147	narrower	10010147.10010178.10010224.10010226.10010239
10010147	narrower	10010147.10010178.10010224.10010226.10010256
10010147	narrower	10010147.10010178.10010224.10010240
10010147	narrower	10010147.10010178.10010224.10010240.10010241
10010147	narrower	10010147.10010178.10010224.10010240.10010242
10010147	narrower	10010147.10010178.10010224.10010240.10010243
10010147	narrower	10010147.10010178.10010224.10010240.10010244
10010147	narrower	10010147.10010178.10010224.10010245
10010147	narrower	10010147.10010178.10010224.10010245.10010246
10010147	narrower	10010147.10010178.10010224.10010245.10010247
10010147	narrower	10010147.10010178.10010224.10010245.10010248
10010147	narrower	10010147.10010178.10010224.10010245.10010249
10010147	narrower	10010147.10010178.10010224.10010245.10010250
10010147	narrower	10010147.10010178.10010224.10010245.10010251
10010147	narrower	10010147.10010178.10010224.10010245.10010252
10010147	narrower	10010147.10010178.10010224.10010245.10010253
10010147	narrower	10010147.10010178.10010224.10010245.10010254
10010147	narrower	10010147.10010178.10010224.10010245.10010255
10010147	narrower	10010147.10010257.10010258
10010147	narrower	10010147.10010257.10010258.10010259
10010147	narrower	10010147.10010257.10010258.10010259.10003268
10010147	narrower	10010147.10010257.10010258.10010259.10003343
10010147	narrower	10010147.10010257.10010258.10010259.10010263
10010147	narrower	10010147.10010257.10010258.10010259.10010264
10010147	narrower	10010147.10010257.10010258.10010259.10010265
10010147	narrower	10010147.10010257.10010258.10010259.10010266
10010147	narrower	10010147.10010257.10010258.10010260
10010147	narrower	10010147.10010257.10010258.10010260.10003697
10010147	narrower	10010147.10010257.10010258.10010260.10010229
10010147	narrower	10010147.10010257.10010258.10010260.10010267
10010147	narrower	10010147.10010257.10010258.10010260.10010268
10010147	narrower	10010147.10010257.10010258.10010260.10010269
10010147	narrower	10010147.10010257.10010258.10010260.10010270
10010147	narrower	10010147.10010257.10010258.10010260.10010271
10010147	narrower	10010147.10010257.10010258.10010261
10010147	narrower	10010147.10010257.10010258.10010261.10010272
10010147	narrower	10010147.10010257.10010258.10010261.10010273
10010147	narrower	10010147.10010257.10010258.10010261.10010274
10010147	narrower	10010147.10010257.10010258.10010261.10010275
10010147	narrower	10010147.10010257.10010258.10010261.10010276
10010147	narrower	10010147.10010257.10010258.10010262
10010147	narrower	10010147.10010257.10010258.10010262.10010277
10010147	narrower	10010147.10010257.10010258.10010262.10010278
10010147	narrower	10010147.10010257.10010258.10010262.10010279
10010147	narrower	10010147.10010257.10010282
10010147	narrower	10010147.10010257.10010282.10010283
10010147	narrower	10010147.10010257.10010282.10010284
10010147	narrower	10010147.10010257.10010282.10010290
10010147	narrower	10010147.10010257.10010282.10010291
10010147	narrower	10010147.10010257.10010282.10010292
10010147	narrower	10010147.10010257.10010282.10011304
10010147	narrower	10010147.10010257.10010282.10011305
10010147	narrower	10010147.10010257.10010293
10010147	narrower	10010147.10010257.10010293.10003660
10010147	narrower	10010147.10010257.10010293.10010075
10010147	narrower	10010147.10010257.10010293.10010075.10010295
10010147	narrower	10010147.10010257.10010293.10010075.10010296
10010147	narrower	10010147.10010257.10010293.10010294
10010147	narrower	10010147.10010257.10010293.10010297
10010147	narrower	10010147.10010257.10010293.10010297.10010298
10010147	narrower	10010147.10010257.10010293.10010297.10010299
10010147	narrower	10010147.10010257.10010293.10010300
10010147	narrower	10010147.10010257.10010293.10010300.10010301
10010147	narrower	10010147.10010257.10010293.10010300.10010302
10010147	narrower	10010147.10010257.10010293.10010300.10010303
10010147	narrower	10010147.10010257.10010293.10010300.10010304
10010147	narrower	10010147.10010257.10010293.10010300.10010305
10010147	narrower	10010147.10010257.10010293.10010300.10010306
10010147	narrower	10010147.10010257.10010293.10010307
10010147	narrower	10010147.10010257.10010293.10010307.10010308
10010147	narrower	10010147.10010257.10010293.10010309
10010147	narrower	10010147.10010257.10010293.10010309.10010310
10010147	narrower	10010147.10010257.10010293.10010309.10010311
10010147	narrower	10010147.10010257.10010293.10010309.10010312
10010147	narrower	10010147.10010257.10010293.10010309.10010313
10010147	narrower	10010147.10010257.10010293.10010309.10011671
10010147	narrower	10010147.10010257.10010293.10010314
10010147	narrower	10010147.10010257.10010293.10010315
10010147	narrower	10010147.10010257.10010293.10010316
10010147	narrower	10010147.10010257.10010293.10010317
10010147	narrower	10010147.10010257.10010293.10010318
10010147	narrower	10010147.10010257.10010293.10010319
10010147	narrower	10010147.10010257.10010293.10010319.10010320
10010147	narrower	10010147.10010257.10010293.10011809
10010147	narrower	10010147.10010257.10010293.10011809.10011810
10010147	narrower	10010147.10010257.10010293.10011809.10011811
10010147	narrower	10010147.10010257.10010293.10011809.10011812
10010147	narrower	10010147.10010257.10010293.10011809.10011813
10010147	narrower	10010147.10010257.10010293.10011809.10011814
10010147	narrower	10010147.10010257.10010293.10011809.10011815
10010147	narrower	10010147.10010257.10010321
10010147	narrower	10010147.10010257.10010321.10010327
10010147	narrower	10010147.10010257.10010321.10010327.10010328
10010147	narrower	10010147.10010257.10010321.10010327.10010329
10010147	narrower	10010147.10010257.10010321.10010327.10010330
10010147	narrower	10010147.10010257.10010321.10010327.10010331
10010147	narrower	10010147.10010257.10010321.10010327.10010332
10010147	narrower	10010147.10010257.10010321.10010333
10010147	narrower	10010147.10010257.10010321.10010333.10010076
10010147	narrower	10010147.10010257.10010321.10010333.10010334
10010147	narrower	10010147.10010257.10010321.10010335
10010147	narrower	10010147.10010257.10010321.10010336
10010147	narrower	10010147.10010257.10010321.10010337
10010147	narrower	10010147.10010257.10010339
10010147	narrower	10010147.10010341.10010342
10010147	narrower	10010147.10010341.10010342.10010343
10010147	narrower	10010147.10010341.10010342.10010344
10010147	narrower	10010147.10010341.10010342.10010345
10010147	narrower	10010147.10010341.10010346
10010147	narrower	10010147.10010341.10010346.10010347
10010147	narrower	10010147.10010341.10010346.10010348
10010147	narrower	10010147.10010341.10010349
10010147	narrower	10010147.10010341.10010349.10010345
10010147	narrower	10010147.10010341.10010349.10010350
10010147	narrower	10010147.10010341.10010349.10010351
10010147	narrower	10010147.10010341.10010349.10010353
10010147	narrower	10010147.10010341.10010349.10010354
10010147	narrower	10010147.10010341.10010349.10010355
10010147	narrower	10010147.10010341.10010349.10010356
10010147	narrower	10010147.10010341.10010349.10010357
10010147	narrower	10010147.10010341.10010349.10010358
10010147	narrower	10010147.10010341.10010349.10010359
10010147	narrower	10010147.10010341.10010349.10010360
10010147	narrower	10010147.10010341.10010349.10010361
10010147	narrower	10010147.10010341.10010349.10010362
10010147	narrower	10010147.10010341.10010349.10010363
10010147	narrower	10010147.10010341.10010349.10010364
10010147	narrower	10010147.10010341.10010349.10010365
10010147	narrower	10010147.10010341.10010349.10011310
10010147	narrower	10010147.10010341.10010349.10011810
10010147	narrower	10010147.10010341.10010366
10010147	narrower	10010147.10010341.10010366.10010367
10010147	narrower	10010147.10010341.10010366.10010368
10010147	narrower	10010147.10010341.10010366.10010369
10010147	narrower	10010147.10010341.10010370
10010147	narrower	10010147.10010371.10010352
10010147	narrower	10010147.10010371.10010352.10010238
10010147	narrower	10010147.10010371.10010352.10010378
10010147	narrower	10010147.10010371.10010352.10010379
10010147	narrower	10010147.10010371.10010352.10010380
10010147	narrower	10010147.10010371.10010352.10010381
10010147	narrower	10010147.10010371.10010372
10010147	narrower	10010147.10010371.10010372.10010373
10010147	narrower	10010147.10010371.10010372.10010374
10010147	narrower	10010147.10010371.10010372.10010375
10010147	narrower	10010147.10010371.10010372.10010376
10010147	narrower	10010147.10010371.10010372.10010377
10010147	narrower	10010147.10010371.10010382
10010147	narrower	10010147.10010371.10010382.10010236
10010147	narrower	10010147.10010371.10010382.10010383
10010147	narrower	10010147.10010371.10010382.10010384
10010147	narrower	10010147.10010371.10010382.10010385
10010147	narrower	10010147.10010371.10010382.10010386
10010147	narrower	10010147.10010371.10010387
10010147	narrower	10010147.10010371.10010387.10010389
10010147	narrower	10010147.10010371.10010387.10010391
10010147	narrower	10010147.10010371.10010387.10010392
10010147	narrower	10010147.10010371.10010387.10010393
10010147	narrower	10010147.10010371.10010387.10010394
10010147	narrower	10010147.10010371.10010387.10010866
10010147	narrower	10010147.10010371.10010395
10010147	narrower	10010147.10010371.10010396
10010147	narrower	10010147.10010371.10010396.10010397
10010147	narrower	10010147.10010371.10010396.10010398
10010147	narrower	10010147.10010371.10010396.10010399
10010147	narrower	10010147.10010371.10010396.10010400
10010147	narrower	10010147.10010371.10010396.10010401
10010147	narrower	10010147.10010371.10010396.10010402
10010147	narrower	10010147.10010919.10010172
10010147	narrower	10010147.10010919.10010172.10003817
10010147	narrower	10010147.10010919.10010172.10003824
10010147	narrower	10010147.10010919.10010177
10010147	narrower	10010147.10011777.10011014
10010147	narrower	10010147.10011777.10011778
10010147.10010148	narrower	10010147.10010148.10010149.10003628
10010147.10010148	narrower	10010147.10010148.10010149.10010150
10010147.10010148	narrower	10010147.10010148.10010149.10010151
10010147.10010148	narrower	10010147.10010148.10010149.10010152
10010147.10010148	narrower	10010147.10010148.10010149.10010153
10010147.10010148	narrower	10010147.10010148.10010149.10010154
10010147.10010148	narrower	10010147.10010148.10010149.10010155
10010147.10010148	narrower	10010147.10010148.10010149.10010156
10010147.10010148	narrower	10010147.10010148.10010149.10010157
10010147.10010148	narrower	10010147.10010148.10010149.10010158
10010147.10010148	narrower	10010147.10010148.10010149.10010159
10010147.10010148	narrower	10010147.10010148.10010149.10010160
10010147.10010148	narrower	10010147.10010148.10010149.10010161
10010147.10010148	narrower	10010147.10010148.10010162.10010163
10010147.10010148	narrower	10010147.10010148.10010164.10010165
10010147.10010148	narrower	10010147.10010148.10010164.10010166
10010147.10010148	narrower	10010147.10010148.10010164.10010167
10010147.10010148	narrower	10010147.10010148.10010164.10010168
10010147.10010169	narrower	10010147.10010169.10010170.10003817
10010147.10010169	narrower	10010147.10010169.10010170.10003824
10010147.10010169	narrower	10010147.10010169.10010170.10010171
10010147.10010169	narrower	10010147.10010169.10010170.10010173
10010147.10010169	narrower	10010147.10010169.10010170.10010174
10010147.10010178	narrower	10010147.10010178.10010179.10003352
10010147.10010178	narrower	10010147.10010178.10010179.10010180
10010147.10010178	narrower	10010147.10010178.10010179.10010181
10010147.10010178	narrower	10010147.10010178.10010179.10010182
10010147.10010178	narrower	10010147.10010178.10010179.10010183
10010147.10010178	narrower	10010147.10010178.10010179.10010184
10010147.10010178	narrower	10010147.10010178.10010179.10010185
10010147.10010178	narrower	10010147.10010178.10010179.10010186
10010147.10010178	narrower	10010147.10010178.10010187.10003797
10010147.10010178	narrower	10010147.10010178.10010187.10010188
10010147.10010178	narrower	10010147.10010178.10010187.10010189
10010147.10010178	narrower	10010147.10010178.10010187.10010190
10010147.10010178	narrower	10010147.10010178.10010187.10010191
10010147.10010178	narrower	10010147.10010178.10010187.10010192
10010147.10010178	narrower	10010147.10010178.10010187.10010193
10010147.10010178	narrower	10010147.10010178.10010187.10010194
10010147.10010178	narrower	10010147.10010178.10010187.10010195
10010147.10010178	narrower	10010147.10010178.10010187.10010196
10010147.10010178	narrower	10010147.10010178.10010187.10010197
10010147.10010178	narrower	10010147.10010178.10010187.10010198
10010147.10010178	narrower	10010147.10010178.10010199.10010200
10010147.10010178	narrower	10010147.10010178.10010199.10010201
10010147.10010178	narrower	10010147.10010178.10010199.10010202
10010147.10010178	narrower	10010147.10010178.10010199.10010203
10010147.10010178	narrower	10010147.10010178.10010199.10010204
10010147.10010178	narrower	10010147.10010178.10010199.10010204.10011814
10010147.10010178	narrower	10010147.10010178.10010205.10010206
10010147.10010178	narrower	10010147.10010178.10010205.10010207
10010147.10010178	narrower	10010147.10010178.10010205.10010208
10010147.10010178	narrower	10010147.10010178.10010205.10010209
10010147.10010178	narrower	10010147.10010178.10010205.10010210
10010147.10010178	narrower	10010147.10010178.10010205.10010211
10010147.10010178	narrower	10010147.10010178.10010205.10010212
10010147.10010178	narrower	10010147.10010178.10010213.10010204
10010147.10010178	narrower	10010147.10010178.10010213.10010204.10011814
10010147.10010178	narrower	10010147.10010178.10010213.10010214
10010147.10010178	narrower	10010147.10010178.10010213.10010215
10010147.10010178	narrower	10010147.10010178.10010216.10010217
10010147.10010178	narrower	10010147.10010178.10010216.10010218
10010147.10010178	narrower	10010147.10010178.10010219.10010220
10010147.10010178	narrower	10010147.10010178.10010219.10010221
10010147.10010178	narrower	10010147.10010178.10010219.10010222
10010147.10010178	narrower	10010147.10010178.10010219.10010223
10010147.10010178	narrower	10010147.10010178.10010224.10010225
10010147.10010178	narrower	10010147.10010178.10010224.10010225.10003479
10010147.10010178	narrower	10010147.10010178.10010224.10010225.10010227
10010147.10010178	narrower	10010147.10010178.10010224.10010225.10010228
10010147.10010178	narrower	10010147.10010178.10010224.10010225.10010230
10010147.10010178	narrower	10010147.10010178.10010224.10010225.10010231
10010147.10010178	narrower	10010147.10010178.10010224.10010225.10010232
10010147.10010178	narrower	10010147.10010178.10010224.10010225.10010233
10010147.10010178	narrower	10010147.10010178.10010224.10010225.10011295
10010147.10010178	narrower	10010147.10010178.10010224.10010226
10010147.10010178	narrower	10010147.10010178.10010224.10010226.10010234
10010147.10010178	narrower	10010147.10010178.10010224.10010226.10010235
10010147.10010178	narrower	10010147.10010178.10010224.10010226.10010236
10010147.10010178	narrower	10010147.10010178.10010224.10010226.10010237
10010147.10010178	narrower	10010147.10010178.10010224.10010226.10010238
10010147.10010178	narrower	10010147.10010178.10010224.10010226.10010239
10010147.10010178	narrower	10010147.10010178.10010224.10010226.10010256
10010147.10010178	narrower	10010147.10010178.10010224.10010240
10010147.10010178	narrower	10010147.10010178.10010224.10010240.10010241
10010147.10010178	narrower	10010147.10010178.10010224.10010240.10010242
10010147.10010178	narrower	10010147.10010178.10010224.10010240.10010243
10010147.10010178	narrower	10010147.10010178.10010224.10010240.10010244
10010147.10010178	narrower	10010147.10010178.10010224.10010245
10010147.10010178	narrower	10010147.10010178.10010224.10010245.10010246
10010147.10010178	narrower	10010147.10010178.10010224.10010245.10010247
10010147.10010178	narrower	10010147.10010178.10010224.10010245.10010248
10010147.10010178	narrower	10010147.10010178.10010224.10010245.10010249
10010147.10010178	narrower	10010147.10010178.10010224.10010245.10010250
10010147.10010178	narrower	10010147.10010178.10010224.10010245.10010251
10010147.10010178	narrower	10010147.10010178.10010224.10010245.10010252
10010147.10010178	narrower	10010147.10010178.10010224.10010245.10010253
10010147.10010178	narrower	10010147.10010178.10010224.10010245.10010254
10010147.10010178	narrower	10010147.10010178.10010224.10010245.10010255
10010147.10010178.10010199	narrower	10010147.10010178.10010199.10010204.10011814
10010147.10010178.10010213	narrower	10010147.10010178.10010213.10010204.10011814
10010147.10010178.10010224	narrower	10010147.10010178.10010224.10010225.10003479
10010147.10010178.10010224	narrower	10010147.10010178.10010224.10010225.10010227
10010147.10010178.10010224	narrower	10010147.10010178.10010224.10010225.10010228
10010147.10010178.10010224	narrower	10010147.10010178.10010224.10010225.10010230
10010147.10010178.10010224	narrower	10010147.10010178.10010224.10010225.10010231
10010147.10010178.10010224	narrower	10010147.10010178.10010224.10010225.10010232
10010147.10010178.10010224	narrower	10010147.10010178.10010224.10010225.10010233
10010147.10010178.10010224	narrower	10010147.10010178.10010224.10010225.10011295
10010147.10010178.10010224	narrower	10010147.10010178.10010224.10010226.10010234
10010147.10010178.10010224	narrower	10010147.10010178.10010224.10010226.10010235
10010147.10010178.10010224	narrower	10010147.10010178.10010224.10010226.10010236
10010147.10010178.10010224	narrower	10010147.10010178.10010224.10010226.10010237
10010147.10010178.10010224	narrower	10010147.10010178.10010224.10010226.10010238
10010147.10010178.10010224	narrower	10010147.10010178.10010224.10010226.10010239
10010147.10010178.10010224	narrower	10010147.10010178.10010224.10010226.10010256
10010147.10010178.10010224	narrower	10010147.10010178.10010224.10010240.10010241
10010147.10010178.10010224	narrower	10010147.10010178.10010224.10010240.10010242
10010147.10010178.10010224	narrower	10010147.10010178.10010224.10010240.10010243
10010147.10010178.10010224	narrower	10010147.10010178.10010224.10010240.10010244
10010147.10010178.10010224	narrower	10010147.10010178.10010224.10010245.10010246
10010147.10010178.10010224	narrower	10010147.10010178.10010224.10010245.10010247
10010147.10010178.10010224	narrower	10010147.10010178.10010224.10010245.10010248
10010147.10010178.10010224	narrower	10010147.10010178.10010224.10010245.10010249
10010147.10010178.10010224	narrower	10010147.10010178.10010224.10010245.10010250
10010147.10010178.10010224	narrower	10010147.10010178.10010224.10010245.10010251
10010147.10010178.10010224	narrower	10010147.10010178.10010224.10010245.10010252
10010147.10010178.10010224	narrower	10010147.10010178.10010224.10010245.10010253
10010147.10010178.10010224	narrower	10010147.10010178.10010224.10010245.10010254
10010147.10010178.10010224	narrower	10010147.10010178.10010224.10010245.10010255
10010147.10010257	narrower	10010147.10010257.10010258.10010259
10010147.10010257	narrower	10010147.10010257.10010258.10010259.10003268
10010147.10010257	narrower	10010147.10010257.10010258.10010259.10003343
10010147.10010257	narrower	10010147.10010257.10010258.10010259.10010263
10010147.10010257	narrower	10010147.10010257.10010258.10010259.10010264
10010147.10010257	narrower	10010147.10010257.10010258.10010259.10010265
10010147.10010257	narrower	10010147.10010257.10010258.10010259.10010266
10010147.10010257	narrower	10010147.10010257.10010258.10010260
10010147.10010257	narrower	10010147.10010257.10010258.10010260.10003697
10010147.10010257	narrower	10010147.10010257.10010258.10010260.10010229
10010147.10010257	narrower	10010147.10010257.10010258.10010260.10010267
10010147.10010257	narrower	10010147.10010257.10010258.10010260.10010268
10010147.10010257	narrower	10010147.10010257.10010258.10010260.10010269
10010147.10010257	narrower	10010147.10010257.10010258.10010260.10010270
10010147.10010257	narrower	10010147.10010257.10010258.10010260.10010271
10010147.10010257	narrower	10010147.10010257.10010258.10010261
10010147.10010257	narrower	10010147.10010257.10010258.10010261.10010272
10010147.10010257	narrower	10010147.10010257.10010258.10010261.10010273
10010147.10010257	narrower	10010147.10010257.10010258.10010261.10010274
10010147.10010257	narrower	10010147.10010257.10010258.10010261.10010275
10010147.10010257	narrower	10010147.10010257.10010258.10010261.10010276
10010147.10010257	narrower	10010147.10010257.10010258.10010262
10010147.10010257	narrower	10010147.10010257.10010258.10010262.10010277
10010147.10010257	narrower	10010147.10010257.10010258.10010262.10010278
10010147.10010257	narrower	10010147.10010257.10010258.10010262.10010279
10010147.10010257	narrower	10010147.10010257.10010282.10010283
10010147.10010257	narrower	10010147.10010257.10010282.10010284
10010147.10010257	narrower	10010147.10010257.10010282.10010290
10010147.10010257	narrower	10010147.10010257.10010282.10010291
10010147.10010257	narrower	10010147.10010257.10010282.10010292
10010147.10010257	narrower	10010147.10010257.10010282.10011304
10010147.10010257	narrower	10010147.10010257.10010282.10011305
10010147.10010257	narrower	10010147.10010257.10010293.10003660
10010147.10010257	narrower	10010147.10010257.10010293.10010075
10010147.10010257	narrower	10010147.10010257.10010293.10010075.10010295
10010147.10010257	narrower	10010147.10010257.10010293.10010075.10010296
10010147.10010257	narrower	10010147.10010257.10010293.10010294
10010147.10010257	narrower	10010147.10010257.10010293.10010297
10010147.10010257	narrower	10010147.10010257.10010293.10010297.10010298
10010147.10010257	narrower	10010147.10010257.10010293.10010297.10010299
10010147.10010257	narrower	10010147.10010257.10010293.10010300
10010147.10010257	narrower	10010147.10010257.10010293.10010300.10010301
10010147.10010257	narrower	10010147.10010257.10010293.10010300.10010302
10010147.10010257	narrower	10010147.10010257.10010293.10010300.10010303
10010147.10010257	narrower	10010147.10010257.10010293.10010300.10010304
10010147.10010257	narrower	10010147.10010257.10010293.10010300.10010305
10010147.10010257	narrower	10010147.10010257.10010293.10010300.10010306
10010147.10010257	narrower	10010147.10010257.10010293.10010307
10010147.10010257	narrower	10010147.10010257.10010293.10010307.10010308
10010147.10010257	narrower	10010147.10010257.10010293.10010309
10010147.10010257	narrower	10010147.10010257.10010293.10010309.10010310
10010147.10010257	narrower	10010147.10010257.10010293.10010309.10010311
10010147.10010257	narrower	10010147.10010257.10010293.10010309.10010312
10010147.10010257	narrower	10010147.10010257.10010293.10010309.10010313
10010147.10010257	narrower	10010147.10010257.10010293.10010309.10011671
10010147.10010257	narrower	10010147.10010257.10010293.10010314
10010147.10010257	narrower	10010147.10010257.10010293.10010315
10010147.10010257	narrower	10010147.10010257.10010293.10010316
10010147.10010257	narrower	10010147.10010257.10010293.10010317
10010147.10010257	narrower	10010147.10010257.10010293.10010318
10010147.10010257	narrower	10010147.10010257.10010293.10010319
10010147.10010257	narrower	10010147.10010257.10010293.10010319.10010320
10010147.10010257	narrower	10010147.10010257.10010293.10011809
10010147.10010257	narrower	10010147.10010257.10010293.10011809.10011810
10010147.10010257	narrower	10010147.10010257.10010293.10011809.10011811
10010147.10010257	narrower	10010147.10010257.10010293.10011809.10011812
10010147.10010257	narrower	10010147.10010257.10010293.10011809.10011813
10010147.10010257	narrower	10010147.10010257.10010293.10011809.10011814
10010147.10010257	narrower	10010147.10010257.10010293.10011809.10011815
10010147.10010257	narrower	10010147.10010257.10010321.10010327
10010147.10010257	narrower	10010147.10010257.10010321.10010327.10010328
10010147.10010257	narrower	10010147.10010257.10010321.10010327.10010329
10010147.10010257	narrower	10010147.10010257.10010321.10010327.10010330
10010147.10010257	narrower	10010147.10010257.10010321.10010327.10010331
10010147.10010257	narrower	10010147.10010257.10010321.10010327.10010332
10010147.10010257	narrower	10010147.10010257.10010321.10010333
10010147.10010257	narrower	10010147.10010257.10010321.10010333.10010076
10010147.10010257	narrower	10010147.10010257.10010321.10010333.10010334
10010147.10010257	narrower	10010147.10010257.10010321.10010335
10010147.10010257	narrower	10010147.10010257.10010321.10010336
10010147.10010257	narrower	10010147.10010257.10010321.10010337
10010147.10010257.10010258	narrower	10010147.10010257.10010258.10010259.10003268
10010147.10010257.10010258	narrower	10010147.10010257.10010258.10010259.10003343
10010147.10010257.10010258	narrower	10010147.10010257.10010258.10010259.10010263
10010147.10010257.10010258	narrower	10010147.10010257.10010258.10010259.10010264
10010147.10010257.10010258	narrower	10010147.10010257.10010258.10010259.10010265
10010147.10010257.10010258	narrower	10010147.10010257.10010258.10010259.10010266
10010147.10010257.10010258	narrower	10010147.10010257.10010258.10010260.10003697
10010147.10010257.10010258	narrower	10010147.10010257.10010258.10010260.10010229
10010147.10010257.10010258	narrower	10010147.10010257.10010258.10010260.10010267
10010147.10010257.10010258	narrower	10010147.10010257.10010258.10010260.10010268
10010147.10010257.10010258	narrower	10010147.10010257.10010258.10010260.10010269
10010147.10010257.10010258	narrower	10010147.10010257.10010258.10010260.10010270
10010147.10010257.10010258	narrower	10010147.10010257.10010258.10010260.10010271
10010147.10010257.10010258	narrower	10010147.10010257.10010258.10010261.10010272
10010147.10010257.10010258	narrower	10010147.10010257.10010258.10010261.10010273
10010147.10010257.10010258	narrower	10010147.10010257.10010258.10010261.10010274
10010147.10010257.10010258	narrower	10010147.10010257.10010258.10010261.10010275
10010147.10010257.10010258	narrower	10010147.10010257.10010258.10010261.10010276
10010147.10010257.10010258	narrower	10010147.10010257.10010258.10010262.10010277
10010147.10010257.10010258	narrower	10010147.10010257.10010258.10010262.10010278
10010147.10010257.10010258	narrower	10010147.10010257.10010258.10010262.10010279
10010147.10010257.10010293	narrower	10010147.10010257.10010293.10010075.10010295
10010147.10010257.10010293	narrower	10010147.10010257.10010293.10010075.10010296
10010147.10010257.10010293	narrower	10010147.10010257.10010293.10010297.10010298
10010147.10010257.10010293	narrower	10010147.10010257.10010293.10010297.10010299
10010147.10010257.10010293	narrower	10010147.10010257.10010293.10010300.10010301
10010147.10010257.10010293	narrower	10010147.10010257.10010293.10010300.10010302
10010147.10010257.10010293	narrower	10010147.10010257.10010293.10010300.10010303
10010147.10010257.10010293	narrower	10010147.10010257.10010293.10010300.10010304
10010147.10010257.10010293	narrower	10010147.10010257.10010293.10010300.10010305
10010147.10010257.10010293	narrower	10010147.10010257.10010293.10010300.10010306
10010147.10010257.10010293	narrower	10010147.10010257.10010293.10010307.10010308
10010147.10010257.10010293	narrower	10010147.10010257.10010293.10010309.10010310
10010147.10010257.10010293	narrower	10010147.10010257.10010293.10010309.10010311
10010147.10010257.10010293	narrower	10010147.10010257.10010293.10010309.10010312
10010147.10010257.10010293	narrower	10010147.10010257.10010293.10010309.10010313
10010147.10010257.10010293	narrower	10010147.10010257.10010293.10010309.10011671
10010147.10010257.10010293	narrower	10010147.10010257.10010293.10010319.10010320
10010147.10010257.10010293	narrower	10010147.10010257.10010293.10011809.10011810
10010147.10010257.10010293	narrower	10010147.10010257.10010293.10011809.10011811
10010147.10010257.10010293	narrower	10010147.10010257.10010293.10011809.10011812
10010147.10010257.10010293	narrower	10010147.10010257.10010293.10011809.10011813
10010147.10010257.10010293	narrower	10010147.10010257.10010293.10011809.10011814
10010147.10010257.10010293	narrower	10010147.10010257.10010293.10011809.10011815
10010147.10010257.10010321	narrower	10010147.10010257.10010321.10010327.10010328
10010147.10010257.10010321	narrower	10010147.10010257.10010321.10010327.10010329
10010147.10010257.10010321	narrower	10010147.10010257.10010321.10010327.10010330
10010147.10010257.10010321	narrower	10010147.10010257.10010321.10010327.10010331
10010147.10010257.10010321	narrower	10010147.10010257.10010321.10010327.10010332
10010147.10010257.10010321	narrower	10010147.10010257.10010321.10010333.10010076
10010147.10010257.10010321	narrower	10010147.10010257.10010321.10010333.10010334
10010147.10010341	narrower	10010147.10010341.10010342.10010343
10010147.10010341	narrower	10010147.10010341.10010342.10010344
10010147.10010341	narrower	10010147.10010341.10010342.10010345
10010147.10010341	narrower	10010147.10010341.10010346.10010347
10010147.10010341	narrower	10010147.10010341.10010346.10010348
10010147.10010341	narrower	10010147.10010341.10010349.10010345
10010147.10010341	narrower	10010147.10010341.10010349.10010350
10010147.10010341	narrower	10010147.10010341.10010349.10010351
10010147.10010341	narrower	10010147.10010341.10010349.10010353
10010147.10010341	narrower	10010147.10010341.10010349.10010354
10010147.10010341	narrower	10010147.10010341.10010349.10010355
10010147.10010341	narrower	10010147.10010341.10010349.10010356
10010147.10010341	narrower	10010147.10010341.10010349.10010357
10010147.10010341	narrower	10010147.10010341.10010349.10010358
10010147.10010341	narrower	10010147.10010341.10010349.10010359
10010147.10010341	narrower	10010147.10010341.10010349.10010360
10010147.10010341	narrower	10010147.10010341.10010349.10010361
10010147.10010341	narrower	10010147.10010341.10010349.10010362
10010147.10010341	narrower	10010147.10010341.10010349.10010363
10010147.10010341	narrower	10010147.10010341.10010349.10010364
10010147.10010341	narrower	10010147.10010341.10010349.10010365
10010147.10010341	narrower	10010147.10010341.10010349.10011310
10010147.10010341	narrower	10010147.10010341.10010349.10011810
10010147.10010341	narrower	10010147.10010341.10010366.10010367
10010147.10010341	narrower	10010147.10010341.10010366.10010368
10010147.10010341	narrower	10010147.10010341.10010366.10010369
10010147.10010371	narrower	10010147.10010371.10010352.10010238
10010147.10010371	narrower	10010147.10010371.10010352.10010378
10010147.10010371	narrower	10010147.10010371.10010352.10010379
10010147.10010371	narrower	10010147.10010371.10010352.10010380
10010147.10010371	narrower	10010147.10010371.10010352.10010381
10010147.10010371	narrower	10010147.10010371.10010372.10010373
10010147.10010371	narrower	10010147.10010371.10010372.10010374
10010147.10010371	narrower	10010147.10010371.10010372.10010375
10010147.10010371	narrower	10010147.10010371.10010372.10010376
10010147.10010371	narrower	10010147.10010371.10010372.10010377
10010147.10010371	narrower	10010147.10010371.10010382.10010236
10010147.10010371	narrower	10010147.10010371.10010382.10010383
10010147.10010371	narrower	10010147.10010371.10010382.10010384
10010147.10010371	narrower	10010147.10010371.10010382.10010385
10010147.10010371	narrower	10010147.10010371.10010382.10010386
10010147.10010371	narrower	10010147.10010371.10010387.10010389
10010147.10010371	narrower	10010147.10010371.10010387.10010391
10010147.10010371	narrower	10010147.10010371.10010387.10010392
10010147.10010371	narrower	10010147.10010371.10010387.10010393
10010147.10010371	narrower	10010147.10010371.10010387.10010394
10010147.10010371	narrower	10010147.10010371.10010387.10010866
10010147.10010371	narrower	10010147.10010371.10010396.10010397
10010147.10010371	narrower	10010147.10010371.10010396.10010398
10010147.10010371	narrower	10010147.10010371.10010396.10010399
10010147.10010371	narrower	10010147.10010371.10010396.10010400
10010147.10010371	narrower	10010147.10010371.10010396.10010401
10010147.10010371	narrower	10010147.10010371.10010396.10010402
10010147.10010919	narrower	10010147.10010919.10010172.10003817
10010147.10010919	narrower	10010147.10010919.10010172.10003824
10010405	narrower	10010405.10003550.10003551
10010405	narrower	10010405.10003550.10003552
10010405	narrower	10010405.10003550.10003553
10010405	narrower	10010405.10003550.10003554
10010405	narrower	10010405.10003550.10003555
10010405	narrower	10010405.10003550.10003556
10010405	narrower	10010405.10003550.10003557
10010405	narrower	10010405.10003550.10003596
10010405	narrower	10010405.10010406.10003228
10010405	narrower	10010405.10010406.10003228.10003229
10010405	narrower	10010405.10010406.10003228.10003230
10010405	narrower	10010405.10010406.10003228.10003232
10010405	narrower	10010405.10010406.10003228.10003442
10010405	narrower	10010405.10010406.10003228.10010925
10010405	narrower	10010405.10010406.10010412
10010405	narrower	10010405.10010406.10010412.10010413
10010405	narrower	10010405.10010406.10010412.10010414
10010405	narrower	10010405.10010406.10010412.10010415
10010405	narrower	10010405.10010406.10010412.10010416
10010405	narrower	10010405.10010406.10010412.10011712
10010405	narrower	10010405.10010406.10010417
10010405	narrower	10010405.10010406.10010417.10010418
10010405	narrower	10010405.10010406.10010417.10010419
10010405	narrower	10010405.10010406.10010417.10010420
10010405	narrower	10010405.10010406.10010421
10010405	narrower	10010405.10010406.10010422
10010405	narrower	10010405.10010406.10010423
10010405	narrower	10010405.10010406.10010424
10010405	narrower	10010405.10010406.10010425
10010405	narrower	10010405.10010406.10010426
10010405	narrower	10010405.10010406.10010427
10010405	narrower	10010405.10010406.10010428
10010405	narrower	10010405.10010406.10010429
10010405	narrower	10010405.10010406.10010430
10010405	narrower	10010405.10010406.10010431
10010405	narrower	10010405.10010406.10011731
10010405	narrower	10010405.10010406.10011731.10010411
10010405	narrower	10010405.10010406.10011731.10011732
10010405	narrower	10010405.10010432.10010433
10010405	narrower	10010405.10010432.10010433.10010989
10010405	narrower	10010405.10010432.10010434
10010405	narrower	10010405.10010432.10010435
10010405	narrower	10010405.10010432.10010436
10010405	narrower	10010405.10010432.10010437
10010405	narrower	10010405.10010432.10010437.10010438
10010405	narrower	10010405.10010432.10010439
10010405	narrower	10010405.10010432.10010439.10010440
10010405	narrower	10010405.10010432.10010441
10010405	narrower	10010405.10010432.10010442
10010405	narrower	10010405.10010432.10010443
10010405	narrower	10010405.10010432.10010443.10010989
10010405	narrower	10010405.10010432.10010988
10010405	narrower	10010405.10010432.10010988.10011581
10010405	narrower	10010405.10010444.10010087
10010405	narrower	10010405.10010444.10010087.10010086
10010405	narrower	10010405.10010444.10010087.10010088
10010405	narrower	10010405.10010444.10010087.10010089
10010405	narrower	10010405.10010444.10010087.10010090
10010405	narrower	10010405.10010444.10010087.10010091
10010405	narrower	10010405.10010444.10010087.10010092
10010405	narrower	10010405.10010444.10010087.10010096
10010405	narrower	10010405.10010444.10010087.10010097
10010405	narrower	10010405.10010444.10010087.10010098
10010405	narrower	10010405.10010444.10010087.10010934
10010405	narrower	10010405.10010444.10010093
10010405	narrower	10010405.10010444.10010093.10010934
10010405	narrower	10010405.10010444.10010095
10010405	narrower	10010405.10010444.10010446
10010405	narrower	10010405.10010444.10010447
10010405	narrower	10010405.10010444.10010449
10010405	narrower	10010405.10010444.10010450
10010405	narrower	10010405.10010444.10010452
10010405	narrower	10010405.10010444.10010935
10010405	narrower	10010405.10010444.10010935.10010094
10010405	narrower	10010405.10010444.10010935.10010451
10010405	narrower	10010405.10010444.10010935.10010451.10010097
10010405	narrower	10010405.10010444.10010935.10010454
10010405	narrower	10010405.10010455.10010456
10010405	narrower	10010405.10010455.10010456.10010457
10010405	narrower	10010405.10010455.10010458
10010405	narrower	10010405.10010455.10010459
10010405	narrower	10010405.10010455.10010460
10010405	narrower	10010405.10010455.10010461
10010405	narrower	10010405.10010462.10010463
10010405	narrower	10010405.10010462.10010464
10010405	narrower	10010405.10010462.10010465
10010405	narrower	10010405.10010462.10010466
10010405	narrower	10010405.10010462.10010467
10010405	narrower	10010405.10010462.10010468
10010405	narrower	10010405.10010469.10010470
10010405	narrower	10010405.10010469.10010471
10010405	narrower	10010405.10010469.10010472
10010405	narrower	10010405.10010469.10010472.10010440
10010405	narrower	10010405.10010469.10010473
10010405	narrower	10010405.10010469.10010474
10010405	narrower	10010405.10010469.10010475
10010405	narrower	10010405.10010476.10003392
10010405	narrower	10010405.10010476.10010477
10010405	narrower	10010405.10010476.10010478
10010405	narrower	10010405.10010476.10010478.10003600
10010405	narrower	10010405.10010476.10010479
10010405	narrower	10010405.10010476.10010480
10010405	narrower	10010405.10010476.10010936
10010405	narrower	10010405.10010476.10010936.10003590
10010405	narrower	10010405.10010476.10010936.10010938
10010405	narrower	10010405.10010476.10011187
10010405	narrower	10010405.10010476.10011187.10011188
10010405	narrower	10010405.10010476.10011187.10011189
10010405	narrower	10010405.10010476.10011187.10011190
10010405	narrower	10010405.10010476.10011187.10011191
10010405	narrower	10010405.10010481.10003558
10010405	narrower	10010405.10010481.10010482
10010405	narrower	10010405.10010481.10010482.10003259
10010405	narrower	10010405.10010481.10010482.10010486
10010405	narrower	10010405.10010481.10010483
10010405	narrower	10010405.10010481.10010484
10010405	narrower	10010405.10010481.10010484.10011817
10010405	narrower	10010405.10010481.10010485
10010405	narrower	10010405.10010481.10010487
10010405	narrower	10010405.10010481.10010488
10010405	narrower	10010405.10010489.10003392
10010405	narrower	10010405.10010489.10010490
10010405	narrower	10010405.10010489.10010491
10010405	narrower	10010405.10010489.10010492
10010405	narrower	10010405.10010489.10010493
10010405	narrower	10010405.10010489.10010494
10010405	narrower	10010405.10010489.10010495
10010405	narrower	10010405.10010489.10010496
10010405	narrower	10010405.10010497.10010498
10010405	narrower	10010405.10010497.10010500
10010405	narrower	10010405.10010497.10010500.10010501
10010405	narrower	10010405.10010497.10010500.10010502
10010405	narrower	10010405.10010497.10010500.10010503
10010405	narrower	10010405.10010497.10010504
10010405	narrower	10010405.10010497.10010504.10010505
10010405	narrower	10010405.10010497.10010504.10010506
10010405	narrower	10010405.10010497.10010504.10010507
10010405	narrower	10010405.10010497.10010504.10010508
10010405	narrower	10010405.10010497.10010504.10010509
10010405	narrower	10010405.10010497.10010510
10010405	narrower	10010405.10010497.10010510.10010512
10010405	narrower	10010405.10010497.10010510.10010512.10003310
10010405	narrower	10010405.10010497.10010510.10010512.10011143
10010405	narrower	10010405.10010497.10010510.10010513
10010405	narrower	10010405.10010497.10010510.10010514
10010405	narrower	10010405.10010497.10010510.10010515
10010405	narrower	10010405.10010497.10010510.10010516
10010405	narrower	10010405.10010497.10010510.10010920
10010405	narrower	10010405.10010497.10010510.10011689
10010405.10010406	narrower	10010405.10010406.10003228.10003229
10010405.10010406	narrower	10010405.10010406.10003228.10003230
10010405.10010406	narrower	10010405.10010406.10003228.10003232
10010405.10010406	narrower	10010405.10010406.10003228.10003442
10010405.10010406	narrower	10010405.10010406.10003228.10010925
10010405.10010406	narrower	10010405.10010406.10010412.10010413
10010405.10010406	narrower	10010405.10010406.10010412.10010414
10010405.10010406	narrower	10010405.10010406.10010412.10010415
10010405.10010406	narrower	10010405.10010406.10010412.10010416
10010405.10010406	narrower	10010405.10010406.10010412.10011712
10010405.10010406	narrower	10010405.10010406.10010417.10010418
10010405.10010406	narrower	10010405.10010406.10010417.10010419
10010405.10010406	narrower	10010405.10010406.10010417.10010420
10010405.10010406	narrower	10010405.10010406.10011731.10010411
10010405.10010406	narrower	10010405.10010406.10011731.10011732
10010405.10010432	narrower	10010405.10010432.10010433.10010989
10010405.10010432	narrower	10010405.10010432.10010437.10010438
10010405.10010432	narrower	10010405.10010432.10010439.10010440
10010405.10010432	narrower	10010405.10010432.10010443.10010989
10010405.10010432	narrower	10010405.10010432.10010988.10011581
10010405.10010444	narrower	10010405.10010444.10010087.10010086
10010405.10010444	narrower	10010405.10010444.10010087.10010088
10010405.10010444	narrower	10010405.10010444.10010087.10010089
10010405.10010444	narrower	10010405.10010444.10010087.10010090
10010405.10010444	narrower	10010405.10010444.10010087.10010091
10010405.10010444	narrower	10010405.10010444.10010087.10010092
10010405.10010444	narrower	10010405.10010444.10010087.10010096
10010405.10010444	narrower	10010405.10010444.10010087.10010097
10010405.10010444	narrower	10010405.10010444.10010087.10010098
10010405.10010444	narrower	10010405.10010444.10010087.10010934
10010405.10010444	narrower	10010405.10010444.10010093.10010934
10010405.10010444	narrower	10010405.10010444.10010935.10010094
10010405.10010444	narrower	10010405.10010444.10010935.10010451
10010405.10010444	narrower	10010405.10010444.10010935.10010451.10010097
10010405.10010444	narrower	10010405.10010444.10010935.10010454
10010405.10010444.10010935	narrower	10010405.10010444.10010935.10010451.10010097
10010405.10010455	narrower	10010405.10010455.10010456.10010457
10010405.10010469	narrower	10010405.10010469.10010472.10010440
10010405.10010476	narrower	10010405.10010476.10010478.10003600
10010405.10010476	narrower	10010405.10010476.10010936.10003590
10010405.10010476	narrower	10010405.10010476.10010936.10010938
10010405.10010476	narrower	10010405.10010476.10011187.10011188
10010405.10010476	narrower	10010405.10010476.10011187.10011189
10010405.10010476	narrower	10010405.10010476.10011187.10011190
10010405.10010476	narrower	10010405.10010476.10011187.10011191
10010405.10010481	narrower	10010405.10010481.10010482.10003259
10010405.10010481	narrower	10010405.10010481.10010482.10010486
10010405.10010481	narrower	10010405.10010481.10010484.10011817
10010405.10010497	narrower	10010405.10010497.10010500.10010501
10010405.10010497	narrower	10010405.10010497.10010500.10010502
10010405.10010497	narrower	10010405.10010497.10010500.10010503
10010405.10010497	narrower	10010405.10010497.10010504.10010505
10010405.10010497	narrower	10010405.10010497.10010504.10010506
10010405.10010497	narrower	10010405.10010497.10010504.10010507
10010405.10010497	narrower	10010405.10010497.10010504.10010508
10010405.10010497	narrower	10010405.10010497.10010504.10010509
10010405.10010497	narrower	10010405.10010497.10010510.10010512
10010405.10010497	narrower	10010405.10010497.10010510.10010512.10003310
10010405.10010497	narrower	10010405.10010497.10010510.10010512.10011143
10010405.10010497	narrower	10010405.10010497.10010510.10010513
10010405.10010497	narrower	10010405.10010497.10010510.10010514
10010405.10010497	narrower	10010405.10010497.10010510.10010515
10010405.10010497	narrower	10010405.10010497.10010510.10010516
10010405.10010497	narrower	10010405.10010497.10010510.10010920
10010405.10010497	narrower	10010405.10010497.10010510.10011689
10010405.10010497.10010510	narrower	10010405.10010497.10010510.10010512.10003310
10010405.10010497.10010510	narrower	10010405.10010497.10010510.10010512.10011143
10010520	narrower	10010520.10010521.10010522
10010520	narrower	10010520.10010521.10010522.10010523
10010520	narrower	10010520.10010521.10010522.10010524
10010520	narrower	10010520.10010521.10010522.10010525
10010520	narrower	10010520.10010521.10010522.10010526
10010520	narrower	10010520.10010521.10010522.10010527
10010520	narrower	10010520.10010521.10010528
10010520	narrower	10010520.10010521.10010528.10010529
10010520	narrower	10010520.10010521.10010528.10010530
10010520	narrower	10010520.10010521.10010528.10010531
10010520	narrower	10010520.10010521.10010528.10010532
10010520	narrower	10010520.10010521.10010528.10010533
10010520	narrower	10010520.10010521.10010528.10010534
10010520	narrower	10010520.10010521.10010528.10010535
10010520	narrower	10010520.10010521.10010528.10010536
10010520	narrower	10010520.10010521.10010537
10010520	narrower	10010520.10010521.10010537.10003100
10010520	narrower	10010520.10010521.10010537.10010538
10010520	narrower	10010520.10010521.10010537.10010539
10010520	narrower	10010520.10010521.10010537.10010540
10010520	narrower	10010520.10010521.10010537.10010541
10010520	narrower	10010520.10010521.10010542
10010520	narrower	10010520.10010521.10010542.10010294
10010520	narrower	10010520.10010521.10010542.10010543
10010520	narrower	10010520.10010521.10010542.10010544
10010520	narrower	10010520.10010521.10010542.10010545
10010520	narrower	10010520.10010521.10010542.10010546
10010520	narrower	10010520.10010521.10010542.10010548
10010520	narrower	10010520.10010521.10010542.10010549
10010520	narrower	10010520.10010521.10010542.10010550
10010520	narrower	10010520.10010521.10010542.10010551
10010520	narrower	10010520.10010521.10010542.10011713
10010520	narrower	10010520.10010521.10010542.10011714
10010520	narrower	10010520.10010553.10003238
10010520	narrower	10010520.10010553.10010554
10010520	narrower	10010520.10010553.10010554.10010555
10010520	narrower	10010520.10010553.10010554.10010556
10010520	narrower	10010520.10010553.10010554.10010556.10011814
10010520	narrower	10010520.10010553.10010554.10010557
10010520	narrower	10010520.10010553.10010554.10010558
10010520	narrower	10010520.10010553.10010559
10010520	narrower	10010520.10010553.10010560
10010520	narrower	10010520.10010553.10010562
10010520	narrower	10010520.10010553.10010562.10010561
10010520	narrower	10010520.10010553.10010562.10010563
10010520	narrower	10010520.10010553.10010562.10010564
10010520	narrower	10010520.10010570.10010571
10010520	narrower	10010520.10010570.10010572
10010520	narrower	10010520.10010570.10010573
10010520	narrower	10010520.10010570.10010574
10010520	narrower	10010520.10010575.10010577
10010520	narrower	10010520.10010575.10010578
10010520	narrower	10010520.10010575.10010579
10010520	narrower	10010520.10010575.10010580
10010520	narrower	10010520.10010575.10010581
10010520	narrower	10010520.10010575.10010755
10010520	narrower	10010520.10010575.10011743
10010520.10010521	narrower	10010520.10010521.10010522.10010523
10010520.10010521	narrower	10010520.10010521.10010522.10010524
10010520.10010521	narrower	10010520.10010521.10010522.10010525
10010520.10010521	narrower	10010520.10010521.10010522.10010526
10010520.10010521	narrower	10010520.10010521.10010522.10010527
10010520.10010521	narrower	10010520.10010521.10010528.10010529
10010520.10010521	narrower	10010520.10010521.10010528.10010530
10010520.10010521	narrower	10010520.10010521.10010528.10010531
10010520.10010521	narrower	10010520.10010521.10010528.10010532
10010520.10010521	narrower	10010520.10010521.10010528.10010533
10010520.10010521	narrower	10010520.10010521.10010528.10010534
10010520.10010521	narrower	10010520.10010521.10010528.10010535
10010520.10010521	narrower	10010520.10010521.10010528.10010536
10010520.10010521	narrower	10010520.10010521.10010537.10003100
10010520.10010521	narrower	10010520.10010521.10010537.10010538
10010520.10010521	narrower	10010520.10010521.10010537.10010539
10010520.10010521	narrower	10010520.10010521.10010537.10010540
10010520.10010521	narrower	10010520.10010521.10010537.10010541
10010520.10010521	narrower	10010520.10010521.10010542.10010294
10010520.10010521	narrower	10010520.10010521.10010542.10010543
10010520.10010521	narrower	10010520.10010521.10010542.10010544
10010520.10010521	narrower	10010520.10010521.10010542.10010545
10010520.10010521	narrower	10010520.10010521.10010542.10010546
10010520.10010521	narrower	10010520.10010521.10010542.10010548
10010520.10010521	narrower	10010520.10010521.10010542.10010549
10010520.10010521	narrower	10010520.10010521.10010542.10010550
10010520.10010521	narrower	10010520.10010521.10010542.10010551
10010520.10010521	narrower	10010520.10010521.10010542.10011713
10010520.10010521	narrower	10010520.10010521.10010542.10011714
10010520.10010553	narrower	10010520.10010553.10010554.10010555
10010520.10010553	narrower	10010520.10010553.10010554.10010556
10010520.10010553	narrower	10010520.10010553.10010554.10010556.10011814
10010520.10010553	narrower	10010520.10010553.10010554.10010557
10010520.10010553	narrower	10010520.10010553.10010554.10010558
10010520.10010553	narrower	10010520.10010553.10010562.10010561
10010520.10010553	narrower	10010520.10010553.10010562.10010563
10010520.10010553	narrower	10010520.10010553.10010562.10010564
10010520.10010553.10010554	narrower	10010520.10010553.10010554.10010556.10011814
10010583	narrower	10010583.10010584.10010585
10010583	narrower	10010583.10010584.10010587
10010583	narrower	10010583.10010588.10003247
10010583	narrower	10010583.10010588.10003247.10003248
10010583	narrower	10010583.10010588.10003247.10003249
10010583	narrower	10010583.10010588.10003247.10003250
10010583	narrower	10010583.10010588.10010559
10010583	narrower	10010583.10010588.10010590
10010583	narrower	10010583.10010588.10010591
10010583	narrower	10010583.10010588.10010592
10010583	narrower	10010583.10010588.10010593
10010583	narrower	10010583.10010588.10010594
10010583	narrower	10010583.10010588.10010595
10010583	narrower	10010583.10010588.10010596
10010583	narrower	10010583.10010588.10010597
10010583	narrower	10010583.10010588.10010598
10010583	narrower	10010583.10010588.10010598.10011666
10010583	narrower	10010583.10010588.10010598.10011752
10010583	narrower	10010583.10010588.10011667
10010583	narrower	10010583.10010588.10011669
10010583	narrower	10010583.10010588.10011670
10010583	narrower	10010583.10010588.10011715
10010583	narrower	10010583.10010600.10010601
10010583	narrower	10010583.10010600.10010602
10010583	narrower	10010583.10010600.10010602.10010603
10010583	narrower	10010583.10010600.10010602.10010604
10010583	narrower	10010583.10010600.10010602.10010605
10010583	narrower	10010583.10010600.10010602.10010606
10010583	narrower	10010583.10010600.10010607
10010583	narrower	10010583.10010600.10010607.10010608
10010583	narrower	10010583.10010600.10010607.10010609
10010583	narrower	10010583.10010600.10010607.10010610
10010583	narrower	10010583.10010600.10010607.10010611
10010583	narrower	10010583.10010600.10010612
10010583	narrower	10010583.10010600.10010612.10010613
10010583	narrower	10010583.10010600.10010612.10010614
10010583	narrower	10010583.10010600.10010615
10010583	narrower	10010583.10010600.10010615.10010616
10010583	narrower	10010583.10010600.10010615.10010617
10010583	narrower	10010583.10010600.10010615.10010618
10010583	narrower	10010583.10010600.10010615.10010619
10010583	narrower	10010583.10010600.10010615.10010620
10010583	narrower	10010583.10010600.10010615.10010621
10010583	narrower	10010583.10010600.10010628
10010583	narrower	10010583.10010600.10010628.10010629
10010583	narrower	10010583.10010600.10010628.10010630
10010583	narrower	10010583.10010600.10010628.10010631
10010583	narrower	10010583.10010600.10010628.10010632
10010583	narrower	10010583.10010600.10010628.10011716
10010583	narrower	10010583.10010600.10010628.10011811
10010583	narrower	10010583.10010633.10010601
10010583	narrower	10010583.10010633.10010634
10010583	narrower	10010583.10010633.10010634.10010635
10010583	narrower	10010583.10010633.10010634.10010636
10010583	narrower	10010583.10010633.10010634.10010637
10010583	narrower	10010583.10010633.10010634.10010638
10010583	narrower	10010583.10010633.10010634.10010639
10010583	narrower	10010583.10010633.10010634.10011717
10010583	narrower	10010583.10010633.10010640
10010583	narrower	10010583.10010633.10010640.10010641
10010583	narrower	10010583.10010633.10010640.10010642
10010583	narrower	10010583.10010633.10010640.10010643
10010583	narrower	10010583.10010633.10010645
10010583	narrower	10010583.10010633.10010645.10003107
10010583	narrower	10010583.10010633.10010645.10010560
10010583	narrower	10010583.10010633.10010645.10010648
10010583	narrower	10010583.10010633.10010645.10011718
10010583	narrower	10010583.10010633.10010649
10010583	narrower	10010583.10010633.10010650
10010583	narrower	10010583.10010633.10010651
10010583	narrower	10010583.10010633.10010652
10010583	narrower	10010583.10010633.10010653
10010583	narrower	10010583.10010633.10010654
10010583	narrower	10010583.10010633.10010655
10010583	narrower	10010583.10010633.10010656
10010583	narrower	10010583.10010633.10010656.10010657
10010583	narrower	10010583.10010633.10010656.10010658
10010583	narrower	10010583.10010633.10010656.10010660
10010583	narrower	10010583.10010633.10010656.10010661
10010583	narrower	10010583.10010633.10010659
10010583	narrower	10010583.10010662.10010586
10010583	narrower	10010583.10010662.10010586.10010678
10010583	narrower	10010583.10010662.10010586.10010679
10010583	narrower	10010583.10010662.10010586.10010680
10010583	narrower	10010583.10010662.10010586.10010681
10010583	narrower	10010583.10010662.10010663
10010583	narrower	10010583.10010662.10010663.10010664
10010583	narrower	10010583.10010662.10010663.10010665
10010583	narrower	10010583.10010662.10010663.10010666
10010583	narrower	10010583.10010662.10010663.10010667
10010583	narrower	10010583.10010662.10010668
10010583	narrower	10010583.10010662.10010668.10010669
10010583	narrower	10010583.10010662.10010668.10010670
10010583	narrower	10010583.10010662.10010668.10010671
10010583	narrower	10010583.10010662.10010668.10010672
10010583	narrower	10010583.10010662.10010673
10010583	narrower	10010583.10010662.10010674
10010583	narrower	10010583.10010662.10010674.10011719
10010583	narrower	10010583.10010662.10010674.10011720
10010583	narrower	10010583.10010662.10010674.10011721
10010583	narrower	10010583.10010662.10010674.10011722
10010583	narrower	10010583.10010662.10010674.10011723
10010583	narrower	10010583.10010662.10010674.10011724
10010583	narrower	10010583.10010682.10010684
10010583	narrower	10010583.10010682.10010684.10010685
10010583	narrower	10010583.10010682.10010684.10010686
10010583	narrower	10010583.10010682.10010684.10010687
10010583	narrower	10010583.10010682.10010684.10011677
10010583	narrower	10010583.10010682.10010689
10010583	narrower	10010583.10010682.10010690
10010583	narrower	10010583.10010682.10010690.10010691
10010583	narrower	10010583.10010682.10010690.10010692
10010583	narrower	10010583.10010682.10010690.10010693
10010583	narrower	10010583.10010682.10010690.10010694
10010583	narrower	10010583.10010682.10010690.10010695
10010583	narrower	10010583.10010682.10010696
10010583	narrower	10010583.10010682.10010697
10010583	narrower	10010583.10010682.10010697.10010698
10010583	narrower	10010583.10010682.10010697.10010699
10010583	narrower	10010583.10010682.10010697.10010700
10010583	narrower	10010583.10010682.10010697.10010701
10010583	narrower	10010583.10010682.10010697.10010702
10010583	narrower	10010583.10010682.10010697.10010703
10010583	narrower	10010583.10010682.10010697.10010704
10010583	narrower	10010583.10010682.10010705
10010583	narrower	10010583.10010682.10010705.10010706
10010583	narrower	10010583.10010682.10010705.10010707
10010583	narrower	10010583.10010682.10010705.10010708
10010583	narrower	10010583.10010682.10010705.10010709
10010583	narrower	10010583.10010682.10010705.10010710
10010583	narrower	10010583.10010682.10010705.10010711
10010583	narrower	10010583.10010682.10010712
10010583	narrower	10010583.10010682.10010712.10010713
10010583	narrower	10010583.10010682.10010712.10010714
10010583	narrower	10010583.10010682.10010712.10010715
10010583	narrower	10010583.10010717.10010721
10010583	narrower	10010583.10010717.10010721.10003791
10010583	narrower	10010583.10010717.10010721.10010722
10010583	narrower	10010583.10010717.10010721.10010723
10010583	narrower	10010583.10010717.10010721.10010724
10010583	narrower	10010583.10010717.10010721.10010725
10010583	narrower	10010583.10010717.10010721.10010726
10010583	narrower	10010583.10010717.10010721.10010727
10010583	narrower	10010583.10010717.10010721.10010914
10010583	narrower	10010583.10010717.10010728
10010583	narrower	10010583.10010717.10010728.10010729
10010583	narrower	10010583.10010717.10010728.10010730
10010583	narrower	10010583.10010717.10010728.10010731
10010583	narrower	10010583.10010717.10010728.10010732
10010583	narrower	10010583.10010717.10010733
10010583	narrower	10010583.10010717.10010733.10010734
10010583	narrower	10010583.10010717.10010733.10010735
10010583	narrower	10010583.10010717.10010733.10010736
10010583	narrower	10010583.10010737.10010738
10010583	narrower	10010583.10010737.10010739
10010583	narrower	10010583.10010737.10010740
10010583	narrower	10010583.10010737.10010744
10010583	narrower	10010583.10010737.10010744.10010741
10010583	narrower	10010583.10010737.10010744.10010742
10010583	narrower	10010583.10010737.10010744.10010743
10010583	narrower	10010583.10010737.10010745
10010583	narrower	10010583.10010737.10010746
10010583	narrower	10010583.10010737.10010747
10010583	narrower	10010583.10010737.10010748
10010583	narrower	10010583.10010737.10010749
10010583	narrower	10010583.10010750.10010751
10010583	narrower	10010583.10010750.10010751.10010752
10010583	narrower	10010583.10010750.10010751.10010753
10010583	narrower	10010583.10010750.10010751.10010754
10010583	narrower	10010583.10010750.10010751.10010755
10010583	narrower	10010583.10010750.10010751.10010756
10010583	narrower	10010583.10010750.10010751.10010757
10010583	narrower	10010583.10010750.10010758
10010583	narrower	10010583.10010750.10010758.10010759
10010583	narrower	10010583.10010750.10010758.10010760
10010583	narrower	10010583.10010750.10010758.10010761
10010583	narrower	10010583.10010750.10010762
10010583	narrower	10010583.10010750.10010762.10010763
10010583	narrower	10010583.10010750.10010762.10010764
10010583	narrower	10010583.10010750.10010762.10010765
10010583	narrower	10010583.10010750.10010762.10010766
10010583	narrower	10010583.10010750.10010762.10010767
10010583	narrower	10010583.10010750.10010762.10010768
10010583	narrower	10010583.10010750.10010769
10010583	narrower	10010583.10010786.10010787
10010583	narrower	10010583.10010786.10010787.10010788
10010583	narrower	10010583.10010786.10010787.10010789
10010583	narrower	10010583.10010786.10010787.10010790
10010583	narrower	10010583.10010786.10010787.10010791
10010583	narrower	10010583.10010786.10010792
10010583	narrower	10010583.10010786.10010792.10010794
10010583	narrower	10010583.10010786.10010792.10010798
10010583	narrower	10010583.10010786.10010799
10010583	narrower	10010583.10010786.10010799.10010800
10010583	narrower	10010583.10010786.10010799.10010801
10010583	narrower	10010583.10010786.10010799.10010802
10010583	narrower	10010583.10010786.10010799.10010803
10010583	narrower	10010583.10010786.10010799.10010804
10010583	narrower	10010583.10010786.10010805
10010583	narrower	10010583.10010786.10010805.10010806
10010583	narrower	10010583.10010786.10010805.10010807
10010583	narrower	10010583.10010786.10010808
10010583	narrower	10010583.10010786.10010809
10010583	narrower	10010583.10010786.10010810
10010583	narrower	10010583.10010786.10010811
10010583	narrower	10010583.10010786.10010812
10010583	narrower	10010583.10010786.10010813
10010583	narrower	10010583.10010786.10010813.10010815
10010583	narrower	10010583.10010786.10010813.10010816
10010583	narrower	10010583.10010786.10010813.10011726
10010583	narrower	10010583.10010786.10010813.10011726.10011727
10010583	narrower	10010583.10010786.10010813.10011726.10011728
10010583	narrower	10010583.10010786.10010813.10011729
10010583	narrower	10010583.10010786.10010817
10010583.10010588	narrower	10010583.10010588.10003247.10003248
10010583.10010588	narrower	10010583.10010588.10003247.10003249
10010583.10010588	narrower	10010583.10010588.10003247.10003250
10010583.10010588	narrower	10010583.10010588.10010598.10011666
10010583.10010588	narrower	10010583.10010588.10010598.10011752
10010583.10010600	narrower	10010583.10010600.10010602.10010603
10010583.10010600	narrower	10010583.10010600.10010602.10010604
10010583.10010600	narrower	10010583.10010600.10010602.10010605
10010583.10010600	narrower	10010583.10010600.10010602.10010606
10010583.10010600	narrower	10010583.10010600.10010607.10010608
10010583.10010600	narrower	10010583.10010600.10010607.10010609
10010583.10010600	narrower	10010583.10010600.10010607.10010610
10010583.10010600	narrower	10010583.10010600.10010607.10010611
10010583.10010600	narrower	10010583.10010600.10010612.10010613
10010583.10010600	narrower	10010583.10010600.10010612.10010614
10010583.10010600	narrower	10010583.10010600.10010615.10010616
10010583.10010600	narrower	10010583.10010600.10010615.10010617
10010583.10010600	narrower	10010583.10010600.10010615.10010618
10010583.10010600	narrower	10010583.10010600.10010615.10010619
10010583.10010600	narrower	10010583.10010600.10010615.10010620
10010583.10010600	narrower	10010583.10010600.10010615.10010621
10010583.10010600	narrower	10010583.10010600.10010628.10010629
10010583.10010600	narrower	10010583.10010600.10010628.10010630
10010583.10010600	narrower	10010583.10010600.10010628.10010631
10010583.10010600	narrower	10010583.10010600.10010628.10010632
10010583.10010600	narrower	10010583.10010600.10010628.10011716
10010583.10010600	narrower	10010583.10010600.10010628.10011811
10010583.10010633	narrower	10010583.10010633.10010634.10010635
10010583.10010633	narrower	10010583.10010633.10010634.10010636
10010583.10010633	narrower	10010583.10010633.10010634.10010637
10010583.10010633	narrower	10010583.10010633.10010634.10010638
10010583.10010633	narrower	10010583.10010633.10010634.10010639
10010583.10010633	narrower	10010583.10010633.10010634.10011717
10010583.10010633	narrower	10010583.10010633.10010640.10010641
10010583.10010633	narrower	10010583.10010633.10010640.10010642
10010583.10010633	narrower	10010583.10010633.10010640.10010643
10010583.10010633	narrower	10010583.10010633.10010645.10003107
10010583.10010633	narrower	10010583.10010633.10010645.10010560
10010583.10010633	narrower	10010583.10010633.10010645.10010648
10010583.10010633	narrower	10010583.10010633.10010645.10011718
10010583.10010633	narrower	10010583.10010633.10010656.10010657
10010583.10010633	narrower	10010583.10010633.10010656.10010658
10010583.10010633	narrower	10010583.10010633.10010656.10010660
10010583.10010633	narrower	10010583.10010633.10010656.10010661
10010583.10010662	narrower	10010583.10010662.10010586.10010678
10010583.10010662	narrower	10010583.10010662.10010586.10010679
10010583.10010662	narrower	10010583.10010662.10010586.10010680
10010583.10010662	narrower	10010583.10010662.10010586.10010681
10010583.10010662	narrower	10010583.10010662.10010663.10010664
10010583.10010662	narrower	10010583.10010662.10010663.10010665
10010583.10010662	narrower	10010583.10010662.10010663.10010666
10010583.10010662	narrower	10010583.10010662.10010663.10010667
10010583.10010662	narrower	10010583.10010662.10010668.10010669
10010583.10010662	narrower	10010583.10010662.10010668.10010670
10010583.10010662	narrower	10010583.10010662.10010668.10010671
10010583.10010662	narrower	10010583.10010662.10010668.10010672
10010583.10010662	narrower	10010583.10010662.10010674.10011719
10010583.10010662	narrower	10010583.10010662.10010674.10011720
10010583.10010662	narrower	10010583.10010662.10010674.10011721
10010583.10010662	narrower	10010583.10010662.10010674.10011722
10010583.10010662	narrower	10010583.10010662.10010674.10011723
10010583.10010662	narrower	10010583.10010662.10010674.10011724
10010583.10010682	narrower	10010583.10010682.10010684.10010685
10010583.10010682	narrower	10010583.10010682.10010684.10010686
10010583.10010682	narrower	10010583.10010682.10010684.10010687
10010583.10010682	narrower	10010583.10010682.10010684.10011677
10010583.10010682	narrower	10010583.10010682.10010690.10010691
10010583.10010682	narrower	10010583.10010682.10010690.10010692
10010583.10010682	narrower	10010583.10010682.10010690.10010693
10010583.10010682	narrower	10010583.10010682.10010690.10010694
10010583.10010682	narrower	10010583.10010682.10010690.10010695
10010583.10010682	narrower	10010583.10010682.10010697.10010698
10010583.10010682	narrower	10010583.10010682.10010697.10010699
10010583.10010682	narrower	10010583.10010682.10010697.10010700
10010583.10010682	narrower	10010583.10010682.10010697.10010701
10010583.10010682	narrower	10010583.10010682.10010697.10010702
10010583.10010682	narrower	10010583.10010682.10010697.10010703
10010583.10010682	narrower	10010583.10010682.10010697.10010704
10010583.10010682	narrower	10010583.10010682.10010705.10010706
10010583.10010682	narrower	10010583.10010682.10010705.10010707
10010583.10010682	narrower	10010583.10010682.10010705.10010708
10010583.10010682	narrower	10010583.10010682.10010705.10010709
10010583.10010682	narrower	10010583.10010682.10010705.10010710
10010583.10010682	narrower	10010583.10010682.10010705.10010711
10010583.10010682	narrower	10010583.10010682.10010712.10010713
10010583.10010682	narrower	10010583.10010682.10010712.10010714
10010583.10010682	narrower	10010583.10010682.10010712.10010715
10010583.10010717	narrower	10010583.10010717.10010721.10003791
10010583.10010717	narrower	10010583.10010717.10010721.10010722
10010583.10010717	narrower	10010583.10010717.10010721.10010723
10010583.10010717	narrower	10010583.10010717.10010721.10010724
10010583.10010717	narrower	10010583.10010717.10010721.10010725
10010583.10010717	narrower	10010583.10010717.10010721.10010726
10010583.10010717	narrower	10010583.10010717.10010721.10010727
10010583.10010717	narrower	10010583.10010717.10010721.10010914
10010583.10010717	narrower	10010583.10010717.10010728.10010729
10010583.10010717	narrower	10010583.10010717.10010728.10010730
10010583.10010717	narrower	10010583.10010717.10010728.10010731
10010583.10010717	narrower	10010583.10010717.10010728.10010732
10010583.10010717	narrower	10010583.10010717.10010733.10010734
10010583.10010717	narrower	10010583.10010717.10010733.10010735
10010583.10010717	narrower	10010583.10010717.10010733.10010736
10010583.10010737	narrower	10010583.10010737.10010744.10010741
10010583.10010737	narrower	10010583.10010737.10010744.10010742
10010583.10010737	narrower	10010583.10010737.10010744.10010743
10010583.10010750	narrower	10010583.10010750.10010751.10010752
10010583.10010750	narrower	10010583.10010750.10010751.10010753
10010583.10010750	narrower	10010583.10010750.10010751.10010754
10010583.10010750	narrower	10010583.10010750.10010751.10010755
10010583.10010750	narrower	10010583.10010750.10010751.10010756
10010583.10010750	narrower	10010583.10010750.10010751.10010757
10010583.10010750	narrower	10010583.10010750.10010758.10010759
10010583.10010750	narrower	10010583.10010750.10010758.10010760
10010583.10010750	narrower	10010583.10010750.10010758.10010761
10010583.10010750	narrower	10010583.10010750.10010762.10010763
10010583.10010750	narrower	10010583.10010750.10010762.10010764
10010583.10010750	narrower	10010583.10010750.10010762.10010765
10010583.10010750	narrower	10010583.10010750.10010762.10010766
10010583.10010750	narrower	10010583.10010750.10010762.10010767
10010583.10010750	narrower	10010583.10010750.10010762.10010768
10010583.10010786	narrower	10010583.10010786.10010787.10010788
10010583.10010786	narrower	10010583.10010786.10010787.10010789
10010583.10010786	narrower	10010583.10010786.10010787.10010790
10010583.10010786	narrower	10010583.10010786.10010787.10010791
10010583.10010786	narrower	10010583.10010786.10010792.10010794
10010583.10010786	narrower	10010583.10010786.10010792.10010798
10010583.10010786	narrower	10010583.10010786.10010799.10010800
10010583.10010786	narrower	10010583.10010786.10010799.10010801
10010583.10010786	narrower	10010583.10010786.10010799.10010802
10010583.10010786	narrower	10010583.10010786.10010799.10010803
10010583.10010786	narrower	10010583.10010786.10010799.10010804
10010583.10010786	narrower	10010583.10010786.10010805.10010806
10010583.10010786	narrower	10010583.10010786.10010805.10010807
10010583.10010786	narrower	10010583.10010786.10010813.10010815
10010583.10010786	narrower	10010583.10010786.10010813.10010816
10010583.10010786	narrower	10010583.10010786.10010813.10011726
10010583.10010786	narrower	10010583.10010786.10010813.10011726.10011727
10010583.10010786	narrower	10010583.10010786.10010813.10011726.10011728
10010583.10010786	narrower	10010583.10010786.10010813.10011729
10010583.10010786.10010813	narrower	10010583.10010786.10010813.10011726.10011727
10010583.10010786.10010813	narrower	10010583.10010786.10010813.10011726.10011728
10011007	narrower	10011007.10010940.10010941
10011007	narrower	10011007.10010940.10010941.10003552
10011007	narrower	10011007.10010940.10010941.10010942
10011007	narrower	10011007.10010940.10010941.10010942.10010943
10011007	narrower	10011007.10010940.10010941.10010942.10010944
10011007	narrower	10011007.10010940.10010941.10010942.10010944.10010945
10011007	narrower	10011007.10010940.10010941.10010942.10010944.10010946
10011007	narrower	10011007.10010940.10010941.10010942.10010944.10010947
10011007	narrower	10011007.10010940.10010941.10010942.10010948
10011007	narrower	10011007.10010940.10010941.10010949
10011007	narrower	10011007.10010940.10010941.10010949.10003512
10011007	narrower	10011007.10010940.10010941.10010949.10010950
10011007	narrower	10011007.10010940.10010941.10010949.10010950.10010951
10011007	narrower	10011007.10010940.10010941.10010949.10010950.10010952
10011007	narrower	10011007.10010940.10010941.10010949.10010950.10010953
10011007	narrower	10011007.10010940.10010941.10010949.10010950.10010954
10011007	narrower	10011007.10010940.10010941.10010949.10010950.10010955
10011007	narrower	10011007.10010940.10010941.10010949.10010950.10010956
10011007	narrower	10011007.10010940.10010941.10010949.10010957
10011007	narrower	10011007.10010940.10010941.10010949.10010957.10010688
10011007	narrower	10011007.10010940.10010941.10010949.10010957.10010834
10011007	narrower	10011007.10010940.10010941.10010949.10010957.10010958
10011007	narrower	10011007.10010940.10010941.10010949.10010957.10010959
10011007	narrower	10011007.10010940.10010941.10010949.10010957.10010960
10011007	narrower	10011007.10010940.10010941.10010949.10010957.10010962
10011007	narrower	10011007.10010940.10010941.10010949.10010957.10010963
10011007	narrower	10011007.10010940.10010941.10010949.10010957.10010964
10011007	narrower	10011007.10010940.10010941.10010949.10010957.10011678
10011007	narrower	10011007.10010940.10010941.10010949.10010965
10011007	narrower	10011007.10010940.10010941.10010949.10010965.10010966
10011007	narrower	10011007.10010940.10010941.10010949.10010965.10010967
10011007	narrower	10011007.10010940.10010941.10010949.10010965.10010968
10011007	narrower	10011007.10010940.10010941.10010969
10011007	narrower	10011007.10010940.10010941.10010969.10010970
10011007	narrower	10011007.10010940.10010941.10010969.10011744
10011007	narrower	10011007.10010940.10010971
10011007	narrower	10011007.10010940.10010971.10010564
10011007	narrower	10011007.10010940.10010971.10010972
10011007	narrower	10011007.10010940.10010971.10010972.10010539
10011007	narrower	10011007.10010940.10010971.10010972.10010540
10011007	narrower	10011007.10010940.10010971.10010972.10010545
10011007	narrower	10011007.10010940.10010971.10010972.10010973
10011007	narrower	10011007.10010940.10010971.10010972.10010974
10011007	narrower	10011007.10010940.10010971.10010972.10010975
10011007	narrower	10011007.10010940.10010971.10010972.10010976
10011007	narrower	10011007.10010940.10010971.10010972.10010978
10011007	narrower	10011007.10010940.10010971.10010972.10010979
10011007	narrower	10011007.10010940.10010971.10010972.10011116
10011007	narrower	10011007.10010940.10010971.10010972.10011117
10011007	narrower	10011007.10010940.10010971.10010972.10011681
10011007	narrower	10011007.10010940.10010971.10010980
10011007	narrower	10011007.10010940.10010971.10010980.10010981
10011007	narrower	10011007.10010940.10010971.10010980.10010982
10011007	narrower	10011007.10010940.10010971.10010980.10010983
10011007	narrower	10011007.10010940.10010971.10010980.10010984
10011007	narrower	10011007.10010940.10010971.10010980.10010985
10011007	narrower	10011007.10010940.10010971.10010980.10010986
10011007	narrower	10011007.10010940.10010971.10010991
10011007	narrower	10011007.10010940.10010971.10011120
10011007	narrower	10011007.10010940.10010971.10011120.10003100
10011007	narrower	10011007.10010940.10010971.10011120.10010538
10011007	narrower	10011007.10010940.10010971.10011120.10010541
10011007	narrower	10011007.10010940.10010971.10011120.10011680
10011007	narrower	10011007.10010940.10010971.10011679
10011007	narrower	10011007.10010940.10010971.10011682
10011007	narrower	10011007.10010940.10010992
10011007	narrower	10011007.10010940.10010992.10010993
10011007	narrower	10011007.10010940.10010992.10010993.10010961
10011007	narrower	10011007.10010940.10010992.10010993.10010994
10011007	narrower	10011007.10010940.10010992.10010993.10010995
10011007	narrower	10011007.10010940.10010992.10010993.10010996
10011007	narrower	10011007.10010940.10010992.10010993.10010997
10011007	narrower	10011007.10010940.10010992.10010993.10011683
10011007	narrower	10011007.10010940.10010992.10010998
10011007	narrower	10011007.10010940.10010992.10010998.10003791
10011007	narrower	10011007.10010940.10010992.10010998.10010999
10011007	narrower	10011007.10010940.10010992.10010998.10011000
10011007	narrower	10011007.10010940.10010992.10010998.10011001
10011007	narrower	10011007.10010940.10011003
10011007	narrower	10011007.10010940.10011003.10010117
10011007	narrower	10011007.10010940.10011003.10011002
10011007	narrower	10011007.10010940.10011003.10011004
10011007	narrower	10011007.10010940.10011003.10011005
10011007	narrower	10011007.10010940.10011003.10011005.10011101
10011007	narrower	10011007.10010940.10011003.10011114
10011007	narrower	10011007.10010940.10011003.10011687
10011007	narrower	10011007.10011006.10011008
10011007	narrower	10011007.10011006.10011008.10011009
10011007	narrower	10011007.10011006.10011008.10011009.10010175
10011007	narrower	10011007.10011006.10011008.10011009.10010177
10011007	narrower	10011007.10011006.10011008.10011009.10011010
10011007	narrower	10011007.10011006.10011008.10011009.10011011
10011007	narrower	10011007.10011006.10011008.10011009.10011012
10011007	narrower	10011007.10011006.10011008.10011009.10011014
10011007	narrower	10011007.10011006.10011008.10011009.10011015
10011007	narrower	10011007.10011006.10011008.10011009.10011016
10011007	narrower	10011007.10011006.10011008.10011009.10011019
10011007	narrower	10011007.10011006.10011008.10011009.10011020
10011007	narrower	10011007.10011006.10011008.10011009.10011021
10011007	narrower	10011007.10011006.10011008.10011009.10011022
10011007	narrower	10011007.10011006.10011008.10011024
10011007	narrower	10011007.10011006.10011008.10011024.10003202
10011007	narrower	10011007.10011006.10011008.10011024.10011025
10011007	narrower	10011007.10011006.10011008.10011024.10011026
10011007	narrower	10011007.10011006.10011008.10011024.10011027
10011007	narrower	10011007.10011006.10011008.10011024.10011028
10011007	narrower	10011007.10011006.10011008.10011024.10011029
10011007	narrower	10011007.10011006.10011008.10011024.10011031
10011007	narrower	10011007.10011006.10011008.10011024.10011032
10011007	narrower	10011007.10011006.10011008.10011024.10011033
10011007	narrower	10011007.10011006.10011008.10011024.10011034
10011007	narrower	10011007.10011006.10011008.10011024.10011035
10011007	narrower	10011007.10011006.10011008.10011024.10011036
10011007	narrower	10011007.10011006.10011008.10011024.10011037
10011007	narrower	10011007.10011006.10011008.10011024.10011038
10011007	narrower	10011007.10011006.10011039
10011007	narrower	10011007.10011006.10011039.10011040
10011007	narrower	10011007.10011006.10011039.10011311
10011007	narrower	10011007.10011006.10011041
10011007	narrower	10011007.10011006.10011041.10010943
10011007	narrower	10011007.10011006.10011041.10011042
10011007	narrower	10011007.10011006.10011041.10011043
10011007	narrower	10011007.10011006.10011041.10011044
10011007	narrower	10011007.10011006.10011041.10011045
10011007	narrower	10011007.10011006.10011041.10011046
10011007	narrower	10011007.10011006.10011041.10011047
10011007	narrower	10011007.10011006.10011041.10011048
10011007	narrower	10011007.10011006.10011041.10011049
10011007	narrower	10011007.10011006.10011041.10011688
10011007	narrower	10011007.10011006.10011050
10011007	narrower	10011007.10011006.10011050.10010512
10011007	narrower	10011007.10011006.10011050.10010512.10003310
10011007	narrower	10011007.10011006.10011050.10010512.10011143
10011007	narrower	10011007.10011006.10011050.10010517
10011007	narrower	10011007.10011006.10011050.10011017
10011007	narrower	10011007.10011006.10011050.10011023
10011007	narrower	10011007.10011006.10011050.10011051
10011007	narrower	10011007.10011006.10011050.10011052
10011007	narrower	10011007.10011006.10011050.10011053
10011007	narrower	10011007.10011006.10011050.10011054
10011007	narrower	10011007.10011006.10011050.10011055
10011007	narrower	10011007.10011006.10011050.10011056
10011007	narrower	10011007.10011006.10011050.10011057
10011007	narrower	10011007.10011006.10011050.10011058
10011007	narrower	10011007.10011006.10011050.10011059
10011007	narrower	10011007.10011006.10011060
10011007	narrower	10011007.10011006.10011060.10011018
10011007	narrower	10011007.10011006.10011060.10011061
10011007	narrower	10011007.10011006.10011060.10011062
10011007	narrower	10011007.10011006.10011060.10011063
10011007	narrower	10011007.10011006.10011060.10011064
10011007	narrower	10011007.10011006.10011060.10011065
10011007	narrower	10011007.10011006.10011060.10011690
10011007	narrower	10011007.10011006.10011066
10011007	narrower	10011007.10011006.10011066.10011067
10011007	narrower	10011007.10011006.10011066.10011068
10011007	narrower	10011007.10011006.10011066.10011069
10011007	narrower	10011007.10011006.10011066.10011070
10011007	narrower	10011007.10011006.10011071
10011007	narrower	10011007.10011006.10011072
10011007	narrower	10011007.10011006.10011073
10011007	narrower	10011007.10011074.10011075
10011007	narrower	10011007.10011074.10011075.10011076
10011007	narrower	10011007.10011074.10011075.10011077
10011007	narrower	10011007.10011074.10011075.10011078
10011007	narrower	10011007.10011074.10011075.10011079
10011007	narrower	10011007.10011074.10011075.10011079.10011080
10011007	narrower	10011007.10011074.10011081
10011007	narrower	10011007.10011074.10011081.10011082
10011007	narrower	10011007.10011074.10011081.10011082.10010878
10011007	narrower	10011007.10011074.10011081.10011082.10011083
10011007	narrower	10011007.10011074.10011081.10011082.10011084
10011007	narrower	10011007.10011074.10011081.10011082.10011085
10011007	narrower	10011007.10011074.10011081.10011082.10011086
10011007	narrower	10011007.10011074.10011081.10011082.10011087
10011007	narrower	10011007.10011074.10011081.10011082.10011088
10011007	narrower	10011007.10011074.10011081.10011091
10011007	narrower	10011007.10011074.10011092
10011007	narrower	10011007.10011074.10011092.10010876
10011007	narrower	10011007.10011074.10011092.10011093
10011007	narrower	10011007.10011074.10011092.10011094
10011007	narrower	10011007.10011074.10011092.10011096
10011007	narrower	10011007.10011074.10011092.10011096.10011097
10011007	narrower	10011007.10011074.10011092.10011691
10011007	narrower	10011007.10011074.10011092.10011782
10011007	narrower	10011007.10011074.10011092.10011782.10011813
10011007	narrower	10011007.10011074.10011099
10011007	narrower	10011007.10011074.10011099.10010876
10011007	narrower	10011007.10011074.10011099.10011100
10011007	narrower	10011007.10011074.10011099.10011102
10011007	narrower	10011007.10011074.10011099.10011102.10011103
10011007	narrower	10011007.10011074.10011099.10011104
10011007	narrower	10011007.10011074.10011099.10011105
10011007	narrower	10011007.10011074.10011099.10011105.10011106
10011007	narrower	10011007.10011074.10011099.10011105.10011107
10011007	narrower	10011007.10011074.10011099.10011105.10011108
10011007	narrower	10011007.10011074.10011099.10011105.10011109
10011007	narrower	10011007.10011074.10011099.10011105.10011110
10011007	narrower	10011007.10011074.10011099.10011692
10011007	narrower	10011007.10011074.10011099.10011693
10011007	narrower	10011007.10011074.10011111
10011007	narrower	10011007.10011074.10011111.10003465
10011007	narrower	10011007.10011074.10011111.10010913
10011007	narrower	10011007.10011074.10011111.10011112
10011007	narrower	10011007.10011074.10011111.10011113
10011007	narrower	10011007.10011074.10011111.10011695
10011007	narrower	10011007.10011074.10011111.10011696
10011007	narrower	10011007.10011074.10011111.10011697
10011007	narrower	10011007.10011074.10011134
10011007	narrower	10011007.10011074.10011134.10003559
10011007	narrower	10011007.10011074.10011134.10011135
10011007	narrower	10011007.10011074.10011784
10011007.10010940	narrower	10011007.10010940.10010941.10003552
10011007.10010940	narrower	10011007.10010940.10010941.10010942
10011007.10010940	narrower	10011007.10010940.10010941.10010942.10010943
10011007.10010940	narrower	10011007.10010940.10010941.10010942.10010944
10011007.10010940	narrower	10011007.10010940.10010941.10010942.10010944.10010945
10011007.10010940	narrower	10011007.10010940.10010941.10010942.10010944.10010946
10011007.10010940	narrower	10011007.10010940.10010941.10010942.10010944.10010947
10011007.10010940	narrower	10011007.10010940.10010941.10010942.10010948
10011007.10010940	narrower	10011007.10010940.10010941.10010949
10011007.10010940	narrower	10011007.10010940.10010941.10010949.10003512
10011007.10010940	narrower	10011007.10010940.10010941.10010949.10010950
10011007.10010940	narrower	10011007.10010940.10010941.10010949.10010950.10010951
10011007.10010940	narrower	10011007.10010940.10010941.10010949.10010950.10010952
10011007.10010940	narrower	10011007.10010940.10010941.10010949.10010950.10010953
10011007.10010940	narrower	10011007.10010940.10010941.10010949.10010950.10010954
10011007.10010940	narrower	10011007.10010940.10010941.10010949.10010950.10010955
10011007.10010940	narrower	10011007.10010940.10010941.10010949.10010950.10010956
10011007.10010940	narrower	10011007.10010940.10010941.10010949.10010957
10011007.10010940	narrower	10011007.10010940.10010941.10010949.10010957.10010688
10011007.10010940	narrower	10011007.10010940.10010941.10010949.10010957.10010834
10011007.10010940	narrower	10011007.10010940.10010941.10010949.10010957.10010958
10011007.10010940	narrower	10011007.10010940.10010941.10010949.10010957.10010959
10011007.10010940	narrower	10011007.10010940.10010941.10010949.10010957.10010960
10011007.10010940	narrower	10011007.10010940.10010941.10010949.10010957.10010962
10011007.10010940	narrower	10011007.10010940.10010941.10010949.10010957.10010963
10011007.10010940	narrower	10011007.10010940.10010941.10010949.10010957.10010964
10011007.10010940	narrower	10011007.10010940.10010941.10010949.10010957.10011678
10011007.10010940	narrower	10011007.10010940.10010941.10010949.10010965
10011007.10010940	narrower	10011007.10010940.10010941.10010949.10010965.10010966
10011007.10010940	narrower	10011007.10010940.10010941.10010949.10010965.10010967
10011007.10010940	narrower	10011007.10010940.10010941.10010949.10010965.10010968
10011007.10010940	narrower	10011007.10010940.10010941.10010969
10011007.10010940	narrower	10011007.10010940.10010941.10010969.10010970
10011007.10010940	narrower	10011007.10010940.10010941.10010969.10011744
10011007.10010940	narrower	10011007.10010940.10010971.10010564
10011007.10010940	narrower	10011007.10010940.10010971.10010972
10011007.10010940	narrower	10011007.10010940.10010971.10010972.10010539
10011007.10010940	narrower	10011007.10010940.10010971.10010972.10010540
10011007.10010940	narrower	10011007.10010940.10010971.10010972.10010545
10011007.10010940	narrower	10011007.10010940.10010971.10010972.10010973
10011007.10010940	narrower	10011007.10010940.10010971.10010972.10010974
10011007.10010940	narrower	10011007.10010940.10010971.10010972.10010975
10011007.10010940	narrower	10011007.10010940.10010971.10010972.10010976
10011007.10010940	narrower	10011007.10010940.10010971.10010972.10010978
10011007.10010940	narrower	10011007.10010940.10010971.10010972.10010979
10011007.10010940	narrower	10011007.10010940.10010971.10010972.10011116
10011007.10010940	narrower	10011007.10010940.10010971.10010972.10011117
10011007.10010940	narrower	10011007.10010940.10010971.10010972.10011681
10011007.10010940	narrower	10011007.10010940.10010971.10010980
10011007.10010940	narrower	10011007.10010940.10010971.10010980.10010981
10011007.10010940	narrower	10011007.10010940.10010971.10010980.10010982
10011007.10010940	narrower	10011007.10010940.10010971.10010980.10010983
10011007.10010940	narrower	10011007.10010940.10010971.10010980.10010984
10011007.10010940	narrower	10011007.10010940.10010971.10010980.10010985
10011007.10010940	narrower	10011007.10010940.10010971.10010980.10010986
10011007.10010940	narrower	10011007.10010940.10010971.10010991
10011007.10010940	narrower	10011007.10010940.10010971.10011120
10011007.10010940	narrower	10011007.10010940.10010971.10011120.10003100
10011007.10010940	narrower	10011007.10010940.10010971.10011120.10010538
10011007.10010940	narrower	10011007.10010940.10010971.10011120.10010541
10011007.10010940	narrower	10011007.10010940.10010971.10011120.10011680
10011007.10010940	narrower	10011007.10010940.10010971.10011679
10011007.10010940	narrower	10011007.10010940.10010971.10011682
10011007.10010940	narrower	10011007.10010940.10010992.10010993
10011007.10010940	narrower	10011007.10010940.10010992.10010993.10010961
10011007.10010940	narrower	10011007.10010940.10010992.10010993.10010994
10011007.10010940	narrower	10011007.10010940.10010992.10010993.10010995
10011007.10010940	narrower	10011007.10010940.10010992.10010993.10010996
10011007.10010940	narrower	10011007.10010940.10010992.10010993.10010997
10011007.10010940	narrower	10011007.10010940.10010992.10010993.10011683
10011007.10010940	narrower	10011007.10010940.10010992.10010998
10011007.10010940	narrower	10011007.10010940.10010992.10010998.10003791
10011007.10010940	narrower	10011007.10010940.10010992.10010998.10010999
10011007.10010940	narrower	10011007.10010940.10010992.10010998.10011000
10011007.10010940	narrower	10011007.10010940.10010992.10010998.10011001
10011007.10010940	narrower	10011007.10010940.10011003.10010117
10011007.10010940	narrower	10011007.10010940.10011003.10011002
10011007.10010940	narrower	10011007.10010940.10011003.10011004
10011007.10010940	narrower	10011007.10010940.10011003.10011005
10011007.10010940	narrower	10011007.10010940.10011003.10011005.10011101
10011007.10010940	narrower	10011007.10010940.10011003.10011114
10011007.10010940	narrower	10011007.10010940.10011003.10011687
10011007.10010940.10010941	narrower	10011007.10010940.10010941.10010942.10010943
10011007.10010940.10010941	narrower	10011007.10010940.10010941.10010942.10010944
10011007.10010940.10010941	narrower	10011007.10010940.10010941.10010942.10010944.10010945
10011007.10010940.10010941	narrower	10011007.10010940.10010941.10010942.10010944.10010946
10011007.10010940.10010941	narrower	10011007.10010940.10010941.10010942.10010944.10010947
10011007.10010940.10010941	narrower	10011007.10010940.10010941.10010942.10010948
10011007.10010940.10010941	narrower	10011007.10010940.10010941.10010949.10003512
10011007.10010940.10010941	narrower	10011007.10010940.10010941.10010949.10010950
10011007.10010940.10010941	narrower	10011007.10010940.10010941.10010949.10010950.10010951
10011007.10010940.10010941	narrower	10011007.10010940.10010941.10010949.10010950.10010952
10011007.10010940.10010941	narrower	10011007.10010940.10010941.10010949.10010950.10010953
10011007.10010940.10010941	narrower	10011007.10010940.10010941.10010949.10010950.10010954
10011007.10010940.10010941	narrower	10011007.10010940.10010941.10010949.10010950.10010955
10011007.10010940.10010941	narrower	10011007.10010940.10010941.10010949.10010950.10010956
10011007.10010940.10010941	narrower	10011007.10010940.10010941.10010949.10010957
10011007.10010940.10010941	narrower	10011007.10010940.10010941.10010949.10010957.10010688
10011007.10010940.10010941	narrower	10011007.10010940.10010941.10010949.10010957.10010834
10011007.10010940.10010941	narrower	10011007.10010940.10010941.10010949.10010957.10010958
10011007.10010940.10010941	narrower	10011007.10010940.10010941.10010949.10010957.10010959
10011007.10010940.10010941	narrower	10011007.10010940.10010941.10010949.10010957.10010960
10011007.10010940.10010941	narrower	10011007.10010940.10010941.10010949.10010957.10010962
10011007.10010940.10010941	narrower	10011007.10010940.10010941.10010949.10010957.10010963
10011007.10010940.10010941	narrower	10011007.10010940.10010941.10010949.10010957.10010964
10011007.10010940.10010941	narrower	10011007.10010940.10010941.10010949.10010957.10011678
10011007.10010940.10010941	narrower	10011007.10010940.10010941.10010949.10010965
10011007.10010940.10010941	narrower	10011007.10010940.10010941.10010949.10010965.10010966
10011007.10010940.10010941	narrower	10011007.10010940.10010941.10010949.10010965.10010967
10011007.10010940.10010941	narrower	10011007.10010940.10010941.10010949.10010965.10010968
10011007.10010940.10010941	narrower	10011007.10010940.10010941.10010969.10010970
10011007.10010940.10010941	narrower	10011007.10010940.10010941.10010969.10011744
10011007.10010940.10010941.10010942	narrower	10011007.10010940.10010941.10010942.10010944.10010945
10011007.10010940.10010941.10010942	narrower	10011007.10010940.10010941.10010942.10010944.10010946
10011007.10010940.10010941.10010942	narrower	10011007.10010940.10010941.10010942.10010944.10010947
10011007.10010940.10010941.10010949	narrower	10011007.10010940.10010941.10010949.10010950.10010951
10011007.10010940.10010941.10010949	narrower	10011007.10010940.10010941.10010949.10010950.10010952
10011007.10010940.10010941.10010949	narrower	10011007.10010940.10010941.10010949.10010950.10010953
10011007.10010940.10010941.10010949	narrower	10011007.10010940.10010941.10010949.10010950.10010954
10011007.10010940.10010941.10010949	narrower	10011007.10010940.10010941.10010949.10010950.10010955
10011007.10010940.10010941.10010949	narrower	10011007.10010940.10010941.10010949.10010950.10010956
10011007.10010940.10010941.10010949	narrower	10011007.10010940.10010941.10010949.10010957.10010688
10011007.10010940.10010941.10010949	narrower	10011007.10010940.10010941.10010949.10010957.10010834
10011007.10010940.10010941.10010949	narrower	10011007.10010940.10010941.10010949.10010957.10010958
10011007.10010940.10010941.10010949	narrower	10011007.10010940.10010941.10010949.10010957.10010959
10011007.10010940.10010941.10010949	narrower	10011007.10010940.10010941.10010949.10010957.10010960
10011007.10010940.10010941.10010949	narrower	10011007.10010940.10010941.10010949.10010957.10010962
10011007.10010940.10010941.10010949	narrower	10011007.10010940.10010941.10010949.10010957.10010963
10011007.10010940.10010941.10010949	narrower	10011007.10010940.10010941.10010949.10010957.10010964
10011007.10010940.10010941.10010949	narrower	10011007.10010940.10010941.10010949.10010957.10011678
10011007.10010940.10010941.10010949	narrower	10011007.10010940.10010941.10010949.10010965.10010966
10011007.10010940.10010941.10010949	narrower	10011007.10010940.10010941.10010949.10010965.10010967
10011007.10010940.10010941.10010949	narrower	10011007.10010940.10010941.10010949.10010965.10010968
10011007.10010940.10010971	narrower	10011007.10010940.10010971.10010972.10010539
10011007.10010940.10010971	narrower	10011007.10010940.10010971.10010972.10010540
10011007.10010940.10010971	narrower	10011007.10010940.10010971.10010972.10010545
10011007.10010940.10010971	narrower	10011007.10010940.10010971.10010972.10010973
10011007.10010940.10010971	narrower	10011007.10010940.10010971.10010972.10010974
10011007.10010940.10010971	narrower	10011007.10010940.10010971.10010972.10010975
10011007.10010940.10010971	narrower	10011007.10010940.10010971.10010972.10010976
10011007.10010940.10010971	narrower	10011007.10010940.10010971.10010972.10010978
10011007.10010940.10010971	narrower	10011007.10010940.10010971.10010972.10010979
10011007.10010940.10010971	narrower	10011007.10010940.10010971.10010972.10011116
10011007.10010940.10010971	narrower	10011007.10010940.10010971.10010972.10011117
10011007.10010940.10010971	narrower	10011007.10010940.10010971.10010972.10011681
10011007.10010940.10010971	narrower	10011007.10010940.10010971.10010980.10010981
10011007.10010940.10010971	narrower	10011007.10010940.10010971.10010980.10010982
10011007.10010940.10010971	narrower	10011007.10010940.10010971.10010980.10010983
10011007.10010940.10010971	narrower	10011007.10010940.10010971.10010980.10010984
10011007.10010940.10010971	narrower	10011007.10010940.10010971.10010980.10010985
10011007.10010940.10010971	narrower	10011007.10010940.10010971.10010980.10010986
10011007.10010940.10010971	narrower	10011007.10010940.10010971.10011120.10003100
10011007.10010940.10010971	narrower	10011007.10010940.10010971.10011120.10010538
10011007.10010940.10010971	narrower	10011007.10010940.10010971.10011120.10010541
10011007.10010940.10010971	narrower	10011007.10010940.10010971.10011120.10011680
10011007.10010940.10010992	narrower	10011007.10010940.10010992.10010993.10010961
10011007.10010940.10010992	narrower	10011007.10010940.10010992.10010993.10010994
10011007.10010940.10010992	narrower	10011007.10010940.10010992.10010993.10010995
10011007.10010940.10010992	narrower	10011007.10010940.10010992.10010993.10010996
10011007.10010940.10010992	narrower	10011007.10010940.10010992.10010993.10010997
10011007.10010940.10010992	narrower	10011007.10010940.10010992.10010993.10011683
10011007.10010940.10010992	narrower	10011007.10010940.10010992.10010998.10003791
10011007.10010940.10010992	narrower	10011007.10010940.10010992.10010998.10010999
10011007.10010940.10010992	narrower	10011007.10010940.10010992.10010998.10011000
10011007.10010940.10010992	narrower	10011007.10010940.10010992.10010998.10011001
10011007.10010940.10011003	narrower	10011007.10010940.10011003.10011005.10011101
10011007.10011006	narrower	10011007.10011006.10011008.10011009
10011007.10011006	narrower	10011007.10011006.10011008.10011009.10010175
10011007.10011006	narrower	10011007.10011006.10011008.10011009.10010177
10011007.10011006	narrower	10011007.10011006.10011008.10011009.10011010
10011007.10011006	narrower	10011007.10011006.10011008.10011009.10011011
10011007.10011006	narrower	10011007.10011006.10011008.10011009.10011012
10011007.10011006	narrower	10011007.10011006.10011008.10011009.10011014
10011007.10011006	narrower	10011007.10011006.10011008.10011009.10011015
10011007.10011006	narrower	10011007.10011006.10011008.10011009.10011016
10011007.10011006	narrower	10011007.10011006.10011008.10011009.10011019
10011007.10011006	narrower	10011007.10011006.10011008.10011009.10011020
10011007.10011006	narrower	10011007.10011006.10011008.10011009.10011021
10011007.10011006	narrower	10011007.10011006.10011008.10011009.10011022
10011007.10011006	narrower	10011007.10011006.10011008.10011024
10011007.10011006	narrower	10011007.10011006.10011008.10011024.10003202
10011007.10011006	narrower	10011007.10011006.10011008.10011024.10011025
10011007.10011006	narrower	10011007.10011006.10011008.10011024.10011026
10011007.10011006	narrower	10011007.10011006.10011008.10011024.10011027
10011007.10011006	narrower	10011007.10011006.10011008.10011024.10011028
10011007.10011006	narrower	10011007.10011006.10011008.10011024.10011029
10011007.10011006	narrower	10011007.10011006.10011008.10011024.10011031
10011007.10011006	narrower	10011007.10011006.10011008.10011024.10011032
10011007.10011006	narrower	10011007.10011006.10011008.10011024.10011033
10011007.10011006	narrower	10011007.10011006.10011008.10011024.10011034
10011007.10011006	narrower	10011007.10011006.10011008.10011024.10011035
10011007.10011006	narrower	10011007.10011006.10011008.10011024.10011036
10011007.10011006	narrower	10011007.10011006.10011008.10011024.10011037
10011007.10011006	narrower	10011007.10011006.10011008.10011024.10011038
10011007.10011006	narrower	10011007.10011006.10011039.10011040
10011007.10011006	narrower	10011007.10011006.10011039.10011311
10011007.10011006	narrower	10011007.10011006.10011041.10010943
10011007.10011006	narrower	10011007.10011006.10011041.10011042
10011007.10011006	narrower	10011007.10011006.10011041.10011043
10011007.10011006	narrower	10011007.10011006.10011041.10011044
10011007.10011006	narrower	10011007.10011006.10011041.10011045
10011007.10011006	narrower	10011007.10011006.10011041.10011046
10011007.10011006	narrower	10011007.10011006.10011041.10011047
10011007.10011006	narrower	10011007.10011006.10011041.10011048
10011007.10011006	narrower	10011007.10011006.10011041.10011049
10011007.10011006	narrower	10011007.10011006.10011041.10011688
10011007.10011006	narrower	10011007.10011006.10011050.10010512
10011007.10011006	narrower	10011007.10011006.10011050.10010512.10003310
10011007.10011006	narrower	10011007.10011006.10011050.10010512.10011143
10011007.10011006	narrower	10011007.10011006.10011050.10010517
10011007.10011006	narrower	10011007.10011006.10011050.10011017
10011007.10011006	narrower	10011007.10011006.10011050.10011023
10011007.10011006	narrower	10011007.10011006.10011050.10011051
10011007.10011006	narrower	10011007.10011006.10011050.10011052
10011007.10011006	narrower	10011007.10011006.10011050.10011053
10011007.10011006	narrower	10011007.10011006.10011050.10011054
10011007.10011006	narrower	10011007.10011006.10011050.10011055
10011007.10011006	narrower	10011007.10011006.10011050.10011056
10011007.10011006	narrower	10011007.10011006.10011050.10011057
10011007.10011006	narrower	10011007.10011006.10011050.10011058
10011007.10011006	narrower	10011007.10011006.10011050.10011059
10011007.10011006	narrower	10011007.10011006.10011060.10011018
10011007.10011006	narrower	10011007.10011006.10011060.10011061
10011007.10011006	narrower	10011007.10011006.10011060.10011062
10011007.10011006	narrower	10011007.10011006.10011060.10011063
10011007.10011006	narrower	10011007.10011006.10011060.10011064
10011007.10011006	narrower	10011007.10011006.10011060.10011065
10011007.10011006	narrower	10011007.10011006.10011060.10011690
10011007.10011006	narrower	10011007.10011006.10011066.10011067
10011007.10011006	narrower	10011007.10011006.10011066.10011068
10011007.10011006	narrower	10011007.10011006.10011066.10011069
10011007.10011006	narrower	10011007.10011006.10011066.10011070
10011007.10011006.10011008	narrower	10011007.10011006.10011008.10011009.10010175
10011007.10011006.10011008	narrower	10011007.10011006.10011008.10011009.10010177
10011007.10011006.10011008	narrower	10011007.10011006.10011008.10011009.10011010
10011007.10011006.10011008	narrower	10011007.10011006.10011008.10011009.10011011
10011007.10011006.10011008	narrower	10011007.10011006.10011008.10011009.10011012
10011007.10011006.10011008	narrower	10011007.10011006.10011008.10011009.10011014
10011007.10011006.10011008	narrower	10011007.10011006.10011008.10011009.10011015
10011007.10011006.10011008	narrower	10011007.10011006.10011008.10011009.10011016
10011007.10011006.10011008	narrower	10011007.10011006.10011008.10011009.10011019
10011007.10011006.10011008	narrower	10011007.10011006.10011008.10011009.10011020
10011007.10011006.10011008	narrower	10011007.10011006.10011008.10011009.10011021
10011007.10011006.10011008	narrower	10011007.10011006.10011008.10011009.10011022
10011007.10011006.10011008	narrower	10011007.10011006.10011008.10011024.10003202
10011007.10011006.10011008	narrower	10011007.10011006.10011008.10011024.10011025
10011007.10011006.10011008	narrower	10011007.10011006.10011008.10011024.10011026
10011007.10011006.10011008	narrower	10011007.10011006.10011008.10011024.10011027
10011007.10011006.10011008	narrower	10011007.10011006.10011008.10011024.10011028
10011007.10011006.10011008	narrower	10011007.10011006.10011008.10011024.10011029
10011007.10011006.10011008	narrower	10011007.10011006.10011008.10011024.10011031
10011007.10011006.10011008	narrower	10011007.10011006.10011008.10011024.10011032
10011007.10011006.10011008	narrower	10011007.10011006.10011008.10011024.10011033
10011007.10011006.10011008	narrower	10011007.10011006.10011008.10011024.10011034
10011007.10011006.10011008	narrower	10011007.10011006.10011008.10011024.10011035
10011007.10011006.10011008	narrower	10011007.10011006.10011008.10011024.10011036
10011007.10011006.10011008	narrower	10011007.10011006.10011008.10011024.10011037
10011007.10011006.10011008	narrower	10011007.10011006.10011008.10011024.10011038
10011007.10011006.10011050	narrower	10011007.10011006.10011050.10010512.10003310
10011007.10011006.10011050	narrower	10011007.10011006.10011050.10010512.10011143
10011007.10011074	narrower	10011007.10011074.10011075.10011076
10011007.10011074	narrower	10011007.10011074.10011075.10011077
10011007.10011074	narrower	10011007.10011074.10011075.10011078
10011007.10011074	narrower	10011007.10011074.10011075.10011079
10011007.10011074	narrower	10011007.10011074.10011075.10011079.10011080
10011007.10011074	narrower	10011007.10011074.10011081.10011082
10011007.10011074	narrower	10011007.10011074.10011081.10011082.10010878
10011007.10011074	narrower	10011007.10011074.10011081.10011082.10011083
10011007.10011074	narrower	10011007.10011074.10011081.10011082.10011084
10011007.10011074	narrower	10011007.10011074.10011081.10011082.10011085
10011007.10011074	narrower	10011007.10011074.10011081.10011082.10011086
10011007.10011074	narrower	10011007.10011074.10011081.10011082.10011087
10011007.10011074	narrower	10011007.10011074.10011081.10011082.10011088
10011007.10011074	narrower	10011007.10011074.10011081.10011091
10011007.10011074	narrower	10011007.10011074.10011092.10010876
10011007.10011074	narrower	10011007.10011074.10011092.10011093
10011007.10011074	narrower	10011007.10011074.10011092.10011094
10011007.10011074	narrower	10011007.10011074.10011092.10011096
10011007.10011074	narrower	10011007.10011074.10011092.10011096.10011097
10011007.10011074	narrower	10011007.10011074.10011092.10011691
10011007.10011074	narrower	10011007.10011074.10011092.10011782
10011007.10011074	narrower	10011007.10011074.10011092.10011782.10011813
10011007.10011074	narrower	10011007.10011074.10011099.10010876
10011007.10011074	narrower	10011007.10011074.10011099.10011100
10011007.10011074	narrower	10011007.10011074.10011099.10011102
10011007.10011074	narrower	10011007.10011074.10011099.10011102.10011103
10011007.10011074	narrower	10011007.10011074.10011099.10011104
10011007.10011074	narrower	10011007.10011074.10011099.10011105
10011007.10011074	narrower	10011007.10011074.10011099.10011105.10011106
10011007.10011074	narrower	10011007.10011074.10011099.10011105.10011107
10011007.10011074	narrower	10011007.10011074.10011099.10011105.10011108
10011007.10011074	narrower	10011007.10011074.10011099.10011105.10011109
10011007.10011074	narrower	10011007.10011074.10011099.10011105.10011110
10011007.10011074	narrower	10011007.10011074.10011099.10011692
10011007.10011074	narrower	10011007.10011074.10011099.10011693
10011007.10011074	narrower	10011007.10011074.10011111.10003465
10011007.10011074	narrower	10011007.10011074.10011111.10010913
10011007.10011074	narrower	10011007.10011074.10011111.10011112
10011007.10011074	narrower	10011007.10011074.10011111.10011113
10011007.10011074	narrower	10011007.10011074.10011111.10011695
10011007.10011074	narrower	10011007.10011074.10011111.10011696
10011007.10011074	narrower	10011007.10011074.10011111.10011697
10011007.10011074	narrower	10011007.10011074.10011134.10003559
10011007.10011074	narrower	10011007.10011074.10011134.10011135
10011007.10011074.10011075	narrower	10011007.10011074.10011075.10011079.10011080
10011007.10011074.10011081	narrower	10011007.10011074.10011081.10011082.10010878
10011007.10011074.10011081	narrower	10011007.10011074.10011081.10011082.10011083
10011007.10011074.10011081	narrower	10011007.10011074.10011081.10011082.10011084
10011007.10011074.10011081	narrower	10011007.10011074.10011081.10011082.10011085
10011007.10011074.10011081	narrower	10011007.10011074.10011081.10011082.10011086
10011007.10011074.10011081	narrower	10011007.10011074.10011081.10011082.10011087
10011007.10011074.10011081	narrower	10011007.10011074.10011081.10011082.10011088
10011007.10011074.10011092	narrower	10011007.10011074.10011092.10011096.10011097
10011007.10011074.10011092	narrower	10011007.10011074.10011092.10011782.10011813
10011007.10011074.10011099	narrower	10011007.10011074.10011099.10011102.10011103
10011007.10011074.10011099	narrower	10011007.10011074.10011099.10011105.10011106
10011007.10011074.10011099	narrower	10011007.10011074.10011099.10011105.10011107
10011007.10011074.10011099	narrower	10011007.10011074.10011099.10011105.10011108
10011007.10011074.10011099	narrower	10011007.10011074.10011099.10011105.10011109
10011007.10011074.10011099	narrower	10011007.10011074.10011099.10011105.10011110
