DOID_0001816	has_subclass	DOID_265
DOID_0001816	has_subclass	DOID_268
DOID_0001816	has_subclass	DOID_4505
DOID_0001816	has_subclass	DOID_4510
DOID_0001816	has_subclass	DOID_4512
DOID_0001816	has_subclass	DOID_4513
DOID_0001816	has_subclass	DOID_4522
DOID_0001816	has_subclass	DOID_4525
DOID_0001816	has_subclass	DOID_4527
DOID_0002116	has_subclass	DOID_10525
DOID_0002116	has_subclass	DOID_10526
DOID_0014667	has_subclass	DOID_0060158
DOID_0014667	has_subclass	DOID_0061212
DOID_0040001	has_subclass	DOID_0060525
DOID_0040001	has_subclass	DOID_0060527
DOID_0040001	has_subclass	DOID_0060528
DOID_0040001	has_subclass	DOID_0060529
DOID_0040021	has_subclass	DOID_0040005
DOID_0040021	has_subclass	DOID_0040020
DOID_0040021	has_subclass	DOID_0040023
DOID_0040021	has_subclass	DOID_0040024
DOID_0040021	has_subclass	DOID_0040025
DOID_0040021	has_subclass	DOID_0040030
DOID_0040021	has_subclass	DOID_0040103
DOID_0040041	has_subclass	DOID_0040040
DOID_0040041	has_subclass	DOID_0040042
DOID_0040041	has_subclass	DOID_0040044
DOID_0040043	has_subclass	DOID_0040104
DOID_0050032	has_subclass	DOID_10575
DOID_0050032	has_subclass	DOID_4500
DOID_0050117	has_subclass	DOID_104
DOID_0050117	has_subclass	DOID_1398
DOID_0050117	has_subclass	DOID_934
DOID_0050120	has_subclass	DOID_0110921
DOID_0050120	has_subclass	DOID_0110922
DOID_0050120	has_subclass	DOID_0110923
DOID_0050120	has_subclass	DOID_0110924
DOID_0050120	has_subclass	DOID_0110925
DOID_0050127	has_subclass	DOID_10791
DOID_0050127	has_subclass	DOID_9507
DOID_0050129	has_subclass	DOID_0060296
DOID_0050129	has_subclass	DOID_0060777
DOID_0050129	has_subclass	DOID_0060781
DOID_0050133	has_subclass	DOID_12711
DOID_0050133	has_subclass	DOID_13902
DOID_0050133	has_subclass	DOID_8912
DOID_0050133	has_subclass	DOID_9060
DOID_0050134	has_subclass	DOID_1563
DOID_0050135	has_subclass	DOID_0050278
DOID_0050135	has_subclass	DOID_0050279
DOID_0050135	has_subclass	DOID_1562
DOID_0050136	has_subclass	DOID_0050292
DOID_0050147	has_subclass	DOID_10519
DOID_0050152	has_subclass	DOID_873
DOID_0050155	has_subclass	DOID_0060030
DOID_0050155	has_subclass	DOID_0112240
DOID_0050155	has_subclass	DOID_5614
DOID_0050161	has_subclass	DOID_1176
DOID_0050161	has_subclass	DOID_1532
DOID_0050161	has_subclass	DOID_850
DOID_0050169	has_subclass	DOID_0060386
DOID_0050177	has_subclass	DOID_0050451
DOID_0050177	has_subclass	DOID_0050593
DOID_0050177	has_subclass	DOID_0050735
DOID_0050177	has_subclass	DOID_0050738
DOID_0050177	has_subclass	DOID_0050739
DOID_0050177	has_subclass	DOID_0060233
DOID_0050177	has_subclass	DOID_0060340
DOID_0050177	has_subclass	DOID_0060648
DOID_0050177	has_subclass	DOID_0060674
DOID_0050177	has_subclass	DOID_0060746
DOID_0050177	has_subclass	DOID_0060836
DOID_0050177	has_subclass	DOID_0070085
DOID_0050177	has_subclass	DOID_0070089
DOID_0050177	has_subclass	DOID_0070090
DOID_0050177	has_subclass	DOID_0070092
DOID_0050177	has_subclass	DOID_0070093
DOID_0050177	has_subclass	DOID_0070305
DOID_0050177	has_subclass	DOID_0080044
DOID_0050177	has_subclass	DOID_0080110
DOID_0050177	has_subclass	DOID_0080198
DOID_0050177	has_subclass	DOID_0090030
DOID_0050177	has_subclass	DOID_0110049
DOID_0050177	has_subclass	DOID_0110050
DOID_0050177	has_subclass	DOID_0110291
DOID_0050177	has_subclass	DOID_0110331
DOID_0050177	has_subclass	DOID_0110333
DOID_0050177	has_subclass	DOID_0110343
DOID_0050177	has_subclass	DOID_0110350
DOID_0050177	has_subclass	DOID_0110429
DOID_0050177	has_subclass	DOID_0110430
DOID_0050177	has_subclass	DOID_0110431
DOID_0050177	has_subclass	DOID_0110434
DOID_0050177	has_subclass	DOID_0110435
DOID_0050177	has_subclass	DOID_0110436
DOID_0050177	has_subclass	DOID_0110437
DOID_0050177	has_subclass	DOID_0110439
DOID_0050177	has_subclass	DOID_0110440
DOID_0050177	has_subclass	DOID_0110442
DOID_0050177	has_subclass	DOID_0110446
DOID_0050177	has_subclass	DOID_0110449
DOID_0050177	has_subclass	DOID_0110451
DOID_0050177	has_subclass	DOID_0110452
DOID_0050177	has_subclass	DOID_0110453
DOID_0050177	has_subclass	DOID_0110458
DOID_0050177	has_subclass	DOID_0110459
DOID_0050177	has_subclass	DOID_0110857
DOID_0050177	has_subclass	DOID_0110882
DOID_0050177	has_subclass	DOID_0110883
DOID_0050177	has_subclass	DOID_0110884
DOID_0050177	has_subclass	DOID_0110885
DOID_0050177	has_subclass	DOID_0110886
DOID_0050177	has_subclass	DOID_0110887
DOID_0050177	has_subclass	DOID_0110888
DOID_0050177	has_subclass	DOID_0110889
DOID_0050177	has_subclass	DOID_0110890
DOID_0050177	has_subclass	DOID_0110892
DOID_0050177	has_subclass	DOID_0110893
DOID_0050177	has_subclass	DOID_0110894
DOID_0050177	has_subclass	DOID_0110895
DOID_0050177	has_subclass	DOID_0110896
DOID_0050177	has_subclass	DOID_0110897
DOID_0050177	has_subclass	DOID_0110898
DOID_0050177	has_subclass	DOID_0110900
DOID_0050177	has_subclass	DOID_0110901
DOID_0050177	has_subclass	DOID_0110902
DOID_0050177	has_subclass	DOID_0110903
DOID_0050177	has_subclass	DOID_0110904
DOID_0050177	has_subclass	DOID_0110905
DOID_0050177	has_subclass	DOID_0110907
DOID_0050177	has_subclass	DOID_0110908
DOID_0050177	has_subclass	DOID_0111086
DOID_0050177	has_subclass	DOID_0111088
DOID_0050177	has_subclass	DOID_0111094
DOID_0050177	has_subclass	DOID_0111097
DOID_0050177	has_subclass	DOID_0111154
DOID_0050177	has_subclass	DOID_0112120
DOID_0050177	has_subclass	DOID_0112172
DOID_0050177	has_subclass	DOID_11725
DOID_0050177	has_subclass	DOID_2187
DOID_0050177	has_subclass	DOID_2581
DOID_0050177	has_subclass	DOID_2590
DOID_0050177	has_subclass	DOID_3490
DOID_0050177	has_subclass	DOID_83
DOID_0050242	has_subclass	DOID_0050246
DOID_0050291	has_subclass	DOID_2409
DOID_0050292	has_subclass	DOID_0050072
DOID_0050292	has_subclass	DOID_11186
DOID_0050292	has_subclass	DOID_12662
DOID_0050292	has_subclass	DOID_12663
DOID_0050292	has_subclass	DOID_13450
DOID_0050292	has_subclass	DOID_14049
DOID_0050292	has_subclass	DOID_14484
DOID_0050292	has_subclass	DOID_1731
DOID_0050328	has_subclass	DOID_0070123
DOID_0050328	has_subclass	DOID_0070124
DOID_0050328	has_subclass	DOID_0070125
DOID_0050328	has_subclass	DOID_0070126
DOID_0050328	has_subclass	DOID_0070127
DOID_0050328	has_subclass	DOID_0070128
DOID_0050328	has_subclass	DOID_0111835
DOID_0050328	has_subclass	DOID_0111836
DOID_0050328	has_subclass	DOID_0111837
DOID_0050335	has_subclass	DOID_0070363
DOID_0050335	has_subclass	DOID_0070364
DOID_0050338	has_subclass	DOID_0050061
DOID_0050338	has_subclass	DOID_0050456
DOID_0050338	has_subclass	DOID_0050485
DOID_0050338	has_subclass	DOID_0060859
DOID_0050338	has_subclass	DOID_0070527
DOID_0050338	has_subclass	DOID_1022
DOID_0050338	has_subclass	DOID_10242
DOID_0050338	has_subclass	DOID_10458
DOID_0050338	has_subclass	DOID_11100
DOID_0050338	has_subclass	DOID_11102
DOID_0050338	has_subclass	DOID_11262
DOID_0050338	has_subclass	DOID_11336
DOID_0050338	has_subclass	DOID_11338
DOID_0050338	has_subclass	DOID_11405
DOID_0050338	has_subclass	DOID_11573
DOID_0050338	has_subclass	DOID_11729
DOID_0050338	has_subclass	DOID_11976
DOID_0050338	has_subclass	DOID_12096
DOID_0050338	has_subclass	DOID_12385
DOID_0050338	has_subclass	DOID_13238
DOID_0050338	has_subclass	DOID_13258
DOID_0050338	has_subclass	DOID_13431
DOID_0050338	has_subclass	DOID_13444
DOID_0050338	has_subclass	DOID_13778
DOID_0050338	has_subclass	DOID_1498
DOID_0050338	has_subclass	DOID_2123
DOID_0050338	has_subclass	DOID_2297
DOID_0050338	has_subclass	DOID_2755
DOID_0050338	has_subclass	DOID_3055
DOID_0050338	has_subclass	DOID_3482
DOID_0050338	has_subclass	DOID_5052
DOID_0050338	has_subclass	DOID_96
DOID_0050339	has_subclass	DOID_1116
DOID_0050339	has_subclass	DOID_11263
DOID_0050339	has_subclass	DOID_11265
DOID_0050339	has_subclass	DOID_11337
DOID_0050339	has_subclass	DOID_13800
DOID_0050339	has_subclass	DOID_14115
DOID_0050339	has_subclass	DOID_4974
DOID_0050339	has_subclass	DOID_8478
DOID_0050339	has_subclass	DOID_9159
DOID_0050340	has_subclass	DOID_0070528
DOID_0050340	has_subclass	DOID_2312
DOID_0050340	has_subclass	DOID_3091
DOID_0050424	has_subclass	DOID_0080409
DOID_0050424	has_subclass	DOID_0080410
DOID_0050424	has_subclass	DOID_0080411
DOID_0050424	has_subclass	DOID_0080412
DOID_0050427	has_subclass	DOID_0110843
DOID_0050427	has_subclass	DOID_0110844
DOID_0050427	has_subclass	DOID_0110845
DOID_0050427	has_subclass	DOID_0110846
DOID_0050427	has_subclass	DOID_0110847
DOID_0050427	has_subclass	DOID_0110848
DOID_0050427	has_subclass	DOID_0110849
DOID_0050427	has_subclass	DOID_0110850
DOID_0050427	has_subclass	DOID_0112158
DOID_0050428	has_subclass	DOID_0070550
DOID_0050428	has_subclass	DOID_0070554
DOID_0050428	has_subclass	DOID_0070555
DOID_0050428	has_subclass	DOID_0080551
DOID_0050428	has_subclass	DOID_0111707
DOID_0050428	has_subclass	DOID_0111708
DOID_0050428	has_subclass	DOID_0111710
DOID_0050431	has_subclass	DOID_0080959
DOID_0050431	has_subclass	DOID_0110070
DOID_0050431	has_subclass	DOID_0110072
DOID_0050431	has_subclass	DOID_0110073
DOID_0050431	has_subclass	DOID_0110074
DOID_0050431	has_subclass	DOID_0110075
DOID_0050431	has_subclass	DOID_0110076
DOID_0050431	has_subclass	DOID_0110077
DOID_0050431	has_subclass	DOID_0110081
DOID_0050431	has_subclass	DOID_0110082
DOID_0050431	has_subclass	DOID_0110083
DOID_0050431	has_subclass	DOID_0110084
DOID_0050439	has_subclass	DOID_0110826
DOID_0050439	has_subclass	DOID_0110827
DOID_0050439	has_subclass	DOID_0110829
DOID_0050440	has_subclass	DOID_0070202
DOID_0050440	has_subclass	DOID_0070203
DOID_0050440	has_subclass	DOID_0070204
DOID_0050440	has_subclass	DOID_0070205
DOID_0050440	has_subclass	DOID_0070206
DOID_0050440	has_subclass	DOID_0070207
DOID_0050448	has_subclass	DOID_0081287
DOID_0050448	has_subclass	DOID_0081288
DOID_0050451	has_subclass	DOID_0110218
DOID_0050451	has_subclass	DOID_0110219
DOID_0050451	has_subclass	DOID_0110220
DOID_0050451	has_subclass	DOID_0110221
DOID_0050451	has_subclass	DOID_0110222
DOID_0050451	has_subclass	DOID_0110223
DOID_0050451	has_subclass	DOID_0110224
DOID_0050451	has_subclass	DOID_0110225
DOID_0050451	has_subclass	DOID_0110226
DOID_0050453	has_subclass	DOID_0060902
DOID_0050453	has_subclass	DOID_0112228
DOID_0050453	has_subclass	DOID_0112229
DOID_0050453	has_subclass	DOID_0112230
DOID_0050453	has_subclass	DOID_0112231
DOID_0050453	has_subclass	DOID_0112232
DOID_0050453	has_subclass	DOID_0112233
DOID_0050453	has_subclass	DOID_0112234
DOID_0050453	has_subclass	DOID_0112237
DOID_0050453	has_subclass	DOID_0112238
DOID_0050453	has_subclass	DOID_0112239
DOID_0050454	has_subclass	DOID_0061245
DOID_0050454	has_subclass	DOID_0061246
DOID_0050454	has_subclass	DOID_0061269
DOID_0050454	has_subclass	DOID_0061270
DOID_0050457	has_subclass	DOID_0070186
DOID_0050457	has_subclass	DOID_0070189
DOID_0050466	has_subclass	DOID_0060964
DOID_0050466	has_subclass	DOID_0070233
DOID_0050466	has_subclass	DOID_0070234
DOID_0050466	has_subclass	DOID_0070235
DOID_0050466	has_subclass	DOID_0070236
DOID_0050466	has_subclass	DOID_0070237
DOID_0050467	has_subclass	DOID_0080248
DOID_0050467	has_subclass	DOID_0080249
DOID_0050467	has_subclass	DOID_0080250
DOID_0050467	has_subclass	DOID_0080251
DOID_0050467	has_subclass	DOID_0080766
DOID_0050467	has_subclass	DOID_0111195
DOID_0050472	has_subclass	DOID_0061145
DOID_0050472	has_subclass	DOID_0061152
DOID_0050472	has_subclass	DOID_0061153
DOID_0050475	has_subclass	DOID_0061273
DOID_0050475	has_subclass	DOID_0061274
DOID_0050475	has_subclass	DOID_0061275
DOID_0050475	has_subclass	DOID_0061276
DOID_0050480	has_subclass	DOID_11254
DOID_0050486	has_subclass	DOID_0050487
DOID_0050486	has_subclass	DOID_8672
DOID_0050515	has_subclass	DOID_0050513
DOID_0050515	has_subclass	DOID_0050514
DOID_0050515	has_subclass	DOID_9786
DOID_0050524	has_subclass	DOID_0111099
DOID_0050524	has_subclass	DOID_0111100
DOID_0050524	has_subclass	DOID_0111102
DOID_0050524	has_subclass	DOID_0111103
DOID_0050524	has_subclass	DOID_0111104
DOID_0050524	has_subclass	DOID_0111105
DOID_0050524	has_subclass	DOID_0111106
DOID_0050524	has_subclass	DOID_0111107
DOID_0050524	has_subclass	DOID_0111108
DOID_0050524	has_subclass	DOID_0111109
DOID_0050524	has_subclass	DOID_0111110
DOID_0050524	has_subclass	DOID_0111111
DOID_0050534	has_subclass	DOID_0110712
DOID_0050534	has_subclass	DOID_0110713
DOID_0050534	has_subclass	DOID_0110714
DOID_0050534	has_subclass	DOID_0110715
DOID_0050534	has_subclass	DOID_0110862
DOID_0050534	has_subclass	DOID_0110863
DOID_0050534	has_subclass	DOID_0110864
DOID_0050534	has_subclass	DOID_0110865
DOID_0050534	has_subclass	DOID_0110866
DOID_0050534	has_subclass	DOID_0110867
DOID_0050534	has_subclass	DOID_0110868
DOID_0050534	has_subclass	DOID_0110869
DOID_0050534	has_subclass	DOID_0110870
DOID_0050534	has_subclass	DOID_0110871
DOID_0050535	has_subclass	DOID_0080264
DOID_0050535	has_subclass	DOID_0111408
DOID_0050535	has_subclass	DOID_0111409
DOID_0050535	has_subclass	DOID_0111410
DOID_0050535	has_subclass	DOID_0111411
DOID_0050535	has_subclass	DOID_0111412
DOID_0050535	has_subclass	DOID_0111413
DOID_0050538	has_subclass	DOID_0110148
DOID_0050538	has_subclass	DOID_0110149
DOID_0050538	has_subclass	DOID_0110150
DOID_0050538	has_subclass	DOID_0110151
DOID_0050538	has_subclass	DOID_0110152
DOID_0050538	has_subclass	DOID_0110153
DOID_0050538	has_subclass	DOID_0111560
DOID_0050539	has_subclass	DOID_0051043
DOID_0050539	has_subclass	DOID_0061251
DOID_0050539	has_subclass	DOID_0110154
DOID_0050539	has_subclass	DOID_0110155
DOID_0050539	has_subclass	DOID_0110156
DOID_0050539	has_subclass	DOID_0110157
DOID_0050539	has_subclass	DOID_0110158
DOID_0050539	has_subclass	DOID_0110159
DOID_0050539	has_subclass	DOID_0110160
DOID_0050539	has_subclass	DOID_0110161
DOID_0050539	has_subclass	DOID_0110162
DOID_0050539	has_subclass	DOID_0110163
DOID_0050539	has_subclass	DOID_0110164
DOID_0050539	has_subclass	DOID_0110165
DOID_0050539	has_subclass	DOID_0110166
DOID_0050539	has_subclass	DOID_0110167
DOID_0050539	has_subclass	DOID_0110168
DOID_0050539	has_subclass	DOID_0110169
DOID_0050539	has_subclass	DOID_0110170
DOID_0050539	has_subclass	DOID_0110171
DOID_0050539	has_subclass	DOID_0110173
DOID_0050539	has_subclass	DOID_0110174
DOID_0050539	has_subclass	DOID_0110175
DOID_0050539	has_subclass	DOID_0110176
DOID_0050539	has_subclass	DOID_0110177
DOID_0050539	has_subclass	DOID_0110178
DOID_0050539	has_subclass	DOID_0110179
DOID_0050539	has_subclass	DOID_0110180
DOID_0050539	has_subclass	DOID_0110181
DOID_0050539	has_subclass	DOID_0110182
DOID_0050539	has_subclass	DOID_0111557
DOID_0050539	has_subclass	DOID_0111558
DOID_0050539	has_subclass	DOID_0111559
DOID_0050541	has_subclass	DOID_0051028
DOID_0050541	has_subclass	DOID_0110183
DOID_0050541	has_subclass	DOID_0110184
DOID_0050541	has_subclass	DOID_0110185
DOID_0050541	has_subclass	DOID_0110186
DOID_0050541	has_subclass	DOID_0110187
DOID_0050541	has_subclass	DOID_0110190
DOID_0050541	has_subclass	DOID_0110191
DOID_0050541	has_subclass	DOID_0110192
DOID_0050541	has_subclass	DOID_0110193
DOID_0050541	has_subclass	DOID_0110194
DOID_0050541	has_subclass	DOID_0110195
DOID_0050541	has_subclass	DOID_0110196
DOID_0050542	has_subclass	DOID_0110207
DOID_0050542	has_subclass	DOID_0110208
DOID_0050542	has_subclass	DOID_0110209
DOID_0050542	has_subclass	DOID_0110210
DOID_0050542	has_subclass	DOID_0110211
DOID_0050542	has_subclass	DOID_0110212
DOID_0050543	has_subclass	DOID_0080294
DOID_0050543	has_subclass	DOID_0110197
DOID_0050543	has_subclass	DOID_0110198
DOID_0050543	has_subclass	DOID_0110199
DOID_0050543	has_subclass	DOID_0110200
DOID_0050543	has_subclass	DOID_0110201
DOID_0050543	has_subclass	DOID_0110202
DOID_0050543	has_subclass	DOID_0110203
DOID_0050543	has_subclass	DOID_0110204
DOID_0050543	has_subclass	DOID_0110205
DOID_0050543	has_subclass	DOID_0110206
DOID_0050544	has_subclass	DOID_0111037
DOID_0050544	has_subclass	DOID_0111038
DOID_0050544	has_subclass	DOID_0111039
DOID_0050545	has_subclass	DOID_0051016
DOID_0050545	has_subclass	DOID_0051017
DOID_0050545	has_subclass	DOID_0051018
DOID_0050545	has_subclass	DOID_0051019
DOID_0050545	has_subclass	DOID_0051020
DOID_0050545	has_subclass	DOID_0051021
DOID_0050545	has_subclass	DOID_0051022
DOID_0050545	has_subclass	DOID_0051023
DOID_0050545	has_subclass	DOID_0051024
DOID_0050545	has_subclass	DOID_0051025
DOID_0050545	has_subclass	DOID_0051026
DOID_0050545	has_subclass	DOID_0051027
DOID_0050545	has_subclass	DOID_0060856
DOID_0050545	has_subclass	DOID_0061123
DOID_0050545	has_subclass	DOID_758
DOID_0050548	has_subclass	DOID_0061188
DOID_0050548	has_subclass	DOID_0070145
DOID_0050548	has_subclass	DOID_0070146
DOID_0050548	has_subclass	DOID_0070149
DOID_0050548	has_subclass	DOID_0070151
DOID_0050548	has_subclass	DOID_0070153
DOID_0050548	has_subclass	DOID_0070159
DOID_0050548	has_subclass	DOID_0070160
DOID_0050548	has_subclass	DOID_0110801
DOID_0050548	has_subclass	DOID_11589
DOID_0050557	has_subclass	DOID_0050558
DOID_0050557	has_subclass	DOID_0050560
DOID_0050557	has_subclass	DOID_0050663
DOID_0050557	has_subclass	DOID_0061202
DOID_0050557	has_subclass	DOID_0080197
DOID_0050557	has_subclass	DOID_0110632
DOID_0050557	has_subclass	DOID_0110633
DOID_0050557	has_subclass	DOID_0110634
DOID_0050557	has_subclass	DOID_0110636
DOID_0050557	has_subclass	DOID_0110639
DOID_0050557	has_subclass	DOID_0110640
DOID_0050557	has_subclass	DOID_0112374
DOID_0050558	has_subclass	DOID_0060942
DOID_0050558	has_subclass	DOID_0060943
DOID_0050558	has_subclass	DOID_0060946
DOID_0050558	has_subclass	DOID_0060948
DOID_0050563	has_subclass	DOID_0050564
DOID_0050563	has_subclass	DOID_0050566
DOID_0050563	has_subclass	DOID_0070310
DOID_0050564	has_subclass	DOID_0060690
DOID_0050564	has_subclass	DOID_0070601
DOID_0050564	has_subclass	DOID_0070602
DOID_0050564	has_subclass	DOID_0070603
DOID_0050564	has_subclass	DOID_0070604
DOID_0050564	has_subclass	DOID_0070605
DOID_0050564	has_subclass	DOID_0070606
DOID_0050564	has_subclass	DOID_0070607
DOID_0050564	has_subclass	DOID_0070608
DOID_0050564	has_subclass	DOID_0070609
DOID_0050564	has_subclass	DOID_0070610
DOID_0050564	has_subclass	DOID_0070611
DOID_0050564	has_subclass	DOID_0070612
DOID_0050564	has_subclass	DOID_0080267
DOID_0050564	has_subclass	DOID_0080268
DOID_0050564	has_subclass	DOID_0080269
DOID_0050564	has_subclass	DOID_0080270
DOID_0050564	has_subclass	DOID_0110541
DOID_0050564	has_subclass	DOID_0110542
DOID_0050564	has_subclass	DOID_0110543
DOID_0050564	has_subclass	DOID_0110544
DOID_0050564	has_subclass	DOID_0110545
DOID_0050564	has_subclass	DOID_0110546
DOID_0050564	has_subclass	DOID_0110547
DOID_0050564	has_subclass	DOID_0110548
DOID_0050564	has_subclass	DOID_0110549
DOID_0050564	has_subclass	DOID_0110550
DOID_0050564	has_subclass	DOID_0110551
DOID_0050564	has_subclass	DOID_0110552
DOID_0050564	has_subclass	DOID_0110553
DOID_0050564	has_subclass	DOID_0110554
DOID_0050564	has_subclass	DOID_0110555
DOID_0050564	has_subclass	DOID_0110556
DOID_0050564	has_subclass	DOID_0110557
DOID_0050564	has_subclass	DOID_0110558
DOID_0050564	has_subclass	DOID_0110559
DOID_0050564	has_subclass	DOID_0110560
DOID_0050564	has_subclass	DOID_0110561
DOID_0050564	has_subclass	DOID_0110562
DOID_0050564	has_subclass	DOID_0110563
DOID_0050564	has_subclass	DOID_0110564
DOID_0050564	has_subclass	DOID_0110565
DOID_0050564	has_subclass	DOID_0110566
DOID_0050564	has_subclass	DOID_0110567
DOID_0050564	has_subclass	DOID_0110568
DOID_0050564	has_subclass	DOID_0110569
DOID_0050564	has_subclass	DOID_0110570
DOID_0050564	has_subclass	DOID_0110571
DOID_0050564	has_subclass	DOID_0110572
DOID_0050564	has_subclass	DOID_0110573
DOID_0050564	has_subclass	DOID_0110574
DOID_0050564	has_subclass	DOID_0110575
DOID_0050564	has_subclass	DOID_0110576
DOID_0050564	has_subclass	DOID_0110577
DOID_0050564	has_subclass	DOID_0110579
DOID_0050564	has_subclass	DOID_0110580
DOID_0050564	has_subclass	DOID_0110581
DOID_0050564	has_subclass	DOID_0110582
DOID_0050564	has_subclass	DOID_0110583
DOID_0050564	has_subclass	DOID_0110584
DOID_0050564	has_subclass	DOID_0110585
DOID_0050564	has_subclass	DOID_0110586
DOID_0050564	has_subclass	DOID_0110587
DOID_0050564	has_subclass	DOID_0110588
DOID_0050564	has_subclass	DOID_0110589
DOID_0050564	has_subclass	DOID_0110590
DOID_0050564	has_subclass	DOID_0110591
DOID_0050564	has_subclass	DOID_0110592
DOID_0050564	has_subclass	DOID_0110593
DOID_0050564	has_subclass	DOID_0112159
DOID_0050564	has_subclass	DOID_0112160
DOID_0050564	has_subclass	DOID_0112165
DOID_0050564	has_subclass	DOID_0112166
DOID_0050564	has_subclass	DOID_0112167
DOID_0050564	has_subclass	DOID_0112168
DOID_0050564	has_subclass	DOID_0112373
DOID_0050565	has_subclass	DOID_0061124
DOID_0050565	has_subclass	DOID_0070669
DOID_0050565	has_subclass	DOID_0070670
DOID_0050565	has_subclass	DOID_0070671
DOID_0050565	has_subclass	DOID_0070672
DOID_0050565	has_subclass	DOID_0070673
DOID_0050565	has_subclass	DOID_0070674
DOID_0050565	has_subclass	DOID_0070675
DOID_0050565	has_subclass	DOID_0070676
DOID_0050565	has_subclass	DOID_0080261
DOID_0050565	has_subclass	DOID_0080262
DOID_0050565	has_subclass	DOID_0080263
DOID_0050565	has_subclass	DOID_0110462
DOID_0050565	has_subclass	DOID_0110463
DOID_0050565	has_subclass	DOID_0110464
DOID_0050565	has_subclass	DOID_0110465
DOID_0050565	has_subclass	DOID_0110467
DOID_0050565	has_subclass	DOID_0110468
DOID_0050565	has_subclass	DOID_0110469
DOID_0050565	has_subclass	DOID_0110470
DOID_0050565	has_subclass	DOID_0110471
DOID_0050565	has_subclass	DOID_0110472
DOID_0050565	has_subclass	DOID_0110473
DOID_0050565	has_subclass	DOID_0110474
DOID_0050565	has_subclass	DOID_0110475
DOID_0050565	has_subclass	DOID_0110476
DOID_0050565	has_subclass	DOID_0110477
DOID_0050565	has_subclass	DOID_0110478
DOID_0050565	has_subclass	DOID_0110479
DOID_0050565	has_subclass	DOID_0110480
DOID_0050565	has_subclass	DOID_0110481
DOID_0050565	has_subclass	DOID_0110482
DOID_0050565	has_subclass	DOID_0110483
DOID_0050565	has_subclass	DOID_0110484
DOID_0050565	has_subclass	DOID_0110485
DOID_0050565	has_subclass	DOID_0110486
DOID_0050565	has_subclass	DOID_0110487
DOID_0050565	has_subclass	DOID_0110488
DOID_0050565	has_subclass	DOID_0110489
DOID_0050565	has_subclass	DOID_0110490
DOID_0050565	has_subclass	DOID_0110491
DOID_0050565	has_subclass	DOID_0110492
DOID_0050565	has_subclass	DOID_0110493
DOID_0050565	has_subclass	DOID_0110494
DOID_0050565	has_subclass	DOID_0110495
DOID_0050565	has_subclass	DOID_0110496
DOID_0050565	has_subclass	DOID_0110497
DOID_0050565	has_subclass	DOID_0110498
DOID_0050565	has_subclass	DOID_0110499
DOID_0050565	has_subclass	DOID_0110500
DOID_0050565	has_subclass	DOID_0110501
DOID_0050565	has_subclass	DOID_0110502
DOID_0050565	has_subclass	DOID_0110503
DOID_0050565	has_subclass	DOID_0110504
DOID_0050565	has_subclass	DOID_0110505
DOID_0050565	has_subclass	DOID_0110506
DOID_0050565	has_subclass	DOID_0110507
DOID_0050565	has_subclass	DOID_0110508
DOID_0050565	has_subclass	DOID_0110509
DOID_0050565	has_subclass	DOID_0110510
DOID_0050565	has_subclass	DOID_0110511
DOID_0050565	has_subclass	DOID_0110512
DOID_0050565	has_subclass	DOID_0110513
DOID_0050565	has_subclass	DOID_0110514
DOID_0050565	has_subclass	DOID_0110515
DOID_0050565	has_subclass	DOID_0110516
DOID_0050565	has_subclass	DOID_0110517
DOID_0050565	has_subclass	DOID_0110518
DOID_0050565	has_subclass	DOID_0110519
DOID_0050565	has_subclass	DOID_0110520
DOID_0050565	has_subclass	DOID_0110521
DOID_0050565	has_subclass	DOID_0110522
DOID_0050565	has_subclass	DOID_0110523
DOID_0050565	has_subclass	DOID_0110524
DOID_0050565	has_subclass	DOID_0110525
DOID_0050565	has_subclass	DOID_0110526
DOID_0050565	has_subclass	DOID_0110527
DOID_0050565	has_subclass	DOID_0110528
DOID_0050565	has_subclass	DOID_0110529
DOID_0050565	has_subclass	DOID_0110530
DOID_0050565	has_subclass	DOID_0110531
DOID_0050565	has_subclass	DOID_0110532
DOID_0050565	has_subclass	DOID_0110533
DOID_0050565	has_subclass	DOID_0110534
DOID_0050565	has_subclass	DOID_0110535
DOID_0050565	has_subclass	DOID_0110536
DOID_0050565	has_subclass	DOID_0110537
DOID_0050565	has_subclass	DOID_0110538
DOID_0050565	has_subclass	DOID_0110539
DOID_0050565	has_subclass	DOID_0110540
DOID_0050565	has_subclass	DOID_0111634
DOID_0050565	has_subclass	DOID_0111635
DOID_0050565	has_subclass	DOID_0111636
DOID_0050565	has_subclass	DOID_0111637
DOID_0050565	has_subclass	DOID_0111638
DOID_0050565	has_subclass	DOID_0111639
DOID_0050565	has_subclass	DOID_0111640
DOID_0050565	has_subclass	DOID_0111641
DOID_0050565	has_subclass	DOID_0111642
DOID_0050565	has_subclass	DOID_0111643
DOID_0050565	has_subclass	DOID_0111644
DOID_0050565	has_subclass	DOID_0112162
DOID_0050566	has_subclass	DOID_0111735
DOID_0050566	has_subclass	DOID_0111736
DOID_0050566	has_subclass	DOID_0111737
DOID_0050566	has_subclass	DOID_0111738
DOID_0050566	has_subclass	DOID_0111739
DOID_0050566	has_subclass	DOID_0111740
DOID_0050567	has_subclass	DOID_0080395
DOID_0050567	has_subclass	DOID_0080396
DOID_0050567	has_subclass	DOID_0080397
DOID_0050567	has_subclass	DOID_0080398
DOID_0050567	has_subclass	DOID_0080399
DOID_0050567	has_subclass	DOID_0080400
DOID_0050567	has_subclass	DOID_0080401
DOID_0050567	has_subclass	DOID_0080402
DOID_0050567	has_subclass	DOID_0080403
DOID_0050567	has_subclass	DOID_0080404
DOID_0050567	has_subclass	DOID_0080405
DOID_0050567	has_subclass	DOID_0080406
DOID_0050567	has_subclass	DOID_0080407
DOID_0050567	has_subclass	DOID_0080408
DOID_0050567	has_subclass	DOID_0080593
DOID_0050567	has_subclass	DOID_0111706
DOID_0050567	has_subclass	DOID_674
DOID_0050567	has_subclass	DOID_9296
DOID_0050568	has_subclass	DOID_0061255
DOID_0050568	has_subclass	DOID_0112360
DOID_0050568	has_subclass	DOID_0112361
DOID_0050568	has_subclass	DOID_0112362
DOID_0050568	has_subclass	DOID_0112363
DOID_0050568	has_subclass	DOID_0112364
DOID_0050568	has_subclass	DOID_0112365
DOID_0050569	has_subclass	DOID_0070005
DOID_0050569	has_subclass	DOID_0070006
DOID_0050569	has_subclass	DOID_0070007
DOID_0050569	has_subclass	DOID_0070008
DOID_0050569	has_subclass	DOID_0070009
DOID_0050569	has_subclass	DOID_0070010
DOID_0050569	has_subclass	DOID_0070011
DOID_0050569	has_subclass	DOID_0070012
DOID_0050569	has_subclass	DOID_0070013
DOID_0050570	has_subclass	DOID_0080552
DOID_0050570	has_subclass	DOID_0080553
DOID_0050570	has_subclass	DOID_0080554
DOID_0050570	has_subclass	DOID_0080555
DOID_0050570	has_subclass	DOID_0080556
DOID_0050570	has_subclass	DOID_0080557
DOID_0050570	has_subclass	DOID_0080558
DOID_0050570	has_subclass	DOID_0080559
DOID_0050570	has_subclass	DOID_0080560
DOID_0050570	has_subclass	DOID_0080561
DOID_0050570	has_subclass	DOID_0080562
DOID_0050570	has_subclass	DOID_0080563
DOID_0050570	has_subclass	DOID_0080564
DOID_0050570	has_subclass	DOID_0080565
DOID_0050570	has_subclass	DOID_0080566
DOID_0050570	has_subclass	DOID_0080567
DOID_0050570	has_subclass	DOID_0080568
DOID_0050570	has_subclass	DOID_0080569
DOID_0050570	has_subclass	DOID_0080570
DOID_0050570	has_subclass	DOID_0080571
DOID_0050570	has_subclass	DOID_0080572
DOID_0050570	has_subclass	DOID_0080573
DOID_0050570	has_subclass	DOID_0080574
DOID_0050570	has_subclass	DOID_0111839
DOID_0050571	has_subclass	DOID_0051047
DOID_0050571	has_subclass	DOID_0051048
DOID_0050571	has_subclass	DOID_0051049
DOID_0050571	has_subclass	DOID_0051050
DOID_0050571	has_subclass	DOID_0051051
DOID_0050571	has_subclass	DOID_0051052
DOID_0050571	has_subclass	DOID_0051053
DOID_0050571	has_subclass	DOID_0070253
DOID_0050571	has_subclass	DOID_0070254
DOID_0050571	has_subclass	DOID_0070255
DOID_0050571	has_subclass	DOID_0070256
DOID_0050571	has_subclass	DOID_0070257
DOID_0050571	has_subclass	DOID_0070258
DOID_0050571	has_subclass	DOID_0070259
DOID_0050571	has_subclass	DOID_0070260
DOID_0050571	has_subclass	DOID_0070261
DOID_0050571	has_subclass	DOID_0070262
DOID_0050571	has_subclass	DOID_0070263
DOID_0050571	has_subclass	DOID_0070264
DOID_0050571	has_subclass	DOID_0070265
DOID_0050571	has_subclass	DOID_0070266
DOID_0050571	has_subclass	DOID_0070267
DOID_0050571	has_subclass	DOID_0070268
DOID_0050571	has_subclass	DOID_0070269
DOID_0050572	has_subclass	DOID_0080314
DOID_0050572	has_subclass	DOID_0081447
DOID_0050572	has_subclass	DOID_0081448
DOID_0050572	has_subclass	DOID_0081449
DOID_0050572	has_subclass	DOID_0111005
DOID_0050572	has_subclass	DOID_0111006
DOID_0050572	has_subclass	DOID_0111007
DOID_0050572	has_subclass	DOID_0111008
DOID_0050572	has_subclass	DOID_0111009
DOID_0050572	has_subclass	DOID_0111010
DOID_0050572	has_subclass	DOID_0111011
DOID_0050572	has_subclass	DOID_0111012
DOID_0050572	has_subclass	DOID_0111013
DOID_0050572	has_subclass	DOID_0111014
DOID_0050572	has_subclass	DOID_0111015
DOID_0050572	has_subclass	DOID_0111016
DOID_0050572	has_subclass	DOID_0111017
DOID_0050572	has_subclass	DOID_0111018
DOID_0050572	has_subclass	DOID_0111019
DOID_0050572	has_subclass	DOID_0111020
DOID_0050572	has_subclass	DOID_0111021
DOID_0050572	has_subclass	DOID_0111022
DOID_0050572	has_subclass	DOID_0111023
DOID_0050572	has_subclass	DOID_0111024
DOID_0050572	has_subclass	DOID_0111025
DOID_0050572	has_subclass	DOID_0111026
DOID_0050573	has_subclass	DOID_0050574
DOID_0050573	has_subclass	DOID_0050575
DOID_0050573	has_subclass	DOID_0111619
DOID_0050575	has_subclass	DOID_0111351
DOID_0050575	has_subclass	DOID_0111352
DOID_0050576	has_subclass	DOID_0061277
DOID_0050576	has_subclass	DOID_0061278
DOID_0050576	has_subclass	DOID_0061279
DOID_0050576	has_subclass	DOID_0061280
DOID_0050576	has_subclass	DOID_0061281
DOID_0050576	has_subclass	DOID_0061282
DOID_0050576	has_subclass	DOID_0061283
DOID_0050577	has_subclass	DOID_0080803
DOID_0050577	has_subclass	DOID_0080804
DOID_0050577	has_subclass	DOID_0080805
DOID_0050577	has_subclass	DOID_0080806
DOID_0050580	has_subclass	DOID_0070208
DOID_0050580	has_subclass	DOID_0070209
DOID_0050580	has_subclass	DOID_0070210
DOID_0050580	has_subclass	DOID_0070211
DOID_0050580	has_subclass	DOID_0070212
DOID_0050580	has_subclass	DOID_0070213
DOID_0050581	has_subclass	DOID_0110962
DOID_0050581	has_subclass	DOID_0110963
DOID_0050581	has_subclass	DOID_0110965
DOID_0050581	has_subclass	DOID_0110966
DOID_0050581	has_subclass	DOID_0110967
DOID_0050581	has_subclass	DOID_0110968
DOID_0050581	has_subclass	DOID_0110969
DOID_0050581	has_subclass	DOID_0110970
DOID_0050581	has_subclass	DOID_0110971
DOID_0050581	has_subclass	DOID_0110972
DOID_0050581	has_subclass	DOID_0110973
DOID_0050581	has_subclass	DOID_0110975
DOID_0050581	has_subclass	DOID_0110976
DOID_0050581	has_subclass	DOID_0110979
DOID_0050585	has_subclass	DOID_0111135
DOID_0050585	has_subclass	DOID_0111136
DOID_0050585	has_subclass	DOID_0111137
DOID_0050585	has_subclass	DOID_0111138
DOID_0050589	has_subclass	DOID_0060180
DOID_0050589	has_subclass	DOID_0110882
DOID_0050589	has_subclass	DOID_0110883
DOID_0050589	has_subclass	DOID_0110885
DOID_0050589	has_subclass	DOID_0110887
DOID_0050589	has_subclass	DOID_0110888
DOID_0050589	has_subclass	DOID_0110890
DOID_0050589	has_subclass	DOID_0110891
DOID_0050589	has_subclass	DOID_0110893
DOID_0050589	has_subclass	DOID_0110898
DOID_0050589	has_subclass	DOID_0110899
DOID_0050589	has_subclass	DOID_0110902
DOID_0050589	has_subclass	DOID_0110903
DOID_0050589	has_subclass	DOID_0110904
DOID_0050589	has_subclass	DOID_0110905
DOID_0050589	has_subclass	DOID_0110906
DOID_0050589	has_subclass	DOID_0110907
DOID_0050589	has_subclass	DOID_0110908
DOID_0050589	has_subclass	DOID_0110909
DOID_0050589	has_subclass	DOID_0112154
DOID_0050589	has_subclass	DOID_0112155
DOID_0050590	has_subclass	DOID_0080625
DOID_0050590	has_subclass	DOID_0112128
DOID_0050590	has_subclass	DOID_0112129
DOID_0050590	has_subclass	DOID_0112130
DOID_0050590	has_subclass	DOID_0112132
DOID_0050590	has_subclass	DOID_0112133
DOID_0050590	has_subclass	DOID_0112134
DOID_0050590	has_subclass	DOID_0112136
DOID_0050592	has_subclass	DOID_0080293
DOID_0050592	has_subclass	DOID_0080295
DOID_0050592	has_subclass	DOID_0110085
DOID_0050592	has_subclass	DOID_0110086
DOID_0050592	has_subclass	DOID_0110087
DOID_0050592	has_subclass	DOID_0110088
DOID_0050592	has_subclass	DOID_0110089
DOID_0050592	has_subclass	DOID_0110090
DOID_0050592	has_subclass	DOID_0110091
DOID_0050592	has_subclass	DOID_0110092
DOID_0050592	has_subclass	DOID_0110093
DOID_0050592	has_subclass	DOID_0110094
DOID_0050592	has_subclass	DOID_0110095
DOID_0050592	has_subclass	DOID_0110096
DOID_0050592	has_subclass	DOID_0110097
DOID_0050593	has_subclass	DOID_11212
DOID_0050594	has_subclass	DOID_0111040
DOID_0050594	has_subclass	DOID_0111041
DOID_0050594	has_subclass	DOID_0111042
DOID_0050594	has_subclass	DOID_0111043
DOID_0050596	has_subclass	DOID_10079
DOID_0050598	has_subclass	DOID_0050599
DOID_0050598	has_subclass	DOID_106
DOID_0050598	has_subclass	DOID_1638
DOID_0050598	has_subclass	DOID_1639
DOID_0050598	has_subclass	DOID_4889
DOID_0050598	has_subclass	DOID_4962
DOID_0050598	has_subclass	DOID_9861
DOID_0050599	has_subclass	DOID_404
DOID_0050599	has_subclass	DOID_9305
DOID_0050610	has_subclass	DOID_8661
DOID_0050615	has_subclass	DOID_0050619
DOID_0050615	has_subclass	DOID_11920
DOID_0050615	has_subclass	DOID_7474
DOID_0050615	has_subclass	DOID_9261
DOID_0050619	has_subclass	DOID_0080799
DOID_0050619	has_subclass	DOID_1355
DOID_0050619	has_subclass	DOID_1357
DOID_0050619	has_subclass	DOID_1360
DOID_0050619	has_subclass	DOID_1362
DOID_0050619	has_subclass	DOID_1363
DOID_0050619	has_subclass	DOID_2442
DOID_0050621	has_subclass	DOID_0081463
DOID_0050621	has_subclass	DOID_10195
DOID_0050621	has_subclass	DOID_1350
DOID_0050621	has_subclass	DOID_248
DOID_0050621	has_subclass	DOID_2598
DOID_0050621	has_subclass	DOID_3683
DOID_0050621	has_subclass	DOID_5157
DOID_0050621	has_subclass	DOID_6059
DOID_0050621	has_subclass	DOID_6564
DOID_0050622	has_subclass	DOID_0060086
DOID_0050622	has_subclass	DOID_10207
DOID_0050622	has_subclass	DOID_2616
DOID_0050622	has_subclass	DOID_5147
DOID_0050623	has_subclass	DOID_13109
DOID_0050623	has_subclass	DOID_13110
DOID_0050623	has_subclass	DOID_5427
DOID_0050623	has_subclass	DOID_5429
DOID_0050623	has_subclass	DOID_6932
DOID_0050623	has_subclass	DOID_7333
DOID_0050624	has_subclass	DOID_10087
DOID_0050624	has_subclass	DOID_10187
DOID_0050624	has_subclass	DOID_275
DOID_0050624	has_subclass	DOID_3117
DOID_0050624	has_subclass	DOID_3918
DOID_0050624	has_subclass	DOID_4147
DOID_0050624	has_subclass	DOID_4148
DOID_0050624	has_subclass	DOID_452
DOID_0050624	has_subclass	DOID_5146
DOID_0050624	has_subclass	DOID_7532
DOID_0050624	has_subclass	DOID_7851
DOID_0050624	has_subclass	DOID_959
DOID_0050624	has_subclass	DOID_960
DOID_0050625	has_subclass	DOID_0080640
DOID_0050625	has_subclass	DOID_10209
DOID_0050625	has_subclass	DOID_4608
DOID_0050625	has_subclass	DOID_5125
DOID_0050625	has_subclass	DOID_5468
DOID_0050625	has_subclass	DOID_5469
DOID_0050628	has_subclass	DOID_0061006
DOID_0050628	has_subclass	DOID_0110011
DOID_0050628	has_subclass	DOID_0110012
DOID_0050628	has_subclass	DOID_0110013
DOID_0050632	has_subclass	DOID_0070094
DOID_0050632	has_subclass	DOID_0070095
DOID_0050632	has_subclass	DOID_0070096
DOID_0050632	has_subclass	DOID_0070097
DOID_0050632	has_subclass	DOID_0070098
DOID_0050632	has_subclass	DOID_0070099
DOID_0050632	has_subclass	DOID_0070100
DOID_0050632	has_subclass	DOID_0080614
DOID_0050633	has_subclass	DOID_0090100
DOID_0050639	has_subclass	DOID_0050637
DOID_0050639	has_subclass	DOID_0080930
DOID_0050639	has_subclass	DOID_0080931
DOID_0050639	has_subclass	DOID_0080932
DOID_0050646	has_subclass	DOID_0111593
DOID_0050646	has_subclass	DOID_0111594
DOID_0050646	has_subclass	DOID_0111595
DOID_0050646	has_subclass	DOID_0111596
DOID_0050646	has_subclass	DOID_0111603
DOID_0050646	has_subclass	DOID_0111607
DOID_0050646	has_subclass	DOID_0111608
DOID_0050646	has_subclass	DOID_0111609
DOID_0050646	has_subclass	DOID_0111610
DOID_0050663	has_subclass	DOID_0061198
DOID_0050663	has_subclass	DOID_0061199
DOID_0050663	has_subclass	DOID_0061200
DOID_0050663	has_subclass	DOID_0061201
DOID_0050669	has_subclass	DOID_10965
DOID_0050669	has_subclass	DOID_10967
DOID_0050669	has_subclass	DOID_10968
DOID_0050671	has_subclass	DOID_11889
DOID_0050671	has_subclass	DOID_13799
DOID_0050671	has_subclass	DOID_13972
DOID_0050671	has_subclass	DOID_1647
DOID_0050671	has_subclass	DOID_1649
DOID_0050671	has_subclass	DOID_1650
DOID_0050671	has_subclass	DOID_9773
DOID_0050674	has_subclass	DOID_0111066
DOID_0050674	has_subclass	DOID_0111067
DOID_0050674	has_subclass	DOID_0111068
DOID_0050674	has_subclass	DOID_0111069
DOID_0050674	has_subclass	DOID_0111070
DOID_0050674	has_subclass	DOID_0111071
DOID_0050686	has_subclass	DOID_0050615
DOID_0050686	has_subclass	DOID_11934
DOID_0050686	has_subclass	DOID_193
DOID_0050686	has_subclass	DOID_2531
DOID_0050686	has_subclass	DOID_3093
DOID_0050686	has_subclass	DOID_3119
DOID_0050686	has_subclass	DOID_5093
DOID_0050687	has_subclass	DOID_0070003
DOID_0050687	has_subclass	DOID_1790
DOID_0050687	has_subclass	DOID_1909
DOID_0050687	has_subclass	DOID_3070
DOID_0050687	has_subclass	DOID_3350
DOID_0050687	has_subclass	DOID_6500
DOID_0050687	has_subclass	DOID_6501
DOID_0050688	has_subclass	DOID_3692
DOID_0050688	has_subclass	DOID_6126
DOID_0050688	has_subclass	DOID_7177
DOID_0050694	has_subclass	DOID_0080785
DOID_0050694	has_subclass	DOID_0080786
DOID_0050696	has_subclass	DOID_0050665
DOID_0050696	has_subclass	DOID_0050666
DOID_0050696	has_subclass	DOID_0050667
DOID_0050696	has_subclass	DOID_0050668
DOID_0050696	has_subclass	DOID_0081052
DOID_0050699	has_subclass	DOID_0081453
DOID_0050699	has_subclass	DOID_0081454
DOID_0050699	has_subclass	DOID_0111815
DOID_0050700	has_subclass	DOID_0060036
DOID_0050701	has_subclass	DOID_0050702
DOID_0050701	has_subclass	DOID_0050703
DOID_0050701	has_subclass	DOID_0070309
DOID_0050701	has_subclass	DOID_0112202
DOID_0050702	has_subclass	DOID_0050709
DOID_0050702	has_subclass	DOID_14264
DOID_0050702	has_subclass	DOID_14777
DOID_0050702	has_subclass	DOID_308
DOID_0050703	has_subclass	DOID_0050562
DOID_0050703	has_subclass	DOID_0060169
DOID_0050703	has_subclass	DOID_0111645
DOID_0050704	has_subclass	DOID_0050561
DOID_0050704	has_subclass	DOID_0050708
DOID_0050704	has_subclass	DOID_1825
DOID_0050704	has_subclass	DOID_2538
DOID_0050704	has_subclass	DOID_3329
DOID_0050705	has_subclass	DOID_0060172
DOID_0050705	has_subclass	DOID_0111689
DOID_0050705	has_subclass	DOID_4890
DOID_0050705	has_subclass	DOID_7725
DOID_0050706	has_subclass	DOID_2548
DOID_0050710	has_subclass	DOID_0080579
DOID_0050710	has_subclass	DOID_0080580
DOID_0050713	has_subclass	DOID_0080357
DOID_0050713	has_subclass	DOID_0080358
DOID_0050713	has_subclass	DOID_0080359
DOID_0050713	has_subclass	DOID_0080360
DOID_0050718	has_subclass	DOID_0050719
DOID_0050718	has_subclass	DOID_0061185
DOID_0050718	has_subclass	DOID_0070691
DOID_0050718	has_subclass	DOID_0090028
DOID_0050718	has_subclass	DOID_0111329
DOID_0050718	has_subclass	DOID_0111678
DOID_0050718	has_subclass	DOID_0111679
DOID_0050721	has_subclass	DOID_0050722
DOID_0050721	has_subclass	DOID_0050723
DOID_0050721	has_subclass	DOID_0050724
DOID_0050721	has_subclass	DOID_0080075
DOID_0050721	has_subclass	DOID_0080076
DOID_0050728	has_subclass	DOID_2747
DOID_0050730	has_subclass	DOID_0070238
DOID_0050730	has_subclass	DOID_0070239
DOID_0050730	has_subclass	DOID_0070240
DOID_0050730	has_subclass	DOID_0070241
DOID_0050730	has_subclass	DOID_0070242
DOID_0050730	has_subclass	DOID_0070243
DOID_0050730	has_subclass	DOID_0070244
DOID_0050730	has_subclass	DOID_0070245
DOID_0050730	has_subclass	DOID_0112138
DOID_0050731	has_subclass	DOID_0050734
DOID_0050731	has_subclass	DOID_0050818
DOID_0050735	has_subclass	DOID_0050566
DOID_0050735	has_subclass	DOID_0050776
DOID_0050735	has_subclass	DOID_0050781
DOID_0050735	has_subclass	DOID_0050953
DOID_0050735	has_subclass	DOID_0051003
DOID_0050735	has_subclass	DOID_0070381
DOID_0050735	has_subclass	DOID_0070595
DOID_0050735	has_subclass	DOID_0070596
DOID_0050735	has_subclass	DOID_0070597
DOID_0050735	has_subclass	DOID_0070599
DOID_0050735	has_subclass	DOID_0080009
DOID_0050735	has_subclass	DOID_0080494
DOID_0050735	has_subclass	DOID_0080687
DOID_0050735	has_subclass	DOID_0080861
DOID_0050735	has_subclass	DOID_0081043
DOID_0050735	has_subclass	DOID_0081059
DOID_0050735	has_subclass	DOID_0090027
DOID_0050735	has_subclass	DOID_0110272
DOID_0050735	has_subclass	DOID_0110415
DOID_0050735	has_subclass	DOID_0110416
DOID_0050735	has_subclass	DOID_0110461
DOID_0050735	has_subclass	DOID_0111388
DOID_0050735	has_subclass	DOID_0111765
DOID_0050735	has_subclass	DOID_0111777
DOID_0050735	has_subclass	DOID_0111779
DOID_0050735	has_subclass	DOID_0111780
DOID_0050735	has_subclass	DOID_0111788
DOID_0050735	has_subclass	DOID_0111799
DOID_0050735	has_subclass	DOID_0111811
DOID_0050735	has_subclass	DOID_0111826
DOID_0050735	has_subclass	DOID_0111834
DOID_0050735	has_subclass	DOID_0111861
DOID_0050735	has_subclass	DOID_0112107
DOID_0050735	has_subclass	DOID_0112122
DOID_0050735	has_subclass	DOID_0112124
DOID_0050735	has_subclass	DOID_0112151
DOID_0050735	has_subclass	DOID_0112238
DOID_0050735	has_subclass	DOID_0112239
DOID_0050736	has_subclass	DOID_0050156
DOID_0050736	has_subclass	DOID_0050429
DOID_0050736	has_subclass	DOID_0050430
DOID_0050736	has_subclass	DOID_0050434
DOID_0050736	has_subclass	DOID_0050438
DOID_0050736	has_subclass	DOID_0050449
DOID_0050736	has_subclass	DOID_0050463
DOID_0050736	has_subclass	DOID_0050471
DOID_0050736	has_subclass	DOID_0050524
DOID_0050736	has_subclass	DOID_0050540
DOID_0050736	has_subclass	DOID_0050601
DOID_0050736	has_subclass	DOID_0050628
DOID_0050736	has_subclass	DOID_0050636
DOID_0050736	has_subclass	DOID_0050637
DOID_0050736	has_subclass	DOID_0050638
DOID_0050736	has_subclass	DOID_0050657
DOID_0050736	has_subclass	DOID_0050658
DOID_0050736	has_subclass	DOID_0050660
DOID_0050736	has_subclass	DOID_0050675
DOID_0050736	has_subclass	DOID_0050676
DOID_0050736	has_subclass	DOID_0050678
DOID_0050736	has_subclass	DOID_0050689
DOID_0050736	has_subclass	DOID_0050691
DOID_0050736	has_subclass	DOID_0050693
DOID_0050736	has_subclass	DOID_0050770
DOID_0050736	has_subclass	DOID_0050772
DOID_0050736	has_subclass	DOID_0050787
DOID_0050736	has_subclass	DOID_0050788
DOID_0050736	has_subclass	DOID_0050789
DOID_0050736	has_subclass	DOID_0050794
DOID_0050736	has_subclass	DOID_0050831
DOID_0050736	has_subclass	DOID_0050854
DOID_0050736	has_subclass	DOID_0050880
DOID_0050736	has_subclass	DOID_0050887
DOID_0050736	has_subclass	DOID_0050945
DOID_0050736	has_subclass	DOID_0050948
DOID_0050736	has_subclass	DOID_0051017
DOID_0050736	has_subclass	DOID_0051045
DOID_0050736	has_subclass	DOID_0051067
DOID_0050736	has_subclass	DOID_0051084
DOID_0050736	has_subclass	DOID_0051086
DOID_0050736	has_subclass	DOID_0051088
DOID_0050736	has_subclass	DOID_0051089
DOID_0050736	has_subclass	DOID_0051093
DOID_0050736	has_subclass	DOID_0051094
DOID_0050736	has_subclass	DOID_0051095
DOID_0050736	has_subclass	DOID_0051096
DOID_0050736	has_subclass	DOID_0051097
DOID_0050736	has_subclass	DOID_0060055
DOID_0050736	has_subclass	DOID_0060173
DOID_0050736	has_subclass	DOID_0060193
DOID_0050736	has_subclass	DOID_0060255
DOID_0050736	has_subclass	DOID_0060293
DOID_0050736	has_subclass	DOID_0060307
DOID_0050736	has_subclass	DOID_0060330
DOID_0050736	has_subclass	DOID_0060335
DOID_0050736	has_subclass	DOID_0060342
DOID_0050736	has_subclass	DOID_0060349
DOID_0050736	has_subclass	DOID_0060352
DOID_0050736	has_subclass	DOID_0060353
DOID_0050736	has_subclass	DOID_0060354
DOID_0050736	has_subclass	DOID_0060362
DOID_0050736	has_subclass	DOID_0060371
DOID_0050736	has_subclass	DOID_0060380
DOID_0050736	has_subclass	DOID_0060391
DOID_0050736	has_subclass	DOID_0060393
DOID_0050736	has_subclass	DOID_0060395
DOID_0050736	has_subclass	DOID_0060396
DOID_0050736	has_subclass	DOID_0060402
DOID_0050736	has_subclass	DOID_0060403
DOID_0050736	has_subclass	DOID_0060404
DOID_0050736	has_subclass	DOID_0060406
DOID_0050736	has_subclass	DOID_0060407
DOID_0050736	has_subclass	DOID_0060408
DOID_0050736	has_subclass	DOID_0060409
DOID_0050736	has_subclass	DOID_0060421
DOID_0050736	has_subclass	DOID_0060426
DOID_0050736	has_subclass	DOID_0060452
DOID_0050736	has_subclass	DOID_0060455
DOID_0050736	has_subclass	DOID_0060456
DOID_0050736	has_subclass	DOID_0060464
DOID_0050736	has_subclass	DOID_0060468
DOID_0050736	has_subclass	DOID_0060469
DOID_0050736	has_subclass	DOID_0060475
DOID_0050736	has_subclass	DOID_0060485
DOID_0050736	has_subclass	DOID_0060486
DOID_0050736	has_subclass	DOID_0060488
DOID_0050736	has_subclass	DOID_0060550
DOID_0050736	has_subclass	DOID_0060578
DOID_0050736	has_subclass	DOID_0060581
DOID_0050736	has_subclass	DOID_0060582
DOID_0050736	has_subclass	DOID_0060583
DOID_0050736	has_subclass	DOID_0060584
DOID_0050736	has_subclass	DOID_0060585
DOID_0050736	has_subclass	DOID_0060586
DOID_0050736	has_subclass	DOID_0060587
DOID_0050736	has_subclass	DOID_0060588
DOID_0050736	has_subclass	DOID_0060591
DOID_0050736	has_subclass	DOID_0060614
DOID_0050736	has_subclass	DOID_0060639
DOID_0050736	has_subclass	DOID_0060652
DOID_0050736	has_subclass	DOID_0060672
DOID_0050736	has_subclass	DOID_0060681
DOID_0050736	has_subclass	DOID_0060691
DOID_0050736	has_subclass	DOID_0060696
DOID_0050736	has_subclass	DOID_0060698
DOID_0050736	has_subclass	DOID_0060730
DOID_0050736	has_subclass	DOID_0060736
DOID_0050736	has_subclass	DOID_0060739
DOID_0050736	has_subclass	DOID_0060747
DOID_0050736	has_subclass	DOID_0060748
DOID_0050736	has_subclass	DOID_0060749
DOID_0050736	has_subclass	DOID_0060750
DOID_0050736	has_subclass	DOID_0060751
DOID_0050736	has_subclass	DOID_0060752
DOID_0050736	has_subclass	DOID_0060753
DOID_0050736	has_subclass	DOID_0060754
DOID_0050736	has_subclass	DOID_0060755
DOID_0050736	has_subclass	DOID_0060757
DOID_0050736	has_subclass	DOID_0060765
DOID_0050736	has_subclass	DOID_0060766
DOID_0050736	has_subclass	DOID_0060767
DOID_0050736	has_subclass	DOID_0060772
DOID_0050736	has_subclass	DOID_0060780
DOID_0050736	has_subclass	DOID_0060782
DOID_0050736	has_subclass	DOID_0060785
DOID_0050736	has_subclass	DOID_0060798
DOID_0050736	has_subclass	DOID_0060838
DOID_0050736	has_subclass	DOID_0060843
DOID_0050736	has_subclass	DOID_0060855
DOID_0050736	has_subclass	DOID_0060867
DOID_0050736	has_subclass	DOID_0060871
DOID_0050736	has_subclass	DOID_0060877
DOID_0050736	has_subclass	DOID_0060895
DOID_0050736	has_subclass	DOID_0060897
DOID_0050736	has_subclass	DOID_0060914
DOID_0050736	has_subclass	DOID_0060932
DOID_0050736	has_subclass	DOID_0060936
DOID_0050736	has_subclass	DOID_0060937
DOID_0050736	has_subclass	DOID_0060940
DOID_0050736	has_subclass	DOID_0060941
DOID_0050736	has_subclass	DOID_0060944
DOID_0050736	has_subclass	DOID_0060953
DOID_0050736	has_subclass	DOID_0060957
DOID_0050736	has_subclass	DOID_0060965
DOID_0050736	has_subclass	DOID_0060971
DOID_0050736	has_subclass	DOID_0060972
DOID_0050736	has_subclass	DOID_0060986
DOID_0050736	has_subclass	DOID_0060989
DOID_0050736	has_subclass	DOID_0060992
DOID_0050736	has_subclass	DOID_0060995
DOID_0050736	has_subclass	DOID_0060996
DOID_0050736	has_subclass	DOID_0061008
DOID_0050736	has_subclass	DOID_0061009
DOID_0050736	has_subclass	DOID_0061010
DOID_0050736	has_subclass	DOID_0061011
DOID_0050736	has_subclass	DOID_0061012
DOID_0050736	has_subclass	DOID_0061017
DOID_0050736	has_subclass	DOID_0061018
DOID_0050736	has_subclass	DOID_0061019
DOID_0050736	has_subclass	DOID_0061022
DOID_0050736	has_subclass	DOID_0061027
DOID_0050736	has_subclass	DOID_0061028
DOID_0050736	has_subclass	DOID_0061029
DOID_0050736	has_subclass	DOID_0061053
DOID_0050736	has_subclass	DOID_0061054
DOID_0050736	has_subclass	DOID_0061055
DOID_0050736	has_subclass	DOID_0061064
DOID_0050736	has_subclass	DOID_0061070
DOID_0050736	has_subclass	DOID_0061071
DOID_0050736	has_subclass	DOID_0061076
DOID_0050736	has_subclass	DOID_0061087
DOID_0050736	has_subclass	DOID_0061096
DOID_0050736	has_subclass	DOID_0061097
DOID_0050736	has_subclass	DOID_0061100
DOID_0050736	has_subclass	DOID_0061101
DOID_0050736	has_subclass	DOID_0061104
DOID_0050736	has_subclass	DOID_0061106
DOID_0050736	has_subclass	DOID_0061108
DOID_0050736	has_subclass	DOID_0061110
DOID_0050736	has_subclass	DOID_0061125
DOID_0050736	has_subclass	DOID_0061144
DOID_0050736	has_subclass	DOID_0061146
DOID_0050736	has_subclass	DOID_0061149
DOID_0050736	has_subclass	DOID_0061151
DOID_0050736	has_subclass	DOID_0061156
DOID_0050736	has_subclass	DOID_0061160
DOID_0050736	has_subclass	DOID_0061169
DOID_0050736	has_subclass	DOID_0061172
DOID_0050736	has_subclass	DOID_0061174
DOID_0050736	has_subclass	DOID_0061176
DOID_0050736	has_subclass	DOID_0061179
DOID_0050736	has_subclass	DOID_0061184
DOID_0050736	has_subclass	DOID_0061199
DOID_0050736	has_subclass	DOID_0061200
DOID_0050736	has_subclass	DOID_0061201
DOID_0050736	has_subclass	DOID_0061210
DOID_0050736	has_subclass	DOID_0061223
DOID_0050736	has_subclass	DOID_0061229
DOID_0050736	has_subclass	DOID_0061230
DOID_0050736	has_subclass	DOID_0061235
DOID_0050736	has_subclass	DOID_0061236
DOID_0050736	has_subclass	DOID_0061246
DOID_0050736	has_subclass	DOID_0061249
DOID_0050736	has_subclass	DOID_0061250
DOID_0050736	has_subclass	DOID_0061257
DOID_0050736	has_subclass	DOID_0061269
DOID_0050736	has_subclass	DOID_0061274
DOID_0050736	has_subclass	DOID_0070014
DOID_0050736	has_subclass	DOID_0070016
DOID_0050736	has_subclass	DOID_0070018
DOID_0050736	has_subclass	DOID_0070020
DOID_0050736	has_subclass	DOID_0070023
DOID_0050736	has_subclass	DOID_0070026
DOID_0050736	has_subclass	DOID_0070027
DOID_0050736	has_subclass	DOID_0070028
DOID_0050736	has_subclass	DOID_0070029
DOID_0050736	has_subclass	DOID_0070030
DOID_0050736	has_subclass	DOID_0070077
DOID_0050736	has_subclass	DOID_0070078
DOID_0050736	has_subclass	DOID_0070079
DOID_0050736	has_subclass	DOID_0070080
DOID_0050736	has_subclass	DOID_0070081
DOID_0050736	has_subclass	DOID_0070082
DOID_0050736	has_subclass	DOID_0070083
DOID_0050736	has_subclass	DOID_0070084
DOID_0050736	has_subclass	DOID_0070086
DOID_0050736	has_subclass	DOID_0070087
DOID_0050736	has_subclass	DOID_0070088
DOID_0050736	has_subclass	DOID_0070091
DOID_0050736	has_subclass	DOID_0070128
DOID_0050736	has_subclass	DOID_0070149
DOID_0050736	has_subclass	DOID_0070164
DOID_0050736	has_subclass	DOID_0070168
DOID_0050736	has_subclass	DOID_0070169
DOID_0050736	has_subclass	DOID_0070171
DOID_0050736	has_subclass	DOID_0070176
DOID_0050736	has_subclass	DOID_0070178
DOID_0050736	has_subclass	DOID_0070180
DOID_0050736	has_subclass	DOID_0070196
DOID_0050736	has_subclass	DOID_0070197
DOID_0050736	has_subclass	DOID_0070208
DOID_0050736	has_subclass	DOID_0070210
DOID_0050736	has_subclass	DOID_0070211
DOID_0050736	has_subclass	DOID_0070214
DOID_0050736	has_subclass	DOID_0070216
DOID_0050736	has_subclass	DOID_0070217
DOID_0050736	has_subclass	DOID_0070218
DOID_0050736	has_subclass	DOID_0070219
DOID_0050736	has_subclass	DOID_0070220
DOID_0050736	has_subclass	DOID_0070228
DOID_0050736	has_subclass	DOID_0070229
DOID_0050736	has_subclass	DOID_0070247
DOID_0050736	has_subclass	DOID_0070249
DOID_0050736	has_subclass	DOID_0070250
DOID_0050736	has_subclass	DOID_0070252
DOID_0050736	has_subclass	DOID_0070298
DOID_0050736	has_subclass	DOID_0070301
DOID_0050736	has_subclass	DOID_0070303
DOID_0050736	has_subclass	DOID_0070304
DOID_0050736	has_subclass	DOID_0070316
DOID_0050736	has_subclass	DOID_0070337
DOID_0050736	has_subclass	DOID_0070345
DOID_0050736	has_subclass	DOID_0070348
DOID_0050736	has_subclass	DOID_0070353
DOID_0050736	has_subclass	DOID_0070375
DOID_0050736	has_subclass	DOID_0070377
DOID_0050736	has_subclass	DOID_0070378
DOID_0050736	has_subclass	DOID_0070379
DOID_0050736	has_subclass	DOID_0070383
DOID_0050736	has_subclass	DOID_0070384
DOID_0050736	has_subclass	DOID_0070385
DOID_0050736	has_subclass	DOID_0070386
DOID_0050736	has_subclass	DOID_0070389
DOID_0050736	has_subclass	DOID_0070390
DOID_0050736	has_subclass	DOID_0070394
DOID_0050736	has_subclass	DOID_0070400
DOID_0050736	has_subclass	DOID_0070401
DOID_0050736	has_subclass	DOID_0070402
DOID_0050736	has_subclass	DOID_0070405
DOID_0050736	has_subclass	DOID_0070406
DOID_0050736	has_subclass	DOID_0070415
DOID_0050736	has_subclass	DOID_0070418
DOID_0050736	has_subclass	DOID_0070442
DOID_0050736	has_subclass	DOID_0070445
DOID_0050736	has_subclass	DOID_0070455
DOID_0050736	has_subclass	DOID_0070457
DOID_0050736	has_subclass	DOID_0070459
DOID_0050736	has_subclass	DOID_0070460
DOID_0050736	has_subclass	DOID_0070466
DOID_0050736	has_subclass	DOID_0070467
DOID_0050736	has_subclass	DOID_0070470
DOID_0050736	has_subclass	DOID_0070471
DOID_0050736	has_subclass	DOID_0070472
DOID_0050736	has_subclass	DOID_0070474
DOID_0050736	has_subclass	DOID_0070483
DOID_0050736	has_subclass	DOID_0070484
DOID_0050736	has_subclass	DOID_0070509
DOID_0050736	has_subclass	DOID_0070516
DOID_0050736	has_subclass	DOID_0070518
DOID_0050736	has_subclass	DOID_0070530
DOID_0050736	has_subclass	DOID_0070532
DOID_0050736	has_subclass	DOID_0070533
DOID_0050736	has_subclass	DOID_0070545
DOID_0050736	has_subclass	DOID_0070547
DOID_0050736	has_subclass	DOID_0070549
DOID_0050736	has_subclass	DOID_0070552
DOID_0050736	has_subclass	DOID_0070613
DOID_0050736	has_subclass	DOID_0070615
DOID_0050736	has_subclass	DOID_0070636
DOID_0050736	has_subclass	DOID_0070637
DOID_0050736	has_subclass	DOID_0070638
DOID_0050736	has_subclass	DOID_0070643
DOID_0050736	has_subclass	DOID_0070647
DOID_0050736	has_subclass	DOID_0070652
DOID_0050736	has_subclass	DOID_0070653
DOID_0050736	has_subclass	DOID_0070657
DOID_0050736	has_subclass	DOID_0070667
DOID_0050736	has_subclass	DOID_0070685
DOID_0050736	has_subclass	DOID_0070687
DOID_0050736	has_subclass	DOID_0070690
DOID_0050736	has_subclass	DOID_0070699
DOID_0050736	has_subclass	DOID_0070705
DOID_0050736	has_subclass	DOID_0070706
DOID_0050736	has_subclass	DOID_0070707
DOID_0050736	has_subclass	DOID_0070708
DOID_0050736	has_subclass	DOID_0070716
DOID_0050736	has_subclass	DOID_0070722
DOID_0050736	has_subclass	DOID_0070724
DOID_0050736	has_subclass	DOID_0070743
DOID_0050736	has_subclass	DOID_0070773
DOID_0050736	has_subclass	DOID_0070775
DOID_0050736	has_subclass	DOID_0080028
DOID_0050736	has_subclass	DOID_0080030
DOID_0050736	has_subclass	DOID_0080037
DOID_0050736	has_subclass	DOID_0080041
DOID_0050736	has_subclass	DOID_0080045
DOID_0050736	has_subclass	DOID_0080047
DOID_0050736	has_subclass	DOID_0080056
DOID_0050736	has_subclass	DOID_0080067
DOID_0050736	has_subclass	DOID_0080077
DOID_0050736	has_subclass	DOID_0080078
DOID_0050736	has_subclass	DOID_0080079
DOID_0050736	has_subclass	DOID_0080080
DOID_0050736	has_subclass	DOID_0080081
DOID_0050736	has_subclass	DOID_0080083
DOID_0050736	has_subclass	DOID_0080084
DOID_0050736	has_subclass	DOID_0080085
DOID_0050736	has_subclass	DOID_0080086
DOID_0050736	has_subclass	DOID_0080089
DOID_0050736	has_subclass	DOID_0080092
DOID_0050736	has_subclass	DOID_0080093
DOID_0050736	has_subclass	DOID_0080094
DOID_0050736	has_subclass	DOID_0080095
DOID_0050736	has_subclass	DOID_0080096
DOID_0050736	has_subclass	DOID_0080097
DOID_0050736	has_subclass	DOID_0080102
DOID_0050736	has_subclass	DOID_0080130
DOID_0050736	has_subclass	DOID_0080137
DOID_0050736	has_subclass	DOID_0080196
DOID_0050736	has_subclass	DOID_0080213
DOID_0050736	has_subclass	DOID_0080219
DOID_0050736	has_subclass	DOID_0080249
DOID_0050736	has_subclass	DOID_0080264
DOID_0050736	has_subclass	DOID_0080280
DOID_0050736	has_subclass	DOID_0080282
DOID_0050736	has_subclass	DOID_0080284
DOID_0050736	has_subclass	DOID_0080285
DOID_0050736	has_subclass	DOID_0080290
DOID_0050736	has_subclass	DOID_0080291
DOID_0050736	has_subclass	DOID_0080317
DOID_0050736	has_subclass	DOID_0080328
DOID_0050736	has_subclass	DOID_0080334
DOID_0050736	has_subclass	DOID_0080338
DOID_0050736	has_subclass	DOID_0080344
DOID_0050736	has_subclass	DOID_0080348
DOID_0050736	has_subclass	DOID_0080376
DOID_0050736	has_subclass	DOID_0080383
DOID_0050736	has_subclass	DOID_0080409
DOID_0050736	has_subclass	DOID_0080416
DOID_0050736	has_subclass	DOID_0080418
DOID_0050736	has_subclass	DOID_0080420
DOID_0050736	has_subclass	DOID_0080421
DOID_0050736	has_subclass	DOID_0080422
DOID_0050736	has_subclass	DOID_0080425
DOID_0050736	has_subclass	DOID_0080428
DOID_0050736	has_subclass	DOID_0080429
DOID_0050736	has_subclass	DOID_0080430
DOID_0050736	has_subclass	DOID_0080431
DOID_0050736	has_subclass	DOID_0080436
DOID_0050736	has_subclass	DOID_0080437
DOID_0050736	has_subclass	DOID_0080438
DOID_0050736	has_subclass	DOID_0080439
DOID_0050736	has_subclass	DOID_0080442
DOID_0050736	has_subclass	DOID_0080444
DOID_0050736	has_subclass	DOID_0080445
DOID_0050736	has_subclass	DOID_0080446
DOID_0050736	has_subclass	DOID_0080447
DOID_0050736	has_subclass	DOID_0080450
DOID_0050736	has_subclass	DOID_0080454
DOID_0050736	has_subclass	DOID_0080456
DOID_0050736	has_subclass	DOID_0080461
DOID_0050736	has_subclass	DOID_0080462
DOID_0050736	has_subclass	DOID_0080463
DOID_0050736	has_subclass	DOID_0080465
DOID_0050736	has_subclass	DOID_0080471
DOID_0050736	has_subclass	DOID_0080472
DOID_0050736	has_subclass	DOID_0080473
DOID_0050736	has_subclass	DOID_0080500
DOID_0050736	has_subclass	DOID_0080504
DOID_0050736	has_subclass	DOID_0080505
DOID_0050736	has_subclass	DOID_0080507
DOID_0050736	has_subclass	DOID_0080508
DOID_0050736	has_subclass	DOID_0080510
DOID_0050736	has_subclass	DOID_0080511
DOID_0050736	has_subclass	DOID_0080517
DOID_0050736	has_subclass	DOID_0080519
DOID_0050736	has_subclass	DOID_0080523
DOID_0050736	has_subclass	DOID_0080527
DOID_0050736	has_subclass	DOID_0080528
DOID_0050736	has_subclass	DOID_0080533
DOID_0050736	has_subclass	DOID_0080538
DOID_0050736	has_subclass	DOID_0080584
DOID_0050736	has_subclass	DOID_0080588
DOID_0050736	has_subclass	DOID_0080589
DOID_0050736	has_subclass	DOID_0080591
DOID_0050736	has_subclass	DOID_0080593
DOID_0050736	has_subclass	DOID_0080598
DOID_0050736	has_subclass	DOID_0080604
DOID_0050736	has_subclass	DOID_0080608
DOID_0050736	has_subclass	DOID_0080609
DOID_0050736	has_subclass	DOID_0080662
DOID_0050736	has_subclass	DOID_0080664
DOID_0050736	has_subclass	DOID_0080666
DOID_0050736	has_subclass	DOID_0080670
DOID_0050736	has_subclass	DOID_0080671
DOID_0050736	has_subclass	DOID_0080673
DOID_0050736	has_subclass	DOID_0080676
DOID_0050736	has_subclass	DOID_0080677
DOID_0050736	has_subclass	DOID_0080682
DOID_0050736	has_subclass	DOID_0080686
DOID_0050736	has_subclass	DOID_0080698
DOID_0050736	has_subclass	DOID_0080719
DOID_0050736	has_subclass	DOID_0080720
DOID_0050736	has_subclass	DOID_0080723
DOID_0050736	has_subclass	DOID_0080726
DOID_0050736	has_subclass	DOID_0080727
DOID_0050736	has_subclass	DOID_0080728
DOID_0050736	has_subclass	DOID_0080759
DOID_0050736	has_subclass	DOID_0080760
DOID_0050736	has_subclass	DOID_0080764
DOID_0050736	has_subclass	DOID_0080766
DOID_0050736	has_subclass	DOID_0080773
DOID_0050736	has_subclass	DOID_0080801
DOID_0050736	has_subclass	DOID_0080807
DOID_0050736	has_subclass	DOID_0080837
DOID_0050736	has_subclass	DOID_0080845
DOID_0050736	has_subclass	DOID_0080860
DOID_0050736	has_subclass	DOID_0080862
DOID_0050736	has_subclass	DOID_0080863
DOID_0050736	has_subclass	DOID_0080864
DOID_0050736	has_subclass	DOID_0080868
DOID_0050736	has_subclass	DOID_0080873
DOID_0050736	has_subclass	DOID_0080893
DOID_0050736	has_subclass	DOID_0080929
DOID_0050736	has_subclass	DOID_0080944
DOID_0050736	has_subclass	DOID_0080964
DOID_0050736	has_subclass	DOID_0080966
DOID_0050736	has_subclass	DOID_0080977
DOID_0050736	has_subclass	DOID_0080986
DOID_0050736	has_subclass	DOID_0080987
DOID_0050736	has_subclass	DOID_0080990
DOID_0050736	has_subclass	DOID_0081001
DOID_0050736	has_subclass	DOID_0081002
DOID_0050736	has_subclass	DOID_0081003
DOID_0050736	has_subclass	DOID_0081015
DOID_0050736	has_subclass	DOID_0081017
DOID_0050736	has_subclass	DOID_0081019
DOID_0050736	has_subclass	DOID_0081024
DOID_0050736	has_subclass	DOID_0081030
DOID_0050736	has_subclass	DOID_0081048
DOID_0050736	has_subclass	DOID_0081061
DOID_0050736	has_subclass	DOID_0081063
DOID_0050736	has_subclass	DOID_0081079
DOID_0050736	has_subclass	DOID_0081102
DOID_0050736	has_subclass	DOID_0081109
DOID_0050736	has_subclass	DOID_0081110
DOID_0050736	has_subclass	DOID_0081113
DOID_0050736	has_subclass	DOID_0081114
DOID_0050736	has_subclass	DOID_0081115
DOID_0050736	has_subclass	DOID_0081116
DOID_0050736	has_subclass	DOID_0081118
DOID_0050736	has_subclass	DOID_0081121
DOID_0050736	has_subclass	DOID_0081126
DOID_0050736	has_subclass	DOID_0081133
DOID_0050736	has_subclass	DOID_0081140
DOID_0050736	has_subclass	DOID_0081142
DOID_0050736	has_subclass	DOID_0081145
DOID_0050736	has_subclass	DOID_0081152
DOID_0050736	has_subclass	DOID_0081154
DOID_0050736	has_subclass	DOID_0081155
DOID_0050736	has_subclass	DOID_0081156
DOID_0050736	has_subclass	DOID_0081157
DOID_0050736	has_subclass	DOID_0081158
DOID_0050736	has_subclass	DOID_0081176
DOID_0050736	has_subclass	DOID_0081242
DOID_0050736	has_subclass	DOID_0081288
DOID_0050736	has_subclass	DOID_0081290
DOID_0050736	has_subclass	DOID_0081294
DOID_0050736	has_subclass	DOID_0081295
DOID_0050736	has_subclass	DOID_0081298
DOID_0050736	has_subclass	DOID_0081299
DOID_0050736	has_subclass	DOID_0081300
DOID_0050736	has_subclass	DOID_0081301
DOID_0050736	has_subclass	DOID_0081321
DOID_0050736	has_subclass	DOID_0081336
DOID_0050736	has_subclass	DOID_0081340
DOID_0050736	has_subclass	DOID_0081342
DOID_0050736	has_subclass	DOID_0081347
DOID_0050736	has_subclass	DOID_0081348
DOID_0050736	has_subclass	DOID_0081350
DOID_0050736	has_subclass	DOID_0081356
DOID_0050736	has_subclass	DOID_0081357
DOID_0050736	has_subclass	DOID_0081358
DOID_0050736	has_subclass	DOID_0081363
DOID_0050736	has_subclass	DOID_0081365
DOID_0050736	has_subclass	DOID_0081366
DOID_0050736	has_subclass	DOID_0081367
DOID_0050736	has_subclass	DOID_0081369
DOID_0050736	has_subclass	DOID_0081371
DOID_0050736	has_subclass	DOID_0081372
DOID_0050736	has_subclass	DOID_0081375
DOID_0050736	has_subclass	DOID_0081378
DOID_0050736	has_subclass	DOID_0081379
DOID_0050736	has_subclass	DOID_0081380
DOID_0050736	has_subclass	DOID_0081381
DOID_0050736	has_subclass	DOID_0081382
DOID_0050736	has_subclass	DOID_0081395
DOID_0050736	has_subclass	DOID_0081397
DOID_0050736	has_subclass	DOID_0081398
DOID_0050736	has_subclass	DOID_0081420
DOID_0050736	has_subclass	DOID_0081433
DOID_0050736	has_subclass	DOID_0081441
DOID_0050736	has_subclass	DOID_0081442
DOID_0050736	has_subclass	DOID_0081449
DOID_0050736	has_subclass	DOID_0090002
DOID_0050736	has_subclass	DOID_0090006
DOID_0050736	has_subclass	DOID_0090018
DOID_0050736	has_subclass	DOID_0090021
DOID_0050736	has_subclass	DOID_0090023
DOID_0050736	has_subclass	DOID_0090029
DOID_0050736	has_subclass	DOID_0090035
DOID_0050736	has_subclass	DOID_0090036
DOID_0050736	has_subclass	DOID_0090037
DOID_0050736	has_subclass	DOID_0090039
DOID_0050736	has_subclass	DOID_0090040
DOID_0050736	has_subclass	DOID_0090041
DOID_0050736	has_subclass	DOID_0090043
DOID_0050736	has_subclass	DOID_0090044
DOID_0050736	has_subclass	DOID_0090045
DOID_0050736	has_subclass	DOID_0090046
DOID_0050736	has_subclass	DOID_0090047
DOID_0050736	has_subclass	DOID_0090049
DOID_0050736	has_subclass	DOID_0090051
DOID_0050736	has_subclass	DOID_0090052
DOID_0050736	has_subclass	DOID_0090053
DOID_0050736	has_subclass	DOID_0090054
DOID_0050736	has_subclass	DOID_0090055
DOID_0050736	has_subclass	DOID_0090056
DOID_0050736	has_subclass	DOID_0090058
DOID_0050736	has_subclass	DOID_0090063
DOID_0050736	has_subclass	DOID_0090064
DOID_0050736	has_subclass	DOID_0090065
DOID_0050736	has_subclass	DOID_0090069
DOID_0050736	has_subclass	DOID_0090075
DOID_0050736	has_subclass	DOID_0090076
DOID_0050736	has_subclass	DOID_0090077
DOID_0050736	has_subclass	DOID_0090079
DOID_0050736	has_subclass	DOID_0090080
DOID_0050736	has_subclass	DOID_0090082
DOID_0050736	has_subclass	DOID_0090083
DOID_0050736	has_subclass	DOID_0090084
DOID_0050736	has_subclass	DOID_0090085
DOID_0050736	has_subclass	DOID_0090086
DOID_0050736	has_subclass	DOID_0090087
DOID_0050736	has_subclass	DOID_0090090
DOID_0050736	has_subclass	DOID_0090092
DOID_0050736	has_subclass	DOID_0090093
DOID_0050736	has_subclass	DOID_0090102
DOID_0050736	has_subclass	DOID_0090111
DOID_0050736	has_subclass	DOID_0090119
DOID_0050736	has_subclass	DOID_0090125
DOID_0050736	has_subclass	DOID_0090132
DOID_0050736	has_subclass	DOID_0090133
DOID_0050736	has_subclass	DOID_0090134
DOID_0050736	has_subclass	DOID_0090135
DOID_0050736	has_subclass	DOID_0090136
DOID_0050736	has_subclass	DOID_0090137
DOID_0050736	has_subclass	DOID_0090138
DOID_0050736	has_subclass	DOID_0110032
DOID_0050736	has_subclass	DOID_0110035
DOID_0050736	has_subclass	DOID_0110037
DOID_0050736	has_subclass	DOID_0110040
DOID_0050736	has_subclass	DOID_0110042
DOID_0050736	has_subclass	DOID_0110052
DOID_0050736	has_subclass	DOID_0110053
DOID_0050736	has_subclass	DOID_0110054
DOID_0050736	has_subclass	DOID_0110055
DOID_0050736	has_subclass	DOID_0110070
DOID_0050736	has_subclass	DOID_0110072
DOID_0050736	has_subclass	DOID_0110073
DOID_0050736	has_subclass	DOID_0110076
DOID_0050736	has_subclass	DOID_0110081
DOID_0050736	has_subclass	DOID_0110107
DOID_0050736	has_subclass	DOID_0110110
DOID_0050736	has_subclass	DOID_0110111
DOID_0050736	has_subclass	DOID_0110112
DOID_0050736	has_subclass	DOID_0110113
DOID_0050736	has_subclass	DOID_0110114
DOID_0050736	has_subclass	DOID_0110117
DOID_0050736	has_subclass	DOID_0110149
DOID_0050736	has_subclass	DOID_0110150
DOID_0050736	has_subclass	DOID_0110153
DOID_0050736	has_subclass	DOID_0110154
DOID_0050736	has_subclass	DOID_0110155
DOID_0050736	has_subclass	DOID_0110157
DOID_0050736	has_subclass	DOID_0110162
DOID_0050736	has_subclass	DOID_0110163
DOID_0050736	has_subclass	DOID_0110164
DOID_0050736	has_subclass	DOID_0110170
DOID_0050736	has_subclass	DOID_0110173
DOID_0050736	has_subclass	DOID_0110174
DOID_0050736	has_subclass	DOID_0110182
DOID_0050736	has_subclass	DOID_0110197
DOID_0050736	has_subclass	DOID_0110202
DOID_0050736	has_subclass	DOID_0110206
DOID_0050736	has_subclass	DOID_0110216
DOID_0050736	has_subclass	DOID_0110226
DOID_0050736	has_subclass	DOID_0110227
DOID_0050736	has_subclass	DOID_0110228
DOID_0050736	has_subclass	DOID_0110229
DOID_0050736	has_subclass	DOID_0110231
DOID_0050736	has_subclass	DOID_0110232
DOID_0050736	has_subclass	DOID_0110234
DOID_0050736	has_subclass	DOID_0110235
DOID_0050736	has_subclass	DOID_0110236
DOID_0050736	has_subclass	DOID_0110237
DOID_0050736	has_subclass	DOID_0110239
DOID_0050736	has_subclass	DOID_0110240
DOID_0050736	has_subclass	DOID_0110241
DOID_0050736	has_subclass	DOID_0110248
DOID_0050736	has_subclass	DOID_0110249
DOID_0050736	has_subclass	DOID_0110250
DOID_0050736	has_subclass	DOID_0110251
DOID_0050736	has_subclass	DOID_0110252
DOID_0050736	has_subclass	DOID_0110253
DOID_0050736	has_subclass	DOID_0110255
DOID_0050736	has_subclass	DOID_0110256
DOID_0050736	has_subclass	DOID_0110257
DOID_0050736	has_subclass	DOID_0110258
DOID_0050736	has_subclass	DOID_0110259
DOID_0050736	has_subclass	DOID_0110260
DOID_0050736	has_subclass	DOID_0110264
DOID_0050736	has_subclass	DOID_0110265
DOID_0050736	has_subclass	DOID_0110266
DOID_0050736	has_subclass	DOID_0110268
DOID_0050736	has_subclass	DOID_0110269
DOID_0050736	has_subclass	DOID_0110270
DOID_0050736	has_subclass	DOID_0110330
DOID_0050736	has_subclass	DOID_0110334
DOID_0050736	has_subclass	DOID_0110339
DOID_0050736	has_subclass	DOID_0110340
DOID_0050736	has_subclass	DOID_0110341
DOID_0050736	has_subclass	DOID_0110344
DOID_0050736	has_subclass	DOID_0110356
DOID_0050736	has_subclass	DOID_0110357
DOID_0050736	has_subclass	DOID_0110366
DOID_0050736	has_subclass	DOID_0110372
DOID_0050736	has_subclass	DOID_0110383
DOID_0050736	has_subclass	DOID_0110385
DOID_0050736	has_subclass	DOID_0110386
DOID_0050736	has_subclass	DOID_0110387
DOID_0050736	has_subclass	DOID_0110388
DOID_0050736	has_subclass	DOID_0110390
DOID_0050736	has_subclass	DOID_0110392
DOID_0050736	has_subclass	DOID_0110397
DOID_0050736	has_subclass	DOID_0110399
DOID_0050736	has_subclass	DOID_0110403
DOID_0050736	has_subclass	DOID_0110404
DOID_0050736	has_subclass	DOID_0110408
DOID_0050736	has_subclass	DOID_0110411
DOID_0050736	has_subclass	DOID_0110420
DOID_0050736	has_subclass	DOID_0110423
DOID_0050736	has_subclass	DOID_0110424
DOID_0050736	has_subclass	DOID_0110425
DOID_0050736	has_subclass	DOID_0110426
DOID_0050736	has_subclass	DOID_0110427
DOID_0050736	has_subclass	DOID_0110428
DOID_0050736	has_subclass	DOID_0110432
DOID_0050736	has_subclass	DOID_0110433
DOID_0050736	has_subclass	DOID_0110438
DOID_0050736	has_subclass	DOID_0110443
DOID_0050736	has_subclass	DOID_0110445
DOID_0050736	has_subclass	DOID_0110447
DOID_0050736	has_subclass	DOID_0110448
DOID_0050736	has_subclass	DOID_0110450
DOID_0050736	has_subclass	DOID_0110454
DOID_0050736	has_subclass	DOID_0110455
DOID_0050736	has_subclass	DOID_0110456
DOID_0050736	has_subclass	DOID_0110457
DOID_0050736	has_subclass	DOID_0110640
DOID_0050736	has_subclass	DOID_0110644
DOID_0050736	has_subclass	DOID_0110645
DOID_0050736	has_subclass	DOID_0110646
DOID_0050736	has_subclass	DOID_0110647
DOID_0050736	has_subclass	DOID_0110648
DOID_0050736	has_subclass	DOID_0110649
DOID_0050736	has_subclass	DOID_0110650
DOID_0050736	has_subclass	DOID_0110651
DOID_0050736	has_subclass	DOID_0110652
DOID_0050736	has_subclass	DOID_0110653
DOID_0050736	has_subclass	DOID_0110654
DOID_0050736	has_subclass	DOID_0110655
DOID_0050736	has_subclass	DOID_0110656
DOID_0050736	has_subclass	DOID_0110659
DOID_0050736	has_subclass	DOID_0110662
DOID_0050736	has_subclass	DOID_0110663
DOID_0050736	has_subclass	DOID_0110666
DOID_0050736	has_subclass	DOID_0110678
DOID_0050736	has_subclass	DOID_0110681
DOID_0050736	has_subclass	DOID_0110683
DOID_0050736	has_subclass	DOID_0110698
DOID_0050736	has_subclass	DOID_0110699
DOID_0050736	has_subclass	DOID_0110700
DOID_0050736	has_subclass	DOID_0110701
DOID_0050736	has_subclass	DOID_0110702
DOID_0050736	has_subclass	DOID_0110708
DOID_0050736	has_subclass	DOID_0110709
DOID_0050736	has_subclass	DOID_0110710
DOID_0050736	has_subclass	DOID_0110720
DOID_0050736	has_subclass	DOID_0110737
DOID_0050736	has_subclass	DOID_0110741
DOID_0050736	has_subclass	DOID_0110763
DOID_0050736	has_subclass	DOID_0110765
DOID_0050736	has_subclass	DOID_0110766
DOID_0050736	has_subclass	DOID_0110770
DOID_0050736	has_subclass	DOID_0110772
DOID_0050736	has_subclass	DOID_0110780
DOID_0050736	has_subclass	DOID_0110782
DOID_0050736	has_subclass	DOID_0110784
DOID_0050736	has_subclass	DOID_0110787
DOID_0050736	has_subclass	DOID_0110788
DOID_0050736	has_subclass	DOID_0110789
DOID_0050736	has_subclass	DOID_0110791
DOID_0050736	has_subclass	DOID_0110792
DOID_0050736	has_subclass	DOID_0110793
DOID_0050736	has_subclass	DOID_0110794
DOID_0050736	has_subclass	DOID_0110811
DOID_0050736	has_subclass	DOID_0110817
DOID_0050736	has_subclass	DOID_0110818
DOID_0050736	has_subclass	DOID_0110823
DOID_0050736	has_subclass	DOID_0110824
DOID_0050736	has_subclass	DOID_0110829
DOID_0050736	has_subclass	DOID_0110855
DOID_0050736	has_subclass	DOID_0110856
DOID_0050736	has_subclass	DOID_0110863
DOID_0050736	has_subclass	DOID_0110872
DOID_0050736	has_subclass	DOID_0110873
DOID_0050736	has_subclass	DOID_0110875
DOID_0050736	has_subclass	DOID_0110876
DOID_0050736	has_subclass	DOID_0110877
DOID_0050736	has_subclass	DOID_0110878
DOID_0050736	has_subclass	DOID_0110880
DOID_0050736	has_subclass	DOID_0110881
DOID_0050736	has_subclass	DOID_0110906
DOID_0050736	has_subclass	DOID_0110916
DOID_0050736	has_subclass	DOID_0110917
DOID_0050736	has_subclass	DOID_0110919
DOID_0050736	has_subclass	DOID_0110932
DOID_0050736	has_subclass	DOID_0110935
DOID_0050736	has_subclass	DOID_0110938
DOID_0050736	has_subclass	DOID_0110965
DOID_0050736	has_subclass	DOID_0110970
DOID_0050736	has_subclass	DOID_0111035
DOID_0050736	has_subclass	DOID_0111036
DOID_0050736	has_subclass	DOID_0111045
DOID_0050736	has_subclass	DOID_0111047
DOID_0050736	has_subclass	DOID_0111049
DOID_0050736	has_subclass	DOID_0111053
DOID_0050736	has_subclass	DOID_0111055
DOID_0050736	has_subclass	DOID_0111056
DOID_0050736	has_subclass	DOID_0111058
DOID_0050736	has_subclass	DOID_0111075
DOID_0050736	has_subclass	DOID_0111076
DOID_0050736	has_subclass	DOID_0111078
DOID_0050736	has_subclass	DOID_0111090
DOID_0050736	has_subclass	DOID_0111129
DOID_0050736	has_subclass	DOID_0111130
DOID_0050736	has_subclass	DOID_0111132
DOID_0050736	has_subclass	DOID_0111133
DOID_0050736	has_subclass	DOID_0111150
DOID_0050736	has_subclass	DOID_0111158
DOID_0050736	has_subclass	DOID_0111161
DOID_0050736	has_subclass	DOID_0111168
DOID_0050736	has_subclass	DOID_0111170
DOID_0050736	has_subclass	DOID_0111189
DOID_0050736	has_subclass	DOID_0111191
DOID_0050736	has_subclass	DOID_0111195
DOID_0050736	has_subclass	DOID_0111247
DOID_0050736	has_subclass	DOID_0111248
DOID_0050736	has_subclass	DOID_0111249
DOID_0050736	has_subclass	DOID_0111250
DOID_0050736	has_subclass	DOID_0111251
DOID_0050736	has_subclass	DOID_0111256
DOID_0050736	has_subclass	DOID_0111269
DOID_0050736	has_subclass	DOID_0111331
DOID_0050736	has_subclass	DOID_0111336
DOID_0050736	has_subclass	DOID_0111338
DOID_0050736	has_subclass	DOID_0111339
DOID_0050736	has_subclass	DOID_0111340
DOID_0050736	has_subclass	DOID_0111341
DOID_0050736	has_subclass	DOID_0111342
DOID_0050736	has_subclass	DOID_0111343
DOID_0050736	has_subclass	DOID_0111346
DOID_0050736	has_subclass	DOID_0111347
DOID_0050736	has_subclass	DOID_0111348
DOID_0050736	has_subclass	DOID_0111350
DOID_0050736	has_subclass	DOID_0111352
DOID_0050736	has_subclass	DOID_0111357
DOID_0050736	has_subclass	DOID_0111358
DOID_0050736	has_subclass	DOID_0111360
DOID_0050736	has_subclass	DOID_0111362
DOID_0050736	has_subclass	DOID_0111363
DOID_0050736	has_subclass	DOID_0111364
DOID_0050736	has_subclass	DOID_0111365
DOID_0050736	has_subclass	DOID_0111369
DOID_0050736	has_subclass	DOID_0111370
DOID_0050736	has_subclass	DOID_0111373
DOID_0050736	has_subclass	DOID_0111374
DOID_0050736	has_subclass	DOID_0111380
DOID_0050736	has_subclass	DOID_0111381
DOID_0050736	has_subclass	DOID_0111382
DOID_0050736	has_subclass	DOID_0111383
DOID_0050736	has_subclass	DOID_0111384
DOID_0050736	has_subclass	DOID_0111385
DOID_0050736	has_subclass	DOID_0111386
DOID_0050736	has_subclass	DOID_0111399
DOID_0050736	has_subclass	DOID_0111400
DOID_0050736	has_subclass	DOID_0111403
DOID_0050736	has_subclass	DOID_0111410
DOID_0050736	has_subclass	DOID_0111412
DOID_0050736	has_subclass	DOID_0111421
DOID_0050736	has_subclass	DOID_0111428
DOID_0050736	has_subclass	DOID_0111429
DOID_0050736	has_subclass	DOID_0111431
DOID_0050736	has_subclass	DOID_0111432
DOID_0050736	has_subclass	DOID_0111433
DOID_0050736	has_subclass	DOID_0111434
DOID_0050736	has_subclass	DOID_0111438
DOID_0050736	has_subclass	DOID_0111439
DOID_0050736	has_subclass	DOID_0111440
DOID_0050736	has_subclass	DOID_0111441
DOID_0050736	has_subclass	DOID_0111447
DOID_0050736	has_subclass	DOID_0111454
DOID_0050736	has_subclass	DOID_0111457
DOID_0050736	has_subclass	DOID_0111460
DOID_0050736	has_subclass	DOID_0111461
DOID_0050736	has_subclass	DOID_0111462
DOID_0050736	has_subclass	DOID_0111463
DOID_0050736	has_subclass	DOID_0111505
DOID_0050736	has_subclass	DOID_0111506
DOID_0050736	has_subclass	DOID_0111507
DOID_0050736	has_subclass	DOID_0111509
DOID_0050736	has_subclass	DOID_0111511
DOID_0050736	has_subclass	DOID_0111512
DOID_0050736	has_subclass	DOID_0111513
DOID_0050736	has_subclass	DOID_0111514
DOID_0050736	has_subclass	DOID_0111517
DOID_0050736	has_subclass	DOID_0111518
DOID_0050736	has_subclass	DOID_0111519
DOID_0050736	has_subclass	DOID_0111520
DOID_0050736	has_subclass	DOID_0111521
DOID_0050736	has_subclass	DOID_0111525
DOID_0050736	has_subclass	DOID_0111528
DOID_0050736	has_subclass	DOID_0111531
DOID_0050736	has_subclass	DOID_0111532
DOID_0050736	has_subclass	DOID_0111533
DOID_0050736	has_subclass	DOID_0111534
DOID_0050736	has_subclass	DOID_0111535
DOID_0050736	has_subclass	DOID_0111536
DOID_0050736	has_subclass	DOID_0111537
DOID_0050736	has_subclass	DOID_0111538
DOID_0050736	has_subclass	DOID_0111539
DOID_0050736	has_subclass	DOID_0111541
DOID_0050736	has_subclass	DOID_0111542
DOID_0050736	has_subclass	DOID_0111543
DOID_0050736	has_subclass	DOID_0111544
DOID_0050736	has_subclass	DOID_0111545
DOID_0050736	has_subclass	DOID_0111546
DOID_0050736	has_subclass	DOID_0111547
DOID_0050736	has_subclass	DOID_0111548
DOID_0050736	has_subclass	DOID_0111549
DOID_0050736	has_subclass	DOID_0111550
DOID_0050736	has_subclass	DOID_0111551
DOID_0050736	has_subclass	DOID_0111553
DOID_0050736	has_subclass	DOID_0111554
DOID_0050736	has_subclass	DOID_0111561
DOID_0050736	has_subclass	DOID_0111564
DOID_0050736	has_subclass	DOID_0111565
DOID_0050736	has_subclass	DOID_0111567
DOID_0050736	has_subclass	DOID_0111568
DOID_0050736	has_subclass	DOID_0111569
DOID_0050736	has_subclass	DOID_0111570
DOID_0050736	has_subclass	DOID_0111571
DOID_0050736	has_subclass	DOID_0111573
DOID_0050736	has_subclass	DOID_0111577
DOID_0050736	has_subclass	DOID_0111581
DOID_0050736	has_subclass	DOID_0111584
DOID_0050736	has_subclass	DOID_0111593
DOID_0050736	has_subclass	DOID_0111595
DOID_0050736	has_subclass	DOID_0111598
DOID_0050736	has_subclass	DOID_0111600
DOID_0050736	has_subclass	DOID_0111601
DOID_0050736	has_subclass	DOID_0111602
DOID_0050736	has_subclass	DOID_0111603
DOID_0050736	has_subclass	DOID_0111608
DOID_0050736	has_subclass	DOID_0111647
DOID_0050736	has_subclass	DOID_0111652
DOID_0050736	has_subclass	DOID_0111653
DOID_0050736	has_subclass	DOID_0111663
DOID_0050736	has_subclass	DOID_0111673
DOID_0050736	has_subclass	DOID_0111675
DOID_0050736	has_subclass	DOID_0111682
DOID_0050736	has_subclass	DOID_0111683
DOID_0050736	has_subclass	DOID_0111686
DOID_0050736	has_subclass	DOID_0111688
DOID_0050736	has_subclass	DOID_0111692
DOID_0050736	has_subclass	DOID_0111693
DOID_0050736	has_subclass	DOID_0111694
DOID_0050736	has_subclass	DOID_0111695
DOID_0050736	has_subclass	DOID_0111696
DOID_0050736	has_subclass	DOID_0111697
DOID_0050736	has_subclass	DOID_0111700
DOID_0050736	has_subclass	DOID_0111701
DOID_0050736	has_subclass	DOID_0111706
DOID_0050736	has_subclass	DOID_0111711
DOID_0050736	has_subclass	DOID_0111726
DOID_0050736	has_subclass	DOID_0111727
DOID_0050736	has_subclass	DOID_0111729
DOID_0050736	has_subclass	DOID_0111730
DOID_0050736	has_subclass	DOID_0111731
DOID_0050736	has_subclass	DOID_0111733
DOID_0050736	has_subclass	DOID_0111763
DOID_0050736	has_subclass	DOID_0111764
DOID_0050736	has_subclass	DOID_0111770
DOID_0050736	has_subclass	DOID_0111772
DOID_0050736	has_subclass	DOID_0111775
DOID_0050736	has_subclass	DOID_0111787
DOID_0050736	has_subclass	DOID_0111791
DOID_0050736	has_subclass	DOID_0111792
DOID_0050736	has_subclass	DOID_0111793
DOID_0050736	has_subclass	DOID_0111801
DOID_0050736	has_subclass	DOID_0111805
DOID_0050736	has_subclass	DOID_0111806
DOID_0050736	has_subclass	DOID_0111816
DOID_0050736	has_subclass	DOID_0111817
DOID_0050736	has_subclass	DOID_0111818
DOID_0050736	has_subclass	DOID_0111819
DOID_0050736	has_subclass	DOID_0111825
DOID_0050736	has_subclass	DOID_0111856
DOID_0050736	has_subclass	DOID_0111879
DOID_0050736	has_subclass	DOID_0111880
DOID_0050736	has_subclass	DOID_0111881
DOID_0050736	has_subclass	DOID_0111882
DOID_0050736	has_subclass	DOID_0111883
DOID_0050736	has_subclass	DOID_0111884
DOID_0050736	has_subclass	DOID_0111885
DOID_0050736	has_subclass	DOID_0111886
DOID_0050736	has_subclass	DOID_0111887
DOID_0050736	has_subclass	DOID_0111888
DOID_0050736	has_subclass	DOID_0111889
DOID_0050736	has_subclass	DOID_0111890
DOID_0050736	has_subclass	DOID_0111891
DOID_0050736	has_subclass	DOID_0111892
DOID_0050736	has_subclass	DOID_0111893
DOID_0050736	has_subclass	DOID_0111894
DOID_0050736	has_subclass	DOID_0111895
DOID_0050736	has_subclass	DOID_0111896
DOID_0050736	has_subclass	DOID_0111900
DOID_0050736	has_subclass	DOID_0111901
DOID_0050736	has_subclass	DOID_0111902
DOID_0050736	has_subclass	DOID_0111903
DOID_0050736	has_subclass	DOID_0111907
DOID_0050736	has_subclass	DOID_0111921
DOID_0050736	has_subclass	DOID_0111925
DOID_0050736	has_subclass	DOID_0111931
DOID_0050736	has_subclass	DOID_0111936
DOID_0050736	has_subclass	DOID_0111945
DOID_0050736	has_subclass	DOID_0111946
DOID_0050736	has_subclass	DOID_0111947
DOID_0050736	has_subclass	DOID_0111949
DOID_0050736	has_subclass	DOID_0111954
DOID_0050736	has_subclass	DOID_0111956
DOID_0050736	has_subclass	DOID_0111958
DOID_0050736	has_subclass	DOID_0111960
DOID_0050736	has_subclass	DOID_0111969
DOID_0050736	has_subclass	DOID_0111979
DOID_0050736	has_subclass	DOID_0111986
DOID_0050736	has_subclass	DOID_0111987
DOID_0050736	has_subclass	DOID_0112005
DOID_0050736	has_subclass	DOID_0112013
DOID_0050736	has_subclass	DOID_0112014
DOID_0050736	has_subclass	DOID_0112061
DOID_0050736	has_subclass	DOID_0112064
DOID_0050736	has_subclass	DOID_0112103
DOID_0050736	has_subclass	DOID_0112130
DOID_0050736	has_subclass	DOID_0112140
DOID_0050736	has_subclass	DOID_0112144
DOID_0050736	has_subclass	DOID_0112146
DOID_0050736	has_subclass	DOID_0112149
DOID_0050736	has_subclass	DOID_0112161
DOID_0050736	has_subclass	DOID_0112169
DOID_0050736	has_subclass	DOID_0112170
DOID_0050736	has_subclass	DOID_0112195
DOID_0050736	has_subclass	DOID_0112199
DOID_0050736	has_subclass	DOID_0112203
DOID_0050736	has_subclass	DOID_0112205
DOID_0050736	has_subclass	DOID_0112206
DOID_0050736	has_subclass	DOID_0112208
DOID_0050736	has_subclass	DOID_0112209
DOID_0050736	has_subclass	DOID_0112210
DOID_0050736	has_subclass	DOID_0112214
DOID_0050736	has_subclass	DOID_0112215
DOID_0050736	has_subclass	DOID_0112221
DOID_0050736	has_subclass	DOID_0112226
DOID_0050736	has_subclass	DOID_0112229
DOID_0050736	has_subclass	DOID_0112242
DOID_0050736	has_subclass	DOID_0112243
DOID_0050736	has_subclass	DOID_0112247
DOID_0050736	has_subclass	DOID_0112275
DOID_0050736	has_subclass	DOID_0112276
DOID_0050736	has_subclass	DOID_0112281
DOID_0050736	has_subclass	DOID_0112282
DOID_0050736	has_subclass	DOID_0112285
DOID_0050736	has_subclass	DOID_0112288
DOID_0050736	has_subclass	DOID_0112297
DOID_0050736	has_subclass	DOID_0112310
DOID_0050736	has_subclass	DOID_0112314
DOID_0050736	has_subclass	DOID_0112339
DOID_0050736	has_subclass	DOID_0112341
DOID_0050736	has_subclass	DOID_0112359
DOID_0050736	has_subclass	DOID_0112383
DOID_0050736	has_subclass	DOID_10016
DOID_0050736	has_subclass	DOID_10017
DOID_0050736	has_subclass	DOID_10041
DOID_0050736	has_subclass	DOID_1068
DOID_0050736	has_subclass	DOID_11198
DOID_0050736	has_subclass	DOID_11661
DOID_0050736	has_subclass	DOID_12185
DOID_0050736	has_subclass	DOID_12318
DOID_0050736	has_subclass	DOID_12388
DOID_0050736	has_subclass	DOID_1270
DOID_0050736	has_subclass	DOID_13374
DOID_0050736	has_subclass	DOID_13994
DOID_0050736	has_subclass	DOID_14291
DOID_0050736	has_subclass	DOID_14686
DOID_0050736	has_subclass	DOID_14693
DOID_0050736	has_subclass	DOID_14705
DOID_0050736	has_subclass	DOID_14720
DOID_0050736	has_subclass	DOID_14725
DOID_0050736	has_subclass	DOID_14731
DOID_0050736	has_subclass	DOID_14735
DOID_0050736	has_subclass	DOID_14743
DOID_0050736	has_subclass	DOID_14756
DOID_0050736	has_subclass	DOID_14761
DOID_0050736	has_subclass	DOID_14764
DOID_0050736	has_subclass	DOID_14768
DOID_0050736	has_subclass	DOID_14789
DOID_0050736	has_subclass	DOID_1702
DOID_0050736	has_subclass	DOID_1856
DOID_0050736	has_subclass	DOID_1928
DOID_0050736	has_subclass	DOID_1933
DOID_0050736	has_subclass	DOID_2436
DOID_0050736	has_subclass	DOID_2736
DOID_0050736	has_subclass	DOID_2908
DOID_0050736	has_subclass	DOID_3204
DOID_0050736	has_subclass	DOID_3261
DOID_0050736	has_subclass	DOID_3263
DOID_0050736	has_subclass	DOID_3529
DOID_0050736	has_subclass	DOID_3755
DOID_0050736	has_subclass	DOID_3764
DOID_0050736	has_subclass	DOID_3883
DOID_0050736	has_subclass	DOID_3911
DOID_0050736	has_subclass	DOID_4154
DOID_0050736	has_subclass	DOID_4252
DOID_0050736	has_subclass	DOID_4998
DOID_0050736	has_subclass	DOID_5683
DOID_0050736	has_subclass	DOID_8545
DOID_0050736	has_subclass	DOID_8712
DOID_0050736	has_subclass	DOID_9248
DOID_0050736	has_subclass	DOID_9467
DOID_0050736	has_subclass	DOID_9631
DOID_0050737	has_subclass	DOID_0050335
DOID_0050737	has_subclass	DOID_0050427
DOID_0050737	has_subclass	DOID_0050436
DOID_0050737	has_subclass	DOID_0050441
DOID_0050737	has_subclass	DOID_0050450
DOID_0050737	has_subclass	DOID_0050470
DOID_0050737	has_subclass	DOID_0050473
DOID_0050737	has_subclass	DOID_0050474
DOID_0050737	has_subclass	DOID_0050528
DOID_0050737	has_subclass	DOID_0050530
DOID_0050737	has_subclass	DOID_0050546
DOID_0050737	has_subclass	DOID_0050553
DOID_0050737	has_subclass	DOID_0050565
DOID_0050737	has_subclass	DOID_0050569
DOID_0050737	has_subclass	DOID_0050577
DOID_0050737	has_subclass	DOID_0050585
DOID_0050737	has_subclass	DOID_0050588
DOID_0050737	has_subclass	DOID_0050600
DOID_0050737	has_subclass	DOID_0050602
DOID_0050737	has_subclass	DOID_0050603
DOID_0050737	has_subclass	DOID_0050604
DOID_0050737	has_subclass	DOID_0050634
DOID_0050737	has_subclass	DOID_0050649
DOID_0050737	has_subclass	DOID_0050656
DOID_0050737	has_subclass	DOID_0050677
DOID_0050737	has_subclass	DOID_0050682
DOID_0050737	has_subclass	DOID_0050684
DOID_0050737	has_subclass	DOID_0050719
DOID_0050737	has_subclass	DOID_0050766
DOID_0050737	has_subclass	DOID_0050774
DOID_0050737	has_subclass	DOID_0050796
DOID_0050737	has_subclass	DOID_0050797
DOID_0050737	has_subclass	DOID_0050807
DOID_0050737	has_subclass	DOID_0050812
DOID_0050737	has_subclass	DOID_0050814
DOID_0050737	has_subclass	DOID_0050816
DOID_0050737	has_subclass	DOID_0050883
DOID_0050737	has_subclass	DOID_0050941
DOID_0050737	has_subclass	DOID_0050942
DOID_0050737	has_subclass	DOID_0050943
DOID_0050737	has_subclass	DOID_0050944
DOID_0050737	has_subclass	DOID_0050949
DOID_0050737	has_subclass	DOID_0051001
DOID_0050737	has_subclass	DOID_0051004
DOID_0050737	has_subclass	DOID_0051005
DOID_0050737	has_subclass	DOID_0051006
DOID_0050737	has_subclass	DOID_0051007
DOID_0050737	has_subclass	DOID_0051020
DOID_0050737	has_subclass	DOID_0051021
DOID_0050737	has_subclass	DOID_0051023
DOID_0050737	has_subclass	DOID_0051026
DOID_0050737	has_subclass	DOID_0051047
DOID_0050737	has_subclass	DOID_0051050
DOID_0050737	has_subclass	DOID_0051053
DOID_0050737	has_subclass	DOID_0051056
DOID_0050737	has_subclass	DOID_0051059
DOID_0050737	has_subclass	DOID_0051068
DOID_0050737	has_subclass	DOID_0051070
DOID_0050737	has_subclass	DOID_0051080
DOID_0050737	has_subclass	DOID_0051085
DOID_0050737	has_subclass	DOID_0051087
DOID_0050737	has_subclass	DOID_0051090
DOID_0050737	has_subclass	DOID_0051091
DOID_0050737	has_subclass	DOID_0051098
DOID_0050737	has_subclass	DOID_0060017
DOID_0050737	has_subclass	DOID_0060018
DOID_0050737	has_subclass	DOID_0060020
DOID_0050737	has_subclass	DOID_0060021
DOID_0050737	has_subclass	DOID_0060023
DOID_0050737	has_subclass	DOID_0060025
DOID_0050737	has_subclass	DOID_0060027
DOID_0050737	has_subclass	DOID_0060065
DOID_0050737	has_subclass	DOID_0060225
DOID_0050737	has_subclass	DOID_0060237
DOID_0050737	has_subclass	DOID_0060240
DOID_0050737	has_subclass	DOID_0060241
DOID_0050737	has_subclass	DOID_0060265
DOID_0050737	has_subclass	DOID_0060266
DOID_0050737	has_subclass	DOID_0060267
DOID_0050737	has_subclass	DOID_0060268
DOID_0050737	has_subclass	DOID_0060269
DOID_0050737	has_subclass	DOID_0060270
DOID_0050737	has_subclass	DOID_0060271
DOID_0050737	has_subclass	DOID_0060283
DOID_0050737	has_subclass	DOID_0060294
DOID_0050737	has_subclass	DOID_0060308
DOID_0050737	has_subclass	DOID_0060337
DOID_0050737	has_subclass	DOID_0060347
DOID_0050737	has_subclass	DOID_0060348
DOID_0050737	has_subclass	DOID_0060350
DOID_0050737	has_subclass	DOID_0060356
DOID_0050737	has_subclass	DOID_0060369
DOID_0050737	has_subclass	DOID_0060370
DOID_0050737	has_subclass	DOID_0060372
DOID_0050737	has_subclass	DOID_0060373
DOID_0050737	has_subclass	DOID_0060374
DOID_0050737	has_subclass	DOID_0060375
DOID_0050737	has_subclass	DOID_0060382
DOID_0050737	has_subclass	DOID_0060449
DOID_0050737	has_subclass	DOID_0060470
DOID_0050737	has_subclass	DOID_0060474
DOID_0050737	has_subclass	DOID_0060481
DOID_0050737	has_subclass	DOID_0060484
DOID_0050737	has_subclass	DOID_0060490
DOID_0050737	has_subclass	DOID_0060491
DOID_0050737	has_subclass	DOID_0060535
DOID_0050737	has_subclass	DOID_0060551
DOID_0050737	has_subclass	DOID_0060556
DOID_0050737	has_subclass	DOID_0060580
DOID_0050737	has_subclass	DOID_0060589
DOID_0050737	has_subclass	DOID_0060590
DOID_0050737	has_subclass	DOID_0060608
DOID_0050737	has_subclass	DOID_0060609
DOID_0050737	has_subclass	DOID_0060638
DOID_0050737	has_subclass	DOID_0060639
DOID_0050737	has_subclass	DOID_0060641
DOID_0050737	has_subclass	DOID_0060642
DOID_0050737	has_subclass	DOID_0060647
DOID_0050737	has_subclass	DOID_0060649
DOID_0050737	has_subclass	DOID_0060650
DOID_0050737	has_subclass	DOID_0060689
DOID_0050737	has_subclass	DOID_0060692
DOID_0050737	has_subclass	DOID_0060696
DOID_0050737	has_subclass	DOID_0060697
DOID_0050737	has_subclass	DOID_0060698
DOID_0050737	has_subclass	DOID_0060707
DOID_0050737	has_subclass	DOID_0060708
DOID_0050737	has_subclass	DOID_0060733
DOID_0050737	has_subclass	DOID_0060737
DOID_0050737	has_subclass	DOID_0060738
DOID_0050737	has_subclass	DOID_0060744
DOID_0050737	has_subclass	DOID_0060757
DOID_0050737	has_subclass	DOID_0060758
DOID_0050737	has_subclass	DOID_0060759
DOID_0050737	has_subclass	DOID_0060764
DOID_0050737	has_subclass	DOID_0060769
DOID_0050737	has_subclass	DOID_0060773
DOID_0050737	has_subclass	DOID_0060775
DOID_0050737	has_subclass	DOID_0060776
DOID_0050737	has_subclass	DOID_0060778
DOID_0050737	has_subclass	DOID_0060779
DOID_0050737	has_subclass	DOID_0060781
DOID_0050737	has_subclass	DOID_0060788
DOID_0050737	has_subclass	DOID_0060789
DOID_0050737	has_subclass	DOID_0060790
DOID_0050737	has_subclass	DOID_0060791
DOID_0050737	has_subclass	DOID_0060792
DOID_0050737	has_subclass	DOID_0060793
DOID_0050737	has_subclass	DOID_0060794
DOID_0050737	has_subclass	DOID_0060795
DOID_0050737	has_subclass	DOID_0060796
DOID_0050737	has_subclass	DOID_0060797
DOID_0050737	has_subclass	DOID_0060837
DOID_0050737	has_subclass	DOID_0060839
DOID_0050737	has_subclass	DOID_0060840
DOID_0050737	has_subclass	DOID_0060841
DOID_0050737	has_subclass	DOID_0060842
DOID_0050737	has_subclass	DOID_0060849
DOID_0050737	has_subclass	DOID_0060852
DOID_0050737	has_subclass	DOID_0060854
DOID_0050737	has_subclass	DOID_0060861
DOID_0050737	has_subclass	DOID_0060862
DOID_0050737	has_subclass	DOID_0060868
DOID_0050737	has_subclass	DOID_0060889
DOID_0050737	has_subclass	DOID_0060891
DOID_0050737	has_subclass	DOID_0060896
DOID_0050737	has_subclass	DOID_0060898
DOID_0050737	has_subclass	DOID_0060900
DOID_0050737	has_subclass	DOID_0060911
DOID_0050737	has_subclass	DOID_0060915
DOID_0050737	has_subclass	DOID_0060916
DOID_0050737	has_subclass	DOID_0060919
DOID_0050737	has_subclass	DOID_0060938
DOID_0050737	has_subclass	DOID_0060939
DOID_0050737	has_subclass	DOID_0060940
DOID_0050737	has_subclass	DOID_0060949
DOID_0050737	has_subclass	DOID_0060950
DOID_0050737	has_subclass	DOID_0060955
DOID_0050737	has_subclass	DOID_0060956
DOID_0050737	has_subclass	DOID_0060958
DOID_0050737	has_subclass	DOID_0060959
DOID_0050737	has_subclass	DOID_0060960
DOID_0050737	has_subclass	DOID_0060961
DOID_0050737	has_subclass	DOID_0060962
DOID_0050737	has_subclass	DOID_0060966
DOID_0050737	has_subclass	DOID_0060967
DOID_0050737	has_subclass	DOID_0060973
DOID_0050737	has_subclass	DOID_0060974
DOID_0050737	has_subclass	DOID_0060978
DOID_0050737	has_subclass	DOID_0060979
DOID_0050737	has_subclass	DOID_0060987
DOID_0050737	has_subclass	DOID_0060990
DOID_0050737	has_subclass	DOID_0060993
DOID_0050737	has_subclass	DOID_0060994
DOID_0050737	has_subclass	DOID_0061003
DOID_0050737	has_subclass	DOID_0061007
DOID_0050737	has_subclass	DOID_0061014
DOID_0050737	has_subclass	DOID_0061019
DOID_0050737	has_subclass	DOID_0061020
DOID_0050737	has_subclass	DOID_0061021
DOID_0050737	has_subclass	DOID_0061023
DOID_0050737	has_subclass	DOID_0061024
DOID_0050737	has_subclass	DOID_0061026
DOID_0050737	has_subclass	DOID_0061051
DOID_0050737	has_subclass	DOID_0061052
DOID_0050737	has_subclass	DOID_0061057
DOID_0050737	has_subclass	DOID_0061058
DOID_0050737	has_subclass	DOID_0061059
DOID_0050737	has_subclass	DOID_0061060
DOID_0050737	has_subclass	DOID_0061061
DOID_0050737	has_subclass	DOID_0061062
DOID_0050737	has_subclass	DOID_0061063
DOID_0050737	has_subclass	DOID_0061065
DOID_0050737	has_subclass	DOID_0061066
DOID_0050737	has_subclass	DOID_0061069
DOID_0050737	has_subclass	DOID_0061074
DOID_0050737	has_subclass	DOID_0061075
DOID_0050737	has_subclass	DOID_0061077
DOID_0050737	has_subclass	DOID_0061078
DOID_0050737	has_subclass	DOID_0061080
DOID_0050737	has_subclass	DOID_0061081
DOID_0050737	has_subclass	DOID_0061082
DOID_0050737	has_subclass	DOID_0061083
DOID_0050737	has_subclass	DOID_0061085
DOID_0050737	has_subclass	DOID_0061086
DOID_0050737	has_subclass	DOID_0061088
DOID_0050737	has_subclass	DOID_0061089
DOID_0050737	has_subclass	DOID_0061090
DOID_0050737	has_subclass	DOID_0061091
DOID_0050737	has_subclass	DOID_0061092
DOID_0050737	has_subclass	DOID_0061093
DOID_0050737	has_subclass	DOID_0061094
DOID_0050737	has_subclass	DOID_0061099
DOID_0050737	has_subclass	DOID_0061102
DOID_0050737	has_subclass	DOID_0061103
DOID_0050737	has_subclass	DOID_0061105
DOID_0050737	has_subclass	DOID_0061107
DOID_0050737	has_subclass	DOID_0061109
DOID_0050737	has_subclass	DOID_0061111
DOID_0050737	has_subclass	DOID_0061112
DOID_0050737	has_subclass	DOID_0061113
DOID_0050737	has_subclass	DOID_0061116
DOID_0050737	has_subclass	DOID_0061135
DOID_0050737	has_subclass	DOID_0061136
DOID_0050737	has_subclass	DOID_0061138
DOID_0050737	has_subclass	DOID_0061141
DOID_0050737	has_subclass	DOID_0061142
DOID_0050737	has_subclass	DOID_0061143
DOID_0050737	has_subclass	DOID_0061155
DOID_0050737	has_subclass	DOID_0061157
DOID_0050737	has_subclass	DOID_0061161
DOID_0050737	has_subclass	DOID_0061162
DOID_0050737	has_subclass	DOID_0061163
DOID_0050737	has_subclass	DOID_0061164
DOID_0050737	has_subclass	DOID_0061166
DOID_0050737	has_subclass	DOID_0061167
DOID_0050737	has_subclass	DOID_0061171
DOID_0050737	has_subclass	DOID_0061180
DOID_0050737	has_subclass	DOID_0061181
DOID_0050737	has_subclass	DOID_0061182
DOID_0050737	has_subclass	DOID_0061183
DOID_0050737	has_subclass	DOID_0061186
DOID_0050737	has_subclass	DOID_0061188
DOID_0050737	has_subclass	DOID_0061191
DOID_0050737	has_subclass	DOID_0061192
DOID_0050737	has_subclass	DOID_0061194
DOID_0050737	has_subclass	DOID_0061195
DOID_0050737	has_subclass	DOID_0061197
DOID_0050737	has_subclass	DOID_0061202
DOID_0050737	has_subclass	DOID_0061204
DOID_0050737	has_subclass	DOID_0061205
DOID_0050737	has_subclass	DOID_0061206
DOID_0050737	has_subclass	DOID_0061207
DOID_0050737	has_subclass	DOID_0061224
DOID_0050737	has_subclass	DOID_0061225
DOID_0050737	has_subclass	DOID_0061226
DOID_0050737	has_subclass	DOID_0061228
DOID_0050737	has_subclass	DOID_0061233
DOID_0050737	has_subclass	DOID_0061234
DOID_0050737	has_subclass	DOID_0061240
DOID_0050737	has_subclass	DOID_0061241
DOID_0050737	has_subclass	DOID_0061243
DOID_0050737	has_subclass	DOID_0061244
DOID_0050737	has_subclass	DOID_0061256
DOID_0050737	has_subclass	DOID_0061258
DOID_0050737	has_subclass	DOID_0061259
DOID_0050737	has_subclass	DOID_0061260
DOID_0050737	has_subclass	DOID_0061271
DOID_0050737	has_subclass	DOID_0061272
DOID_0050737	has_subclass	DOID_0061275
DOID_0050737	has_subclass	DOID_0061276
DOID_0050737	has_subclass	DOID_0061285
DOID_0050737	has_subclass	DOID_0061286
DOID_0050737	has_subclass	DOID_0061287
DOID_0050737	has_subclass	DOID_0061288
DOID_0050737	has_subclass	DOID_0061289
DOID_0050737	has_subclass	DOID_0061290
DOID_0050737	has_subclass	DOID_0061291
DOID_0050737	has_subclass	DOID_0061292
DOID_0050737	has_subclass	DOID_0061293
DOID_0050737	has_subclass	DOID_0061294
DOID_0050737	has_subclass	DOID_0061295
DOID_0050737	has_subclass	DOID_0061296
DOID_0050737	has_subclass	DOID_0061297
DOID_0050737	has_subclass	DOID_0061298
DOID_0050737	has_subclass	DOID_0061299
DOID_0050737	has_subclass	DOID_0070000
DOID_0050737	has_subclass	DOID_0070002
DOID_0050737	has_subclass	DOID_0070015
DOID_0050737	has_subclass	DOID_0070017
DOID_0050737	has_subclass	DOID_0070019
DOID_0050737	has_subclass	DOID_0070021
DOID_0050737	has_subclass	DOID_0070022
DOID_0050737	has_subclass	DOID_0070024
DOID_0050737	has_subclass	DOID_0070126
DOID_0050737	has_subclass	DOID_0070141
DOID_0050737	has_subclass	DOID_0070144
DOID_0050737	has_subclass	DOID_0070148
DOID_0050737	has_subclass	DOID_0070151
DOID_0050737	has_subclass	DOID_0070153
DOID_0050737	has_subclass	DOID_0070161
DOID_0050737	has_subclass	DOID_0070165
DOID_0050737	has_subclass	DOID_0070166
DOID_0050737	has_subclass	DOID_0070167
DOID_0050737	has_subclass	DOID_0070170
DOID_0050737	has_subclass	DOID_0070172
DOID_0050737	has_subclass	DOID_0070173
DOID_0050737	has_subclass	DOID_0070174
DOID_0050737	has_subclass	DOID_0070177
DOID_0050737	has_subclass	DOID_0070179
DOID_0050737	has_subclass	DOID_0070181
DOID_0050737	has_subclass	DOID_0070182
DOID_0050737	has_subclass	DOID_0070183
DOID_0050737	has_subclass	DOID_0070184
DOID_0050737	has_subclass	DOID_0070191
DOID_0050737	has_subclass	DOID_0070192
DOID_0050737	has_subclass	DOID_0070193
DOID_0050737	has_subclass	DOID_0070194
DOID_0050737	has_subclass	DOID_0070199
DOID_0050737	has_subclass	DOID_0070201
DOID_0050737	has_subclass	DOID_0070203
DOID_0050737	has_subclass	DOID_0070215
DOID_0050737	has_subclass	DOID_0070219
DOID_0050737	has_subclass	DOID_0070222
DOID_0050737	has_subclass	DOID_0070223
DOID_0050737	has_subclass	DOID_0070224
DOID_0050737	has_subclass	DOID_0070225
DOID_0050737	has_subclass	DOID_0070226
DOID_0050737	has_subclass	DOID_0070232
DOID_0050737	has_subclass	DOID_0070248
DOID_0050737	has_subclass	DOID_0070257
DOID_0050737	has_subclass	DOID_0070258
DOID_0050737	has_subclass	DOID_0070259
DOID_0050737	has_subclass	DOID_0070260
DOID_0050737	has_subclass	DOID_0070261
DOID_0050737	has_subclass	DOID_0070262
DOID_0050737	has_subclass	DOID_0070264
DOID_0050737	has_subclass	DOID_0070266
DOID_0050737	has_subclass	DOID_0070267
DOID_0050737	has_subclass	DOID_0070296
DOID_0050737	has_subclass	DOID_0070300
DOID_0050737	has_subclass	DOID_0070302
DOID_0050737	has_subclass	DOID_0070307
DOID_0050737	has_subclass	DOID_0070331
DOID_0050737	has_subclass	DOID_0070341
DOID_0050737	has_subclass	DOID_0070352
DOID_0050737	has_subclass	DOID_0070354
DOID_0050737	has_subclass	DOID_0070356
DOID_0050737	has_subclass	DOID_0070368
DOID_0050737	has_subclass	DOID_0070369
DOID_0050737	has_subclass	DOID_0070376
DOID_0050737	has_subclass	DOID_0070382
DOID_0050737	has_subclass	DOID_0070387
DOID_0050737	has_subclass	DOID_0070388
DOID_0050737	has_subclass	DOID_0070391
DOID_0050737	has_subclass	DOID_0070392
DOID_0050737	has_subclass	DOID_0070393
DOID_0050737	has_subclass	DOID_0070395
DOID_0050737	has_subclass	DOID_0070396
DOID_0050737	has_subclass	DOID_0070397
DOID_0050737	has_subclass	DOID_0070398
DOID_0050737	has_subclass	DOID_0070399
DOID_0050737	has_subclass	DOID_0070403
DOID_0050737	has_subclass	DOID_0070404
DOID_0050737	has_subclass	DOID_0070407
DOID_0050737	has_subclass	DOID_0070408
DOID_0050737	has_subclass	DOID_0070425
DOID_0050737	has_subclass	DOID_0070426
DOID_0050737	has_subclass	DOID_0070427
DOID_0050737	has_subclass	DOID_0070429
DOID_0050737	has_subclass	DOID_0070430
DOID_0050737	has_subclass	DOID_0070446
DOID_0050737	has_subclass	DOID_0070447
DOID_0050737	has_subclass	DOID_0070448
DOID_0050737	has_subclass	DOID_0070449
DOID_0050737	has_subclass	DOID_0070450
DOID_0050737	has_subclass	DOID_0070451
DOID_0050737	has_subclass	DOID_0070454
DOID_0050737	has_subclass	DOID_0070456
DOID_0050737	has_subclass	DOID_0070458
DOID_0050737	has_subclass	DOID_0070462
DOID_0050737	has_subclass	DOID_0070463
DOID_0050737	has_subclass	DOID_0070464
DOID_0050737	has_subclass	DOID_0070468
DOID_0050737	has_subclass	DOID_0070473
DOID_0050737	has_subclass	DOID_0070485
DOID_0050737	has_subclass	DOID_0070486
DOID_0050737	has_subclass	DOID_0070489
DOID_0050737	has_subclass	DOID_0070490
DOID_0050737	has_subclass	DOID_0070491
DOID_0050737	has_subclass	DOID_0070492
DOID_0050737	has_subclass	DOID_0070493
DOID_0050737	has_subclass	DOID_0070494
DOID_0050737	has_subclass	DOID_0070495
DOID_0050737	has_subclass	DOID_0070496
DOID_0050737	has_subclass	DOID_0070497
DOID_0050737	has_subclass	DOID_0070498
DOID_0050737	has_subclass	DOID_0070499
DOID_0050737	has_subclass	DOID_0070500
DOID_0050737	has_subclass	DOID_0070501
DOID_0050737	has_subclass	DOID_0070502
DOID_0050737	has_subclass	DOID_0070503
DOID_0050737	has_subclass	DOID_0070504
DOID_0050737	has_subclass	DOID_0070505
DOID_0050737	has_subclass	DOID_0070506
DOID_0050737	has_subclass	DOID_0070507
DOID_0050737	has_subclass	DOID_0070510
DOID_0050737	has_subclass	DOID_0070511
DOID_0050737	has_subclass	DOID_0070526
DOID_0050737	has_subclass	DOID_0070531
DOID_0050737	has_subclass	DOID_0070539
DOID_0050737	has_subclass	DOID_0070540
DOID_0050737	has_subclass	DOID_0070541
DOID_0050737	has_subclass	DOID_0070543
DOID_0050737	has_subclass	DOID_0070544
DOID_0050737	has_subclass	DOID_0070562
DOID_0050737	has_subclass	DOID_0070563
DOID_0050737	has_subclass	DOID_0070565
DOID_0050737	has_subclass	DOID_0070566
DOID_0050737	has_subclass	DOID_0070567
DOID_0050737	has_subclass	DOID_0070568
DOID_0050737	has_subclass	DOID_0070569
DOID_0050737	has_subclass	DOID_0070570
DOID_0050737	has_subclass	DOID_0070571
DOID_0050737	has_subclass	DOID_0070572
DOID_0050737	has_subclass	DOID_0070573
DOID_0050737	has_subclass	DOID_0070574
DOID_0050737	has_subclass	DOID_0070575
DOID_0050737	has_subclass	DOID_0070576
DOID_0050737	has_subclass	DOID_0070577
DOID_0050737	has_subclass	DOID_0070578
DOID_0050737	has_subclass	DOID_0070579
DOID_0050737	has_subclass	DOID_0070580
DOID_0050737	has_subclass	DOID_0070581
DOID_0050737	has_subclass	DOID_0070582
DOID_0050737	has_subclass	DOID_0070583
DOID_0050737	has_subclass	DOID_0070584
DOID_0050737	has_subclass	DOID_0070585
DOID_0050737	has_subclass	DOID_0070586
DOID_0050737	has_subclass	DOID_0070587
DOID_0050737	has_subclass	DOID_0070588
DOID_0050737	has_subclass	DOID_0070589
DOID_0050737	has_subclass	DOID_0070590
DOID_0050737	has_subclass	DOID_0070591
DOID_0050737	has_subclass	DOID_0070592
DOID_0050737	has_subclass	DOID_0070593
DOID_0050737	has_subclass	DOID_0070594
DOID_0050737	has_subclass	DOID_0070613
DOID_0050737	has_subclass	DOID_0070639
DOID_0050737	has_subclass	DOID_0070641
DOID_0050737	has_subclass	DOID_0070642
DOID_0050737	has_subclass	DOID_0070644
DOID_0050737	has_subclass	DOID_0070645
DOID_0050737	has_subclass	DOID_0070646
DOID_0050737	has_subclass	DOID_0070649
DOID_0050737	has_subclass	DOID_0070651
DOID_0050737	has_subclass	DOID_0070654
DOID_0050737	has_subclass	DOID_0070677
DOID_0050737	has_subclass	DOID_0070680
DOID_0050737	has_subclass	DOID_0070683
DOID_0050737	has_subclass	DOID_0070684
DOID_0050737	has_subclass	DOID_0070688
DOID_0050737	has_subclass	DOID_0070692
DOID_0050737	has_subclass	DOID_0070700
DOID_0050737	has_subclass	DOID_0070703
DOID_0050737	has_subclass	DOID_0070714
DOID_0050737	has_subclass	DOID_0070718
DOID_0050737	has_subclass	DOID_0070719
DOID_0050737	has_subclass	DOID_0070720
DOID_0050737	has_subclass	DOID_0070723
DOID_0050737	has_subclass	DOID_0070725
DOID_0050737	has_subclass	DOID_0070726
DOID_0050737	has_subclass	DOID_0070727
DOID_0050737	has_subclass	DOID_0070728
DOID_0050737	has_subclass	DOID_0070729
DOID_0050737	has_subclass	DOID_0070730
DOID_0050737	has_subclass	DOID_0070731
DOID_0050737	has_subclass	DOID_0070733
DOID_0050737	has_subclass	DOID_0070734
DOID_0050737	has_subclass	DOID_0070736
DOID_0050737	has_subclass	DOID_0070737
DOID_0050737	has_subclass	DOID_0070742
DOID_0050737	has_subclass	DOID_0070744
DOID_0050737	has_subclass	DOID_0070746
DOID_0050737	has_subclass	DOID_0070748
DOID_0050737	has_subclass	DOID_0070749
DOID_0050737	has_subclass	DOID_0070750
DOID_0050737	has_subclass	DOID_0070758
DOID_0050737	has_subclass	DOID_0070760
DOID_0050737	has_subclass	DOID_0070761
DOID_0050737	has_subclass	DOID_0070762
DOID_0050737	has_subclass	DOID_0070763
DOID_0050737	has_subclass	DOID_0070764
DOID_0050737	has_subclass	DOID_0070765
DOID_0050737	has_subclass	DOID_0070766
DOID_0050737	has_subclass	DOID_0070767
DOID_0050737	has_subclass	DOID_0070776
DOID_0050737	has_subclass	DOID_0080026
DOID_0050737	has_subclass	DOID_0080038
DOID_0050737	has_subclass	DOID_0080050
DOID_0050737	has_subclass	DOID_0080051
DOID_0050737	has_subclass	DOID_0080052
DOID_0050737	has_subclass	DOID_0080055
DOID_0050737	has_subclass	DOID_0080071
DOID_0050737	has_subclass	DOID_0080081
DOID_0050737	has_subclass	DOID_0080082
DOID_0050737	has_subclass	DOID_0080087
DOID_0050737	has_subclass	DOID_0080092
DOID_0050737	has_subclass	DOID_0080098
DOID_0050737	has_subclass	DOID_0080101
DOID_0050737	has_subclass	DOID_0080105
DOID_0050737	has_subclass	DOID_0080106
DOID_0050737	has_subclass	DOID_0080107
DOID_0050737	has_subclass	DOID_0080119
DOID_0050737	has_subclass	DOID_0080120
DOID_0050737	has_subclass	DOID_0080121
DOID_0050737	has_subclass	DOID_0080122
DOID_0050737	has_subclass	DOID_0080123
DOID_0050737	has_subclass	DOID_0080124
DOID_0050737	has_subclass	DOID_0080125
DOID_0050737	has_subclass	DOID_0080126
DOID_0050737	has_subclass	DOID_0080127
DOID_0050737	has_subclass	DOID_0080128
DOID_0050737	has_subclass	DOID_0080129
DOID_0050737	has_subclass	DOID_0080131
DOID_0050737	has_subclass	DOID_0080132
DOID_0050737	has_subclass	DOID_0080133
DOID_0050737	has_subclass	DOID_0080134
DOID_0050737	has_subclass	DOID_0080135
DOID_0050737	has_subclass	DOID_0080136
DOID_0050737	has_subclass	DOID_0080140
DOID_0050737	has_subclass	DOID_0080141
DOID_0050737	has_subclass	DOID_0080142
DOID_0050737	has_subclass	DOID_0080163
DOID_0050737	has_subclass	DOID_0080172
DOID_0050737	has_subclass	DOID_0080181
DOID_0050737	has_subclass	DOID_0080195
DOID_0050737	has_subclass	DOID_0080209
DOID_0050737	has_subclass	DOID_0080245
DOID_0050737	has_subclass	DOID_0080246
DOID_0050737	has_subclass	DOID_0080251
DOID_0050737	has_subclass	DOID_0080252
DOID_0050737	has_subclass	DOID_0080253
DOID_0050737	has_subclass	DOID_0080254
DOID_0050737	has_subclass	DOID_0080255
DOID_0050737	has_subclass	DOID_0080265
DOID_0050737	has_subclass	DOID_0080271
DOID_0050737	has_subclass	DOID_0080272
DOID_0050737	has_subclass	DOID_0080274
DOID_0050737	has_subclass	DOID_0080283
DOID_0050737	has_subclass	DOID_0080289
DOID_0050737	has_subclass	DOID_0080292
DOID_0050737	has_subclass	DOID_0080293
DOID_0050737	has_subclass	DOID_0080296
DOID_0050737	has_subclass	DOID_0080308
DOID_0050737	has_subclass	DOID_0080309
DOID_0050737	has_subclass	DOID_0080312
DOID_0050737	has_subclass	DOID_0080316
DOID_0050737	has_subclass	DOID_0080318
DOID_0050737	has_subclass	DOID_0080327
DOID_0050737	has_subclass	DOID_0080335
DOID_0050737	has_subclass	DOID_0080337
DOID_0050737	has_subclass	DOID_0080343
DOID_0050737	has_subclass	DOID_0080349
DOID_0050737	has_subclass	DOID_0080350
DOID_0050737	has_subclass	DOID_0080357
DOID_0050737	has_subclass	DOID_0080358
DOID_0050737	has_subclass	DOID_0080361
DOID_0050737	has_subclass	DOID_0080363
DOID_0050737	has_subclass	DOID_0080379
DOID_0050737	has_subclass	DOID_0080380
DOID_0050737	has_subclass	DOID_0080381
DOID_0050737	has_subclass	DOID_0080382
DOID_0050737	has_subclass	DOID_0080384
DOID_0050737	has_subclass	DOID_0080385
DOID_0050737	has_subclass	DOID_0080386
DOID_0050737	has_subclass	DOID_0080387
DOID_0050737	has_subclass	DOID_0080388
DOID_0050737	has_subclass	DOID_0080389
DOID_0050737	has_subclass	DOID_0080390
DOID_0050737	has_subclass	DOID_0080391
DOID_0050737	has_subclass	DOID_0080392
DOID_0050737	has_subclass	DOID_0080393
DOID_0050737	has_subclass	DOID_0080394
DOID_0050737	has_subclass	DOID_0080407
DOID_0050737	has_subclass	DOID_0080413
DOID_0050737	has_subclass	DOID_0080414
DOID_0050737	has_subclass	DOID_0080415
DOID_0050737	has_subclass	DOID_0080417
DOID_0050737	has_subclass	DOID_0080419
DOID_0050737	has_subclass	DOID_0080424
DOID_0050737	has_subclass	DOID_0080426
DOID_0050737	has_subclass	DOID_0080427
DOID_0050737	has_subclass	DOID_0080432
DOID_0050737	has_subclass	DOID_0080433
DOID_0050737	has_subclass	DOID_0080434
DOID_0050737	has_subclass	DOID_0080435
DOID_0050737	has_subclass	DOID_0080440
DOID_0050737	has_subclass	DOID_0080441
DOID_0050737	has_subclass	DOID_0080443
DOID_0050737	has_subclass	DOID_0080448
DOID_0050737	has_subclass	DOID_0080449
DOID_0050737	has_subclass	DOID_0080451
DOID_0050737	has_subclass	DOID_0080452
DOID_0050737	has_subclass	DOID_0080453
DOID_0050737	has_subclass	DOID_0080455
DOID_0050737	has_subclass	DOID_0080457
DOID_0050737	has_subclass	DOID_0080458
DOID_0050737	has_subclass	DOID_0080459
DOID_0050737	has_subclass	DOID_0080460
DOID_0050737	has_subclass	DOID_0080464
DOID_0050737	has_subclass	DOID_0080493
DOID_0050737	has_subclass	DOID_0080495
DOID_0050737	has_subclass	DOID_0080496
DOID_0050737	has_subclass	DOID_0080497
DOID_0050737	has_subclass	DOID_0080498
DOID_0050737	has_subclass	DOID_0080499
DOID_0050737	has_subclass	DOID_0080512
DOID_0050737	has_subclass	DOID_0080513
DOID_0050737	has_subclass	DOID_0080514
DOID_0050737	has_subclass	DOID_0080515
DOID_0050737	has_subclass	DOID_0080516
DOID_0050737	has_subclass	DOID_0080518
DOID_0050737	has_subclass	DOID_0080542
DOID_0050737	has_subclass	DOID_0080543
DOID_0050737	has_subclass	DOID_0080554
DOID_0050737	has_subclass	DOID_0080555
DOID_0050737	has_subclass	DOID_0080556
DOID_0050737	has_subclass	DOID_0080557
DOID_0050737	has_subclass	DOID_0080560
DOID_0050737	has_subclass	DOID_0080561
DOID_0050737	has_subclass	DOID_0080563
DOID_0050737	has_subclass	DOID_0080564
DOID_0050737	has_subclass	DOID_0080565
DOID_0050737	has_subclass	DOID_0080568
DOID_0050737	has_subclass	DOID_0080570
DOID_0050737	has_subclass	DOID_0080575
DOID_0050737	has_subclass	DOID_0080576
DOID_0050737	has_subclass	DOID_0080581
DOID_0050737	has_subclass	DOID_0080587
DOID_0050737	has_subclass	DOID_0080590
DOID_0050737	has_subclass	DOID_0080592
DOID_0050737	has_subclass	DOID_0080594
DOID_0050737	has_subclass	DOID_0080595
DOID_0050737	has_subclass	DOID_0080596
DOID_0050737	has_subclass	DOID_0080607
DOID_0050737	has_subclass	DOID_0080612
DOID_0050737	has_subclass	DOID_0080613
DOID_0050737	has_subclass	DOID_0080621
DOID_0050737	has_subclass	DOID_0080623
DOID_0050737	has_subclass	DOID_0080624
DOID_0050737	has_subclass	DOID_0080626
DOID_0050737	has_subclass	DOID_0080629
DOID_0050737	has_subclass	DOID_0080632
DOID_0050737	has_subclass	DOID_0080635
DOID_0050737	has_subclass	DOID_0080663
DOID_0050737	has_subclass	DOID_0080673
DOID_0050737	has_subclass	DOID_0080678
DOID_0050737	has_subclass	DOID_0080689
DOID_0050737	has_subclass	DOID_0080715
DOID_0050737	has_subclass	DOID_0080717
DOID_0050737	has_subclass	DOID_0080718
DOID_0050737	has_subclass	DOID_0080719
DOID_0050737	has_subclass	DOID_0080729
DOID_0050737	has_subclass	DOID_0080730
DOID_0050737	has_subclass	DOID_0080731
DOID_0050737	has_subclass	DOID_0080732
DOID_0050737	has_subclass	DOID_0080733
DOID_0050737	has_subclass	DOID_0080734
DOID_0050737	has_subclass	DOID_0080735
DOID_0050737	has_subclass	DOID_0080736
DOID_0050737	has_subclass	DOID_0080737
DOID_0050737	has_subclass	DOID_0080738
DOID_0050737	has_subclass	DOID_0080751
DOID_0050737	has_subclass	DOID_0080758
DOID_0050737	has_subclass	DOID_0080761
DOID_0050737	has_subclass	DOID_0080771
DOID_0050737	has_subclass	DOID_0080772
DOID_0050737	has_subclass	DOID_0080778
DOID_0050737	has_subclass	DOID_0080785
DOID_0050737	has_subclass	DOID_0080790
DOID_0050737	has_subclass	DOID_0080791
DOID_0050737	has_subclass	DOID_0080802
DOID_0050737	has_subclass	DOID_0080836
DOID_0050737	has_subclass	DOID_0080844
DOID_0050737	has_subclass	DOID_0080865
DOID_0050737	has_subclass	DOID_0080866
DOID_0050737	has_subclass	DOID_0080867
DOID_0050737	has_subclass	DOID_0080869
DOID_0050737	has_subclass	DOID_0080870
DOID_0050737	has_subclass	DOID_0080871
DOID_0050737	has_subclass	DOID_0080872
DOID_0050737	has_subclass	DOID_0080884
DOID_0050737	has_subclass	DOID_0080886
DOID_0050737	has_subclass	DOID_0080887
DOID_0050737	has_subclass	DOID_0080898
DOID_0050737	has_subclass	DOID_0080922
DOID_0050737	has_subclass	DOID_0080923
DOID_0050737	has_subclass	DOID_0080924
DOID_0050737	has_subclass	DOID_0080925
DOID_0050737	has_subclass	DOID_0080939
DOID_0050737	has_subclass	DOID_0080946
DOID_0050737	has_subclass	DOID_0080950
DOID_0050737	has_subclass	DOID_0080951
DOID_0050737	has_subclass	DOID_0080952
DOID_0050737	has_subclass	DOID_0080953
DOID_0050737	has_subclass	DOID_0080960
DOID_0050737	has_subclass	DOID_0080962
DOID_0050737	has_subclass	DOID_0080963
DOID_0050737	has_subclass	DOID_0081007
DOID_0050737	has_subclass	DOID_0081008
DOID_0050737	has_subclass	DOID_0081016
DOID_0050737	has_subclass	DOID_0081020
DOID_0050737	has_subclass	DOID_0081021
DOID_0050737	has_subclass	DOID_0081022
DOID_0050737	has_subclass	DOID_0081045
DOID_0050737	has_subclass	DOID_0081046
DOID_0050737	has_subclass	DOID_0081047
DOID_0050737	has_subclass	DOID_0081111
DOID_0050737	has_subclass	DOID_0081129
DOID_0050737	has_subclass	DOID_0081131
DOID_0050737	has_subclass	DOID_0081135
DOID_0050737	has_subclass	DOID_0081136
DOID_0050737	has_subclass	DOID_0081137
DOID_0050737	has_subclass	DOID_0081138
DOID_0050737	has_subclass	DOID_0081139
DOID_0050737	has_subclass	DOID_0081141
DOID_0050737	has_subclass	DOID_0081143
DOID_0050737	has_subclass	DOID_0081144
DOID_0050737	has_subclass	DOID_0081146
DOID_0050737	has_subclass	DOID_0081147
DOID_0050737	has_subclass	DOID_0081148
DOID_0050737	has_subclass	DOID_0081149
DOID_0050737	has_subclass	DOID_0081150
DOID_0050737	has_subclass	DOID_0081151
DOID_0050737	has_subclass	DOID_0081153
DOID_0050737	has_subclass	DOID_0081159
DOID_0050737	has_subclass	DOID_0081160
DOID_0050737	has_subclass	DOID_0081161
DOID_0050737	has_subclass	DOID_0081162
DOID_0050737	has_subclass	DOID_0081163
DOID_0050737	has_subclass	DOID_0081168
DOID_0050737	has_subclass	DOID_0081175
DOID_0050737	has_subclass	DOID_0081237
DOID_0050737	has_subclass	DOID_0081238
DOID_0050737	has_subclass	DOID_0081240
DOID_0050737	has_subclass	DOID_0081241
DOID_0050737	has_subclass	DOID_0081266
DOID_0050737	has_subclass	DOID_0081269
DOID_0050737	has_subclass	DOID_0081272
DOID_0050737	has_subclass	DOID_0081274
DOID_0050737	has_subclass	DOID_0081276
DOID_0050737	has_subclass	DOID_0081322
DOID_0050737	has_subclass	DOID_0081326
DOID_0050737	has_subclass	DOID_0081328
DOID_0050737	has_subclass	DOID_0081330
DOID_0050737	has_subclass	DOID_0081331
DOID_0050737	has_subclass	DOID_0081333
DOID_0050737	has_subclass	DOID_0081334
DOID_0050737	has_subclass	DOID_0081335
DOID_0050737	has_subclass	DOID_0081339
DOID_0050737	has_subclass	DOID_0081341
DOID_0050737	has_subclass	DOID_0081343
DOID_0050737	has_subclass	DOID_0081344
DOID_0050737	has_subclass	DOID_0081345
DOID_0050737	has_subclass	DOID_0081346
DOID_0050737	has_subclass	DOID_0081349
DOID_0050737	has_subclass	DOID_0081350
DOID_0050737	has_subclass	DOID_0081351
DOID_0050737	has_subclass	DOID_0081352
DOID_0050737	has_subclass	DOID_0081353
DOID_0050737	has_subclass	DOID_0081354
DOID_0050737	has_subclass	DOID_0081355
DOID_0050737	has_subclass	DOID_0081361
DOID_0050737	has_subclass	DOID_0081368
DOID_0050737	has_subclass	DOID_0081386
DOID_0050737	has_subclass	DOID_0081394
DOID_0050737	has_subclass	DOID_0081395
DOID_0050737	has_subclass	DOID_0081396
DOID_0050737	has_subclass	DOID_0081419
DOID_0050737	has_subclass	DOID_0081431
DOID_0050737	has_subclass	DOID_0081434
DOID_0050737	has_subclass	DOID_0081435
DOID_0050737	has_subclass	DOID_0081436
DOID_0050737	has_subclass	DOID_0081437
DOID_0050737	has_subclass	DOID_0081438
DOID_0050737	has_subclass	DOID_0081439
DOID_0050737	has_subclass	DOID_0081440
DOID_0050737	has_subclass	DOID_0081446
DOID_0050737	has_subclass	DOID_0081447
DOID_0050737	has_subclass	DOID_0090001
DOID_0050737	has_subclass	DOID_0090003
DOID_0050737	has_subclass	DOID_0090004
DOID_0050737	has_subclass	DOID_0090005
DOID_0050737	has_subclass	DOID_0090012
DOID_0050737	has_subclass	DOID_0090013
DOID_0050737	has_subclass	DOID_0090014
DOID_0050737	has_subclass	DOID_0090017
DOID_0050737	has_subclass	DOID_0090024
DOID_0050737	has_subclass	DOID_0090026
DOID_0050737	has_subclass	DOID_0090032
DOID_0050737	has_subclass	DOID_0090038
DOID_0050737	has_subclass	DOID_0090042
DOID_0050737	has_subclass	DOID_0090048
DOID_0050737	has_subclass	DOID_0090050
DOID_0050737	has_subclass	DOID_0090060
DOID_0050737	has_subclass	DOID_0090067
DOID_0050737	has_subclass	DOID_0090068
DOID_0050737	has_subclass	DOID_0090072
DOID_0050737	has_subclass	DOID_0090073
DOID_0050737	has_subclass	DOID_0090074
DOID_0050737	has_subclass	DOID_0090078
DOID_0050737	has_subclass	DOID_0090081
DOID_0050737	has_subclass	DOID_0090088
DOID_0050737	has_subclass	DOID_0090089
DOID_0050737	has_subclass	DOID_0090091
DOID_0050737	has_subclass	DOID_0090106
DOID_0050737	has_subclass	DOID_0090112
DOID_0050737	has_subclass	DOID_0090113
DOID_0050737	has_subclass	DOID_0090116
DOID_0050737	has_subclass	DOID_0090117
DOID_0050737	has_subclass	DOID_0090126
DOID_0050737	has_subclass	DOID_0090127
DOID_0050737	has_subclass	DOID_0090130
DOID_0050737	has_subclass	DOID_0090141
DOID_0050737	has_subclass	DOID_0090142
DOID_0050737	has_subclass	DOID_0090143
DOID_0050737	has_subclass	DOID_0090144
DOID_0050737	has_subclass	DOID_0110000
DOID_0050737	has_subclass	DOID_0110001
DOID_0050737	has_subclass	DOID_0110002
DOID_0050737	has_subclass	DOID_0110003
DOID_0050737	has_subclass	DOID_0110004
DOID_0050737	has_subclass	DOID_0110005
DOID_0050737	has_subclass	DOID_0110007
DOID_0050737	has_subclass	DOID_0110008
DOID_0050737	has_subclass	DOID_0110009
DOID_0050737	has_subclass	DOID_0110016
DOID_0050737	has_subclass	DOID_0110033
DOID_0050737	has_subclass	DOID_0110056
DOID_0050737	has_subclass	DOID_0110057
DOID_0050737	has_subclass	DOID_0110060
DOID_0050737	has_subclass	DOID_0110061
DOID_0050737	has_subclass	DOID_0110062
DOID_0050737	has_subclass	DOID_0110063
DOID_0050737	has_subclass	DOID_0110064
DOID_0050737	has_subclass	DOID_0110065
DOID_0050737	has_subclass	DOID_0110066
DOID_0050737	has_subclass	DOID_0110078
DOID_0050737	has_subclass	DOID_0110079
DOID_0050737	has_subclass	DOID_0110080
DOID_0050737	has_subclass	DOID_0110086
DOID_0050737	has_subclass	DOID_0110087
DOID_0050737	has_subclass	DOID_0110088
DOID_0050737	has_subclass	DOID_0110094
DOID_0050737	has_subclass	DOID_0110097
DOID_0050737	has_subclass	DOID_0110116
DOID_0050737	has_subclass	DOID_0110118
DOID_0050737	has_subclass	DOID_0110119
DOID_0050737	has_subclass	DOID_0110149
DOID_0050737	has_subclass	DOID_0110156
DOID_0050737	has_subclass	DOID_0110160
DOID_0050737	has_subclass	DOID_0110166
DOID_0050737	has_subclass	DOID_0110167
DOID_0050737	has_subclass	DOID_0110169
DOID_0050737	has_subclass	DOID_0110176
DOID_0050737	has_subclass	DOID_0110183
DOID_0050737	has_subclass	DOID_0110184
DOID_0050737	has_subclass	DOID_0110186
DOID_0050737	has_subclass	DOID_0110188
DOID_0050737	has_subclass	DOID_0110189
DOID_0050737	has_subclass	DOID_0110192
DOID_0050737	has_subclass	DOID_0110194
DOID_0050737	has_subclass	DOID_0110195
DOID_0050737	has_subclass	DOID_0110198
DOID_0050737	has_subclass	DOID_0110203
DOID_0050737	has_subclass	DOID_0110204
DOID_0050737	has_subclass	DOID_0110215
DOID_0050737	has_subclass	DOID_0110217
DOID_0050737	has_subclass	DOID_0110238
DOID_0050737	has_subclass	DOID_0110242
DOID_0050737	has_subclass	DOID_0110243
DOID_0050737	has_subclass	DOID_0110245
DOID_0050737	has_subclass	DOID_0110247
DOID_0050737	has_subclass	DOID_0110261
DOID_0050737	has_subclass	DOID_0110262
DOID_0050737	has_subclass	DOID_0110263
DOID_0050737	has_subclass	DOID_0110267
DOID_0050737	has_subclass	DOID_0110270
DOID_0050737	has_subclass	DOID_0110329
DOID_0050737	has_subclass	DOID_0110330
DOID_0050737	has_subclass	DOID_0110332
DOID_0050737	has_subclass	DOID_0110336
DOID_0050737	has_subclass	DOID_0110337
DOID_0050737	has_subclass	DOID_0110338
DOID_0050737	has_subclass	DOID_0110342
DOID_0050737	has_subclass	DOID_0110346
DOID_0050737	has_subclass	DOID_0110347
DOID_0050737	has_subclass	DOID_0110348
DOID_0050737	has_subclass	DOID_0110349
DOID_0050737	has_subclass	DOID_0110351
DOID_0050737	has_subclass	DOID_0110352
DOID_0050737	has_subclass	DOID_0110353
DOID_0050737	has_subclass	DOID_0110354
DOID_0050737	has_subclass	DOID_0110358
DOID_0050737	has_subclass	DOID_0110361
DOID_0050737	has_subclass	DOID_0110363
DOID_0050737	has_subclass	DOID_0110365
DOID_0050737	has_subclass	DOID_0110367
DOID_0050737	has_subclass	DOID_0110368
DOID_0050737	has_subclass	DOID_0110371
DOID_0050737	has_subclass	DOID_0110372
DOID_0050737	has_subclass	DOID_0110374
DOID_0050737	has_subclass	DOID_0110375
DOID_0050737	has_subclass	DOID_0110376
DOID_0050737	has_subclass	DOID_0110378
DOID_0050737	has_subclass	DOID_0110380
DOID_0050737	has_subclass	DOID_0110381
DOID_0050737	has_subclass	DOID_0110383
DOID_0050737	has_subclass	DOID_0110384
DOID_0050737	has_subclass	DOID_0110389
DOID_0050737	has_subclass	DOID_0110395
DOID_0050737	has_subclass	DOID_0110396
DOID_0050737	has_subclass	DOID_0110399
DOID_0050737	has_subclass	DOID_0110401
DOID_0050737	has_subclass	DOID_0110402
DOID_0050737	has_subclass	DOID_0110407
DOID_0050737	has_subclass	DOID_0110410
DOID_0050737	has_subclass	DOID_0110419
DOID_0050737	has_subclass	DOID_0110421
DOID_0050737	has_subclass	DOID_0110422
DOID_0050737	has_subclass	DOID_0110441
DOID_0050737	has_subclass	DOID_0110444
DOID_0050737	has_subclass	DOID_0110460
DOID_0050737	has_subclass	DOID_0110629
DOID_0050737	has_subclass	DOID_0110630
DOID_0050737	has_subclass	DOID_0110632
DOID_0050737	has_subclass	DOID_0110634
DOID_0050737	has_subclass	DOID_0110635
DOID_0050737	has_subclass	DOID_0110637
DOID_0050737	has_subclass	DOID_0110657
DOID_0050737	has_subclass	DOID_0110658
DOID_0050737	has_subclass	DOID_0110660
DOID_0050737	has_subclass	DOID_0110661
DOID_0050737	has_subclass	DOID_0110664
DOID_0050737	has_subclass	DOID_0110665
DOID_0050737	has_subclass	DOID_0110667
DOID_0050737	has_subclass	DOID_0110668
DOID_0050737	has_subclass	DOID_0110669
DOID_0050737	has_subclass	DOID_0110670
DOID_0050737	has_subclass	DOID_0110671
DOID_0050737	has_subclass	DOID_0110672
DOID_0050737	has_subclass	DOID_0110673
DOID_0050737	has_subclass	DOID_0110674
DOID_0050737	has_subclass	DOID_0110675
DOID_0050737	has_subclass	DOID_0110676
DOID_0050737	has_subclass	DOID_0110677
DOID_0050737	has_subclass	DOID_0110679
DOID_0050737	has_subclass	DOID_0110680
DOID_0050737	has_subclass	DOID_0110682
DOID_0050737	has_subclass	DOID_0110703
DOID_0050737	has_subclass	DOID_0110704
DOID_0050737	has_subclass	DOID_0110705
DOID_0050737	has_subclass	DOID_0110706
DOID_0050737	has_subclass	DOID_0110707
DOID_0050737	has_subclass	DOID_0110711
DOID_0050737	has_subclass	DOID_0110712
DOID_0050737	has_subclass	DOID_0110714
DOID_0050737	has_subclass	DOID_0110721
DOID_0050737	has_subclass	DOID_0110722
DOID_0050737	has_subclass	DOID_0110723
DOID_0050737	has_subclass	DOID_0110724
DOID_0050737	has_subclass	DOID_0110725
DOID_0050737	has_subclass	DOID_0110726
DOID_0050737	has_subclass	DOID_0110727
DOID_0050737	has_subclass	DOID_0110728
DOID_0050737	has_subclass	DOID_0110729
DOID_0050737	has_subclass	DOID_0110730
DOID_0050737	has_subclass	DOID_0110731
DOID_0050737	has_subclass	DOID_0110732
DOID_0050737	has_subclass	DOID_0110733
DOID_0050737	has_subclass	DOID_0110736
DOID_0050737	has_subclass	DOID_0110738
DOID_0050737	has_subclass	DOID_0110740
DOID_0050737	has_subclass	DOID_0110764
DOID_0050737	has_subclass	DOID_0110767
DOID_0050737	has_subclass	DOID_0110768
DOID_0050737	has_subclass	DOID_0110774
DOID_0050737	has_subclass	DOID_0110775
DOID_0050737	has_subclass	DOID_0110776
DOID_0050737	has_subclass	DOID_0110777
DOID_0050737	has_subclass	DOID_0110778
DOID_0050737	has_subclass	DOID_0110779
DOID_0050737	has_subclass	DOID_0110783
DOID_0050737	has_subclass	DOID_0110786
DOID_0050737	has_subclass	DOID_0110790
DOID_0050737	has_subclass	DOID_0110795
DOID_0050737	has_subclass	DOID_0110796
DOID_0050737	has_subclass	DOID_0110797
DOID_0050737	has_subclass	DOID_0110798
DOID_0050737	has_subclass	DOID_0110799
DOID_0050737	has_subclass	DOID_0110800
DOID_0050737	has_subclass	DOID_0110802
DOID_0050737	has_subclass	DOID_0110803
DOID_0050737	has_subclass	DOID_0110804
DOID_0050737	has_subclass	DOID_0110805
DOID_0050737	has_subclass	DOID_0110806
DOID_0050737	has_subclass	DOID_0110807
DOID_0050737	has_subclass	DOID_0110808
DOID_0050737	has_subclass	DOID_0110809
DOID_0050737	has_subclass	DOID_0110810
DOID_0050737	has_subclass	DOID_0110812
DOID_0050737	has_subclass	DOID_0110813
DOID_0050737	has_subclass	DOID_0110814
DOID_0050737	has_subclass	DOID_0110815
DOID_0050737	has_subclass	DOID_0110816
DOID_0050737	has_subclass	DOID_0110819
DOID_0050737	has_subclass	DOID_0110820
DOID_0050737	has_subclass	DOID_0110821
DOID_0050737	has_subclass	DOID_0110822
DOID_0050737	has_subclass	DOID_0110825
DOID_0050737	has_subclass	DOID_0110864
DOID_0050737	has_subclass	DOID_0110865
DOID_0050737	has_subclass	DOID_0110867
DOID_0050737	has_subclass	DOID_0110909
DOID_0050737	has_subclass	DOID_0110918
DOID_0050737	has_subclass	DOID_0110920
DOID_0050737	has_subclass	DOID_0110921
DOID_0050737	has_subclass	DOID_0110922
DOID_0050737	has_subclass	DOID_0110924
DOID_0050737	has_subclass	DOID_0110926
DOID_0050737	has_subclass	DOID_0110927
DOID_0050737	has_subclass	DOID_0110928
DOID_0050737	has_subclass	DOID_0110929
DOID_0050737	has_subclass	DOID_0110930
DOID_0050737	has_subclass	DOID_0110931
DOID_0050737	has_subclass	DOID_0110933
DOID_0050737	has_subclass	DOID_0110934
DOID_0050737	has_subclass	DOID_0110936
DOID_0050737	has_subclass	DOID_0110939
DOID_0050737	has_subclass	DOID_0110940
DOID_0050737	has_subclass	DOID_0110941
DOID_0050737	has_subclass	DOID_0110942
DOID_0050737	has_subclass	DOID_0110943
DOID_0050737	has_subclass	DOID_0110944
DOID_0050737	has_subclass	DOID_0110945
DOID_0050737	has_subclass	DOID_0110946
DOID_0050737	has_subclass	DOID_0110959
DOID_0050737	has_subclass	DOID_0111043
DOID_0050737	has_subclass	DOID_0111044
DOID_0050737	has_subclass	DOID_0111046
DOID_0050737	has_subclass	DOID_0111048
DOID_0050737	has_subclass	DOID_0111051
DOID_0050737	has_subclass	DOID_0111057
DOID_0050737	has_subclass	DOID_0111063
DOID_0050737	has_subclass	DOID_0111077
DOID_0050737	has_subclass	DOID_0111080
DOID_0050737	has_subclass	DOID_0111081
DOID_0050737	has_subclass	DOID_0111082
DOID_0050737	has_subclass	DOID_0111083
DOID_0050737	has_subclass	DOID_0111084
DOID_0050737	has_subclass	DOID_0111085
DOID_0050737	has_subclass	DOID_0111087
DOID_0050737	has_subclass	DOID_0111089
DOID_0050737	has_subclass	DOID_0111091
DOID_0050737	has_subclass	DOID_0111092
DOID_0050737	has_subclass	DOID_0111093
DOID_0050737	has_subclass	DOID_0111095
DOID_0050737	has_subclass	DOID_0111096
DOID_0050737	has_subclass	DOID_0111131
DOID_0050737	has_subclass	DOID_0111134
DOID_0050737	has_subclass	DOID_0111156
DOID_0050737	has_subclass	DOID_0111168
DOID_0050737	has_subclass	DOID_0111187
DOID_0050737	has_subclass	DOID_0111195
DOID_0050737	has_subclass	DOID_0111197
DOID_0050737	has_subclass	DOID_0111216
DOID_0050737	has_subclass	DOID_0111229
DOID_0050737	has_subclass	DOID_0111254
DOID_0050737	has_subclass	DOID_0111255
DOID_0050737	has_subclass	DOID_0111257
DOID_0050737	has_subclass	DOID_0111258
DOID_0050737	has_subclass	DOID_0111259
DOID_0050737	has_subclass	DOID_0111261
DOID_0050737	has_subclass	DOID_0111262
DOID_0050737	has_subclass	DOID_0111263
DOID_0050737	has_subclass	DOID_0111264
DOID_0050737	has_subclass	DOID_0111265
DOID_0050737	has_subclass	DOID_0111266
DOID_0050737	has_subclass	DOID_0111270
DOID_0050737	has_subclass	DOID_0111271
DOID_0050737	has_subclass	DOID_0111274
DOID_0050737	has_subclass	DOID_0111276
DOID_0050737	has_subclass	DOID_0111278
DOID_0050737	has_subclass	DOID_0111332
DOID_0050737	has_subclass	DOID_0111333
DOID_0050737	has_subclass	DOID_0111334
DOID_0050737	has_subclass	DOID_0111335
DOID_0050737	has_subclass	DOID_0111337
DOID_0050737	has_subclass	DOID_0111345
DOID_0050737	has_subclass	DOID_0111361
DOID_0050737	has_subclass	DOID_0111366
DOID_0050737	has_subclass	DOID_0111371
DOID_0050737	has_subclass	DOID_0111376
DOID_0050737	has_subclass	DOID_0111377
DOID_0050737	has_subclass	DOID_0111378
DOID_0050737	has_subclass	DOID_0111379
DOID_0050737	has_subclass	DOID_0111389
DOID_0050737	has_subclass	DOID_0111390
DOID_0050737	has_subclass	DOID_0111391
DOID_0050737	has_subclass	DOID_0111392
DOID_0050737	has_subclass	DOID_0111393
DOID_0050737	has_subclass	DOID_0111394
DOID_0050737	has_subclass	DOID_0111395
DOID_0050737	has_subclass	DOID_0111397
DOID_0050737	has_subclass	DOID_0111398
DOID_0050737	has_subclass	DOID_0111401
DOID_0050737	has_subclass	DOID_0111402
DOID_0050737	has_subclass	DOID_0111404
DOID_0050737	has_subclass	DOID_0111418
DOID_0050737	has_subclass	DOID_0111420
DOID_0050737	has_subclass	DOID_0111422
DOID_0050737	has_subclass	DOID_0111435
DOID_0050737	has_subclass	DOID_0111436
DOID_0050737	has_subclass	DOID_0111437
DOID_0050737	has_subclass	DOID_0111442
DOID_0050737	has_subclass	DOID_0111444
DOID_0050737	has_subclass	DOID_0111445
DOID_0050737	has_subclass	DOID_0111446
DOID_0050737	has_subclass	DOID_0111449
DOID_0050737	has_subclass	DOID_0111450
DOID_0050737	has_subclass	DOID_0111451
DOID_0050737	has_subclass	DOID_0111452
DOID_0050737	has_subclass	DOID_0111453
DOID_0050737	has_subclass	DOID_0111455
DOID_0050737	has_subclass	DOID_0111456
DOID_0050737	has_subclass	DOID_0111458
DOID_0050737	has_subclass	DOID_0111459
DOID_0050737	has_subclass	DOID_0111464
DOID_0050737	has_subclass	DOID_0111465
DOID_0050737	has_subclass	DOID_0111466
DOID_0050737	has_subclass	DOID_0111467
DOID_0050737	has_subclass	DOID_0111468
DOID_0050737	has_subclass	DOID_0111469
DOID_0050737	has_subclass	DOID_0111470
DOID_0050737	has_subclass	DOID_0111471
DOID_0050737	has_subclass	DOID_0111472
DOID_0050737	has_subclass	DOID_0111473
DOID_0050737	has_subclass	DOID_0111474
DOID_0050737	has_subclass	DOID_0111475
DOID_0050737	has_subclass	DOID_0111476
DOID_0050737	has_subclass	DOID_0111477
DOID_0050737	has_subclass	DOID_0111478
DOID_0050737	has_subclass	DOID_0111479
DOID_0050737	has_subclass	DOID_0111480
DOID_0050737	has_subclass	DOID_0111481
DOID_0050737	has_subclass	DOID_0111482
DOID_0050737	has_subclass	DOID_0111483
DOID_0050737	has_subclass	DOID_0111484
DOID_0050737	has_subclass	DOID_0111485
DOID_0050737	has_subclass	DOID_0111486
DOID_0050737	has_subclass	DOID_0111487
DOID_0050737	has_subclass	DOID_0111488
DOID_0050737	has_subclass	DOID_0111489
DOID_0050737	has_subclass	DOID_0111490
DOID_0050737	has_subclass	DOID_0111491
DOID_0050737	has_subclass	DOID_0111492
DOID_0050737	has_subclass	DOID_0111493
DOID_0050737	has_subclass	DOID_0111494
DOID_0050737	has_subclass	DOID_0111495
DOID_0050737	has_subclass	DOID_0111496
DOID_0050737	has_subclass	DOID_0111497
DOID_0050737	has_subclass	DOID_0111498
DOID_0050737	has_subclass	DOID_0111499
DOID_0050737	has_subclass	DOID_0111500
DOID_0050737	has_subclass	DOID_0111501
DOID_0050737	has_subclass	DOID_0111516
DOID_0050737	has_subclass	DOID_0111522
DOID_0050737	has_subclass	DOID_0111523
DOID_0050737	has_subclass	DOID_0111524
DOID_0050737	has_subclass	DOID_0111527
DOID_0050737	has_subclass	DOID_0111540
DOID_0050737	has_subclass	DOID_0111555
DOID_0050737	has_subclass	DOID_0111559
DOID_0050737	has_subclass	DOID_0111566
DOID_0050737	has_subclass	DOID_0111574
DOID_0050737	has_subclass	DOID_0111580
DOID_0050737	has_subclass	DOID_0111582
DOID_0050737	has_subclass	DOID_0111583
DOID_0050737	has_subclass	DOID_0111585
DOID_0050737	has_subclass	DOID_0111586
DOID_0050737	has_subclass	DOID_0111587
DOID_0050737	has_subclass	DOID_0111588
DOID_0050737	has_subclass	DOID_0111589
DOID_0050737	has_subclass	DOID_0111590
DOID_0050737	has_subclass	DOID_0111591
DOID_0050737	has_subclass	DOID_0111592
DOID_0050737	has_subclass	DOID_0111594
DOID_0050737	has_subclass	DOID_0111606
DOID_0050737	has_subclass	DOID_0111620
DOID_0050737	has_subclass	DOID_0111621
DOID_0050737	has_subclass	DOID_0111625
DOID_0050737	has_subclass	DOID_0111626
DOID_0050737	has_subclass	DOID_0111627
DOID_0050737	has_subclass	DOID_0111628
DOID_0050737	has_subclass	DOID_0111629
DOID_0050737	has_subclass	DOID_0111633
DOID_0050737	has_subclass	DOID_0111646
DOID_0050737	has_subclass	DOID_0111648
DOID_0050737	has_subclass	DOID_0111649
DOID_0050737	has_subclass	DOID_0111650
DOID_0050737	has_subclass	DOID_0111651
DOID_0050737	has_subclass	DOID_0111654
DOID_0050737	has_subclass	DOID_0111656
DOID_0050737	has_subclass	DOID_0111657
DOID_0050737	has_subclass	DOID_0111658
DOID_0050737	has_subclass	DOID_0111659
DOID_0050737	has_subclass	DOID_0111660
DOID_0050737	has_subclass	DOID_0111661
DOID_0050737	has_subclass	DOID_0111662
DOID_0050737	has_subclass	DOID_0111665
DOID_0050737	has_subclass	DOID_0111666
DOID_0050737	has_subclass	DOID_0111667
DOID_0050737	has_subclass	DOID_0111668
DOID_0050737	has_subclass	DOID_0111669
DOID_0050737	has_subclass	DOID_0111674
DOID_0050737	has_subclass	DOID_0111676
DOID_0050737	has_subclass	DOID_0111677
DOID_0050737	has_subclass	DOID_0111680
DOID_0050737	has_subclass	DOID_0111681
DOID_0050737	has_subclass	DOID_0111691
DOID_0050737	has_subclass	DOID_0111698
DOID_0050737	has_subclass	DOID_0111699
DOID_0050737	has_subclass	DOID_0111703
DOID_0050737	has_subclass	DOID_0111722
DOID_0050737	has_subclass	DOID_0111732
DOID_0050737	has_subclass	DOID_0111773
DOID_0050737	has_subclass	DOID_0111774
DOID_0050737	has_subclass	DOID_0111776
DOID_0050737	has_subclass	DOID_0111789
DOID_0050737	has_subclass	DOID_0111807
DOID_0050737	has_subclass	DOID_0111836
DOID_0050737	has_subclass	DOID_0111848
DOID_0050737	has_subclass	DOID_0111849
DOID_0050737	has_subclass	DOID_0111851
DOID_0050737	has_subclass	DOID_0111852
DOID_0050737	has_subclass	DOID_0111853
DOID_0050737	has_subclass	DOID_0111854
DOID_0050737	has_subclass	DOID_0111855
DOID_0050737	has_subclass	DOID_0111857
DOID_0050737	has_subclass	DOID_0111858
DOID_0050737	has_subclass	DOID_0111864
DOID_0050737	has_subclass	DOID_0111869
DOID_0050737	has_subclass	DOID_0111870
DOID_0050737	has_subclass	DOID_0111871
DOID_0050737	has_subclass	DOID_0111872
DOID_0050737	has_subclass	DOID_0111873
DOID_0050737	has_subclass	DOID_0111904
DOID_0050737	has_subclass	DOID_0111905
DOID_0050737	has_subclass	DOID_0111911
DOID_0050737	has_subclass	DOID_0111912
DOID_0050737	has_subclass	DOID_0111913
DOID_0050737	has_subclass	DOID_0111914
DOID_0050737	has_subclass	DOID_0111915
DOID_0050737	has_subclass	DOID_0111916
DOID_0050737	has_subclass	DOID_0111917
DOID_0050737	has_subclass	DOID_0111918
DOID_0050737	has_subclass	DOID_0111919
DOID_0050737	has_subclass	DOID_0111920
DOID_0050737	has_subclass	DOID_0111922
DOID_0050737	has_subclass	DOID_0111923
DOID_0050737	has_subclass	DOID_0111924
DOID_0050737	has_subclass	DOID_0111926
DOID_0050737	has_subclass	DOID_0111927
DOID_0050737	has_subclass	DOID_0111928
DOID_0050737	has_subclass	DOID_0111929
DOID_0050737	has_subclass	DOID_0111930
DOID_0050737	has_subclass	DOID_0111934
DOID_0050737	has_subclass	DOID_0111935
DOID_0050737	has_subclass	DOID_0111937
DOID_0050737	has_subclass	DOID_0111938
DOID_0050737	has_subclass	DOID_0111939
DOID_0050737	has_subclass	DOID_0111940
DOID_0050737	has_subclass	DOID_0111941
DOID_0050737	has_subclass	DOID_0111942
DOID_0050737	has_subclass	DOID_0111943
DOID_0050737	has_subclass	DOID_0111944
DOID_0050737	has_subclass	DOID_0111948
DOID_0050737	has_subclass	DOID_0111950
DOID_0050737	has_subclass	DOID_0111951
DOID_0050737	has_subclass	DOID_0111952
DOID_0050737	has_subclass	DOID_0111953
DOID_0050737	has_subclass	DOID_0111955
DOID_0050737	has_subclass	DOID_0111957
DOID_0050737	has_subclass	DOID_0111959
DOID_0050737	has_subclass	DOID_0111961
DOID_0050737	has_subclass	DOID_0111968
DOID_0050737	has_subclass	DOID_0111970
DOID_0050737	has_subclass	DOID_0111971
DOID_0050737	has_subclass	DOID_0111972
DOID_0050737	has_subclass	DOID_0111973
DOID_0050737	has_subclass	DOID_0111974
DOID_0050737	has_subclass	DOID_0111975
DOID_0050737	has_subclass	DOID_0111976
DOID_0050737	has_subclass	DOID_0111977
DOID_0050737	has_subclass	DOID_0111978
DOID_0050737	has_subclass	DOID_0111980
DOID_0050737	has_subclass	DOID_0111981
DOID_0050737	has_subclass	DOID_0111982
DOID_0050737	has_subclass	DOID_0111983
DOID_0050737	has_subclass	DOID_0111984
DOID_0050737	has_subclass	DOID_0111985
DOID_0050737	has_subclass	DOID_0111988
DOID_0050737	has_subclass	DOID_0111989
DOID_0050737	has_subclass	DOID_0111990
DOID_0050737	has_subclass	DOID_0111991
DOID_0050737	has_subclass	DOID_0111992
DOID_0050737	has_subclass	DOID_0111993
DOID_0050737	has_subclass	DOID_0111994
DOID_0050737	has_subclass	DOID_0111995
DOID_0050737	has_subclass	DOID_0111996
DOID_0050737	has_subclass	DOID_0111997
DOID_0050737	has_subclass	DOID_0111998
DOID_0050737	has_subclass	DOID_0111999
DOID_0050737	has_subclass	DOID_0112004
DOID_0050737	has_subclass	DOID_0112006
DOID_0050737	has_subclass	DOID_0112015
DOID_0050737	has_subclass	DOID_0112062
DOID_0050737	has_subclass	DOID_0112066
DOID_0050737	has_subclass	DOID_0112067
DOID_0050737	has_subclass	DOID_0112068
DOID_0050737	has_subclass	DOID_0112069
DOID_0050737	has_subclass	DOID_0112070
DOID_0050737	has_subclass	DOID_0112071
DOID_0050737	has_subclass	DOID_0112072
DOID_0050737	has_subclass	DOID_0112073
DOID_0050737	has_subclass	DOID_0112074
DOID_0050737	has_subclass	DOID_0112075
DOID_0050737	has_subclass	DOID_0112076
DOID_0050737	has_subclass	DOID_0112077
DOID_0050737	has_subclass	DOID_0112078
DOID_0050737	has_subclass	DOID_0112079
DOID_0050737	has_subclass	DOID_0112080
DOID_0050737	has_subclass	DOID_0112081
DOID_0050737	has_subclass	DOID_0112082
DOID_0050737	has_subclass	DOID_0112083
DOID_0050737	has_subclass	DOID_0112084
DOID_0050737	has_subclass	DOID_0112085
DOID_0050737	has_subclass	DOID_0112086
DOID_0050737	has_subclass	DOID_0112087
DOID_0050737	has_subclass	DOID_0112088
DOID_0050737	has_subclass	DOID_0112089
DOID_0050737	has_subclass	DOID_0112090
DOID_0050737	has_subclass	DOID_0112091
DOID_0050737	has_subclass	DOID_0112092
DOID_0050737	has_subclass	DOID_0112093
DOID_0050737	has_subclass	DOID_0112094
DOID_0050737	has_subclass	DOID_0112095
DOID_0050737	has_subclass	DOID_0112096
DOID_0050737	has_subclass	DOID_0112097
DOID_0050737	has_subclass	DOID_0112104
DOID_0050737	has_subclass	DOID_0112108
DOID_0050737	has_subclass	DOID_0112109
DOID_0050737	has_subclass	DOID_0112110
DOID_0050737	has_subclass	DOID_0112111
DOID_0050737	has_subclass	DOID_0112112
DOID_0050737	has_subclass	DOID_0112113
DOID_0050737	has_subclass	DOID_0112114
DOID_0050737	has_subclass	DOID_0112115
DOID_0050737	has_subclass	DOID_0112116
DOID_0050737	has_subclass	DOID_0112117
DOID_0050737	has_subclass	DOID_0112118
DOID_0050737	has_subclass	DOID_0112119
DOID_0050737	has_subclass	DOID_0112132
DOID_0050737	has_subclass	DOID_0112133
DOID_0050737	has_subclass	DOID_0112134
DOID_0050737	has_subclass	DOID_0112137
DOID_0050737	has_subclass	DOID_0112139
DOID_0050737	has_subclass	DOID_0112141
DOID_0050737	has_subclass	DOID_0112142
DOID_0050737	has_subclass	DOID_0112145
DOID_0050737	has_subclass	DOID_0112147
DOID_0050737	has_subclass	DOID_0112152
DOID_0050737	has_subclass	DOID_0112153
DOID_0050737	has_subclass	DOID_0112163
DOID_0050737	has_subclass	DOID_0112164
DOID_0050737	has_subclass	DOID_0112171
DOID_0050737	has_subclass	DOID_0112174
DOID_0050737	has_subclass	DOID_0112175
DOID_0050737	has_subclass	DOID_0112176
DOID_0050737	has_subclass	DOID_0112180
DOID_0050737	has_subclass	DOID_0112181
DOID_0050737	has_subclass	DOID_0112182
DOID_0050737	has_subclass	DOID_0112184
DOID_0050737	has_subclass	DOID_0112185
DOID_0050737	has_subclass	DOID_0112186
DOID_0050737	has_subclass	DOID_0112187
DOID_0050737	has_subclass	DOID_0112188
DOID_0050737	has_subclass	DOID_0112189
DOID_0050737	has_subclass	DOID_0112192
DOID_0050737	has_subclass	DOID_0112193
DOID_0050737	has_subclass	DOID_0112194
DOID_0050737	has_subclass	DOID_0112196
DOID_0050737	has_subclass	DOID_0112200
DOID_0050737	has_subclass	DOID_0112201
DOID_0050737	has_subclass	DOID_0112204
DOID_0050737	has_subclass	DOID_0112207
DOID_0050737	has_subclass	DOID_0112211
DOID_0050737	has_subclass	DOID_0112212
DOID_0050737	has_subclass	DOID_0112213
DOID_0050737	has_subclass	DOID_0112216
DOID_0050737	has_subclass	DOID_0112217
DOID_0050737	has_subclass	DOID_0112218
DOID_0050737	has_subclass	DOID_0112219
DOID_0050737	has_subclass	DOID_0112220
DOID_0050737	has_subclass	DOID_0112222
DOID_0050737	has_subclass	DOID_0112223
DOID_0050737	has_subclass	DOID_0112224
DOID_0050737	has_subclass	DOID_0112225
DOID_0050737	has_subclass	DOID_0112230
DOID_0050737	has_subclass	DOID_0112233
DOID_0050737	has_subclass	DOID_0112236
DOID_0050737	has_subclass	DOID_0112244
DOID_0050737	has_subclass	DOID_0112246
DOID_0050737	has_subclass	DOID_0112248
DOID_0050737	has_subclass	DOID_0112249
DOID_0050737	has_subclass	DOID_0112251
DOID_0050737	has_subclass	DOID_0112252
DOID_0050737	has_subclass	DOID_0112253
DOID_0050737	has_subclass	DOID_0112254
DOID_0050737	has_subclass	DOID_0112255
DOID_0050737	has_subclass	DOID_0112256
DOID_0050737	has_subclass	DOID_0112257
DOID_0050737	has_subclass	DOID_0112264
DOID_0050737	has_subclass	DOID_0112266
DOID_0050737	has_subclass	DOID_0112267
DOID_0050737	has_subclass	DOID_0112268
DOID_0050737	has_subclass	DOID_0112269
DOID_0050737	has_subclass	DOID_0112270
DOID_0050737	has_subclass	DOID_0112271
DOID_0050737	has_subclass	DOID_0112272
DOID_0050737	has_subclass	DOID_0112273
DOID_0050737	has_subclass	DOID_0112277
DOID_0050737	has_subclass	DOID_0112278
DOID_0050737	has_subclass	DOID_0112279
DOID_0050737	has_subclass	DOID_0112283
DOID_0050737	has_subclass	DOID_0112289
DOID_0050737	has_subclass	DOID_0112290
DOID_0050737	has_subclass	DOID_0112291
DOID_0050737	has_subclass	DOID_0112292
DOID_0050737	has_subclass	DOID_0112293
DOID_0050737	has_subclass	DOID_0112298
DOID_0050737	has_subclass	DOID_0112299
DOID_0050737	has_subclass	DOID_0112300
DOID_0050737	has_subclass	DOID_0112303
DOID_0050737	has_subclass	DOID_0112304
DOID_0050737	has_subclass	DOID_0112306
DOID_0050737	has_subclass	DOID_0112307
DOID_0050737	has_subclass	DOID_0112315
DOID_0050737	has_subclass	DOID_0112316
DOID_0050737	has_subclass	DOID_0112317
DOID_0050737	has_subclass	DOID_0112321
DOID_0050737	has_subclass	DOID_0112323
DOID_0050737	has_subclass	DOID_0112324
DOID_0050737	has_subclass	DOID_0112325
DOID_0050737	has_subclass	DOID_0112326
DOID_0050737	has_subclass	DOID_0112327
DOID_0050737	has_subclass	DOID_0112329
DOID_0050737	has_subclass	DOID_0112330
DOID_0050737	has_subclass	DOID_0112331
DOID_0050737	has_subclass	DOID_0112332
DOID_0050737	has_subclass	DOID_0112333
DOID_0050737	has_subclass	DOID_0112334
DOID_0050737	has_subclass	DOID_0112335
DOID_0050737	has_subclass	DOID_0112336
DOID_0050737	has_subclass	DOID_0112337
DOID_0050737	has_subclass	DOID_0112338
DOID_0050737	has_subclass	DOID_0112340
DOID_0050737	has_subclass	DOID_0112342
DOID_0050737	has_subclass	DOID_0112343
DOID_0050737	has_subclass	DOID_0112344
DOID_0050737	has_subclass	DOID_0112345
DOID_0050737	has_subclass	DOID_0112346
DOID_0050737	has_subclass	DOID_0112347
DOID_0050737	has_subclass	DOID_0112348
DOID_0050737	has_subclass	DOID_0112349
DOID_0050737	has_subclass	DOID_0112350
DOID_0050737	has_subclass	DOID_0112351
DOID_0050737	has_subclass	DOID_0112352
DOID_0050737	has_subclass	DOID_0112353
DOID_0050737	has_subclass	DOID_0112354
DOID_0050737	has_subclass	DOID_0112355
DOID_0050737	has_subclass	DOID_0112356
DOID_0050737	has_subclass	DOID_0112357
DOID_0050737	has_subclass	DOID_0112358
DOID_0050737	has_subclass	DOID_0112365
DOID_0050737	has_subclass	DOID_0112376
DOID_0050737	has_subclass	DOID_0112377
DOID_0050737	has_subclass	DOID_0112378
DOID_0050737	has_subclass	DOID_0112379
DOID_0050737	has_subclass	DOID_0112380
DOID_0050737	has_subclass	DOID_0112381
DOID_0050737	has_subclass	DOID_0112382
DOID_0050737	has_subclass	DOID_1064
DOID_0050737	has_subclass	DOID_11721
DOID_0050737	has_subclass	DOID_12714
DOID_0050737	has_subclass	DOID_13777
DOID_0050737	has_subclass	DOID_1386
DOID_0050737	has_subclass	DOID_14118
DOID_0050737	has_subclass	DOID_14501
DOID_0050737	has_subclass	DOID_14670
DOID_0050737	has_subclass	DOID_14671
DOID_0050737	has_subclass	DOID_14687
DOID_0050737	has_subclass	DOID_14694
DOID_0050737	has_subclass	DOID_14699
DOID_0050737	has_subclass	DOID_14723
DOID_0050737	has_subclass	DOID_14759
DOID_0050737	has_subclass	DOID_14773
DOID_0050737	has_subclass	DOID_14775
DOID_0050737	has_subclass	DOID_14796
DOID_0050737	has_subclass	DOID_1485
DOID_0050737	has_subclass	DOID_1930
DOID_0050737	has_subclass	DOID_1935
DOID_0050737	has_subclass	DOID_2012
DOID_0050737	has_subclass	DOID_2211
DOID_0050737	has_subclass	DOID_2215
DOID_0050737	has_subclass	DOID_2216
DOID_0050737	has_subclass	DOID_2217
DOID_0050737	has_subclass	DOID_2222
DOID_0050737	has_subclass	DOID_2231
DOID_0050737	has_subclass	DOID_2235
DOID_0050737	has_subclass	DOID_2236
DOID_0050737	has_subclass	DOID_2580
DOID_0050737	has_subclass	DOID_2717
DOID_0050737	has_subclass	DOID_2738
DOID_0050737	has_subclass	DOID_2746
DOID_0050737	has_subclass	DOID_2748
DOID_0050737	has_subclass	DOID_2749
DOID_0050737	has_subclass	DOID_2750
DOID_0050737	has_subclass	DOID_2752
DOID_0050737	has_subclass	DOID_2754
DOID_0050737	has_subclass	DOID_2935
DOID_0050737	has_subclass	DOID_2962
DOID_0050737	has_subclass	DOID_3389
DOID_0050737	has_subclass	DOID_3529
DOID_0050737	has_subclass	DOID_3534
DOID_0050737	has_subclass	DOID_3613
DOID_0050737	has_subclass	DOID_3981
DOID_0050737	has_subclass	DOID_5325
DOID_0050737	has_subclass	DOID_5684
DOID_0050737	has_subclass	DOID_5688
DOID_0050737	has_subclass	DOID_5813
DOID_0050737	has_subclass	DOID_7400
DOID_0050737	has_subclass	DOID_905
DOID_0050737	has_subclass	DOID_9268
DOID_0050737	has_subclass	DOID_9280
DOID_0050737	has_subclass	DOID_9521
DOID_0050738	has_subclass	DOID_0070186
DOID_0050738	has_subclass	DOID_0070187
DOID_0050738	has_subclass	DOID_0110418
DOID_0050738	has_subclass	DOID_0111778
DOID_0050739	has_subclass	DOID_0050424
DOID_0050739	has_subclass	DOID_0050475
DOID_0050739	has_subclass	DOID_0050629
DOID_0050739	has_subclass	DOID_0060254
DOID_0050739	has_subclass	DOID_0060412
DOID_0050739	has_subclass	DOID_0060857
DOID_0050739	has_subclass	DOID_0070428
DOID_0050739	has_subclass	DOID_0070487
DOID_0050739	has_subclass	DOID_0070512
DOID_0050739	has_subclass	DOID_0111160
DOID_0050739	has_subclass	DOID_0111349
DOID_0050739	has_subclass	DOID_0111411
DOID_0050739	has_subclass	DOID_0111578
DOID_0050739	has_subclass	DOID_0111800
DOID_0050739	has_subclass	DOID_0111802
DOID_0050739	has_subclass	DOID_0111803
DOID_0050739	has_subclass	DOID_0111908
DOID_0050739	has_subclass	DOID_0112143
DOID_0050739	has_subclass	DOID_0112190
DOID_0050739	has_subclass	DOID_0112227
DOID_0050739	has_subclass	DOID_0112245
DOID_0050739	has_subclass	DOID_14748
DOID_0050739	has_subclass	DOID_14778
DOID_0050739	has_subclass	DOID_1858
DOID_0050739	has_subclass	DOID_2229
DOID_0050739	has_subclass	DOID_2987
DOID_0050743	has_subclass	DOID_0050749
DOID_0050743	has_subclass	DOID_0080797
DOID_0050743	has_subclass	DOID_0081049
DOID_0050745	has_subclass	DOID_0080192
DOID_0050745	has_subclass	DOID_0080996
DOID_0050745	has_subclass	DOID_0080997
DOID_0050745	has_subclass	DOID_0081064
DOID_0050745	has_subclass	DOID_0081065
DOID_0050745	has_subclass	DOID_0081066
DOID_0050745	has_subclass	DOID_0081067
DOID_0050745	has_subclass	DOID_0081068
DOID_0050745	has_subclass	DOID_0081069
DOID_0050745	has_subclass	DOID_0081313
DOID_0050748	has_subclass	DOID_0050750
DOID_0050748	has_subclass	DOID_0050909
DOID_0050748	has_subclass	DOID_0080211
DOID_0050749	has_subclass	DOID_0060061
DOID_0050749	has_subclass	DOID_0070333
DOID_0050749	has_subclass	DOID_0111147
DOID_0050753	has_subclass	DOID_0050950
DOID_0050758	has_subclass	DOID_0080949
DOID_0050758	has_subclass	DOID_1837
DOID_0050758	has_subclass	DOID_3650
DOID_0050763	has_subclass	DOID_0111353
DOID_0050763	has_subclass	DOID_0111354
DOID_0050765	has_subclass	DOID_0050766
DOID_0050765	has_subclass	DOID_0112107
DOID_0050770	has_subclass	DOID_0060975
DOID_0050770	has_subclass	DOID_0060976
DOID_0050770	has_subclass	DOID_0060977
DOID_0050770	has_subclass	DOID_0060980
DOID_0050771	has_subclass	DOID_0050773
DOID_0050773	has_subclass	DOID_0061216
DOID_0050773	has_subclass	DOID_0061217
DOID_0050773	has_subclass	DOID_0061218
DOID_0050773	has_subclass	DOID_0061219
DOID_0050773	has_subclass	DOID_0061220
DOID_0050773	has_subclass	DOID_0061221
DOID_0050773	has_subclass	DOID_0061222
DOID_0050776	has_subclass	DOID_0060929
DOID_0050776	has_subclass	DOID_0080240
DOID_0050776	has_subclass	DOID_0112016
DOID_0050776	has_subclass	DOID_0112017
DOID_0050776	has_subclass	DOID_0112018
DOID_0050776	has_subclass	DOID_0112019
DOID_0050776	has_subclass	DOID_0112020
DOID_0050776	has_subclass	DOID_0112021
DOID_0050776	has_subclass	DOID_0112022
DOID_0050776	has_subclass	DOID_0112023
DOID_0050776	has_subclass	DOID_0112024
DOID_0050776	has_subclass	DOID_0112026
DOID_0050776	has_subclass	DOID_0112027
DOID_0050776	has_subclass	DOID_0112028
DOID_0050776	has_subclass	DOID_0112029
DOID_0050776	has_subclass	DOID_0112030
DOID_0050776	has_subclass	DOID_0112031
DOID_0050776	has_subclass	DOID_0112032
DOID_0050776	has_subclass	DOID_0112033
DOID_0050776	has_subclass	DOID_0112034
DOID_0050776	has_subclass	DOID_0112035
DOID_0050776	has_subclass	DOID_0112036
DOID_0050776	has_subclass	DOID_0112037
DOID_0050776	has_subclass	DOID_0112038
DOID_0050776	has_subclass	DOID_0112039
DOID_0050776	has_subclass	DOID_0112040
DOID_0050776	has_subclass	DOID_0112041
DOID_0050776	has_subclass	DOID_0112043
DOID_0050776	has_subclass	DOID_0112044
DOID_0050776	has_subclass	DOID_0112045
DOID_0050776	has_subclass	DOID_0112046
DOID_0050776	has_subclass	DOID_0112047
DOID_0050776	has_subclass	DOID_0112048
DOID_0050776	has_subclass	DOID_0112049
DOID_0050776	has_subclass	DOID_0112050
DOID_0050776	has_subclass	DOID_0112051
DOID_0050776	has_subclass	DOID_0112052
DOID_0050776	has_subclass	DOID_0112053
DOID_0050776	has_subclass	DOID_0112054
DOID_0050776	has_subclass	DOID_0112055
DOID_0050776	has_subclass	DOID_0112057
DOID_0050776	has_subclass	DOID_0112058
DOID_0050776	has_subclass	DOID_0112059
DOID_0050777	has_subclass	DOID_0060376
DOID_0050777	has_subclass	DOID_0080275
DOID_0050777	has_subclass	DOID_0080276
DOID_0050777	has_subclass	DOID_0080277
DOID_0050777	has_subclass	DOID_0080278
DOID_0050777	has_subclass	DOID_0080279
DOID_0050777	has_subclass	DOID_0110980
DOID_0050777	has_subclass	DOID_0110981
DOID_0050777	has_subclass	DOID_0110982
DOID_0050777	has_subclass	DOID_0110983
DOID_0050777	has_subclass	DOID_0110984
DOID_0050777	has_subclass	DOID_0110985
DOID_0050777	has_subclass	DOID_0110986
DOID_0050777	has_subclass	DOID_0110987
DOID_0050777	has_subclass	DOID_0110988
DOID_0050777	has_subclass	DOID_0110989
DOID_0050777	has_subclass	DOID_0110990
DOID_0050777	has_subclass	DOID_0110991
DOID_0050777	has_subclass	DOID_0110992
DOID_0050777	has_subclass	DOID_0110993
DOID_0050777	has_subclass	DOID_0110994
DOID_0050777	has_subclass	DOID_0110995
DOID_0050777	has_subclass	DOID_0110996
DOID_0050777	has_subclass	DOID_0110997
DOID_0050777	has_subclass	DOID_0110998
DOID_0050777	has_subclass	DOID_0110999
DOID_0050777	has_subclass	DOID_0111000
DOID_0050777	has_subclass	DOID_0111001
DOID_0050777	has_subclass	DOID_0111002
DOID_0050777	has_subclass	DOID_0111003
DOID_0050777	has_subclass	DOID_0111004
DOID_0050778	has_subclass	DOID_0061294
DOID_0050778	has_subclass	DOID_0061297
DOID_0050778	has_subclass	DOID_0070115
DOID_0050778	has_subclass	DOID_0070116
DOID_0050778	has_subclass	DOID_0070117
DOID_0050778	has_subclass	DOID_0070118
DOID_0050778	has_subclass	DOID_0070119
DOID_0050778	has_subclass	DOID_0070120
DOID_0050778	has_subclass	DOID_0070121
DOID_0050778	has_subclass	DOID_0070122
DOID_0050778	has_subclass	DOID_0070703
DOID_0050778	has_subclass	DOID_0080253
DOID_0050779	has_subclass	DOID_0111355
DOID_0050779	has_subclass	DOID_0111356
DOID_0050788	has_subclass	DOID_0080787
DOID_0050788	has_subclass	DOID_0080788
DOID_0050794	has_subclass	DOID_0081317
DOID_0050794	has_subclass	DOID_0081318
DOID_0050794	has_subclass	DOID_0081319
DOID_0050794	has_subclass	DOID_0081320
DOID_0050795	has_subclass	DOID_0081022
DOID_0050795	has_subclass	DOID_0081023
DOID_0050795	has_subclass	DOID_0081024
DOID_0050795	has_subclass	DOID_0081025
DOID_0050798	has_subclass	DOID_0050712
DOID_0050798	has_subclass	DOID_0050799
DOID_0050798	has_subclass	DOID_0050800
DOID_0050817	has_subclass	DOID_0061238
DOID_0050817	has_subclass	DOID_0061239
DOID_0050817	has_subclass	DOID_0061240
DOID_0050817	has_subclass	DOID_0061241
DOID_0050820	has_subclass	DOID_0050821
DOID_0050820	has_subclass	DOID_0050822
DOID_0050820	has_subclass	DOID_0050823
DOID_0050820	has_subclass	DOID_990
DOID_0050822	has_subclass	DOID_11312
DOID_0050824	has_subclass	DOID_13884
DOID_0050825	has_subclass	DOID_10314
DOID_0050825	has_subclass	DOID_12929
DOID_0050825	has_subclass	DOID_5877
DOID_0050826	has_subclass	DOID_0080169
DOID_0050826	has_subclass	DOID_14289
DOID_0050826	has_subclass	DOID_4078
DOID_0050826	has_subclass	DOID_4080
DOID_0050826	has_subclass	DOID_5644
DOID_0050828	has_subclass	DOID_0050644
DOID_0050828	has_subclass	DOID_0050830
DOID_0050828	has_subclass	DOID_0111547
DOID_0050828	has_subclass	DOID_11299
DOID_0050828	has_subclass	DOID_13095
DOID_0050828	has_subclass	DOID_13096
DOID_0050828	has_subclass	DOID_13098
DOID_0050828	has_subclass	DOID_13446
DOID_0050828	has_subclass	DOID_14006
DOID_0050828	has_subclass	DOID_223
DOID_0050828	has_subclass	DOID_2508
DOID_0050828	has_subclass	DOID_3393
DOID_0050828	has_subclass	DOID_342
DOID_0050828	has_subclass	DOID_3527
DOID_0050828	has_subclass	DOID_7389
DOID_0050829	has_subclass	DOID_116
DOID_0050829	has_subclass	DOID_118
DOID_0050829	has_subclass	DOID_1787
DOID_0050829	has_subclass	DOID_5137
DOID_0050829	has_subclass	DOID_8012
DOID_0050832	has_subclass	DOID_0050833
DOID_0050832	has_subclass	DOID_0111629
DOID_0050835	has_subclass	DOID_0060730
DOID_0050836	has_subclass	DOID_0050839
DOID_0050836	has_subclass	DOID_0050840
DOID_0050836	has_subclass	DOID_0050841
DOID_0050836	has_subclass	DOID_0050842
DOID_0050836	has_subclass	DOID_0050843
DOID_0050836	has_subclass	DOID_0050844
DOID_0050836	has_subclass	DOID_0050845
DOID_0050836	has_subclass	DOID_0090040
DOID_0050836	has_subclass	DOID_0090052
DOID_0050836	has_subclass	DOID_0090057
DOID_0050836	has_subclass	DOID_529
DOID_0050837	has_subclass	DOID_0050846
DOID_0050838	has_subclass	DOID_0090050
DOID_0050845	has_subclass	DOID_3982
DOID_0050847	has_subclass	DOID_0050848
DOID_0050847	has_subclass	DOID_0080302
DOID_0050847	has_subclass	DOID_9220
DOID_0050851	has_subclass	DOID_1312
DOID_0050857	has_subclass	DOID_0061073
DOID_0050857	has_subclass	DOID_0061117
DOID_0050857	has_subclass	DOID_0080256
DOID_0050868	has_subclass	DOID_0111366
DOID_0050877	has_subclass	DOID_0060988
DOID_0050881	has_subclass	DOID_0081121
DOID_0050881	has_subclass	DOID_0111385
DOID_0050881	has_subclass	DOID_0111386
DOID_0050888	has_subclass	DOID_0060309
DOID_0050888	has_subclass	DOID_0070653
DOID_0050888	has_subclass	DOID_0070776
DOID_0050888	has_subclass	DOID_0080473
DOID_0050888	has_subclass	DOID_0111331
DOID_0050888	has_subclass	DOID_0111332
DOID_0050888	has_subclass	DOID_0111403
DOID_0050888	has_subclass	DOID_0111456
DOID_0050888	has_subclass	DOID_0112339
DOID_0050889	has_subclass	DOID_0050776
DOID_0050890	has_subclass	DOID_14330
DOID_0050892	has_subclass	DOID_0070325
DOID_0050902	has_subclass	DOID_0050899
DOID_0050902	has_subclass	DOID_0080702
DOID_0050902	has_subclass	DOID_0080703
DOID_0050902	has_subclass	DOID_3857
DOID_0050902	has_subclass	DOID_3861
DOID_0050902	has_subclass	DOID_3864
DOID_0050902	has_subclass	DOID_3868
DOID_0050902	has_subclass	DOID_3869
DOID_0050902	has_subclass	DOID_3873
DOID_0050904	has_subclass	DOID_0080800
DOID_0050904	has_subclass	DOID_0080808
DOID_0050904	has_subclass	DOID_0081293
DOID_0050904	has_subclass	DOID_4866
DOID_0050905	has_subclass	DOID_0080372
DOID_0050918	has_subclass	DOID_136
DOID_0050938	has_subclass	DOID_3457
DOID_0050950	has_subclass	DOID_0050754
DOID_0050950	has_subclass	DOID_0050755
DOID_0050950	has_subclass	DOID_0050946
DOID_0050950	has_subclass	DOID_0050999
DOID_0050950	has_subclass	DOID_0060557
DOID_0050950	has_subclass	DOID_0060694
DOID_0050950	has_subclass	DOID_0070409
DOID_0050950	has_subclass	DOID_0070410
DOID_0050950	has_subclass	DOID_0070411
DOID_0050950	has_subclass	DOID_0070412
DOID_0050950	has_subclass	DOID_0070413
DOID_0050950	has_subclass	DOID_0070414
DOID_0050950	has_subclass	DOID_0070465
DOID_0050950	has_subclass	DOID_0070558
DOID_0050950	has_subclass	DOID_0070721
DOID_0050950	has_subclass	DOID_0080029
DOID_0050950	has_subclass	DOID_0080042
DOID_0050950	has_subclass	DOID_0080057
DOID_0050950	has_subclass	DOID_0080058
DOID_0050950	has_subclass	DOID_0080059
DOID_0050950	has_subclass	DOID_0080060
DOID_0050950	has_subclass	DOID_0080061
DOID_0050950	has_subclass	DOID_0080062
DOID_0050950	has_subclass	DOID_0080063
DOID_0050950	has_subclass	DOID_0080064
DOID_0050950	has_subclass	DOID_0080065
DOID_0050950	has_subclass	DOID_0080066
DOID_0050950	has_subclass	DOID_0080259
DOID_0050950	has_subclass	DOID_0080260
DOID_0050950	has_subclass	DOID_0081383
DOID_0050950	has_subclass	DOID_0081384
DOID_0050950	has_subclass	DOID_0081385
DOID_0050950	has_subclass	DOID_0090115
DOID_0050950	has_subclass	DOID_0111155
DOID_0050950	has_subclass	DOID_0111611
DOID_0050950	has_subclass	DOID_0111613
DOID_0050950	has_subclass	DOID_0111614
DOID_0050950	has_subclass	DOID_0111615
DOID_0050950	has_subclass	DOID_0111616
DOID_0050950	has_subclass	DOID_0111617
DOID_0050950	has_subclass	DOID_0111618
DOID_0050950	has_subclass	DOID_12704
DOID_0050950	has_subclass	DOID_12705
DOID_0050951	has_subclass	DOID_0050753
DOID_0050951	has_subclass	DOID_0050952
DOID_0050951	has_subclass	DOID_0050953
DOID_0050952	has_subclass	DOID_0050772
DOID_0050952	has_subclass	DOID_0050941
DOID_0050952	has_subclass	DOID_0050945
DOID_0050952	has_subclass	DOID_0080252
DOID_0050953	has_subclass	DOID_0050879
DOID_0050953	has_subclass	DOID_0111828
DOID_0050997	has_subclass	DOID_0070556
DOID_0050997	has_subclass	DOID_0070557
DOID_0050997	has_subclass	DOID_0070559
DOID_0051000	has_subclass	DOID_0060913
DOID_0051000	has_subclass	DOID_0061224
DOID_0051000	has_subclass	DOID_0090061
DOID_0051010	has_subclass	DOID_0051011
DOID_0051010	has_subclass	DOID_0051012
DOID_0051015	has_subclass	DOID_0051014
DOID_0051061	has_subclass	DOID_0051062
DOID_0051061	has_subclass	DOID_0051063
DOID_0060000	has_subclass	DOID_4562
DOID_0060001	has_subclass	DOID_9828
DOID_0060004	has_subclass	DOID_0060499
DOID_0060004	has_subclass	DOID_2377
DOID_0060004	has_subclass	DOID_8869
DOID_0060005	has_subclass	DOID_0040091
DOID_0060005	has_subclass	DOID_0040100
DOID_0060005	has_subclass	DOID_12361
DOID_0060005	has_subclass	DOID_7188
DOID_0060029	has_subclass	DOID_12894
DOID_0060030	has_subclass	DOID_0040088
DOID_0060030	has_subclass	DOID_0081120
DOID_0060031	has_subclass	DOID_0040090
DOID_0060031	has_subclass	DOID_10608
DOID_0060031	has_subclass	DOID_2048
DOID_0060032	has_subclass	DOID_0050214
DOID_0060033	has_subclass	DOID_0040087
DOID_0060033	has_subclass	DOID_0040089
DOID_0060033	has_subclass	DOID_12842
DOID_0060033	has_subclass	DOID_5213
DOID_0060033	has_subclass	DOID_8869
DOID_0060036	has_subclass	DOID_0050431
DOID_0060036	has_subclass	DOID_0060480
DOID_0060036	has_subclass	DOID_0070534
DOID_0060036	has_subclass	DOID_0070535
DOID_0060036	has_subclass	DOID_11984
DOID_0060036	has_subclass	DOID_12930
DOID_0060036	has_subclass	DOID_2843
DOID_0060036	has_subclass	DOID_397
DOID_0060037	has_subclass	DOID_0060038
DOID_0060037	has_subclass	DOID_0060040
DOID_0060038	has_subclass	DOID_0050696
DOID_0060038	has_subclass	DOID_0050856
DOID_0060038	has_subclass	DOID_0060606
DOID_0060038	has_subclass	DOID_1059
DOID_0060038	has_subclass	DOID_1094
DOID_0060038	has_subclass	DOID_12995
DOID_0060038	has_subclass	DOID_2033
DOID_0060038	has_subclass	DOID_2303
DOID_0060038	has_subclass	DOID_2769
DOID_0060038	has_subclass	DOID_9923
DOID_0060039	has_subclass	DOID_0080841
DOID_0060039	has_subclass	DOID_12297
DOID_0060039	has_subclass	DOID_12306
DOID_0060039	has_subclass	DOID_9182
DOID_0060039	has_subclass	DOID_986
DOID_0060040	has_subclass	DOID_0060041
DOID_0060040	has_subclass	DOID_0070657
DOID_0060040	has_subclass	DOID_1206
DOID_0060040	has_subclass	DOID_13487
DOID_0060041	has_subclass	DOID_0050432
DOID_0060041	has_subclass	DOID_0060042
DOID_0060041	has_subclass	DOID_12849
DOID_0060043	has_subclass	DOID_0060044
DOID_0060043	has_subclass	DOID_10132
DOID_0060043	has_subclass	DOID_10817
DOID_0060043	has_subclass	DOID_10849
DOID_0060043	has_subclass	DOID_1234
DOID_0060043	has_subclass	DOID_13352
DOID_0060044	has_subclass	DOID_10236
DOID_0060044	has_subclass	DOID_10834
DOID_0060044	has_subclass	DOID_1235
DOID_0060044	has_subclass	DOID_13351
DOID_0060044	has_subclass	DOID_9336
DOID_0060046	has_subclass	DOID_4541
DOID_0060047	has_subclass	DOID_0060223
DOID_0060047	has_subclass	DOID_4540
DOID_0060048	has_subclass	DOID_602
DOID_0060048	has_subclass	DOID_603
DOID_0060049	has_subclass	DOID_0040094
DOID_0060049	has_subclass	DOID_9808
DOID_0060050	has_subclass	DOID_12132
DOID_0060051	has_subclass	DOID_0040095
DOID_0060051	has_subclass	DOID_0040096
DOID_0060051	has_subclass	DOID_0040097
DOID_0060051	has_subclass	DOID_0080767
DOID_0060051	has_subclass	DOID_13241
DOID_0060051	has_subclass	DOID_2988
DOID_0060056	has_subclass	DOID_1557
DOID_0060058	has_subclass	DOID_0060060
DOID_0060058	has_subclass	DOID_0060592
DOID_0060058	has_subclass	DOID_0080146
DOID_0060058	has_subclass	DOID_0080638
DOID_0060058	has_subclass	DOID_10290
DOID_0060058	has_subclass	DOID_1040
DOID_0060058	has_subclass	DOID_10540
DOID_0060058	has_subclass	DOID_10813
DOID_0060058	has_subclass	DOID_1106
DOID_0060058	has_subclass	DOID_11241
DOID_0060058	has_subclass	DOID_11821
DOID_0060058	has_subclass	DOID_12001
DOID_0060058	has_subclass	DOID_12339
DOID_0060058	has_subclass	DOID_13996
DOID_0060058	has_subclass	DOID_14150
DOID_0060058	has_subclass	DOID_14489
DOID_0060058	has_subclass	DOID_1522
DOID_0060058	has_subclass	DOID_1523
DOID_0060058	has_subclass	DOID_1792
DOID_0060058	has_subclass	DOID_2150
DOID_0060058	has_subclass	DOID_3234
DOID_0060058	has_subclass	DOID_5815
DOID_0060058	has_subclass	DOID_5821
DOID_0060058	has_subclass	DOID_5823
DOID_0060058	has_subclass	DOID_5825
DOID_0060058	has_subclass	DOID_5826
DOID_0060058	has_subclass	DOID_6547
DOID_0060058	has_subclass	DOID_6758
DOID_0060058	has_subclass	DOID_6759
DOID_0060058	has_subclass	DOID_6760
DOID_0060058	has_subclass	DOID_6868
DOID_0060058	has_subclass	DOID_774
DOID_0060058	has_subclass	DOID_8135
DOID_0060058	has_subclass	DOID_8567
DOID_0060058	has_subclass	DOID_901
DOID_0060058	has_subclass	DOID_903
DOID_0060058	has_subclass	DOID_9986
DOID_0060060	has_subclass	DOID_0050744
DOID_0060060	has_subclass	DOID_707
DOID_0060061	has_subclass	DOID_0070662
DOID_0060061	has_subclass	DOID_0081050
DOID_0060061	has_subclass	DOID_8541
DOID_0060061	has_subclass	DOID_8691
DOID_0060062	has_subclass	DOID_0061118
DOID_0060062	has_subclass	DOID_0061119
DOID_0060062	has_subclass	DOID_0061120
DOID_0060062	has_subclass	DOID_0061121
DOID_0060062	has_subclass	DOID_0061122
DOID_0060062	has_subclass	DOID_0070732
DOID_0060062	has_subclass	DOID_0111101
DOID_0060068	has_subclass	DOID_0080740
DOID_0060071	has_subclass	DOID_5465
DOID_0060071	has_subclass	DOID_8719
DOID_0060071	has_subclass	DOID_8866
DOID_0060072	has_subclass	DOID_0060084
DOID_0060072	has_subclass	DOID_0060085
DOID_0060073	has_subclass	DOID_0060058
DOID_0060073	has_subclass	DOID_10619
DOID_0060073	has_subclass	DOID_2689
DOID_0060073	has_subclass	DOID_3277
DOID_0060073	has_subclass	DOID_8538
DOID_0060073	has_subclass	DOID_8937
DOID_0060074	has_subclass	DOID_5670
DOID_0060079	has_subclass	DOID_0070778
DOID_0060079	has_subclass	DOID_0070779
DOID_0060080	has_subclass	DOID_0060081
DOID_0060080	has_subclass	DOID_0070780
DOID_0060082	has_subclass	DOID_10199
DOID_0060082	has_subclass	DOID_10352
DOID_0060082	has_subclass	DOID_1616
DOID_0060082	has_subclass	DOID_1618
DOID_0060082	has_subclass	DOID_1623
DOID_0060082	has_subclass	DOID_1625
DOID_0060082	has_subclass	DOID_1629
DOID_0060082	has_subclass	DOID_1631
DOID_0060082	has_subclass	DOID_1641
DOID_0060082	has_subclass	DOID_3009
DOID_0060082	has_subclass	DOID_476
DOID_0060082	has_subclass	DOID_6641
DOID_0060082	has_subclass	DOID_7511
DOID_0060082	has_subclass	DOID_9504
DOID_0060083	has_subclass	DOID_0060073
DOID_0060084	has_subclass	DOID_0050894
DOID_0060084	has_subclass	DOID_0080601
DOID_0060084	has_subclass	DOID_127
DOID_0060084	has_subclass	DOID_255
DOID_0060084	has_subclass	DOID_2602
DOID_0060084	has_subclass	DOID_2615
DOID_0060084	has_subclass	DOID_2649
DOID_0060084	has_subclass	DOID_2883
DOID_0060084	has_subclass	DOID_3314
DOID_0060084	has_subclass	DOID_3892
DOID_0060084	has_subclass	DOID_4658
DOID_0060084	has_subclass	DOID_5078
DOID_0060084	has_subclass	DOID_5384
DOID_0060084	has_subclass	DOID_5387
DOID_0060084	has_subclass	DOID_5403
DOID_0060084	has_subclass	DOID_657
DOID_0060085	has_subclass	DOID_0050621
DOID_0060085	has_subclass	DOID_0050622
DOID_0060085	has_subclass	DOID_0050624
DOID_0060085	has_subclass	DOID_0060091
DOID_0060085	has_subclass	DOID_0060115
DOID_0060085	has_subclass	DOID_0060121
DOID_0060085	has_subclass	DOID_731
DOID_0060086	has_subclass	DOID_0060088
DOID_0060086	has_subclass	DOID_0060095
DOID_0060086	has_subclass	DOID_0060109
DOID_0060086	has_subclass	DOID_0060112
DOID_0060087	has_subclass	DOID_10206
DOID_0060087	has_subclass	DOID_11624
DOID_0060087	has_subclass	DOID_2885
DOID_0060087	has_subclass	DOID_2887
DOID_0060087	has_subclass	DOID_3579
DOID_0060087	has_subclass	DOID_6483
DOID_0060087	has_subclass	DOID_745
DOID_0060087	has_subclass	DOID_7675
DOID_0060087	has_subclass	DOID_7676
DOID_0060088	has_subclass	DOID_2068
DOID_0060088	has_subclass	DOID_2075
DOID_0060089	has_subclass	DOID_0050771
DOID_0060089	has_subclass	DOID_0080781
DOID_0060089	has_subclass	DOID_0081248
DOID_0060089	has_subclass	DOID_1786
DOID_0060089	has_subclass	DOID_5389
DOID_0060089	has_subclass	DOID_60009
DOID_0060089	has_subclass	DOID_656
DOID_0060089	has_subclass	DOID_916
DOID_0060090	has_subclass	DOID_0060688
DOID_0060090	has_subclass	DOID_0080829
DOID_0060090	has_subclass	DOID_0081283
DOID_0060090	has_subclass	DOID_0081284
DOID_0060090	has_subclass	DOID_0081285
DOID_0060090	has_subclass	DOID_0081302
DOID_0060090	has_subclass	DOID_0081303
DOID_0060090	has_subclass	DOID_0081305
DOID_0060090	has_subclass	DOID_2426
DOID_0060090	has_subclass	DOID_2679
DOID_0060090	has_subclass	DOID_3617
DOID_0060090	has_subclass	DOID_3813
DOID_0060090	has_subclass	DOID_4587
DOID_0060090	has_subclass	DOID_501
DOID_0060090	has_subclass	DOID_5078
DOID_0060090	has_subclass	DOID_5126
DOID_0060090	has_subclass	DOID_5393
DOID_0060090	has_subclass	DOID_5900
DOID_0060090	has_subclass	DOID_7071
DOID_0060090	has_subclass	DOID_8331
DOID_0060091	has_subclass	DOID_255
DOID_0060091	has_subclass	DOID_5044
DOID_0060091	has_subclass	DOID_5137
DOID_0060091	has_subclass	DOID_5238
DOID_0060091	has_subclass	DOID_60006
DOID_0060091	has_subclass	DOID_60007
DOID_0060091	has_subclass	DOID_8012
DOID_0060092	has_subclass	DOID_0080617
DOID_0060092	has_subclass	DOID_4419
DOID_0060094	has_subclass	DOID_0050895
DOID_0060094	has_subclass	DOID_0050898
DOID_0060094	has_subclass	DOID_0060098
DOID_0060094	has_subclass	DOID_166
DOID_0060094	has_subclass	DOID_180
DOID_0060094	has_subclass	DOID_2649
DOID_0060094	has_subclass	DOID_6610
DOID_0060094	has_subclass	DOID_7017
DOID_0060094	has_subclass	DOID_8153
DOID_0060095	has_subclass	DOID_0060110
DOID_0060095	has_subclass	DOID_0080365
DOID_0060095	has_subclass	DOID_13223
DOID_0060095	has_subclass	DOID_1371
DOID_0060095	has_subclass	DOID_1373
DOID_0060095	has_subclass	DOID_13958
DOID_0060095	has_subclass	DOID_2691
DOID_0060095	has_subclass	DOID_277
DOID_0060095	has_subclass	DOID_4994
DOID_0060095	has_subclass	DOID_5475
DOID_0060095	has_subclass	DOID_5726
DOID_0060095	has_subclass	DOID_5916
DOID_0060096	has_subclass	DOID_0050906
DOID_0060096	has_subclass	DOID_0080619
DOID_0060097	has_subclass	DOID_0060082
DOID_0060097	has_subclass	DOID_0060117
DOID_0060097	has_subclass	DOID_10200
DOID_0060097	has_subclass	DOID_10205
DOID_0060097	has_subclass	DOID_5123
DOID_0060097	has_subclass	DOID_5137
DOID_0060099	has_subclass	DOID_0060123
DOID_0060099	has_subclass	DOID_461
DOID_0060100	has_subclass	DOID_201
DOID_0060103	has_subclass	DOID_0081286
DOID_0060103	has_subclass	DOID_0081315
DOID_0060103	has_subclass	DOID_3865
DOID_0060103	has_subclass	DOID_3870
DOID_0060103	has_subclass	DOID_4788
DOID_0060103	has_subclass	DOID_4790
DOID_0060104	has_subclass	DOID_3860
DOID_0060106	has_subclass	DOID_5057
DOID_0060106	has_subclass	DOID_6112
DOID_0060106	has_subclass	DOID_6337
DOID_0060106	has_subclass	DOID_6939
DOID_0060108	has_subclass	DOID_3073
DOID_0060108	has_subclass	DOID_3187
DOID_0060108	has_subclass	DOID_7497
DOID_0060109	has_subclass	DOID_2060
DOID_0060109	has_subclass	DOID_2064
DOID_0060109	has_subclass	DOID_2066
DOID_0060109	has_subclass	DOID_2080
DOID_0060109	has_subclass	DOID_5043
DOID_0060109	has_subclass	DOID_5142
DOID_0060110	has_subclass	DOID_4995
DOID_0060110	has_subclass	DOID_5476
DOID_0060110	has_subclass	DOID_9442
DOID_0060110	has_subclass	DOID_9445
DOID_0060111	has_subclass	DOID_3173
DOID_0060111	has_subclass	DOID_3705
DOID_0060111	has_subclass	DOID_5124
DOID_0060111	has_subclass	DOID_5196
DOID_0060112	has_subclass	DOID_2636
DOID_0060112	has_subclass	DOID_2640
DOID_0060112	has_subclass	DOID_3269
DOID_0060112	has_subclass	DOID_3578
DOID_0060112	has_subclass	DOID_5117
DOID_0060112	has_subclass	DOID_5482
DOID_0060112	has_subclass	DOID_5897
DOID_0060112	has_subclass	DOID_6211
DOID_0060112	has_subclass	DOID_6469
DOID_0060112	has_subclass	DOID_7880
DOID_0060114	has_subclass	DOID_125
DOID_0060114	has_subclass	DOID_133
DOID_0060114	has_subclass	DOID_135
DOID_0060114	has_subclass	DOID_137
DOID_0060115	has_subclass	DOID_0060090
DOID_0060115	has_subclass	DOID_0060096
DOID_0060116	has_subclass	DOID_2174
DOID_0060117	has_subclass	DOID_0081026
DOID_0060117	has_subclass	DOID_1789
DOID_0060117	has_subclass	DOID_5728
DOID_0060118	has_subclass	DOID_0050829
DOID_0060118	has_subclass	DOID_5093
DOID_0060119	has_subclass	DOID_0050921
DOID_0060119	has_subclass	DOID_8533
DOID_0060119	has_subclass	DOID_8557
DOID_0060121	has_subclass	DOID_3165
DOID_0060122	has_subclass	DOID_4159
DOID_0060123	has_subclass	DOID_0050871
DOID_0060123	has_subclass	DOID_0070665
DOID_0060123	has_subclass	DOID_0080109
DOID_0060123	has_subclass	DOID_0080366
DOID_0060123	has_subclass	DOID_2701
DOID_0060123	has_subclass	DOID_315
DOID_0060123	has_subclass	DOID_3814
DOID_0060123	has_subclass	DOID_4231
DOID_0060123	has_subclass	DOID_4386
DOID_0060123	has_subclass	DOID_5398
DOID_0060123	has_subclass	DOID_8274
DOID_0060125	has_subclass	DOID_0060126
DOID_0060125	has_subclass	DOID_0060127
DOID_0060125	has_subclass	DOID_0060128
DOID_0060125	has_subclass	DOID_0060129
DOID_0060135	has_subclass	DOID_4260
DOID_0060135	has_subclass	DOID_4627
DOID_0060155	has_subclass	DOID_0060153
DOID_0060155	has_subclass	DOID_0060156
DOID_0060158	has_subclass	DOID_0050032
DOID_0060158	has_subclass	DOID_0081455
DOID_0060158	has_subclass	DOID_0081456
DOID_0060158	has_subclass	DOID_12700
DOID_0060158	has_subclass	DOID_1920
DOID_0060158	has_subclass	DOID_374
DOID_0060158	has_subclass	DOID_9969
DOID_0060159	has_subclass	DOID_0060336
DOID_0060159	has_subclass	DOID_0111254
DOID_0060159	has_subclass	DOID_0111263
DOID_0060159	has_subclass	DOID_14701
DOID_0060159	has_subclass	DOID_14749
DOID_0060159	has_subclass	DOID_14753
DOID_0060159	has_subclass	DOID_9269
DOID_0060160	has_subclass	DOID_0050530
DOID_0060160	has_subclass	DOID_0080667
DOID_0060160	has_subclass	DOID_12376
DOID_0060160	has_subclass	DOID_13137
DOID_0060163	has_subclass	DOID_0070661
DOID_0060169	has_subclass	DOID_0081114
DOID_0060169	has_subclass	DOID_0081116
DOID_0060169	has_subclass	DOID_0081117
DOID_0060169	has_subclass	DOID_0081118
DOID_0060170	has_subclass	DOID_0111293
DOID_0060170	has_subclass	DOID_0111294
DOID_0060170	has_subclass	DOID_0111295
DOID_0060170	has_subclass	DOID_0111296
DOID_0060170	has_subclass	DOID_0111299
DOID_0060170	has_subclass	DOID_0111300
DOID_0060170	has_subclass	DOID_0111301
DOID_0060170	has_subclass	DOID_0111302
DOID_0060172	has_subclass	DOID_0111324
DOID_0060176	has_subclass	DOID_0060174
DOID_0060176	has_subclass	DOID_0060175
DOID_0060176	has_subclass	DOID_0060177
DOID_0060178	has_subclass	DOID_0111181
DOID_0060178	has_subclass	DOID_0111182
DOID_0060178	has_subclass	DOID_0111183
DOID_0060180	has_subclass	DOID_0060181
DOID_0060180	has_subclass	DOID_0060185
DOID_0060180	has_subclass	DOID_0060186
DOID_0060180	has_subclass	DOID_0060187
DOID_0060180	has_subclass	DOID_8577
DOID_0060182	has_subclass	DOID_0060183
DOID_0060182	has_subclass	DOID_0060184
DOID_0060220	has_subclass	DOID_14443
DOID_0060220	has_subclass	DOID_1554
DOID_0060220	has_subclass	DOID_743
DOID_0060224	has_subclass	DOID_0050650
DOID_0060225	has_subclass	DOID_0060575
DOID_0060225	has_subclass	DOID_0060576
DOID_0060225	has_subclass	DOID_0060577
DOID_0060227	has_subclass	DOID_0061179
DOID_0060228	has_subclass	DOID_0080964
DOID_0060228	has_subclass	DOID_0080965
DOID_0060228	has_subclass	DOID_0080966
DOID_0060228	has_subclass	DOID_0080967
DOID_0060228	has_subclass	DOID_0080968
DOID_0060228	has_subclass	DOID_0080969
DOID_0060228	has_subclass	DOID_0080970
DOID_0060228	has_subclass	DOID_0080971
DOID_0060228	has_subclass	DOID_0080972
DOID_0060228	has_subclass	DOID_0080973
DOID_0060228	has_subclass	DOID_0080974
DOID_0060228	has_subclass	DOID_0080975
DOID_0060229	has_subclass	DOID_0081112
DOID_0060232	has_subclass	DOID_0061209
DOID_0060233	has_subclass	DOID_0111460
DOID_0060233	has_subclass	DOID_0111461
DOID_0060233	has_subclass	DOID_0111463
DOID_0060234	has_subclass	DOID_0061098
DOID_0060234	has_subclass	DOID_0061099
DOID_0060236	has_subclass	DOID_0070452
DOID_0060236	has_subclass	DOID_0070453
DOID_0060237	has_subclass	DOID_0110716
DOID_0060237	has_subclass	DOID_0110717
DOID_0060237	has_subclass	DOID_0110718
DOID_0060237	has_subclass	DOID_0110719
DOID_0060238	has_subclass	DOID_0080585
DOID_0060238	has_subclass	DOID_0080586
DOID_0060247	has_subclass	DOID_0081270
DOID_0060247	has_subclass	DOID_0081271
DOID_0060249	has_subclass	DOID_0060250
DOID_0060251	has_subclass	DOID_0060756
DOID_0060251	has_subclass	DOID_0060757
DOID_0060254	has_subclass	DOID_0060764
DOID_0060254	has_subclass	DOID_0060765
DOID_0060254	has_subclass	DOID_0060766
DOID_0060254	has_subclass	DOID_0060974
DOID_0060260	has_subclass	DOID_0060261
DOID_0060261	has_subclass	DOID_0061148
DOID_0060262	has_subclass	DOID_0050612
DOID_0060262	has_subclass	DOID_0080640
DOID_0060262	has_subclass	DOID_10211
DOID_0060262	has_subclass	DOID_10254
DOID_0060262	has_subclass	DOID_11151
DOID_0060262	has_subclass	DOID_3121
DOID_0060262	has_subclass	DOID_4140
DOID_0060262	has_subclass	DOID_9714
DOID_0060262	has_subclass	DOID_9717
DOID_0060264	has_subclass	DOID_0060272
DOID_0060264	has_subclass	DOID_0060273
DOID_0060264	has_subclass	DOID_0060274
DOID_0060264	has_subclass	DOID_0060275
DOID_0060264	has_subclass	DOID_0060276
DOID_0060264	has_subclass	DOID_0060277
DOID_0060264	has_subclass	DOID_0060278
DOID_0060264	has_subclass	DOID_0060279
DOID_0060264	has_subclass	DOID_0112322
DOID_0060264	has_subclass	DOID_0112325
DOID_0060264	has_subclass	DOID_0112326
DOID_0060264	has_subclass	DOID_0112327
DOID_0060264	has_subclass	DOID_0112328
DOID_0060264	has_subclass	DOID_0112333
DOID_0060280	has_subclass	DOID_0070546
DOID_0060280	has_subclass	DOID_0070548
DOID_0060280	has_subclass	DOID_0070549
DOID_0060283	has_subclass	DOID_0070520
DOID_0060283	has_subclass	DOID_0070521
DOID_0060283	has_subclass	DOID_0070522
DOID_0060283	has_subclass	DOID_0070523
DOID_0060283	has_subclass	DOID_0070524
DOID_0060283	has_subclass	DOID_0070525
DOID_0060286	has_subclass	DOID_0070424
DOID_0060286	has_subclass	DOID_0070425
DOID_0060286	has_subclass	DOID_0070426
DOID_0060286	has_subclass	DOID_0111467
DOID_0060286	has_subclass	DOID_0111469
DOID_0060286	has_subclass	DOID_0111470
DOID_0060286	has_subclass	DOID_0111471
DOID_0060286	has_subclass	DOID_0111474
DOID_0060286	has_subclass	DOID_0111476
DOID_0060286	has_subclass	DOID_0111482
DOID_0060286	has_subclass	DOID_0111484
DOID_0060286	has_subclass	DOID_0111486
DOID_0060286	has_subclass	DOID_0111488
DOID_0060286	has_subclass	DOID_0111497
DOID_0060286	has_subclass	DOID_0111498
DOID_0060286	has_subclass	DOID_0111499
DOID_0060286	has_subclass	DOID_0111502
DOID_0060286	has_subclass	DOID_0112110
DOID_0060286	has_subclass	DOID_0112111
DOID_0060286	has_subclass	DOID_0112112
DOID_0060286	has_subclass	DOID_0112113
DOID_0060286	has_subclass	DOID_0112115
DOID_0060286	has_subclass	DOID_0112116
DOID_0060286	has_subclass	DOID_0112117
DOID_0060286	has_subclass	DOID_0112137
DOID_0060288	has_subclass	DOID_0080844
DOID_0060288	has_subclass	DOID_0080845
DOID_0060289	has_subclass	DOID_0060290
DOID_0060294	has_subclass	DOID_0080329
DOID_0060294	has_subclass	DOID_0080330
DOID_0060294	has_subclass	DOID_0080331
DOID_0060306	has_subclass	DOID_0051069
DOID_0060306	has_subclass	DOID_0080255
DOID_0060306	has_subclass	DOID_0080513
DOID_0060306	has_subclass	DOID_0080515
DOID_0060306	has_subclass	DOID_0080516
DOID_0060306	has_subclass	DOID_0080517
DOID_0060306	has_subclass	DOID_0080518
DOID_0060307	has_subclass	DOID_0051010
DOID_0060307	has_subclass	DOID_0051072
DOID_0060307	has_subclass	DOID_0060933
DOID_0060307	has_subclass	DOID_0061031
DOID_0060307	has_subclass	DOID_0061032
DOID_0060307	has_subclass	DOID_0061033
DOID_0060307	has_subclass	DOID_0061034
DOID_0060307	has_subclass	DOID_0061035
DOID_0060307	has_subclass	DOID_0061036
DOID_0060307	has_subclass	DOID_0061037
DOID_0060307	has_subclass	DOID_0061038
DOID_0060307	has_subclass	DOID_0061039
DOID_0060307	has_subclass	DOID_0061040
DOID_0060307	has_subclass	DOID_0061041
DOID_0060307	has_subclass	DOID_0061042
DOID_0060307	has_subclass	DOID_0061043
DOID_0060307	has_subclass	DOID_0061044
DOID_0060307	has_subclass	DOID_0061045
DOID_0060307	has_subclass	DOID_0061046
DOID_0060307	has_subclass	DOID_0061047
DOID_0060307	has_subclass	DOID_0061048
DOID_0060307	has_subclass	DOID_0061049
DOID_0060307	has_subclass	DOID_0061050
DOID_0060307	has_subclass	DOID_0061129
DOID_0060307	has_subclass	DOID_0061147
DOID_0060307	has_subclass	DOID_0061190
DOID_0060307	has_subclass	DOID_0061253
DOID_0060307	has_subclass	DOID_0061254
DOID_0060307	has_subclass	DOID_0070031
DOID_0060307	has_subclass	DOID_0070032
DOID_0060307	has_subclass	DOID_0070033
DOID_0060307	has_subclass	DOID_0070034
DOID_0060307	has_subclass	DOID_0070035
DOID_0060307	has_subclass	DOID_0070036
DOID_0060307	has_subclass	DOID_0070037
DOID_0060307	has_subclass	DOID_0070038
DOID_0060307	has_subclass	DOID_0070039
DOID_0060307	has_subclass	DOID_0070040
DOID_0060307	has_subclass	DOID_0070041
DOID_0060307	has_subclass	DOID_0070043
DOID_0060307	has_subclass	DOID_0070047
DOID_0060307	has_subclass	DOID_0070048
DOID_0060307	has_subclass	DOID_0070049
DOID_0060307	has_subclass	DOID_0070050
DOID_0060307	has_subclass	DOID_0070051
DOID_0060307	has_subclass	DOID_0070052
DOID_0060307	has_subclass	DOID_0070053
DOID_0060307	has_subclass	DOID_0070054
DOID_0060307	has_subclass	DOID_0070055
DOID_0060307	has_subclass	DOID_0070056
DOID_0060307	has_subclass	DOID_0070058
DOID_0060307	has_subclass	DOID_0070059
DOID_0060307	has_subclass	DOID_0070060
DOID_0060307	has_subclass	DOID_0070061
DOID_0060307	has_subclass	DOID_0070062
DOID_0060307	has_subclass	DOID_0070063
DOID_0060307	has_subclass	DOID_0070064
DOID_0060307	has_subclass	DOID_0070065
DOID_0060307	has_subclass	DOID_0070066
DOID_0060307	has_subclass	DOID_0070067
DOID_0060307	has_subclass	DOID_0070068
DOID_0060307	has_subclass	DOID_0070069
DOID_0060307	has_subclass	DOID_0070070
DOID_0060307	has_subclass	DOID_0070071
DOID_0060307	has_subclass	DOID_0070072
DOID_0060307	has_subclass	DOID_0070073
DOID_0060307	has_subclass	DOID_0070074
DOID_0060307	has_subclass	DOID_0070416
DOID_0060307	has_subclass	DOID_0070417
DOID_0060307	has_subclass	DOID_0070420
DOID_0060307	has_subclass	DOID_0070469
DOID_0060307	has_subclass	DOID_0070513
DOID_0060307	has_subclass	DOID_0070514
DOID_0060307	has_subclass	DOID_0070529
DOID_0060307	has_subclass	DOID_0070536
DOID_0060307	has_subclass	DOID_0070668
DOID_0060307	has_subclass	DOID_0070693
DOID_0060307	has_subclass	DOID_0070694
DOID_0060307	has_subclass	DOID_0070695
DOID_0060307	has_subclass	DOID_0070709
DOID_0060307	has_subclass	DOID_0070710
DOID_0060307	has_subclass	DOID_0070711
DOID_0060307	has_subclass	DOID_0070713
DOID_0060307	has_subclass	DOID_0070715
DOID_0060307	has_subclass	DOID_0070717
DOID_0060307	has_subclass	DOID_0070747
DOID_0060307	has_subclass	DOID_0070753
DOID_0060307	has_subclass	DOID_0070756
DOID_0060307	has_subclass	DOID_0070757
DOID_0060307	has_subclass	DOID_0080226
DOID_0060307	has_subclass	DOID_0080227
DOID_0060307	has_subclass	DOID_0080228
DOID_0060307	has_subclass	DOID_0080230
DOID_0060307	has_subclass	DOID_0080231
DOID_0060307	has_subclass	DOID_0080232
DOID_0060307	has_subclass	DOID_0080233
DOID_0060307	has_subclass	DOID_0080234
DOID_0060307	has_subclass	DOID_0080235
DOID_0060307	has_subclass	DOID_0080236
DOID_0060307	has_subclass	DOID_0080237
DOID_0060307	has_subclass	DOID_0080238
DOID_0060307	has_subclass	DOID_0081262
DOID_0060307	has_subclass	DOID_0081275
DOID_0060307	has_subclass	DOID_0081362
DOID_0060307	has_subclass	DOID_0081430
DOID_0060307	has_subclass	DOID_0111743
DOID_0060308	has_subclass	DOID_0051030
DOID_0060308	has_subclass	DOID_0051071
DOID_0060308	has_subclass	DOID_0051076
DOID_0060308	has_subclass	DOID_0051092
DOID_0060308	has_subclass	DOID_0060934
DOID_0060308	has_subclass	DOID_0060935
DOID_0060308	has_subclass	DOID_0060947
DOID_0060308	has_subclass	DOID_0061114
DOID_0060308	has_subclass	DOID_0061126
DOID_0060308	has_subclass	DOID_0061158
DOID_0060308	has_subclass	DOID_0061252
DOID_0060308	has_subclass	DOID_0070421
DOID_0060308	has_subclass	DOID_0070423
DOID_0060308	has_subclass	DOID_0070443
DOID_0060308	has_subclass	DOID_0070444
DOID_0060308	has_subclass	DOID_0070537
DOID_0060308	has_subclass	DOID_0070542
DOID_0060308	has_subclass	DOID_0070696
DOID_0060308	has_subclass	DOID_0070697
DOID_0060308	has_subclass	DOID_0070712
DOID_0060308	has_subclass	DOID_0070738
DOID_0060308	has_subclass	DOID_0070739
DOID_0060308	has_subclass	DOID_0070740
DOID_0060308	has_subclass	DOID_0070741
DOID_0060308	has_subclass	DOID_0070745
DOID_0060308	has_subclass	DOID_0070751
DOID_0060308	has_subclass	DOID_0070754
DOID_0060308	has_subclass	DOID_0070755
DOID_0060308	has_subclass	DOID_0080239
DOID_0060308	has_subclass	DOID_0080765
DOID_0060308	has_subclass	DOID_0081097
DOID_0060308	has_subclass	DOID_0081098
DOID_0060308	has_subclass	DOID_0081099
DOID_0060308	has_subclass	DOID_0081177
DOID_0060308	has_subclass	DOID_0081178
DOID_0060308	has_subclass	DOID_0081179
DOID_0060308	has_subclass	DOID_0081180
DOID_0060308	has_subclass	DOID_0081181
DOID_0060308	has_subclass	DOID_0081182
DOID_0060308	has_subclass	DOID_0081183
DOID_0060308	has_subclass	DOID_0081184
DOID_0060308	has_subclass	DOID_0081185
DOID_0060308	has_subclass	DOID_0081186
DOID_0060308	has_subclass	DOID_0081187
DOID_0060308	has_subclass	DOID_0081188
DOID_0060308	has_subclass	DOID_0081189
DOID_0060308	has_subclass	DOID_0081190
DOID_0060308	has_subclass	DOID_0081191
DOID_0060308	has_subclass	DOID_0081192
DOID_0060308	has_subclass	DOID_0081193
DOID_0060308	has_subclass	DOID_0081194
DOID_0060308	has_subclass	DOID_0081195
DOID_0060308	has_subclass	DOID_0081196
DOID_0060308	has_subclass	DOID_0081197
DOID_0060308	has_subclass	DOID_0081198
DOID_0060308	has_subclass	DOID_0081199
DOID_0060308	has_subclass	DOID_0081200
DOID_0060308	has_subclass	DOID_0081201
DOID_0060308	has_subclass	DOID_0081202
DOID_0060308	has_subclass	DOID_0081203
DOID_0060308	has_subclass	DOID_0081204
DOID_0060308	has_subclass	DOID_0081205
DOID_0060308	has_subclass	DOID_0081206
DOID_0060308	has_subclass	DOID_0081207
DOID_0060308	has_subclass	DOID_0081208
DOID_0060308	has_subclass	DOID_0081209
DOID_0060308	has_subclass	DOID_0081210
DOID_0060308	has_subclass	DOID_0081211
DOID_0060308	has_subclass	DOID_0081212
DOID_0060308	has_subclass	DOID_0081213
DOID_0060308	has_subclass	DOID_0081214
DOID_0060308	has_subclass	DOID_0081215
DOID_0060308	has_subclass	DOID_0081216
DOID_0060308	has_subclass	DOID_0081217
DOID_0060308	has_subclass	DOID_0081218
DOID_0060308	has_subclass	DOID_0081219
DOID_0060308	has_subclass	DOID_0081220
DOID_0060308	has_subclass	DOID_0081221
DOID_0060308	has_subclass	DOID_0081222
DOID_0060308	has_subclass	DOID_0081223
DOID_0060308	has_subclass	DOID_0081224
DOID_0060308	has_subclass	DOID_0081225
DOID_0060308	has_subclass	DOID_0081226
DOID_0060308	has_subclass	DOID_0081227
DOID_0060308	has_subclass	DOID_0081228
DOID_0060308	has_subclass	DOID_0081229
DOID_0060308	has_subclass	DOID_0081230
DOID_0060308	has_subclass	DOID_0081231
DOID_0060308	has_subclass	DOID_0081232
DOID_0060308	has_subclass	DOID_0081233
DOID_0060308	has_subclass	DOID_0081234
DOID_0060308	has_subclass	DOID_0081235
DOID_0060308	has_subclass	DOID_0081236
DOID_0060308	has_subclass	DOID_0081263
DOID_0060308	has_subclass	DOID_0081265
DOID_0060308	has_subclass	DOID_0081324
DOID_0060308	has_subclass	DOID_0081387
DOID_0060308	has_subclass	DOID_0081444
DOID_0060309	has_subclass	DOID_0050647
DOID_0060309	has_subclass	DOID_0050681
DOID_0060309	has_subclass	DOID_0050764
DOID_0060309	has_subclass	DOID_0060179
DOID_0060309	has_subclass	DOID_0060799
DOID_0060309	has_subclass	DOID_0060800
DOID_0060309	has_subclass	DOID_0060801
DOID_0060309	has_subclass	DOID_0060802
DOID_0060309	has_subclass	DOID_0060803
DOID_0060309	has_subclass	DOID_0060804
DOID_0060309	has_subclass	DOID_0060805
DOID_0060309	has_subclass	DOID_0060806
DOID_0060309	has_subclass	DOID_0060807
DOID_0060309	has_subclass	DOID_0060808
DOID_0060309	has_subclass	DOID_0060809
DOID_0060309	has_subclass	DOID_0060810
DOID_0060309	has_subclass	DOID_0060811
DOID_0060309	has_subclass	DOID_0060812
DOID_0060309	has_subclass	DOID_0060813
DOID_0060309	has_subclass	DOID_0060814
DOID_0060309	has_subclass	DOID_0060815
DOID_0060309	has_subclass	DOID_0060816
DOID_0060309	has_subclass	DOID_0060817
DOID_0060309	has_subclass	DOID_0060818
DOID_0060309	has_subclass	DOID_0060819
DOID_0060309	has_subclass	DOID_0060820
DOID_0060309	has_subclass	DOID_0060821
DOID_0060309	has_subclass	DOID_0060822
DOID_0060309	has_subclass	DOID_0060823
DOID_0060309	has_subclass	DOID_0060824
DOID_0060309	has_subclass	DOID_0060825
DOID_0060309	has_subclass	DOID_0060826
DOID_0060309	has_subclass	DOID_0060827
DOID_0060309	has_subclass	DOID_0060828
DOID_0060309	has_subclass	DOID_0060830
DOID_0060309	has_subclass	DOID_0061015
DOID_0060309	has_subclass	DOID_0070422
DOID_0060309	has_subclass	DOID_0070538
DOID_0060309	has_subclass	DOID_0070698
DOID_0060309	has_subclass	DOID_0070777
DOID_0060309	has_subclass	DOID_0080241
DOID_0060309	has_subclass	DOID_0080242
DOID_0060309	has_subclass	DOID_0080311
DOID_0060309	has_subclass	DOID_0080982
DOID_0060309	has_subclass	DOID_0080984
DOID_0060309	has_subclass	DOID_0080985
DOID_0060309	has_subclass	DOID_0081123
DOID_0060309	has_subclass	DOID_0111838
DOID_0060309	has_subclass	DOID_0111840
DOID_0060309	has_subclass	DOID_0111843
DOID_0060309	has_subclass	DOID_0111844
DOID_0060309	has_subclass	DOID_0111845
DOID_0060309	has_subclass	DOID_0112025
DOID_0060309	has_subclass	DOID_0112042
DOID_0060309	has_subclass	DOID_0112056
DOID_0060309	has_subclass	DOID_0112060
DOID_0060309	has_subclass	DOID_0112126
DOID_0060309	has_subclass	DOID_14744
DOID_0060318	has_subclass	DOID_0081081
DOID_0060333	has_subclass	DOID_0070461
DOID_0060334	has_subclass	DOID_0061172
DOID_0060334	has_subclass	DOID_0061173
DOID_0060334	has_subclass	DOID_0061174
DOID_0060336	has_subclass	DOID_0050476
DOID_0060336	has_subclass	DOID_0110002
DOID_0060336	has_subclass	DOID_0110004
DOID_0060336	has_subclass	DOID_0110006
DOID_0060340	has_subclass	DOID_0050777
DOID_0060340	has_subclass	DOID_0050778
DOID_0060361	has_subclass	DOID_0060362
DOID_0060361	has_subclass	DOID_0080213
DOID_0060361	has_subclass	DOID_0080214
DOID_0060379	has_subclass	DOID_0060353
DOID_0060379	has_subclass	DOID_0060383
DOID_0060379	has_subclass	DOID_0060384
DOID_0060379	has_subclass	DOID_0060385
DOID_0060379	has_subclass	DOID_5768
DOID_0060388	has_subclass	DOID_0050460
DOID_0060388	has_subclass	DOID_0060352
DOID_0060388	has_subclass	DOID_0060389
DOID_0060388	has_subclass	DOID_0060390
DOID_0060388	has_subclass	DOID_0060392
DOID_0060388	has_subclass	DOID_0060394
DOID_0060388	has_subclass	DOID_0060395
DOID_0060388	has_subclass	DOID_0060397
DOID_0060388	has_subclass	DOID_0060398
DOID_0060388	has_subclass	DOID_0060399
DOID_0060388	has_subclass	DOID_0060400
DOID_0060388	has_subclass	DOID_0060401
DOID_0060388	has_subclass	DOID_0060402
DOID_0060388	has_subclass	DOID_0060405
DOID_0060388	has_subclass	DOID_0060406
DOID_0060388	has_subclass	DOID_0060410
DOID_0060388	has_subclass	DOID_0060411
DOID_0060388	has_subclass	DOID_0060412
DOID_0060388	has_subclass	DOID_0060413
DOID_0060388	has_subclass	DOID_0060414
DOID_0060388	has_subclass	DOID_0060415
DOID_0060388	has_subclass	DOID_0060416
DOID_0060388	has_subclass	DOID_0060417
DOID_0060388	has_subclass	DOID_0060418
DOID_0060388	has_subclass	DOID_0060419
DOID_0060388	has_subclass	DOID_0060420
DOID_0060388	has_subclass	DOID_0060421
DOID_0060388	has_subclass	DOID_0060422
DOID_0060388	has_subclass	DOID_0060423
DOID_0060388	has_subclass	DOID_0060424
DOID_0060388	has_subclass	DOID_0060425
DOID_0060388	has_subclass	DOID_0060426
DOID_0060388	has_subclass	DOID_0060427
DOID_0060388	has_subclass	DOID_0060428
DOID_0060388	has_subclass	DOID_0060452
DOID_0060388	has_subclass	DOID_0060732
DOID_0060388	has_subclass	DOID_0060768
DOID_0060388	has_subclass	DOID_0060858
DOID_0060388	has_subclass	DOID_0060878
DOID_0060388	has_subclass	DOID_0070186
DOID_0060388	has_subclass	DOID_0070270
DOID_0060388	has_subclass	DOID_0070515
DOID_0060388	has_subclass	DOID_0080354
DOID_0060388	has_subclass	DOID_0090016
DOID_0060388	has_subclass	DOID_0110029
DOID_0060388	has_subclass	DOID_0110121
DOID_0060388	has_subclass	DOID_0111687
DOID_0060388	has_subclass	DOID_0111704
DOID_0060388	has_subclass	DOID_0111723
DOID_0060388	has_subclass	DOID_0111771
DOID_0060388	has_subclass	DOID_0111775
DOID_0060388	has_subclass	DOID_0111860
DOID_0060388	has_subclass	DOID_12580
DOID_0060388	has_subclass	DOID_12583
DOID_0060388	has_subclass	DOID_14515
DOID_0060388	has_subclass	DOID_14699
DOID_0060388	has_subclass	DOID_1928
DOID_0060429	has_subclass	DOID_0060430
DOID_0060429	has_subclass	DOID_0060431
DOID_0060429	has_subclass	DOID_0060432
DOID_0060429	has_subclass	DOID_0060433
DOID_0060429	has_subclass	DOID_0060434
DOID_0060429	has_subclass	DOID_0060435
DOID_0060429	has_subclass	DOID_0060436
DOID_0060429	has_subclass	DOID_0060437
DOID_0060429	has_subclass	DOID_0060458
DOID_0060429	has_subclass	DOID_0060459
DOID_0060429	has_subclass	DOID_0060460
DOID_0060429	has_subclass	DOID_0060461
DOID_0060429	has_subclass	DOID_0060853
DOID_0060429	has_subclass	DOID_0070614
DOID_0060429	has_subclass	DOID_0080926
DOID_0060429	has_subclass	DOID_0090025
DOID_0060429	has_subclass	DOID_0110577
DOID_0060429	has_subclass	DOID_0111159
DOID_0060429	has_subclass	DOID_0111685
DOID_0060429	has_subclass	DOID_0111816
DOID_0060429	has_subclass	DOID_1085
DOID_0060429	has_subclass	DOID_14250
DOID_0060429	has_subclass	DOID_1921
DOID_0060440	has_subclass	DOID_0060447
DOID_0060440	has_subclass	DOID_0060450
DOID_0060440	has_subclass	DOID_0060451
DOID_0060440	has_subclass	DOID_0060454
DOID_0060441	has_subclass	DOID_0060453
DOID_0060441	has_subclass	DOID_12318
DOID_0060441	has_subclass	DOID_8943
DOID_0060442	has_subclass	DOID_0060445
DOID_0060442	has_subclass	DOID_0060448
DOID_0060442	has_subclass	DOID_0060452
DOID_0060442	has_subclass	DOID_2565
DOID_0060443	has_subclass	DOID_0060446
DOID_0060443	has_subclass	DOID_0060649
DOID_0060443	has_subclass	DOID_11555
DOID_0060451	has_subclass	DOID_0080670
DOID_0060451	has_subclass	DOID_0080671
DOID_0060457	has_subclass	DOID_0080669
DOID_0060457	has_subclass	DOID_0110856
DOID_0060465	has_subclass	DOID_0080672
DOID_0060466	has_subclass	DOID_0070771
DOID_0060466	has_subclass	DOID_0070772
DOID_0060466	has_subclass	DOID_0070774
DOID_0060495	has_subclass	DOID_0060523
DOID_0060495	has_subclass	DOID_0060524
DOID_0060496	has_subclass	DOID_0040061
DOID_0060496	has_subclass	DOID_0040062
DOID_0060496	has_subclass	DOID_0040063
DOID_0060496	has_subclass	DOID_0040081
DOID_0060496	has_subclass	DOID_10322
DOID_0060496	has_subclass	DOID_13166
DOID_0060496	has_subclass	DOID_9415
DOID_0060497	has_subclass	DOID_0060498
DOID_0060500	has_subclass	DOID_0040002
DOID_0060500	has_subclass	DOID_0040006
DOID_0060500	has_subclass	DOID_0040007
DOID_0060500	has_subclass	DOID_0040008
DOID_0060500	has_subclass	DOID_0040009
DOID_0060500	has_subclass	DOID_0040010
DOID_0060500	has_subclass	DOID_0040011
DOID_0060500	has_subclass	DOID_0040012
DOID_0060500	has_subclass	DOID_0040013
DOID_0060500	has_subclass	DOID_0040014
DOID_0060500	has_subclass	DOID_0040015
DOID_0060500	has_subclass	DOID_0040016
DOID_0060500	has_subclass	DOID_0040017
DOID_0060500	has_subclass	DOID_0040018
DOID_0060500	has_subclass	DOID_0040019
DOID_0060500	has_subclass	DOID_0040021
DOID_0060500	has_subclass	DOID_0040022
DOID_0060500	has_subclass	DOID_0040026
DOID_0060500	has_subclass	DOID_0040027
DOID_0060500	has_subclass	DOID_0040028
DOID_0060500	has_subclass	DOID_0040029
DOID_0060500	has_subclass	DOID_0040031
DOID_0060500	has_subclass	DOID_0040032
DOID_0060500	has_subclass	DOID_0040034
DOID_0060500	has_subclass	DOID_0040035
DOID_0060500	has_subclass	DOID_0040036
DOID_0060500	has_subclass	DOID_0040065
DOID_0060500	has_subclass	DOID_0040066
DOID_0060500	has_subclass	DOID_0040067
DOID_0060500	has_subclass	DOID_0040070
DOID_0060500	has_subclass	DOID_0040071
DOID_0060500	has_subclass	DOID_0040073
DOID_0060500	has_subclass	DOID_0040076
DOID_0060500	has_subclass	DOID_0040077
DOID_0060500	has_subclass	DOID_0040078
DOID_0060500	has_subclass	DOID_0040080
DOID_0060500	has_subclass	DOID_0040082
DOID_0060500	has_subclass	DOID_0060519
DOID_0060501	has_subclass	DOID_0040045
DOID_0060501	has_subclass	DOID_0040053
DOID_0060501	has_subclass	DOID_0040054
DOID_0060501	has_subclass	DOID_0040055
DOID_0060501	has_subclass	DOID_0040056
DOID_0060502	has_subclass	DOID_3044
DOID_0060503	has_subclass	DOID_0060504
DOID_0060503	has_subclass	DOID_0060505
DOID_0060503	has_subclass	DOID_0060506
DOID_0060503	has_subclass	DOID_0060507
DOID_0060503	has_subclass	DOID_0060508
DOID_0060503	has_subclass	DOID_0060509
DOID_0060503	has_subclass	DOID_0060510
DOID_0060503	has_subclass	DOID_0060511
DOID_0060503	has_subclass	DOID_0060512
DOID_0060503	has_subclass	DOID_0060904
DOID_0060513	has_subclass	DOID_0060514
DOID_0060513	has_subclass	DOID_0060515
DOID_0060513	has_subclass	DOID_0060516
DOID_0060513	has_subclass	DOID_0060517
DOID_0060513	has_subclass	DOID_0060518
DOID_0060519	has_subclass	DOID_0040003
DOID_0060519	has_subclass	DOID_0040004
DOID_0060519	has_subclass	DOID_0040033
DOID_0060519	has_subclass	DOID_0040037
DOID_0060519	has_subclass	DOID_0060520
DOID_0060523	has_subclass	DOID_0060530
DOID_0060524	has_subclass	DOID_0040001
DOID_0060524	has_subclass	DOID_0060526
DOID_0060530	has_subclass	DOID_0060531
DOID_0060536	has_subclass	DOID_0112065
DOID_0060536	has_subclass	DOID_0112100
DOID_0060558	has_subclass	DOID_0060559
DOID_0060558	has_subclass	DOID_0060560
DOID_0060558	has_subclass	DOID_0060653
DOID_0060558	has_subclass	DOID_0060654
DOID_0060558	has_subclass	DOID_0061261
DOID_0060558	has_subclass	DOID_0061262
DOID_0060558	has_subclass	DOID_0061263
DOID_0060558	has_subclass	DOID_0061264
DOID_0060558	has_subclass	DOID_0061265
DOID_0060558	has_subclass	DOID_0061266
DOID_0060558	has_subclass	DOID_0061267
DOID_0060558	has_subclass	DOID_0061268
DOID_0060564	has_subclass	DOID_0050568
DOID_0060564	has_subclass	DOID_0050648
DOID_0060564	has_subclass	DOID_0060034
DOID_0060564	has_subclass	DOID_0080027
DOID_0060564	has_subclass	DOID_0080050
DOID_0060564	has_subclass	DOID_0080054
DOID_0060564	has_subclass	DOID_0090116
DOID_0060564	has_subclass	DOID_0110633
DOID_0060564	has_subclass	DOID_13300
DOID_0060564	has_subclass	DOID_14780
DOID_0060564	has_subclass	DOID_2247
DOID_0060564	has_subclass	DOID_2300
DOID_0060564	has_subclass	DOID_4153
DOID_0060564	has_subclass	DOID_4667
DOID_0060564	has_subclass	DOID_6682
DOID_0060564	has_subclass	DOID_7147
DOID_0060565	has_subclass	DOID_0060571
DOID_0060565	has_subclass	DOID_0060572
DOID_0060611	has_subclass	DOID_0060612
DOID_0060611	has_subclass	DOID_0080945
DOID_0060611	has_subclass	DOID_14221
DOID_0060648	has_subclass	DOID_0080606
DOID_0060648	has_subclass	DOID_0080608
DOID_0060648	has_subclass	DOID_0080609
DOID_0060648	has_subclass	DOID_0080610
DOID_0060648	has_subclass	DOID_0080611
DOID_0060655	has_subclass	DOID_0060656
DOID_0060655	has_subclass	DOID_0060710
DOID_0060655	has_subclass	DOID_0060711
DOID_0060655	has_subclass	DOID_0060712
DOID_0060655	has_subclass	DOID_0060713
DOID_0060655	has_subclass	DOID_0060714
DOID_0060655	has_subclass	DOID_0060715
DOID_0060655	has_subclass	DOID_0060716
DOID_0060655	has_subclass	DOID_0060717
DOID_0060655	has_subclass	DOID_0060718
DOID_0060655	has_subclass	DOID_0060719
DOID_0060655	has_subclass	DOID_0060720
DOID_0060655	has_subclass	DOID_0080257
DOID_0060655	has_subclass	DOID_0080258
DOID_0060668	has_subclass	DOID_4626
DOID_0060669	has_subclass	DOID_0060670
DOID_0060669	has_subclass	DOID_0060671
DOID_0060669	has_subclass	DOID_0080491
DOID_0060674	has_subclass	DOID_0060675
DOID_0060674	has_subclass	DOID_0060676
DOID_0060674	has_subclass	DOID_0060677
DOID_0060674	has_subclass	DOID_0060678
DOID_0060674	has_subclass	DOID_0060679
DOID_0060681	has_subclass	DOID_0060682
DOID_0060681	has_subclass	DOID_0060683
DOID_0060681	has_subclass	DOID_0060684
DOID_0060681	has_subclass	DOID_0060685
DOID_0060681	has_subclass	DOID_0060686
DOID_0060695	has_subclass	DOID_0060696
DOID_0060695	has_subclass	DOID_0060698
DOID_0060695	has_subclass	DOID_0080581
DOID_0060699	has_subclass	DOID_0060700
DOID_0060699	has_subclass	DOID_0060701
DOID_0060699	has_subclass	DOID_0060702
DOID_0060704	has_subclass	DOID_0060705
DOID_0060704	has_subclass	DOID_0060706
DOID_0060704	has_subclass	DOID_0081307
DOID_0060704	has_subclass	DOID_0111157
DOID_0060762	has_subclass	DOID_0070369
DOID_0060762	has_subclass	DOID_0070370
DOID_0060774	has_subclass	DOID_0060775
DOID_0060774	has_subclass	DOID_0060776
DOID_0060782	has_subclass	DOID_0060783
DOID_0060782	has_subclass	DOID_0060784
DOID_0060786	has_subclass	DOID_0060787
DOID_0060786	has_subclass	DOID_0060788
DOID_0060786	has_subclass	DOID_0060792
DOID_0060786	has_subclass	DOID_0060796
DOID_0060786	has_subclass	DOID_0070397
DOID_0060786	has_subclass	DOID_0070398
DOID_0060786	has_subclass	DOID_0070400
DOID_0060786	has_subclass	DOID_0070401
DOID_0060786	has_subclass	DOID_0070403
DOID_0060786	has_subclass	DOID_0070404
DOID_0060786	has_subclass	DOID_0070407
DOID_0060786	has_subclass	DOID_0080296
DOID_0060786	has_subclass	DOID_3210
DOID_0060831	has_subclass	DOID_0060832
DOID_0060831	has_subclass	DOID_0060833
DOID_0060831	has_subclass	DOID_0060834
DOID_0060863	has_subclass	DOID_0060864
DOID_0060863	has_subclass	DOID_0060865
DOID_0060863	has_subclass	DOID_0060866
DOID_0060868	has_subclass	DOID_0070367
DOID_0060868	has_subclass	DOID_0070371
DOID_0060868	has_subclass	DOID_0070372
DOID_0060868	has_subclass	DOID_0070373
DOID_0060868	has_subclass	DOID_0070374
DOID_0060870	has_subclass	DOID_0060872
DOID_0060870	has_subclass	DOID_0060873
DOID_0060870	has_subclass	DOID_0060874
DOID_0060870	has_subclass	DOID_0060875
DOID_0060879	has_subclass	DOID_0060880
DOID_0060879	has_subclass	DOID_0060881
DOID_0060879	has_subclass	DOID_0060882
DOID_0060879	has_subclass	DOID_0060883
DOID_0060879	has_subclass	DOID_0060884
DOID_0060879	has_subclass	DOID_0060885
DOID_0060879	has_subclass	DOID_0060972
DOID_0060892	has_subclass	DOID_0060367
DOID_0060892	has_subclass	DOID_0060897
DOID_0060894	has_subclass	DOID_0060368
DOID_0060894	has_subclass	DOID_0060369
DOID_0060894	has_subclass	DOID_0060370
DOID_0060894	has_subclass	DOID_0060893
DOID_0060894	has_subclass	DOID_0070486
DOID_0060903	has_subclass	DOID_11695
DOID_0060903	has_subclass	DOID_11847
DOID_0060904	has_subclass	DOID_4378
DOID_0060913	has_subclass	DOID_0050553
DOID_0060913	has_subclass	DOID_0060914
DOID_0060913	has_subclass	DOID_0060915
DOID_0060913	has_subclass	DOID_0060919
DOID_0060930	has_subclass	DOID_0060931
DOID_0060930	has_subclass	DOID_0060932
DOID_0060991	has_subclass	DOID_0060728
DOID_0061030	has_subclass	DOID_0111823
DOID_0061030	has_subclass	DOID_12134
DOID_0061030	has_subclass	DOID_12259
DOID_0061030	has_subclass	DOID_2229
DOID_0061100	has_subclass	DOID_0051037
DOID_0061100	has_subclass	DOID_0051038
DOID_0061100	has_subclass	DOID_0070295
DOID_0061159	has_subclass	DOID_0061160
DOID_0061159	has_subclass	DOID_0061163
DOID_0061159	has_subclass	DOID_0061164
DOID_0061170	has_subclass	DOID_0061169
DOID_0061170	has_subclass	DOID_0080163
DOID_0061247	has_subclass	DOID_0061248
DOID_0061247	has_subclass	DOID_0061249
DOID_0061247	has_subclass	DOID_0061250
DOID_0070003	has_subclass	DOID_0081244
DOID_0070003	has_subclass	DOID_4765
DOID_0070004	has_subclass	DOID_0080164
DOID_0070004	has_subclass	DOID_2226
DOID_0070004	has_subclass	DOID_9538
DOID_0070141	has_subclass	DOID_0070129
DOID_0070141	has_subclass	DOID_0070134
DOID_0070141	has_subclass	DOID_0070140
DOID_0070142	has_subclass	DOID_0070130
DOID_0070142	has_subclass	DOID_0070131
DOID_0070142	has_subclass	DOID_0070136
DOID_0070143	has_subclass	DOID_0070132
DOID_0070143	has_subclass	DOID_0070138
DOID_0070144	has_subclass	DOID_0070133
DOID_0070144	has_subclass	DOID_0070135
DOID_0070144	has_subclass	DOID_0070139
DOID_0070161	has_subclass	DOID_0070147
DOID_0070161	has_subclass	DOID_0070150
DOID_0070161	has_subclass	DOID_0070155
DOID_0070161	has_subclass	DOID_0070689
DOID_0070162	has_subclass	DOID_0070152
DOID_0070162	has_subclass	DOID_0070154
DOID_0070162	has_subclass	DOID_0070156
DOID_0070162	has_subclass	DOID_0070157
DOID_0070162	has_subclass	DOID_0070158
DOID_0070198	has_subclass	DOID_0070199
DOID_0070198	has_subclass	DOID_0070200
DOID_0070198	has_subclass	DOID_0070201
DOID_0070221	has_subclass	DOID_0070222
DOID_0070221	has_subclass	DOID_0070225
DOID_0070221	has_subclass	DOID_0070226
DOID_0070227	has_subclass	DOID_0070228
DOID_0070227	has_subclass	DOID_0070229
DOID_0070230	has_subclass	DOID_0070231
DOID_0070230	has_subclass	DOID_0070232
DOID_0070296	has_subclass	DOID_0051031
DOID_0070296	has_subclass	DOID_0051032
DOID_0070296	has_subclass	DOID_0051033
DOID_0070296	has_subclass	DOID_0051034
DOID_0070296	has_subclass	DOID_0051035
DOID_0070296	has_subclass	DOID_0051036
DOID_0070296	has_subclass	DOID_0051039
DOID_0070296	has_subclass	DOID_0051040
DOID_0070296	has_subclass	DOID_0051041
DOID_0070296	has_subclass	DOID_0051074
DOID_0070296	has_subclass	DOID_0070277
DOID_0070296	has_subclass	DOID_0070278
DOID_0070296	has_subclass	DOID_0070279
DOID_0070296	has_subclass	DOID_0070280
DOID_0070296	has_subclass	DOID_0070281
DOID_0070296	has_subclass	DOID_0070282
DOID_0070296	has_subclass	DOID_0070283
DOID_0070296	has_subclass	DOID_0070284
DOID_0070296	has_subclass	DOID_0070285
DOID_0070296	has_subclass	DOID_0070286
DOID_0070296	has_subclass	DOID_0070287
DOID_0070296	has_subclass	DOID_0070288
DOID_0070296	has_subclass	DOID_0070289
DOID_0070296	has_subclass	DOID_0070290
DOID_0070296	has_subclass	DOID_0070291
DOID_0070296	has_subclass	DOID_0070292
DOID_0070296	has_subclass	DOID_0070293
DOID_0070296	has_subclass	DOID_0070294
DOID_0070297	has_subclass	DOID_0061100
DOID_0070297	has_subclass	DOID_0070296
DOID_0070305	has_subclass	DOID_0070298
DOID_0070309	has_subclass	DOID_0050704
DOID_0070309	has_subclass	DOID_0050705
DOID_0070310	has_subclass	DOID_0111734
DOID_0070313	has_subclass	DOID_10915
DOID_0070329	has_subclass	DOID_0051029
DOID_0070329	has_subclass	DOID_0070331
DOID_0070329	has_subclass	DOID_0070446
DOID_0070329	has_subclass	DOID_0070447
DOID_0070329	has_subclass	DOID_0070450
DOID_0070329	has_subclass	DOID_0070451
DOID_0070329	has_subclass	DOID_0080119
DOID_0070329	has_subclass	DOID_0080121
DOID_0070329	has_subclass	DOID_0080123
DOID_0070329	has_subclass	DOID_0080127
DOID_0070329	has_subclass	DOID_0080128
DOID_0070329	has_subclass	DOID_0080130
DOID_0070329	has_subclass	DOID_0080131
DOID_0070329	has_subclass	DOID_0080335
DOID_0070329	has_subclass	DOID_0080336
DOID_0070329	has_subclass	DOID_0080337
DOID_0070330	has_subclass	DOID_0070332
DOID_0070330	has_subclass	DOID_0070733
DOID_0070330	has_subclass	DOID_0070736
DOID_0070330	has_subclass	DOID_0070737
DOID_0070330	has_subclass	DOID_0080133
DOID_0070330	has_subclass	DOID_0080134
DOID_0070330	has_subclass	DOID_0080274
DOID_0070334	has_subclass	DOID_0070335
DOID_0070334	has_subclass	DOID_0081005
DOID_0070334	has_subclass	DOID_0081006
DOID_0070348	has_subclass	DOID_0070349
DOID_0070348	has_subclass	DOID_0070350
DOID_0070348	has_subclass	DOID_0070351
DOID_0070431	has_subclass	DOID_0070432
DOID_0070431	has_subclass	DOID_0070433
DOID_0070431	has_subclass	DOID_0070434
DOID_0070431	has_subclass	DOID_0070435
DOID_0070431	has_subclass	DOID_0070436
DOID_0070431	has_subclass	DOID_0070437
DOID_0070438	has_subclass	DOID_0070439
DOID_0070438	has_subclass	DOID_0070440
DOID_0070438	has_subclass	DOID_0070441
DOID_0070438	has_subclass	DOID_0070517
DOID_0070476	has_subclass	DOID_0070477
DOID_0070476	has_subclass	DOID_0070478
DOID_0070476	has_subclass	DOID_0070479
DOID_0070487	has_subclass	DOID_0070488
DOID_0070560	has_subclass	DOID_0070561
DOID_0070560	has_subclass	DOID_0090044
DOID_0070560	has_subclass	DOID_0090045
DOID_0070617	has_subclass	DOID_0060997
DOID_0070617	has_subclass	DOID_0070618
DOID_0070620	has_subclass	DOID_0070621
DOID_0070620	has_subclass	DOID_0070622
DOID_0070648	has_subclass	DOID_0070649
DOID_0070648	has_subclass	DOID_1856
DOID_0070656	has_subclass	DOID_13515
DOID_0070658	has_subclass	DOID_12351
DOID_0070658	has_subclass	DOID_14018
DOID_0070678	has_subclass	DOID_0070679
DOID_0070681	has_subclass	DOID_0070682
DOID_0070681	has_subclass	DOID_0070685
DOID_0070681	has_subclass	DOID_0070686
DOID_0070768	has_subclass	DOID_0070769
DOID_0070768	has_subclass	DOID_0070770
DOID_0080000	has_subclass	DOID_0050710
DOID_0080000	has_subclass	DOID_0050824
DOID_0080000	has_subclass	DOID_0061184
DOID_0080000	has_subclass	DOID_10481
DOID_0080000	has_subclass	DOID_10882
DOID_0080000	has_subclass	DOID_4045
DOID_0080000	has_subclass	DOID_913
DOID_0080000	has_subclass	DOID_9790
DOID_0080001	has_subclass	DOID_0050788
DOID_0080001	has_subclass	DOID_0060564
DOID_0080001	has_subclass	DOID_0070708
DOID_0080001	has_subclass	DOID_0080005
DOID_0080001	has_subclass	DOID_0080006
DOID_0080001	has_subclass	DOID_0081122
DOID_0080001	has_subclass	DOID_1495
DOID_0080001	has_subclass	DOID_184
DOID_0080001	has_subclass	DOID_9146
DOID_0080001	has_subclass	DOID_9358
DOID_0080005	has_subclass	DOID_0060992
DOID_0080005	has_subclass	DOID_0061155
DOID_0080005	has_subclass	DOID_0080011
DOID_0080005	has_subclass	DOID_0080031
DOID_0080005	has_subclass	DOID_0111542
DOID_0080005	has_subclass	DOID_10573
DOID_0080005	has_subclass	DOID_10609
DOID_0080005	has_subclass	DOID_4254
DOID_0080006	has_subclass	DOID_0050592
DOID_0080006	has_subclass	DOID_0060930
DOID_0080006	has_subclass	DOID_0080883
DOID_0080006	has_subclass	DOID_0090020
DOID_0080006	has_subclass	DOID_0090116
DOID_0080006	has_subclass	DOID_0111673
DOID_0080006	has_subclass	DOID_0111732
DOID_0080006	has_subclass	DOID_0111782
DOID_0080006	has_subclass	DOID_11836
DOID_0080007	has_subclass	DOID_6725
DOID_0080007	has_subclass	DOID_90
DOID_0080008	has_subclass	DOID_0080018
DOID_0080008	has_subclass	DOID_10159
DOID_0080008	has_subclass	DOID_84
DOID_0080009	has_subclass	DOID_0050437
DOID_0080009	has_subclass	DOID_0060446
DOID_0080009	has_subclass	DOID_0060599
DOID_0080009	has_subclass	DOID_0060848
DOID_0080009	has_subclass	DOID_0060954
DOID_0080009	has_subclass	DOID_0070265
DOID_0080009	has_subclass	DOID_0070380
DOID_0080009	has_subclass	DOID_0070698
DOID_0080009	has_subclass	DOID_0080090
DOID_0080009	has_subclass	DOID_0080467
DOID_0080009	has_subclass	DOID_0080470
DOID_0080009	has_subclass	DOID_0080506
DOID_0080009	has_subclass	DOID_0080509
DOID_0080009	has_subclass	DOID_0080858
DOID_0080009	has_subclass	DOID_0110034
DOID_0080009	has_subclass	DOID_0110058
DOID_0080009	has_subclass	DOID_0110207
DOID_0080009	has_subclass	DOID_0110209
DOID_0080009	has_subclass	DOID_0110739
DOID_0080009	has_subclass	DOID_0111761
DOID_0080009	has_subclass	DOID_0111762
DOID_0080009	has_subclass	DOID_0111783
DOID_0080009	has_subclass	DOID_0111784
DOID_0080009	has_subclass	DOID_0111796
DOID_0080009	has_subclass	DOID_0111808
DOID_0080009	has_subclass	DOID_0111809
DOID_0080009	has_subclass	DOID_0111822
DOID_0080009	has_subclass	DOID_0111868
DOID_0080009	has_subclass	DOID_0111876
DOID_0080009	has_subclass	DOID_0111877
DOID_0080009	has_subclass	DOID_0112016
DOID_0080009	has_subclass	DOID_0112031
DOID_0080009	has_subclass	DOID_0112038
DOID_0080009	has_subclass	DOID_0112043
DOID_0080009	has_subclass	DOID_0112044
DOID_0080009	has_subclass	DOID_0112060
DOID_0080009	has_subclass	DOID_0112123
DOID_0080009	has_subclass	DOID_14261
DOID_0080009	has_subclass	DOID_14737
DOID_0080009	has_subclass	DOID_2120
DOID_0080009	has_subclass	DOID_3783
DOID_0080010	has_subclass	DOID_0060249
DOID_0080010	has_subclass	DOID_2247
DOID_0080010	has_subclass	DOID_6682
DOID_0080011	has_subclass	DOID_0070648
DOID_0080011	has_subclass	DOID_11476
DOID_0080011	has_subclass	DOID_3341
DOID_0080012	has_subclass	DOID_0050476
DOID_0080012	has_subclass	DOID_0050630
DOID_0080012	has_subclass	DOID_0050631
DOID_0080012	has_subclass	DOID_0050681
DOID_0080012	has_subclass	DOID_0050699
DOID_0080012	has_subclass	DOID_0051008
DOID_0080012	has_subclass	DOID_0051016
DOID_0080012	has_subclass	DOID_0051048
DOID_0080012	has_subclass	DOID_0060013
DOID_0080012	has_subclass	DOID_0060022
DOID_0080012	has_subclass	DOID_0060063
DOID_0080012	has_subclass	DOID_0060161
DOID_0080012	has_subclass	DOID_0060179
DOID_0080012	has_subclass	DOID_0060246
DOID_0080012	has_subclass	DOID_0060248
DOID_0080012	has_subclass	DOID_0060305
DOID_0080012	has_subclass	DOID_0060378
DOID_0080012	has_subclass	DOID_0060693
DOID_0080012	has_subclass	DOID_0060706
DOID_0080012	has_subclass	DOID_0060763
DOID_0080012	has_subclass	DOID_0060802
DOID_0080012	has_subclass	DOID_0060809
DOID_0080012	has_subclass	DOID_0060812
DOID_0080012	has_subclass	DOID_0060814
DOID_0080012	has_subclass	DOID_0060815
DOID_0080012	has_subclass	DOID_0060844
DOID_0080012	has_subclass	DOID_0060875
DOID_0080012	has_subclass	DOID_0061068
DOID_0080012	has_subclass	DOID_0061072
DOID_0080012	has_subclass	DOID_0061084
DOID_0080012	has_subclass	DOID_0070025
DOID_0080012	has_subclass	DOID_0070185
DOID_0080012	has_subclass	DOID_0070195
DOID_0080012	has_subclass	DOID_0070251
DOID_0080012	has_subclass	DOID_0070598
DOID_0080012	has_subclass	DOID_0080139
DOID_0080012	has_subclass	DOID_0080156
DOID_0080012	has_subclass	DOID_0080215
DOID_0080012	has_subclass	DOID_0080241
DOID_0080012	has_subclass	DOID_0080244
DOID_0080012	has_subclass	DOID_0080319
DOID_0080012	has_subclass	DOID_0080342
DOID_0080012	has_subclass	DOID_0080353
DOID_0080012	has_subclass	DOID_0080468
DOID_0080012	has_subclass	DOID_0080681
DOID_0080012	has_subclass	DOID_0080697
DOID_0080012	has_subclass	DOID_0080754
DOID_0080012	has_subclass	DOID_0080776
DOID_0080012	has_subclass	DOID_0080859
DOID_0080012	has_subclass	DOID_0081100
DOID_0080012	has_subclass	DOID_0090094
DOID_0080012	has_subclass	DOID_0090110
DOID_0080012	has_subclass	DOID_0110208
DOID_0080012	has_subclass	DOID_0110412
DOID_0080012	has_subclass	DOID_0110769
DOID_0080012	has_subclass	DOID_0110773
DOID_0080012	has_subclass	DOID_0110785
DOID_0080012	has_subclass	DOID_0110870
DOID_0080012	has_subclass	DOID_0110981
DOID_0080012	has_subclass	DOID_0111042
DOID_0080012	has_subclass	DOID_0111098
DOID_0080012	has_subclass	DOID_0111140
DOID_0080012	has_subclass	DOID_0111196
DOID_0080012	has_subclass	DOID_0111260
DOID_0080012	has_subclass	DOID_0111272
DOID_0080012	has_subclass	DOID_0111502
DOID_0080012	has_subclass	DOID_0111664
DOID_0080012	has_subclass	DOID_0111741
DOID_0080012	has_subclass	DOID_0111766
DOID_0080012	has_subclass	DOID_0111767
DOID_0080012	has_subclass	DOID_0111768
DOID_0080012	has_subclass	DOID_0111781
DOID_0080012	has_subclass	DOID_0111790
DOID_0080012	has_subclass	DOID_0111798
DOID_0080012	has_subclass	DOID_0111813
DOID_0080012	has_subclass	DOID_0111814
DOID_0080012	has_subclass	DOID_0111821
DOID_0080012	has_subclass	DOID_0111827
DOID_0080012	has_subclass	DOID_0111829
DOID_0080012	has_subclass	DOID_0111833
DOID_0080012	has_subclass	DOID_0111835
DOID_0080012	has_subclass	DOID_0111839
DOID_0080012	has_subclass	DOID_0111841
DOID_0080012	has_subclass	DOID_0111842
DOID_0080012	has_subclass	DOID_0111846
DOID_0080012	has_subclass	DOID_0111847
DOID_0080012	has_subclass	DOID_0111859
DOID_0080012	has_subclass	DOID_0111865
DOID_0080012	has_subclass	DOID_0111897
DOID_0080012	has_subclass	DOID_0111898
DOID_0080012	has_subclass	DOID_0111932
DOID_0080012	has_subclass	DOID_0111933
DOID_0080012	has_subclass	DOID_0112001
DOID_0080012	has_subclass	DOID_0112003
DOID_0080012	has_subclass	DOID_0112012
DOID_0080012	has_subclass	DOID_0112017
DOID_0080012	has_subclass	DOID_0112021
DOID_0080012	has_subclass	DOID_0112022
DOID_0080012	has_subclass	DOID_0112024
DOID_0080012	has_subclass	DOID_0112034
DOID_0080012	has_subclass	DOID_0112035
DOID_0080012	has_subclass	DOID_0112036
DOID_0080012	has_subclass	DOID_0112039
DOID_0080012	has_subclass	DOID_0112041
DOID_0080012	has_subclass	DOID_0112045
DOID_0080012	has_subclass	DOID_0112051
DOID_0080012	has_subclass	DOID_0112052
DOID_0080012	has_subclass	DOID_0112063
DOID_0080012	has_subclass	DOID_0112098
DOID_0080012	has_subclass	DOID_0112099
DOID_0080012	has_subclass	DOID_0112105
DOID_0080012	has_subclass	DOID_0112121
DOID_0080012	has_subclass	DOID_0112150
DOID_0080012	has_subclass	DOID_0112157
DOID_0080012	has_subclass	DOID_0112274
DOID_0080012	has_subclass	DOID_1056
DOID_0080012	has_subclass	DOID_10588
DOID_0080012	has_subclass	DOID_11723
DOID_0080012	has_subclass	DOID_12134
DOID_0080012	has_subclass	DOID_12259
DOID_0080012	has_subclass	DOID_14179
DOID_0080012	has_subclass	DOID_14711
DOID_0080012	has_subclass	DOID_14744
DOID_0080012	has_subclass	DOID_1700
DOID_0080012	has_subclass	DOID_1919
DOID_0080012	has_subclass	DOID_2751
DOID_0080012	has_subclass	DOID_3210
DOID_0080012	has_subclass	DOID_6620
DOID_0080012	has_subclass	DOID_6683
DOID_0080012	has_subclass	DOID_9169
DOID_0080014	has_subclass	DOID_0060388
DOID_0080014	has_subclass	DOID_0060429
DOID_0080014	has_subclass	DOID_11665
DOID_0080014	has_subclass	DOID_11983
DOID_0080015	has_subclass	DOID_0050328
DOID_0080015	has_subclass	DOID_0050534
DOID_0080015	has_subclass	DOID_0050557
DOID_0080015	has_subclass	DOID_0050585
DOID_0080015	has_subclass	DOID_0050674
DOID_0080015	has_subclass	DOID_0050811
DOID_0080015	has_subclass	DOID_0050813
DOID_0080015	has_subclass	DOID_0060259
DOID_0080015	has_subclass	DOID_0060261
DOID_0080015	has_subclass	DOID_0060296
DOID_0080015	has_subclass	DOID_0060327
DOID_0080015	has_subclass	DOID_0060341
DOID_0080015	has_subclass	DOID_0060638
DOID_0080015	has_subclass	DOID_0060731
DOID_0080015	has_subclass	DOID_0060769
DOID_0080015	has_subclass	DOID_0060774
DOID_0080015	has_subclass	DOID_0060777
DOID_0080015	has_subclass	DOID_0060781
DOID_0080015	has_subclass	DOID_0061175
DOID_0080015	has_subclass	DOID_0070719
DOID_0080015	has_subclass	DOID_0080074
DOID_0080015	has_subclass	DOID_0080101
DOID_0080015	has_subclass	DOID_0080143
DOID_0080015	has_subclass	DOID_0080180
DOID_0080015	has_subclass	DOID_0080313
DOID_0080015	has_subclass	DOID_0080633
DOID_0080015	has_subclass	DOID_0080700
DOID_0080015	has_subclass	DOID_0080720
DOID_0080015	has_subclass	DOID_0080833
DOID_0080015	has_subclass	DOID_0080835
DOID_0080015	has_subclass	DOID_0080895
DOID_0080015	has_subclass	DOID_0090101
DOID_0080015	has_subclass	DOID_0090118
DOID_0080015	has_subclass	DOID_0110711
DOID_0080015	has_subclass	DOID_0111153
DOID_0080015	has_subclass	DOID_0111244
DOID_0080015	has_subclass	DOID_0111245
DOID_0080015	has_subclass	DOID_0111359
DOID_0080015	has_subclass	DOID_0111591
DOID_0080015	has_subclass	DOID_0111633
DOID_0080015	has_subclass	DOID_0111646
DOID_0080015	has_subclass	DOID_0111716
DOID_0080015	has_subclass	DOID_0111733
DOID_0080015	has_subclass	DOID_0111808
DOID_0080015	has_subclass	DOID_0111862
DOID_0080015	has_subclass	DOID_0111876
DOID_0080015	has_subclass	DOID_0112014
DOID_0080015	has_subclass	DOID_10348
DOID_0080015	has_subclass	DOID_10426
DOID_0080015	has_subclass	DOID_10892
DOID_0080015	has_subclass	DOID_11044
DOID_0080015	has_subclass	DOID_11367
DOID_0080015	has_subclass	DOID_1148
DOID_0080015	has_subclass	DOID_12961
DOID_0080015	has_subclass	DOID_14177
DOID_0080015	has_subclass	DOID_14681
DOID_0080015	has_subclass	DOID_14791
DOID_0080015	has_subclass	DOID_2106
DOID_0080015	has_subclass	DOID_2236
DOID_0080015	has_subclass	DOID_2490
DOID_0080015	has_subclass	DOID_3827
DOID_0080015	has_subclass	DOID_4773
DOID_0080015	has_subclass	DOID_5212
DOID_0080015	has_subclass	DOID_589
DOID_0080015	has_subclass	DOID_7280
DOID_0080015	has_subclass	DOID_8303
DOID_0080015	has_subclass	DOID_8418
DOID_0080015	has_subclass	DOID_9487
DOID_0080015	has_subclass	DOID_9621
DOID_0080015	has_subclass	DOID_9827
DOID_0080015	has_subclass	DOID_990
DOID_0080016	has_subclass	DOID_0060326
DOID_0080016	has_subclass	DOID_0080073
DOID_0080016	has_subclass	DOID_1088
DOID_0080019	has_subclass	DOID_0080020
DOID_0080019	has_subclass	DOID_0080021
DOID_0080027	has_subclass	DOID_0050812
DOID_0080027	has_subclass	DOID_0051046
DOID_0080027	has_subclass	DOID_0060490
DOID_0080027	has_subclass	DOID_0111167
DOID_0080027	has_subclass	DOID_0112150
DOID_0080027	has_subclass	DOID_0112196
DOID_0080027	has_subclass	DOID_5684
DOID_0080032	has_subclass	DOID_0080807
DOID_0080032	has_subclass	DOID_0112340
DOID_0080033	has_subclass	DOID_0080801
DOID_0080036	has_subclass	DOID_0060756
DOID_0080043	has_subclass	DOID_0080054
DOID_0080046	has_subclass	DOID_0080675
DOID_0080049	has_subclass	DOID_0050790
DOID_0080049	has_subclass	DOID_0080050
DOID_0080049	has_subclass	DOID_0080051
DOID_0080049	has_subclass	DOID_0080052
DOID_0080049	has_subclass	DOID_0081238
DOID_0080072	has_subclass	DOID_0080679
DOID_0080072	has_subclass	DOID_0080680
DOID_0080072	has_subclass	DOID_0080682
DOID_0080074	has_subclass	DOID_0060285
DOID_0080099	has_subclass	DOID_0111184
DOID_0080099	has_subclass	DOID_0111185
DOID_0080099	has_subclass	DOID_0111186
DOID_0080102	has_subclass	DOID_0111226
DOID_0080109	has_subclass	DOID_0070666
DOID_0080110	has_subclass	DOID_0081321
DOID_0080143	has_subclass	DOID_0081015
DOID_0080143	has_subclass	DOID_0081017
DOID_0080143	has_subclass	DOID_0081019
DOID_0080144	has_subclass	DOID_0080145
DOID_0080147	has_subclass	DOID_0080148
DOID_0080164	has_subclass	DOID_0080165
DOID_0080164	has_subclass	DOID_0080166
DOID_0080164	has_subclass	DOID_0080167
DOID_0080172	has_subclass	DOID_0060996
DOID_0080172	has_subclass	DOID_0061004
DOID_0080173	has_subclass	DOID_0080174
DOID_0080173	has_subclass	DOID_0080175
DOID_0080189	has_subclass	DOID_0080190
DOID_0080194	has_subclass	DOID_0061115
DOID_0080194	has_subclass	DOID_0061116
DOID_0080199	has_subclass	DOID_0050861
DOID_0080204	has_subclass	DOID_0111142
DOID_0080205	has_subclass	DOID_0051078
DOID_0080205	has_subclass	DOID_0080206
DOID_0080205	has_subclass	DOID_0080207
DOID_0080208	has_subclass	DOID_0080547
DOID_0080217	has_subclass	DOID_14497
DOID_0080217	has_subclass	DOID_14502
DOID_0080223	has_subclass	DOID_0070551
DOID_0080224	has_subclass	DOID_0111347
DOID_0080298	has_subclass	DOID_0050585
DOID_0080298	has_subclass	DOID_0080300
DOID_0080299	has_subclass	DOID_0050440
DOID_0080307	has_subclass	DOID_0051044
DOID_0080307	has_subclass	DOID_0080092
DOID_0080307	has_subclass	DOID_0080095
DOID_0080307	has_subclass	DOID_0080098
DOID_0080307	has_subclass	DOID_0080308
DOID_0080307	has_subclass	DOID_0081338
DOID_0080307	has_subclass	DOID_0111188
DOID_0080315	has_subclass	DOID_0080316
DOID_0080315	has_subclass	DOID_0080317
DOID_0080315	has_subclass	DOID_0080318
DOID_0080320	has_subclass	DOID_0080321
DOID_0080320	has_subclass	DOID_482
DOID_0080321	has_subclass	DOID_4817
DOID_0080322	has_subclass	DOID_0110861
DOID_0080326	has_subclass	DOID_0061102
DOID_0080326	has_subclass	DOID_0110307
DOID_0080326	has_subclass	DOID_0110308
DOID_0080326	has_subclass	DOID_0110309
DOID_0080326	has_subclass	DOID_0110310
DOID_0080326	has_subclass	DOID_0110311
DOID_0080326	has_subclass	DOID_0110312
DOID_0080326	has_subclass	DOID_0110313
DOID_0080326	has_subclass	DOID_0110314
DOID_0080326	has_subclass	DOID_0110315
DOID_0080326	has_subclass	DOID_0110316
DOID_0080326	has_subclass	DOID_0110317
DOID_0080326	has_subclass	DOID_0110318
DOID_0080326	has_subclass	DOID_0110319
DOID_0080326	has_subclass	DOID_0110320
DOID_0080326	has_subclass	DOID_0110321
DOID_0080326	has_subclass	DOID_0110322
DOID_0080326	has_subclass	DOID_0110323
DOID_0080326	has_subclass	DOID_0110324
DOID_0080326	has_subclass	DOID_0110326
DOID_0080326	has_subclass	DOID_0110327
DOID_0080326	has_subclass	DOID_0110328
DOID_0080332	has_subclass	DOID_0080333
DOID_0080344	has_subclass	DOID_0080345
DOID_0080344	has_subclass	DOID_0080346
DOID_0080347	has_subclass	DOID_0050892
DOID_0080347	has_subclass	DOID_0050936
DOID_0080352	has_subclass	DOID_0112106
DOID_0080355	has_subclass	DOID_3571
DOID_0080364	has_subclass	DOID_60004
DOID_0080368	has_subclass	DOID_0080370
DOID_0080368	has_subclass	DOID_0080371
DOID_0080373	has_subclass	DOID_10366
DOID_0080373	has_subclass	DOID_1251
DOID_0080373	has_subclass	DOID_9402
DOID_0080374	has_subclass	DOID_0080375
DOID_0080375	has_subclass	DOID_4944
DOID_0080377	has_subclass	DOID_0080622
DOID_0080377	has_subclass	DOID_0081433
DOID_0080377	has_subclass	DOID_0081437
DOID_0080377	has_subclass	DOID_0081438
DOID_0080377	has_subclass	DOID_0081439
DOID_0080377	has_subclass	DOID_905
DOID_0080488	has_subclass	DOID_0080070
DOID_0080488	has_subclass	DOID_0080071
DOID_0080488	has_subclass	DOID_0080490
DOID_0080488	has_subclass	DOID_0080678
DOID_0080488	has_subclass	DOID_3343
DOID_0080503	has_subclass	DOID_0080138
DOID_0080503	has_subclass	DOID_0080139
DOID_0080524	has_subclass	DOID_0080525
DOID_0080525	has_subclass	DOID_3962
DOID_0080535	has_subclass	DOID_0080536
DOID_0080535	has_subclass	DOID_0080537
DOID_0080541	has_subclass	DOID_0080542
DOID_0080544	has_subclass	DOID_0060023
DOID_0080544	has_subclass	DOID_0060758
DOID_0080544	has_subclass	DOID_0060759
DOID_0080544	has_subclass	DOID_0060760
DOID_0080544	has_subclass	DOID_6620
DOID_0080545	has_subclass	DOID_0080594
DOID_0080545	has_subclass	DOID_0080596
DOID_0080551	has_subclass	DOID_0090128
DOID_0080577	has_subclass	DOID_0080578
DOID_0080578	has_subclass	DOID_0050553
DOID_0080578	has_subclass	DOID_0050947
DOID_0080578	has_subclass	DOID_0050967
DOID_0080578	has_subclass	DOID_0060912
DOID_0080578	has_subclass	DOID_0060918
DOID_0080578	has_subclass	DOID_0080952
DOID_0080578	has_subclass	DOID_0090100
DOID_0080578	has_subclass	DOID_0110090
DOID_0080578	has_subclass	DOID_0110646
DOID_0080578	has_subclass	DOID_0110650
DOID_0080578	has_subclass	DOID_0110831
DOID_0080578	has_subclass	DOID_0110839
DOID_0080578	has_subclass	DOID_0110950
DOID_0080578	has_subclass	DOID_0110984
DOID_0080578	has_subclass	DOID_0111193
DOID_0080578	has_subclass	DOID_0111752
DOID_0080578	has_subclass	DOID_0112265
DOID_0080578	has_subclass	DOID_13269
DOID_0080578	has_subclass	DOID_14557
DOID_0080578	has_subclass	DOID_9250
DOID_0080597	has_subclass	DOID_0060352
DOID_0080599	has_subclass	DOID_0080600
DOID_0080599	has_subclass	DOID_0080642
DOID_0080599	has_subclass	DOID_0080711
DOID_0080599	has_subclass	DOID_0080848
DOID_0080599	has_subclass	DOID_2945
DOID_0080600	has_subclass	DOID_0081012
DOID_0080600	has_subclass	DOID_0081013
DOID_0080600	has_subclass	DOID_0081014
DOID_0080601	has_subclass	DOID_0080602
DOID_0080602	has_subclass	DOID_2660
DOID_0080602	has_subclass	DOID_5565
DOID_0080615	has_subclass	DOID_2673
DOID_0080616	has_subclass	DOID_0080615
DOID_0080616	has_subclass	DOID_2973
DOID_0080616	has_subclass	DOID_7571
DOID_0080617	has_subclass	DOID_8304
DOID_0080618	has_subclass	DOID_0060219
DOID_0080619	has_subclass	DOID_10203
DOID_0080619	has_subclass	DOID_6752
DOID_0080620	has_subclass	DOID_0061242
DOID_0080627	has_subclass	DOID_0080628
DOID_0080627	has_subclass	DOID_0080950
DOID_0080627	has_subclass	DOID_0080951
DOID_0080630	has_subclass	DOID_0070623
DOID_0080630	has_subclass	DOID_0070624
DOID_0080630	has_subclass	DOID_0070625
DOID_0080630	has_subclass	DOID_0070626
DOID_0080630	has_subclass	DOID_0070627
DOID_0080630	has_subclass	DOID_0070628
DOID_0080630	has_subclass	DOID_0080643
DOID_0080630	has_subclass	DOID_0080644
DOID_0080630	has_subclass	DOID_0080645
DOID_0080630	has_subclass	DOID_0080646
DOID_0080630	has_subclass	DOID_0080647
DOID_0080630	has_subclass	DOID_0080648
DOID_0080630	has_subclass	DOID_0080649
DOID_0080630	has_subclass	DOID_0080650
DOID_0080630	has_subclass	DOID_0080651
DOID_0080630	has_subclass	DOID_0081411
DOID_0080630	has_subclass	DOID_0081412
DOID_0080636	has_subclass	DOID_0060842
DOID_0080636	has_subclass	DOID_0111799
DOID_0080636	has_subclass	DOID_0111800
DOID_0080636	has_subclass	DOID_0111802
DOID_0080636	has_subclass	DOID_0111803
DOID_0080636	has_subclass	DOID_0111804
DOID_0080636	has_subclass	DOID_0111805
DOID_0080636	has_subclass	DOID_0111806
DOID_0080636	has_subclass	DOID_0111807
DOID_0080636	has_subclass	DOID_0111812
DOID_0080637	has_subclass	DOID_0060835
DOID_0080637	has_subclass	DOID_0060836
DOID_0080638	has_subclass	DOID_0080630
DOID_0080639	has_subclass	DOID_3347
DOID_0080639	has_subclass	DOID_3351
DOID_0080639	has_subclass	DOID_3354
DOID_0080639	has_subclass	DOID_3371
DOID_0080640	has_subclass	DOID_0050893
DOID_0080640	has_subclass	DOID_10201
DOID_0080640	has_subclass	DOID_3120
DOID_0080640	has_subclass	DOID_5140
DOID_0080653	has_subclass	DOID_0080654
DOID_0080655	has_subclass	DOID_0080077
DOID_0080683	has_subclass	DOID_0080079
DOID_0080683	has_subclass	DOID_0080080
DOID_0080683	has_subclass	DOID_0080082
DOID_0080683	has_subclass	DOID_0080083
DOID_0080683	has_subclass	DOID_0080084
DOID_0080683	has_subclass	DOID_0080085
DOID_0080683	has_subclass	DOID_0080086
DOID_0080688	has_subclass	DOID_0060981
DOID_0080688	has_subclass	DOID_0060982
DOID_0080690	has_subclass	DOID_0050469
DOID_0080690	has_subclass	DOID_0060233
DOID_0080690	has_subclass	DOID_0070484
DOID_0080690	has_subclass	DOID_0080691
DOID_0080690	has_subclass	DOID_0111683
DOID_0080690	has_subclass	DOID_3204
DOID_0080691	has_subclass	DOID_0080692
DOID_0080691	has_subclass	DOID_0080693
DOID_0080694	has_subclass	DOID_0060364
DOID_0080694	has_subclass	DOID_0061289
DOID_0080694	has_subclass	DOID_0061290
DOID_0080694	has_subclass	DOID_0061291
DOID_0080694	has_subclass	DOID_0061292
DOID_0080694	has_subclass	DOID_0080244
DOID_0080694	has_subclass	DOID_0080245
DOID_0080694	has_subclass	DOID_0080246
DOID_0080694	has_subclass	DOID_0080247
DOID_0080699	has_subclass	DOID_0081034
DOID_0080703	has_subclass	DOID_0080704
DOID_0080703	has_subclass	DOID_0080705
DOID_0080706	has_subclass	DOID_0080707
DOID_0080706	has_subclass	DOID_0080708
DOID_0080709	has_subclass	DOID_0111967
DOID_0080710	has_subclass	DOID_0061067
DOID_0080710	has_subclass	DOID_0061083
DOID_0080710	has_subclass	DOID_0111970
DOID_0080710	has_subclass	DOID_0111990
DOID_0080710	has_subclass	DOID_0111997
DOID_0080710	has_subclass	DOID_0112006
DOID_0080712	has_subclass	DOID_0080714
DOID_0080716	has_subclass	DOID_0080717
DOID_0080724	has_subclass	DOID_0080722
DOID_0080724	has_subclass	DOID_0080723
DOID_0080747	has_subclass	DOID_0080748
DOID_0080747	has_subclass	DOID_0080749
DOID_0080751	has_subclass	DOID_0080752
DOID_0080751	has_subclass	DOID_0080756
DOID_0080753	has_subclass	DOID_0080754
DOID_0080753	has_subclass	DOID_0080755
DOID_0080763	has_subclass	DOID_0080764
DOID_0080768	has_subclass	DOID_0070519
DOID_0080768	has_subclass	DOID_0080769
DOID_0080780	has_subclass	DOID_0080916
DOID_0080809	has_subclass	DOID_0080811
DOID_0080809	has_subclass	DOID_0080812
DOID_0080809	has_subclass	DOID_0080813
DOID_0080809	has_subclass	DOID_0080814
DOID_0080809	has_subclass	DOID_0080815
DOID_0080809	has_subclass	DOID_0080816
DOID_0080809	has_subclass	DOID_0080817
DOID_0080809	has_subclass	DOID_0080818
DOID_0080809	has_subclass	DOID_0080824
DOID_0080809	has_subclass	DOID_0080826
DOID_0080809	has_subclass	DOID_12323
DOID_0080809	has_subclass	DOID_9360
DOID_0080810	has_subclass	DOID_0080823
DOID_0080810	has_subclass	DOID_9362
DOID_0080811	has_subclass	DOID_9415
DOID_0080819	has_subclass	DOID_0080820
DOID_0080829	has_subclass	DOID_0080830
DOID_0080829	has_subclass	DOID_0081260
DOID_0080829	has_subclass	DOID_0081261
DOID_0080829	has_subclass	DOID_4844
DOID_0080829	has_subclass	DOID_4852
DOID_0080830	has_subclass	DOID_4851
DOID_0080841	has_subclass	DOID_11656
DOID_0080841	has_subclass	DOID_14482
DOID_0080841	has_subclass	DOID_8506
DOID_0080854	has_subclass	DOID_0080881
DOID_0080855	has_subclass	DOID_0080856
DOID_0080875	has_subclass	DOID_0080877
DOID_0080875	has_subclass	DOID_0081256
DOID_0080875	has_subclass	DOID_0081257
DOID_0080879	has_subclass	DOID_0080684
DOID_0080879	has_subclass	DOID_0080880
DOID_0080882	has_subclass	DOID_0081281
DOID_0080882	has_subclass	DOID_0081282
DOID_0080883	has_subclass	DOID_0080884
DOID_0080883	has_subclass	DOID_0080885
DOID_0080889	has_subclass	DOID_0081254
DOID_0080889	has_subclass	DOID_0081255
DOID_0080890	has_subclass	DOID_0080891
DOID_0080890	has_subclass	DOID_0080892
DOID_0080890	has_subclass	DOID_0081252
DOID_0080890	has_subclass	DOID_0081253
DOID_0080903	has_subclass	DOID_7631
DOID_0080905	has_subclass	DOID_0080906
DOID_0080910	has_subclass	DOID_0080911
DOID_0080910	has_subclass	DOID_0080912
DOID_0080910	has_subclass	DOID_0080913
DOID_0080910	has_subclass	DOID_0080914
DOID_0080918	has_subclass	DOID_0080919
DOID_0080918	has_subclass	DOID_0080920
DOID_0080918	has_subclass	DOID_0080921
DOID_0080918	has_subclass	DOID_0080923
DOID_0080942	has_subclass	DOID_0050640
DOID_0080942	has_subclass	DOID_0080963
DOID_0080954	has_subclass	DOID_0070336
DOID_0080954	has_subclass	DOID_0080978
DOID_0080954	has_subclass	DOID_0080979
DOID_0080954	has_subclass	DOID_0080980
DOID_0080954	has_subclass	DOID_0080981
DOID_0080954	has_subclass	DOID_0090124
DOID_0081028	has_subclass	DOID_5310
DOID_0081044	has_subclass	DOID_0081045
DOID_0081044	has_subclass	DOID_0081047
DOID_0081055	has_subclass	DOID_0081059
DOID_0081055	has_subclass	DOID_12388
DOID_0081065	has_subclass	DOID_0081070
DOID_0081065	has_subclass	DOID_0081071
DOID_0081072	has_subclass	DOID_0081124
DOID_0081072	has_subclass	DOID_0081125
DOID_0081073	has_subclass	DOID_0080698
DOID_0081073	has_subclass	DOID_0081074
DOID_0081077	has_subclass	DOID_0081078
DOID_0081077	has_subclass	DOID_0081079
DOID_0081104	has_subclass	DOID_0081106
DOID_0081104	has_subclass	DOID_0081107
DOID_0081105	has_subclass	DOID_0081108
DOID_0081105	has_subclass	DOID_0081109
DOID_0081105	has_subclass	DOID_0081110
DOID_0081127	has_subclass	DOID_0081128
DOID_0081132	has_subclass	DOID_0081130
DOID_0081132	has_subclass	DOID_0081131
DOID_0081132	has_subclass	DOID_0090106
DOID_0081132	has_subclass	DOID_0112225
DOID_0081249	has_subclass	DOID_0081250
DOID_0081286	has_subclass	DOID_0080903
DOID_0081289	has_subclass	DOID_0050462
DOID_0081289	has_subclass	DOID_0081290
DOID_0081296	has_subclass	DOID_0081297
DOID_0081296	has_subclass	DOID_0081299
DOID_0081307	has_subclass	DOID_0081308
DOID_0081307	has_subclass	DOID_0081309
DOID_0081307	has_subclass	DOID_0081310
DOID_0081312	has_subclass	DOID_0050743
DOID_0081312	has_subclass	DOID_9953
DOID_0081329	has_subclass	DOID_0081330
DOID_0081332	has_subclass	DOID_0051067
DOID_0081332	has_subclass	DOID_0061154
DOID_0081332	has_subclass	DOID_0081333
DOID_0081332	has_subclass	DOID_0081334
DOID_0081332	has_subclass	DOID_3911
DOID_0081337	has_subclass	DOID_0060346
DOID_0081337	has_subclass	DOID_0061257
DOID_0081337	has_subclass	DOID_0061258
DOID_0081337	has_subclass	DOID_0061259
DOID_0081337	has_subclass	DOID_0080101
DOID_0081337	has_subclass	DOID_0080102
DOID_0081337	has_subclass	DOID_0080103
DOID_0081337	has_subclass	DOID_0080719
DOID_0081337	has_subclass	DOID_0080991
DOID_0081337	has_subclass	DOID_0081339
DOID_0081337	has_subclass	DOID_0081340
DOID_0081337	has_subclass	DOID_0081341
DOID_0081337	has_subclass	DOID_0081342
DOID_0081337	has_subclass	DOID_0081343
DOID_0081337	has_subclass	DOID_0081344
DOID_0081337	has_subclass	DOID_0081345
DOID_0081337	has_subclass	DOID_0081347
DOID_0081337	has_subclass	DOID_0081350
DOID_0081337	has_subclass	DOID_0081352
DOID_0081337	has_subclass	DOID_0081354
DOID_0081337	has_subclass	DOID_0081355
DOID_0081337	has_subclass	DOID_3191
DOID_0081337	has_subclass	DOID_3529
DOID_0081359	has_subclass	DOID_0061208
DOID_0081370	has_subclass	DOID_0050331
DOID_0081370	has_subclass	DOID_0081371
DOID_0081377	has_subclass	DOID_0070491
DOID_0081377	has_subclass	DOID_0070492
DOID_0081377	has_subclass	DOID_0070493
DOID_0081377	has_subclass	DOID_0070497
DOID_0081377	has_subclass	DOID_0070498
DOID_0081377	has_subclass	DOID_0070500
DOID_0081377	has_subclass	DOID_0070502
DOID_0081377	has_subclass	DOID_0070504
DOID_0081377	has_subclass	DOID_0070505
DOID_0081377	has_subclass	DOID_0070506
DOID_0081388	has_subclass	DOID_0081389
DOID_0081388	has_subclass	DOID_0081390
DOID_0081388	has_subclass	DOID_0081391
DOID_0081402	has_subclass	DOID_0081403
DOID_0081402	has_subclass	DOID_0081404
DOID_0081402	has_subclass	DOID_0081405
DOID_0081406	has_subclass	DOID_0081407
DOID_0081406	has_subclass	DOID_0081408
DOID_0081406	has_subclass	DOID_0081409
DOID_0081406	has_subclass	DOID_0081410
DOID_0081413	has_subclass	DOID_0081414
DOID_0081413	has_subclass	DOID_0081415
DOID_0081413	has_subclass	DOID_0081416
DOID_0081420	has_subclass	DOID_0081421
DOID_0081420	has_subclass	DOID_0081422
DOID_0081420	has_subclass	DOID_0081423
DOID_0081420	has_subclass	DOID_0081424
DOID_0081445	has_subclass	DOID_10923
DOID_0081452	has_subclass	DOID_0050745
DOID_0081452	has_subclass	DOID_0080210
DOID_0081452	has_subclass	DOID_0080779
DOID_0081452	has_subclass	DOID_0081004
DOID_0081452	has_subclass	DOID_0081311
DOID_0090001	has_subclass	DOID_0111405
DOID_0090001	has_subclass	DOID_0111406
DOID_0090001	has_subclass	DOID_0111407
DOID_0090007	has_subclass	DOID_0090008
DOID_0090007	has_subclass	DOID_0090009
DOID_0090007	has_subclass	DOID_0090010
DOID_0090007	has_subclass	DOID_0090011
DOID_0090019	has_subclass	DOID_0060983
DOID_0090019	has_subclass	DOID_0070634
DOID_0090020	has_subclass	DOID_0090021
DOID_0090020	has_subclass	DOID_0090022
DOID_0090020	has_subclass	DOID_0090024
DOID_0090020	has_subclass	DOID_0090025
DOID_0090020	has_subclass	DOID_0090027
DOID_0090033	has_subclass	DOID_0090034
DOID_0090059	has_subclass	DOID_0061231
DOID_0090059	has_subclass	DOID_0061232
DOID_0090061	has_subclass	DOID_0090062
DOID_0090061	has_subclass	DOID_0090065
DOID_0090070	has_subclass	DOID_0090071
DOID_0090070	has_subclass	DOID_0090075
DOID_0090070	has_subclass	DOID_0090077
DOID_0090070	has_subclass	DOID_0090078
DOID_0090070	has_subclass	DOID_0090080
DOID_0090070	has_subclass	DOID_0090081
DOID_0090070	has_subclass	DOID_0090082
DOID_0090070	has_subclass	DOID_0090083
DOID_0090070	has_subclass	DOID_0090086
DOID_0090070	has_subclass	DOID_0090087
DOID_0090070	has_subclass	DOID_0090088
DOID_0090070	has_subclass	DOID_0090091
DOID_0090070	has_subclass	DOID_0090093
DOID_0090070	has_subclass	DOID_3614
DOID_0090109	has_subclass	DOID_0090107
DOID_0090109	has_subclass	DOID_0090108
DOID_0090118	has_subclass	DOID_0061002
DOID_0090118	has_subclass	DOID_0061005
DOID_0090131	has_subclass	DOID_0061138
DOID_0090131	has_subclass	DOID_0061144
DOID_0090131	has_subclass	DOID_0080922
DOID_0090131	has_subclass	DOID_0090132
DOID_0090131	has_subclass	DOID_0090136
DOID_0090131	has_subclass	DOID_0090137
DOID_0090131	has_subclass	DOID_0090138
DOID_0090139	has_subclass	DOID_0090140
DOID_0090139	has_subclass	DOID_0090141
DOID_0110003	has_subclass	DOID_0081133
DOID_0110003	has_subclass	DOID_0081134
DOID_0110273	has_subclass	DOID_0110303
DOID_0110273	has_subclass	DOID_0110304
DOID_0110273	has_subclass	DOID_0110305
DOID_0110273	has_subclass	DOID_0110306
DOID_0110274	has_subclass	DOID_0061130
DOID_0110274	has_subclass	DOID_0061131
DOID_0110274	has_subclass	DOID_0061132
DOID_0110274	has_subclass	DOID_0061133
DOID_0110274	has_subclass	DOID_0061134
DOID_0110274	has_subclass	DOID_0080762
DOID_0110274	has_subclass	DOID_0110275
DOID_0110274	has_subclass	DOID_0110276
DOID_0110274	has_subclass	DOID_0110277
DOID_0110274	has_subclass	DOID_0110278
DOID_0110274	has_subclass	DOID_0110279
DOID_0110274	has_subclass	DOID_0110280
DOID_0110274	has_subclass	DOID_0110281
DOID_0110274	has_subclass	DOID_0110282
DOID_0110274	has_subclass	DOID_0110283
DOID_0110274	has_subclass	DOID_0110284
DOID_0110274	has_subclass	DOID_0110285
DOID_0110274	has_subclass	DOID_0110287
DOID_0110274	has_subclass	DOID_0110288
DOID_0110274	has_subclass	DOID_0110289
DOID_0110274	has_subclass	DOID_0110290
DOID_0110274	has_subclass	DOID_0110292
DOID_0110274	has_subclass	DOID_0110293
DOID_0110274	has_subclass	DOID_0110294
DOID_0110274	has_subclass	DOID_0110295
DOID_0110274	has_subclass	DOID_0110296
DOID_0110274	has_subclass	DOID_0110297
DOID_0110274	has_subclass	DOID_0110298
DOID_0110274	has_subclass	DOID_0110299
DOID_0110734	has_subclass	DOID_0110735
DOID_0110734	has_subclass	DOID_0110739
DOID_0110771	has_subclass	DOID_0070640
DOID_0110771	has_subclass	DOID_0070641
DOID_0110781	has_subclass	DOID_0070646
DOID_0110781	has_subclass	DOID_0070647
DOID_0110826	has_subclass	DOID_0070655
DOID_0110826	has_subclass	DOID_0110830
DOID_0110826	has_subclass	DOID_0110831
DOID_0110826	has_subclass	DOID_0110832
DOID_0110826	has_subclass	DOID_0110833
DOID_0110826	has_subclass	DOID_0110834
DOID_0110826	has_subclass	DOID_0110835
DOID_0110826	has_subclass	DOID_0110837
DOID_0110827	has_subclass	DOID_0110838
DOID_0110827	has_subclass	DOID_0110839
DOID_0110827	has_subclass	DOID_0110840
DOID_0110828	has_subclass	DOID_0110841
DOID_0110828	has_subclass	DOID_0110842
DOID_0110861	has_subclass	DOID_0080212
DOID_0110861	has_subclass	DOID_0080273
DOID_0110959	has_subclass	DOID_0112250
DOID_0110964	has_subclass	DOID_0110974
DOID_0110964	has_subclass	DOID_0110977
DOID_0110964	has_subclass	DOID_0110978
DOID_0111034	has_subclass	DOID_0111027
DOID_0111034	has_subclass	DOID_0111032
DOID_0111073	has_subclass	DOID_0111074
DOID_0111139	has_subclass	DOID_0060351
DOID_0111139	has_subclass	DOID_0080111
DOID_0111139	has_subclass	DOID_0080112
DOID_0111139	has_subclass	DOID_0080113
DOID_0111139	has_subclass	DOID_0080114
DOID_0111139	has_subclass	DOID_0080115
DOID_0111139	has_subclass	DOID_0080116
DOID_0111139	has_subclass	DOID_0080117
DOID_0111139	has_subclass	DOID_0080118
DOID_0111143	has_subclass	DOID_0050768
DOID_0111143	has_subclass	DOID_0060331
DOID_0111143	has_subclass	DOID_0060332
DOID_0111143	has_subclass	DOID_0070463
DOID_0111143	has_subclass	DOID_0111748
DOID_0111143	has_subclass	DOID_0111749
DOID_0111148	has_subclass	DOID_0111149
DOID_0111148	has_subclass	DOID_0111150
DOID_0111153	has_subclass	DOID_0070636
DOID_0111153	has_subclass	DOID_0070639
DOID_0111157	has_subclass	DOID_0111152
DOID_0111165	has_subclass	DOID_0111163
DOID_0111165	has_subclass	DOID_0111164
DOID_0111165	has_subclass	DOID_0111166
DOID_0111167	has_subclass	DOID_0060247
DOID_0111197	has_subclass	DOID_0081425
DOID_0111197	has_subclass	DOID_0081426
DOID_0111197	has_subclass	DOID_0081427
DOID_0111197	has_subclass	DOID_0081428
DOID_0111197	has_subclass	DOID_0081429
DOID_0111197	has_subclass	DOID_0111064
DOID_0111197	has_subclass	DOID_0111065
DOID_0111197	has_subclass	DOID_0111211
DOID_0111197	has_subclass	DOID_0111213
DOID_0111197	has_subclass	DOID_0111214
DOID_0111198	has_subclass	DOID_0051042
DOID_0111198	has_subclass	DOID_0081399
DOID_0111198	has_subclass	DOID_0081400
DOID_0111198	has_subclass	DOID_0081401
DOID_0111198	has_subclass	DOID_0111199
DOID_0111198	has_subclass	DOID_0111200
DOID_0111198	has_subclass	DOID_0111202
DOID_0111198	has_subclass	DOID_0111203
DOID_0111198	has_subclass	DOID_0111205
DOID_0111198	has_subclass	DOID_0111206
DOID_0111198	has_subclass	DOID_0111207
DOID_0111198	has_subclass	DOID_0111209
DOID_0111198	has_subclass	DOID_0111210
DOID_0111198	has_subclass	DOID_0111212
DOID_0111198	has_subclass	DOID_0111215
DOID_0111216	has_subclass	DOID_0111220
DOID_0111216	has_subclass	DOID_0111221
DOID_0111216	has_subclass	DOID_0111222
DOID_0111217	has_subclass	DOID_0111223
DOID_0111217	has_subclass	DOID_0111224
DOID_0111229	has_subclass	DOID_0050559
DOID_0111229	has_subclass	DOID_0111230
DOID_0111229	has_subclass	DOID_0111231
DOID_0111229	has_subclass	DOID_0111232
DOID_0111229	has_subclass	DOID_0111233
DOID_0111229	has_subclass	DOID_0111234
DOID_0111229	has_subclass	DOID_0111235
DOID_0111229	has_subclass	DOID_0111236
DOID_0111229	has_subclass	DOID_0111237
DOID_0111229	has_subclass	DOID_0111238
DOID_0111229	has_subclass	DOID_0111239
DOID_0111229	has_subclass	DOID_0111240
DOID_0111229	has_subclass	DOID_0111241
DOID_0111229	has_subclass	DOID_0111242
DOID_0111253	has_subclass	DOID_0070482
DOID_0111267	has_subclass	DOID_0111268
DOID_0111267	has_subclass	DOID_0111269
DOID_0111277	has_subclass	DOID_0060999
DOID_0111277	has_subclass	DOID_0070619
DOID_0111297	has_subclass	DOID_0111298
DOID_0111297	has_subclass	DOID_0111303
DOID_0111297	has_subclass	DOID_0111304
DOID_0111297	has_subclass	DOID_0111305
DOID_0111297	has_subclass	DOID_0111306
DOID_0111297	has_subclass	DOID_0111307
DOID_0111297	has_subclass	DOID_0111308
DOID_0111297	has_subclass	DOID_0111309
DOID_0111297	has_subclass	DOID_0111310
DOID_0111297	has_subclass	DOID_0111311
DOID_0111368	has_subclass	DOID_0111369
DOID_0111368	has_subclass	DOID_0111370
DOID_0111375	has_subclass	DOID_0081043
DOID_0111375	has_subclass	DOID_0111376
DOID_0111375	has_subclass	DOID_0111377
DOID_0111375	has_subclass	DOID_0111378
DOID_0111375	has_subclass	DOID_0111379
DOID_0111387	has_subclass	DOID_0061150
DOID_0111396	has_subclass	DOID_0111397
DOID_0111414	has_subclass	DOID_0111415
DOID_0111414	has_subclass	DOID_0111416
DOID_0111417	has_subclass	DOID_0111418
DOID_0111417	has_subclass	DOID_0111419
DOID_0111417	has_subclass	DOID_0111420
DOID_0111572	has_subclass	DOID_0111573
DOID_0111572	has_subclass	DOID_0111574
DOID_0111575	has_subclass	DOID_0111576
DOID_0111575	has_subclass	DOID_0111577
DOID_0111596	has_subclass	DOID_0111597
DOID_0111596	has_subclass	DOID_0111598
DOID_0111599	has_subclass	DOID_0111600
DOID_0111599	has_subclass	DOID_0111601
DOID_0111599	has_subclass	DOID_0111602
DOID_0111604	has_subclass	DOID_0111605
DOID_0111622	has_subclass	DOID_0111623
DOID_0111622	has_subclass	DOID_0111624
DOID_0111655	has_subclass	DOID_0111656
DOID_0111655	has_subclass	DOID_0111657
DOID_0111655	has_subclass	DOID_0111659
DOID_0111655	has_subclass	DOID_0111660
DOID_0111684	has_subclass	DOID_0111685
DOID_0111689	has_subclass	DOID_0111690
DOID_0111689	has_subclass	DOID_0111691
DOID_0111689	has_subclass	DOID_0111692
DOID_0111689	has_subclass	DOID_0111696
DOID_0111708	has_subclass	DOID_0111709
DOID_0111716	has_subclass	DOID_0111717
DOID_0111717	has_subclass	DOID_0111718
DOID_0111717	has_subclass	DOID_0111719
DOID_0111717	has_subclass	DOID_0111720
DOID_0111721	has_subclass	DOID_0080243
DOID_0111721	has_subclass	DOID_0110055
DOID_0111721	has_subclass	DOID_0111722
DOID_0111724	has_subclass	DOID_0111725
DOID_0111724	has_subclass	DOID_0111726
DOID_0111728	has_subclass	DOID_0111729
DOID_0111754	has_subclass	DOID_0111755
DOID_0111754	has_subclass	DOID_0111756
DOID_0111757	has_subclass	DOID_0111758
DOID_0111757	has_subclass	DOID_0111759
DOID_0111760	has_subclass	DOID_0080943
DOID_0111760	has_subclass	DOID_0111763
DOID_0111782	has_subclass	DOID_0111783
DOID_0111782	has_subclass	DOID_0111785
DOID_0111782	has_subclass	DOID_0111788
DOID_0111782	has_subclass	DOID_0111789
DOID_0111785	has_subclass	DOID_0111786
DOID_0111785	has_subclass	DOID_0111787
DOID_0111797	has_subclass	DOID_0061178
DOID_0111824	has_subclass	DOID_0111825
DOID_0111824	has_subclass	DOID_6683
DOID_0111828	has_subclass	DOID_0111829
DOID_0111828	has_subclass	DOID_0111830
DOID_0111828	has_subclass	DOID_0111831
DOID_0111828	has_subclass	DOID_0111832
DOID_0111828	has_subclass	DOID_0111833
DOID_0111862	has_subclass	DOID_0111863
DOID_0111866	has_subclass	DOID_0111867
DOID_0111867	has_subclass	DOID_0050528
DOID_0111867	has_subclass	DOID_0061024
DOID_0111867	has_subclass	DOID_0111868
DOID_0111867	has_subclass	DOID_0111872
DOID_0111867	has_subclass	DOID_0111874
DOID_0111875	has_subclass	DOID_0111808
DOID_0111875	has_subclass	DOID_0111876
DOID_0111875	has_subclass	DOID_0111877
DOID_0111910	has_subclass	DOID_0061177
DOID_0111910	has_subclass	DOID_0070164
DOID_0111910	has_subclass	DOID_0070165
DOID_0111910	has_subclass	DOID_0070171
DOID_0111910	has_subclass	DOID_0070172
DOID_0111910	has_subclass	DOID_0070174
DOID_0111910	has_subclass	DOID_0070179
DOID_0111910	has_subclass	DOID_0070180
DOID_0111910	has_subclass	DOID_0070182
DOID_0111910	has_subclass	DOID_0070183
DOID_0111910	has_subclass	DOID_0070185
DOID_0111910	has_subclass	DOID_0070188
DOID_0111910	has_subclass	DOID_0070571
DOID_0111910	has_subclass	DOID_0070572
DOID_0111910	has_subclass	DOID_0070573
DOID_0111910	has_subclass	DOID_0070574
DOID_0111910	has_subclass	DOID_0070577
DOID_0111910	has_subclass	DOID_0070578
DOID_0111910	has_subclass	DOID_0070580
DOID_0111910	has_subclass	DOID_0070581
DOID_0111910	has_subclass	DOID_0070585
DOID_0111910	has_subclass	DOID_0070586
DOID_0111910	has_subclass	DOID_0070587
DOID_0111910	has_subclass	DOID_0070588
DOID_0111910	has_subclass	DOID_0070589
DOID_0111910	has_subclass	DOID_0070592
DOID_0111910	has_subclass	DOID_0070593
DOID_0111910	has_subclass	DOID_0070597
DOID_0111910	has_subclass	DOID_0070598
DOID_0111910	has_subclass	DOID_0070599
DOID_0111910	has_subclass	DOID_0070725
DOID_0111910	has_subclass	DOID_0070727
DOID_0111910	has_subclass	DOID_0070730
DOID_0111910	has_subclass	DOID_0070731
DOID_0111910	has_subclass	DOID_0111911
DOID_0111910	has_subclass	DOID_0111914
DOID_0111910	has_subclass	DOID_0111918
DOID_0111910	has_subclass	DOID_0111920
DOID_0111910	has_subclass	DOID_0111921
DOID_0111910	has_subclass	DOID_0111925
DOID_0111910	has_subclass	DOID_0111928
DOID_0111910	has_subclass	DOID_0111930
DOID_0111910	has_subclass	DOID_0112163
DOID_0111910	has_subclass	DOID_0112164
DOID_0111910	has_subclass	DOID_0112176
DOID_0111910	has_subclass	DOID_0112270
DOID_0111910	has_subclass	DOID_0112311
DOID_0111910	has_subclass	DOID_0112338
DOID_0111910	has_subclass	DOID_0112352
DOID_0111910	has_subclass	DOID_0112354
DOID_0111962	has_subclass	DOID_0061171
DOID_0111962	has_subclass	DOID_0111964
DOID_0111962	has_subclass	DOID_0111968
DOID_0111962	has_subclass	DOID_0111993
DOID_0111962	has_subclass	DOID_0112001
DOID_0111962	has_subclass	DOID_0112003
DOID_0111962	has_subclass	DOID_0112004
DOID_0111962	has_subclass	DOID_0112062
DOID_0111962	has_subclass	DOID_0112064
DOID_0111962	has_subclass	DOID_0112253
DOID_0111962	has_subclass	DOID_627
DOID_0111963	has_subclass	DOID_0111986
DOID_0111964	has_subclass	DOID_0111974
DOID_0111965	has_subclass	DOID_0061079
DOID_0111965	has_subclass	DOID_0061085
DOID_0111966	has_subclass	DOID_0111985
DOID_0112011	has_subclass	DOID_0112012
DOID_0112065	has_subclass	DOID_0112066
DOID_0112065	has_subclass	DOID_0112068
DOID_0112065	has_subclass	DOID_0112069
DOID_0112065	has_subclass	DOID_0112071
DOID_0112065	has_subclass	DOID_0112073
DOID_0112065	has_subclass	DOID_0112074
DOID_0112065	has_subclass	DOID_0112078
DOID_0112065	has_subclass	DOID_0112084
DOID_0112065	has_subclass	DOID_0112085
DOID_0112065	has_subclass	DOID_0112087
DOID_0112065	has_subclass	DOID_0112090
DOID_0112065	has_subclass	DOID_0112093
DOID_0112065	has_subclass	DOID_0112094
DOID_0112065	has_subclass	DOID_0112096
DOID_0112065	has_subclass	DOID_0112097
DOID_0112065	has_subclass	DOID_0112099
DOID_0112100	has_subclass	DOID_0112101
DOID_0112130	has_subclass	DOID_0112131
DOID_0112130	has_subclass	DOID_0112135
DOID_0112172	has_subclass	DOID_0112173
DOID_0112177	has_subclass	DOID_0112178
DOID_0112177	has_subclass	DOID_0112179
DOID_0112183	has_subclass	DOID_0112184
DOID_0112183	has_subclass	DOID_0112187
DOID_0112183	has_subclass	DOID_0112188
DOID_0112183	has_subclass	DOID_0112189
DOID_0112191	has_subclass	DOID_0112192
DOID_0112197	has_subclass	DOID_0112198
DOID_0112197	has_subclass	DOID_0112200
DOID_0112202	has_subclass	DOID_0051083
DOID_0112202	has_subclass	DOID_0051084
DOID_0112202	has_subclass	DOID_0051085
DOID_0112202	has_subclass	DOID_0051087
DOID_0112202	has_subclass	DOID_0051088
DOID_0112202	has_subclass	DOID_0051089
DOID_0112202	has_subclass	DOID_0051090
DOID_0112202	has_subclass	DOID_0051091
DOID_0112202	has_subclass	DOID_0060848
DOID_0112202	has_subclass	DOID_0070377
DOID_0112202	has_subclass	DOID_0070380
DOID_0112202	has_subclass	DOID_0070381
DOID_0112202	has_subclass	DOID_0070382
DOID_0112202	has_subclass	DOID_0070385
DOID_0112202	has_subclass	DOID_0070386
DOID_0112202	has_subclass	DOID_0070390
DOID_0112202	has_subclass	DOID_0070392
DOID_0112202	has_subclass	DOID_0070393
DOID_0112202	has_subclass	DOID_0070394
DOID_0112202	has_subclass	DOID_0070545
DOID_0112202	has_subclass	DOID_0080215
DOID_0112202	has_subclass	DOID_0080284
DOID_0112202	has_subclass	DOID_0080291
DOID_0112202	has_subclass	DOID_0080349
DOID_0112202	has_subclass	DOID_0080421
DOID_0112202	has_subclass	DOID_0080422
DOID_0112202	has_subclass	DOID_0080424
DOID_0112202	has_subclass	DOID_0080426
DOID_0112202	has_subclass	DOID_0080427
DOID_0112202	has_subclass	DOID_0080433
DOID_0112202	has_subclass	DOID_0080434
DOID_0112202	has_subclass	DOID_0080435
DOID_0112202	has_subclass	DOID_0080436
DOID_0112202	has_subclass	DOID_0080437
DOID_0112202	has_subclass	DOID_0080440
DOID_0112202	has_subclass	DOID_0080442
DOID_0112202	has_subclass	DOID_0080443
DOID_0112202	has_subclass	DOID_0080445
DOID_0112202	has_subclass	DOID_0080446
DOID_0112202	has_subclass	DOID_0080447
DOID_0112202	has_subclass	DOID_0080448
DOID_0112202	has_subclass	DOID_0080449
DOID_0112202	has_subclass	DOID_0080451
DOID_0112202	has_subclass	DOID_0080452
DOID_0112202	has_subclass	DOID_0080454
DOID_0112202	has_subclass	DOID_0080455
DOID_0112202	has_subclass	DOID_0080457
DOID_0112202	has_subclass	DOID_0080459
DOID_0112202	has_subclass	DOID_0080460
DOID_0112202	has_subclass	DOID_0080461
DOID_0112202	has_subclass	DOID_0080462
DOID_0112202	has_subclass	DOID_0080463
DOID_0112202	has_subclass	DOID_0080465
DOID_0112202	has_subclass	DOID_0080472
DOID_0112202	has_subclass	DOID_0081325
DOID_0112202	has_subclass	DOID_0110683
DOID_0112202	has_subclass	DOID_0112203
DOID_0112202	has_subclass	DOID_0112204
DOID_0112202	has_subclass	DOID_0112205
DOID_0112202	has_subclass	DOID_0112207
DOID_0112202	has_subclass	DOID_0112209
DOID_0112202	has_subclass	DOID_0112210
DOID_0112202	has_subclass	DOID_0112211
DOID_0112202	has_subclass	DOID_0112212
DOID_0112202	has_subclass	DOID_0112214
DOID_0112202	has_subclass	DOID_0112216
DOID_0112202	has_subclass	DOID_0112218
DOID_0112202	has_subclass	DOID_0112220
DOID_0112202	has_subclass	DOID_0112222
DOID_0112202	has_subclass	DOID_0112223
DOID_0112202	has_subclass	DOID_0112275
DOID_0112234	has_subclass	DOID_0112235
DOID_0112241	has_subclass	DOID_0112242
DOID_0112259	has_subclass	DOID_0112260
DOID_0112259	has_subclass	DOID_0112261
DOID_0112280	has_subclass	DOID_0050813
DOID_0112280	has_subclass	DOID_0112281
DOID_0112280	has_subclass	DOID_0112283
DOID_0112280	has_subclass	DOID_0112286
DOID_0112280	has_subclass	DOID_0112287
DOID_0112280	has_subclass	DOID_14789
DOID_0112284	has_subclass	DOID_0080362
DOID_0112284	has_subclass	DOID_0112285
DOID_0112284	has_subclass	DOID_0112291
DOID_0112284	has_subclass	DOID_0112292
DOID_0112284	has_subclass	DOID_0112293
DOID_0112295	has_subclass	DOID_0111554
DOID_0112295	has_subclass	DOID_0112296
DOID_0112295	has_subclass	DOID_0112298
DOID_0112295	has_subclass	DOID_0112300
DOID_0112295	has_subclass	DOID_0112301
DOID_0112295	has_subclass	DOID_0112302
DOID_0112295	has_subclass	DOID_0112305
DOID_0112308	has_subclass	DOID_0112309
DOID_0112311	has_subclass	DOID_0070163
DOID_0112311	has_subclass	DOID_0070184
DOID_0112311	has_subclass	DOID_0111922
DOID_0112311	has_subclass	DOID_0111924
DOID_0112312	has_subclass	DOID_0070167
DOID_0112312	has_subclass	DOID_0070584
DOID_0112313	has_subclass	DOID_0061233
DOID_0112313	has_subclass	DOID_0090125
DOID_0112313	has_subclass	DOID_0112315
DOID_0112317	has_subclass	DOID_0112318
DOID_0112317	has_subclass	DOID_0112319
DOID_0112317	has_subclass	DOID_0112320
DOID_0112322	has_subclass	DOID_0060265
DOID_0112322	has_subclass	DOID_0060266
DOID_0112322	has_subclass	DOID_0112323
DOID_0112328	has_subclass	DOID_0060267
DOID_0112328	has_subclass	DOID_0112329
DOID_0112374	has_subclass	DOID_0111229
DOID_0112374	has_subclass	DOID_0112375
DOID_0112375	has_subclass	DOID_0050588
DOID_0112375	has_subclass	DOID_0110635
DOID_0112375	has_subclass	DOID_0110637
DOID_0112375	has_subclass	DOID_0112376
DOID_0112375	has_subclass	DOID_0112380
DOID_100	has_subclass	DOID_12384
DOID_10003	has_subclass	DOID_0111751
DOID_10003	has_subclass	DOID_0111752
DOID_1002	has_subclass	DOID_4560
DOID_1002	has_subclass	DOID_4561
DOID_1002	has_subclass	DOID_7528
DOID_10020	has_subclass	DOID_4932
DOID_10020	has_subclass	DOID_5628
DOID_10021	has_subclass	DOID_10020
DOID_10021	has_subclass	DOID_10816
DOID_10021	has_subclass	DOID_7479
DOID_10021	has_subclass	DOID_7959
DOID_10022	has_subclass	DOID_0050849
DOID_10024	has_subclass	DOID_0060178
DOID_1003	has_subclass	DOID_1260
DOID_1003	has_subclass	DOID_9978
DOID_10034	has_subclass	DOID_10033
DOID_10034	has_subclass	DOID_11177
DOID_10034	has_subclass	DOID_11637
DOID_10034	has_subclass	DOID_11638
DOID_1005	has_subclass	DOID_1002
DOID_1005	has_subclass	DOID_7962
DOID_10069	has_subclass	DOID_472
DOID_10113	has_subclass	DOID_10112
DOID_10113	has_subclass	DOID_12140
DOID_10123	has_subclass	DOID_0060256
DOID_10123	has_subclass	DOID_0060257
DOID_10123	has_subclass	DOID_0060258
DOID_10123	has_subclass	DOID_0060304
DOID_10123	has_subclass	DOID_0111834
DOID_10123	has_subclass	DOID_10122
DOID_10123	has_subclass	DOID_11668
DOID_10123	has_subclass	DOID_12304
DOID_10123	has_subclass	DOID_12305
DOID_10123	has_subclass	DOID_12311
DOID_10123	has_subclass	DOID_2383
DOID_10123	has_subclass	DOID_3138
DOID_10124	has_subclass	DOID_0002116
DOID_10124	has_subclass	DOID_0060252
DOID_10124	has_subclass	DOID_0060287
DOID_10124	has_subclass	DOID_0060305
DOID_10124	has_subclass	DOID_0060673
DOID_10124	has_subclass	DOID_11028
DOID_10124	has_subclass	DOID_11030
DOID_10124	has_subclass	DOID_11547
DOID_10124	has_subclass	DOID_11552
DOID_10124	has_subclass	DOID_1237
DOID_10124	has_subclass	DOID_12753
DOID_10124	has_subclass	DOID_13447
DOID_10124	has_subclass	DOID_1436
DOID_10124	has_subclass	DOID_14775
DOID_10124	has_subclass	DOID_2283
DOID_10124	has_subclass	DOID_2566
DOID_10124	has_subclass	DOID_6198
DOID_10124	has_subclass	DOID_6199
DOID_10126	has_subclass	DOID_10125
DOID_10126	has_subclass	DOID_10428
DOID_10128	has_subclass	DOID_0050853
DOID_10128	has_subclass	DOID_2364
DOID_10132	has_subclass	DOID_10131
DOID_10132	has_subclass	DOID_11120
DOID_10132	has_subclass	DOID_13709
DOID_10132	has_subclass	DOID_13868
DOID_10139	has_subclass	DOID_11029
DOID_10140	has_subclass	DOID_10138
DOID_10140	has_subclass	DOID_12895
DOID_10153	has_subclass	DOID_10152
DOID_10154	has_subclass	DOID_0050925
DOID_10154	has_subclass	DOID_10021
DOID_10154	has_subclass	DOID_13996
DOID_10154	has_subclass	DOID_4907
DOID_10154	has_subclass	DOID_5271
DOID_10154	has_subclass	DOID_5740
DOID_10154	has_subclass	DOID_7506
DOID_10155	has_subclass	DOID_10154
DOID_10155	has_subclass	DOID_11239
DOID_1019	has_subclass	DOID_0060645
DOID_1019	has_subclass	DOID_10755
DOID_10207	has_subclass	DOID_10206
DOID_10223	has_subclass	DOID_14202
DOID_10223	has_subclass	DOID_14203
DOID_1024	has_subclass	DOID_1023
DOID_1024	has_subclass	DOID_1025
DOID_1024	has_subclass	DOID_10887
DOID_1024	has_subclass	DOID_11851
DOID_10241	has_subclass	DOID_1099
DOID_10242	has_subclass	DOID_0050025
DOID_10242	has_subclass	DOID_0050026
DOID_10273	has_subclass	DOID_0050451
DOID_10273	has_subclass	DOID_0050793
DOID_10273	has_subclass	DOID_0050824
DOID_10273	has_subclass	DOID_0060224
DOID_10273	has_subclass	DOID_0080662
DOID_10273	has_subclass	DOID_10272
DOID_10273	has_subclass	DOID_13209
DOID_10273	has_subclass	DOID_384
DOID_10283	has_subclass	DOID_10286
DOID_10283	has_subclass	DOID_10289
DOID_10283	has_subclass	DOID_10290
DOID_10283	has_subclass	DOID_2992
DOID_10283	has_subclass	DOID_4054
DOID_10283	has_subclass	DOID_5634
DOID_10283	has_subclass	DOID_7141
DOID_10286	has_subclass	DOID_0080909
DOID_10286	has_subclass	DOID_10287
DOID_10286	has_subclass	DOID_2526
DOID_10286	has_subclass	DOID_4011
DOID_10286	has_subclass	DOID_4868
DOID_1029	has_subclass	DOID_14451
DOID_1029	has_subclass	DOID_14452
DOID_10302	has_subclass	DOID_10301
DOID_10314	has_subclass	DOID_0060000
DOID_10314	has_subclass	DOID_0060068
DOID_10316	has_subclass	DOID_10319
DOID_10316	has_subclass	DOID_10320
DOID_10316	has_subclass	DOID_10321
DOID_10316	has_subclass	DOID_10323
DOID_10316	has_subclass	DOID_10324
DOID_10316	has_subclass	DOID_10325
DOID_10316	has_subclass	DOID_10326
DOID_10316	has_subclass	DOID_10327
DOID_10316	has_subclass	DOID_10328
DOID_10316	has_subclass	DOID_10329
DOID_10316	has_subclass	DOID_10330
DOID_10316	has_subclass	DOID_10331
DOID_10341	has_subclass	DOID_10361
DOID_10350	has_subclass	DOID_10349
DOID_10350	has_subclass	DOID_10686
DOID_10354	has_subclass	DOID_3274
DOID_10354	has_subclass	DOID_5997
DOID_1036	has_subclass	DOID_0080187
DOID_1036	has_subclass	DOID_0080188
DOID_1036	has_subclass	DOID_0080367
DOID_10366	has_subclass	DOID_10368
DOID_1037	has_subclass	DOID_1040
DOID_10371	has_subclass	DOID_10567
DOID_10371	has_subclass	DOID_10568
DOID_10376	has_subclass	DOID_10375
DOID_10376	has_subclass	DOID_10377
DOID_10376	has_subclass	DOID_10378
DOID_1039	has_subclass	DOID_0081041
DOID_1039	has_subclass	DOID_0081042
DOID_104	has_subclass	DOID_0040085
DOID_104	has_subclass	DOID_0050339
DOID_104	has_subclass	DOID_0060000
DOID_104	has_subclass	DOID_0080784
DOID_104	has_subclass	DOID_1003
DOID_104	has_subclass	DOID_13453
DOID_104	has_subclass	DOID_13921
DOID_104	has_subclass	DOID_216
DOID_104	has_subclass	DOID_3385
DOID_104	has_subclass	DOID_4033
DOID_104	has_subclass	DOID_8481
DOID_104	has_subclass	DOID_8596
DOID_104	has_subclass	DOID_874
DOID_104	has_subclass	DOID_9700
DOID_1040	has_subclass	DOID_1039
DOID_1040	has_subclass	DOID_1703
DOID_1040	has_subclass	DOID_285
DOID_10400	has_subclass	DOID_0050004
DOID_10400	has_subclass	DOID_10399
DOID_10426	has_subclass	DOID_0080589
DOID_10426	has_subclass	DOID_0080590
DOID_10426	has_subclass	DOID_0080591
DOID_10426	has_subclass	DOID_0080592
DOID_10443	has_subclass	DOID_10442
DOID_10458	has_subclass	DOID_0050150
DOID_10481	has_subclass	DOID_10480
DOID_10481	has_subclass	DOID_3827
DOID_10486	has_subclass	DOID_0080216
DOID_10493	has_subclass	DOID_0080156
DOID_10493	has_subclass	DOID_13774
DOID_10534	has_subclass	DOID_0080763
DOID_10534	has_subclass	DOID_10536
DOID_10534	has_subclass	DOID_10538
DOID_10534	has_subclass	DOID_10544
DOID_10534	has_subclass	DOID_10548
DOID_10534	has_subclass	DOID_4716
DOID_10534	has_subclass	DOID_5280
DOID_10534	has_subclass	DOID_5561
DOID_10534	has_subclass	DOID_5579
DOID_10534	has_subclass	DOID_5700
DOID_10538	has_subclass	DOID_6700
DOID_10544	has_subclass	DOID_10547
DOID_10544	has_subclass	DOID_6703
DOID_10548	has_subclass	DOID_6270
DOID_10548	has_subclass	DOID_6271
DOID_10575	has_subclass	DOID_12678
DOID_10579	has_subclass	DOID_0051015
DOID_10579	has_subclass	DOID_0070396
DOID_10579	has_subclass	DOID_0070744
DOID_10579	has_subclass	DOID_0080315
DOID_10579	has_subclass	DOID_0080523
DOID_10579	has_subclass	DOID_10588
DOID_10584	has_subclass	DOID_0051093
DOID_10584	has_subclass	DOID_0051094
DOID_10584	has_subclass	DOID_0051095
DOID_10584	has_subclass	DOID_0051096
DOID_10584	has_subclass	DOID_0051098
DOID_10584	has_subclass	DOID_0061103
DOID_10584	has_subclass	DOID_0061104
DOID_10584	has_subclass	DOID_0061108
DOID_10584	has_subclass	DOID_0061111
DOID_10584	has_subclass	DOID_0061113
DOID_10584	has_subclass	DOID_0061127
DOID_10584	has_subclass	DOID_0110353
DOID_10584	has_subclass	DOID_0110354
DOID_10584	has_subclass	DOID_0110355
DOID_10584	has_subclass	DOID_0110356
DOID_10584	has_subclass	DOID_0110357
DOID_10584	has_subclass	DOID_0110358
DOID_10584	has_subclass	DOID_0110359
DOID_10584	has_subclass	DOID_0110360
DOID_10584	has_subclass	DOID_0110361
DOID_10584	has_subclass	DOID_0110362
DOID_10584	has_subclass	DOID_0110363
DOID_10584	has_subclass	DOID_0110364
DOID_10584	has_subclass	DOID_0110365
DOID_10584	has_subclass	DOID_0110366
DOID_10584	has_subclass	DOID_0110367
DOID_10584	has_subclass	DOID_0110369
DOID_10584	has_subclass	DOID_0110370
DOID_10584	has_subclass	DOID_0110372
DOID_10584	has_subclass	DOID_0110373
DOID_10584	has_subclass	DOID_0110374
DOID_10584	has_subclass	DOID_0110375
DOID_10584	has_subclass	DOID_0110376
DOID_10584	has_subclass	DOID_0110377
DOID_10584	has_subclass	DOID_0110379
DOID_10584	has_subclass	DOID_0110381
DOID_10584	has_subclass	DOID_0110382
DOID_10584	has_subclass	DOID_0110383
DOID_10584	has_subclass	DOID_0110385
DOID_10584	has_subclass	DOID_0110387
DOID_10584	has_subclass	DOID_0110388
DOID_10584	has_subclass	DOID_0110390
DOID_10584	has_subclass	DOID_0110391
DOID_10584	has_subclass	DOID_0110393
DOID_10584	has_subclass	DOID_0110394
DOID_10584	has_subclass	DOID_0110395
DOID_10584	has_subclass	DOID_0110397
DOID_10584	has_subclass	DOID_0110398
DOID_10584	has_subclass	DOID_0110400
DOID_10584	has_subclass	DOID_0110405
DOID_10584	has_subclass	DOID_0110406
DOID_10584	has_subclass	DOID_0110409
DOID_10584	has_subclass	DOID_0110411
DOID_10584	has_subclass	DOID_0110413
DOID_10584	has_subclass	DOID_0110414
DOID_10584	has_subclass	DOID_0110417
DOID_10584	has_subclass	DOID_0110418
DOID_10584	has_subclass	DOID_0110420
DOID_10584	has_subclass	DOID_0110421
DOID_10584	has_subclass	DOID_0112141
DOID_10584	has_subclass	DOID_0112145
DOID_1059	has_subclass	DOID_0050888
DOID_1059	has_subclass	DOID_0050889
DOID_10591	has_subclass	DOID_10590
DOID_10591	has_subclass	DOID_13129
DOID_10591	has_subclass	DOID_13593
DOID_10595	has_subclass	DOID_0050538
DOID_10595	has_subclass	DOID_0050539
DOID_10595	has_subclass	DOID_0050540
DOID_10595	has_subclass	DOID_0061168
DOID_10595	has_subclass	DOID_0080067
DOID_10595	has_subclass	DOID_0080068
DOID_10595	has_subclass	DOID_0080069
DOID_10609	has_subclass	DOID_0050445
DOID_10609	has_subclass	DOID_0080353
DOID_10616	has_subclass	DOID_10615
DOID_10619	has_subclass	DOID_0080618
DOID_10619	has_subclass	DOID_12972
DOID_1062	has_subclass	DOID_0080757
DOID_1062	has_subclass	DOID_0080758
DOID_1062	has_subclass	DOID_0080760
DOID_1062	has_subclass	DOID_0080761
DOID_10629	has_subclass	DOID_0080634
DOID_10629	has_subclass	DOID_0080635
DOID_10629	has_subclass	DOID_0080636
DOID_10629	has_subclass	DOID_0080637
DOID_1063	has_subclass	DOID_0060911
DOID_1063	has_subclass	DOID_3052
DOID_10632	has_subclass	DOID_0080583
DOID_10632	has_subclass	DOID_0110629
DOID_10632	has_subclass	DOID_0110630
DOID_10652	has_subclass	DOID_0080348
DOID_10652	has_subclass	DOID_0110035
DOID_10652	has_subclass	DOID_0110036
DOID_10652	has_subclass	DOID_0110037
DOID_10652	has_subclass	DOID_0110038
DOID_10652	has_subclass	DOID_0110039
DOID_10652	has_subclass	DOID_0110040
DOID_10652	has_subclass	DOID_0110041
DOID_10652	has_subclass	DOID_0110043
DOID_10652	has_subclass	DOID_0110044
DOID_10652	has_subclass	DOID_0110045
DOID_10652	has_subclass	DOID_0110046
DOID_10652	has_subclass	DOID_0110047
DOID_10652	has_subclass	DOID_0110048
DOID_10652	has_subclass	DOID_0111364
DOID_1067	has_subclass	DOID_1066
DOID_1067	has_subclass	DOID_1070
DOID_10690	has_subclass	DOID_13520
DOID_1070	has_subclass	DOID_1068
DOID_1073	has_subclass	DOID_10177
DOID_1073	has_subclass	DOID_11520
DOID_1073	has_subclass	DOID_11664
DOID_1073	has_subclass	DOID_13145
DOID_1073	has_subclass	DOID_1591
DOID_1074	has_subclass	DOID_3021
DOID_1074	has_subclass	DOID_4676
DOID_1074	has_subclass	DOID_784
DOID_10754	has_subclass	DOID_10852
DOID_10754	has_subclass	DOID_11180
DOID_10754	has_subclass	DOID_11506
DOID_1076	has_subclass	DOID_11401
DOID_10763	has_subclass	DOID_10591
DOID_10763	has_subclass	DOID_10824
DOID_10763	has_subclass	DOID_11130
DOID_10780	has_subclass	DOID_0060474
DOID_10780	has_subclass	DOID_0080290
DOID_10780	has_subclass	DOID_0080339
DOID_10780	has_subclass	DOID_0111630
DOID_10780	has_subclass	DOID_0111631
DOID_10780	has_subclass	DOID_0111632
DOID_10791	has_subclass	DOID_10790
DOID_10791	has_subclass	DOID_14225
DOID_10794	has_subclass	DOID_10793
DOID_10794	has_subclass	DOID_13046
DOID_1080	has_subclass	DOID_1079
DOID_1080	has_subclass	DOID_1081
DOID_1080	has_subclass	DOID_1082
DOID_1080	has_subclass	DOID_12211
DOID_1080	has_subclass	DOID_13523
DOID_1080	has_subclass	DOID_14422
DOID_10811	has_subclass	DOID_0080797
DOID_10811	has_subclass	DOID_4931
DOID_10811	has_subclass	DOID_5515
DOID_10825	has_subclass	DOID_10823
DOID_10825	has_subclass	DOID_10913
DOID_10854	has_subclass	DOID_10264
DOID_10854	has_subclass	DOID_10302
DOID_10854	has_subclass	DOID_10303
DOID_10854	has_subclass	DOID_12899
DOID_10854	has_subclass	DOID_12901
DOID_10854	has_subclass	DOID_12904
DOID_10854	has_subclass	DOID_12905
DOID_10863	has_subclass	DOID_10864
DOID_10863	has_subclass	DOID_10866
DOID_10863	has_subclass	DOID_10869
DOID_10871	has_subclass	DOID_0050817
DOID_10871	has_subclass	DOID_0110014
DOID_10871	has_subclass	DOID_0110015
DOID_10871	has_subclass	DOID_0110017
DOID_10871	has_subclass	DOID_0110018
DOID_10871	has_subclass	DOID_0110019
DOID_10871	has_subclass	DOID_0110020
DOID_10871	has_subclass	DOID_0110021
DOID_10871	has_subclass	DOID_0110022
DOID_10871	has_subclass	DOID_0110023
DOID_10871	has_subclass	DOID_0110024
DOID_10871	has_subclass	DOID_0110025
DOID_10871	has_subclass	DOID_0110026
DOID_10871	has_subclass	DOID_0110027
DOID_10871	has_subclass	DOID_0110028
DOID_10907	has_subclass	DOID_0070297
DOID_10908	has_subclass	DOID_0070681
DOID_10908	has_subclass	DOID_14159
DOID_1091	has_subclass	DOID_0050591
DOID_1091	has_subclass	DOID_0060324
DOID_1091	has_subclass	DOID_0070690
DOID_1091	has_subclass	DOID_0111341
DOID_1091	has_subclass	DOID_0111380
DOID_1091	has_subclass	DOID_13711
DOID_1091	has_subclass	DOID_13714
DOID_1091	has_subclass	DOID_9893
DOID_10914	has_subclass	DOID_13027
DOID_10914	has_subclass	DOID_4543
DOID_10914	has_subclass	DOID_5340
DOID_10935	has_subclass	DOID_10934
DOID_10935	has_subclass	DOID_11037
DOID_10935	has_subclass	DOID_11038
DOID_10937	has_subclass	DOID_0050587
DOID_10937	has_subclass	DOID_12399
DOID_10937	has_subclass	DOID_12400
DOID_10937	has_subclass	DOID_12401
DOID_10937	has_subclass	DOID_12402
DOID_10937	has_subclass	DOID_2510
DOID_10941	has_subclass	DOID_0060228
DOID_10944	has_subclass	DOID_0060604
DOID_10944	has_subclass	DOID_11514
DOID_10944	has_subclass	DOID_13333
DOID_10944	has_subclass	DOID_13500
DOID_10944	has_subclass	DOID_1456
DOID_10944	has_subclass	DOID_8649
DOID_10952	has_subclass	DOID_1063
DOID_10964	has_subclass	DOID_10963
DOID_10969	has_subclass	DOID_0050635
DOID_10970	has_subclass	DOID_0081360
DOID_10970	has_subclass	DOID_0081361
DOID_10972	has_subclass	DOID_10971
DOID_10972	has_subclass	DOID_12265
DOID_10973	has_subclass	DOID_13942
DOID_10974	has_subclass	DOID_10972
DOID_10983	has_subclass	DOID_0051080
DOID_10983	has_subclass	DOID_0110034
DOID_1099	has_subclass	DOID_0110031
DOID_110	has_subclass	DOID_0111148
DOID_110	has_subclass	DOID_11364
DOID_110	has_subclass	DOID_83
DOID_1100	has_subclass	DOID_0060112
DOID_1100	has_subclass	DOID_10974
DOID_1100	has_subclass	DOID_11432
DOID_1100	has_subclass	DOID_2148
DOID_1100	has_subclass	DOID_2394
DOID_1100	has_subclass	DOID_3781
DOID_1100	has_subclass	DOID_5119
DOID_1100	has_subclass	DOID_5425
DOID_1100	has_subclass	DOID_7347
DOID_11030	has_subclass	DOID_11031
DOID_11030	has_subclass	DOID_11032
DOID_11030	has_subclass	DOID_11033
DOID_11030	has_subclass	DOID_11034
DOID_11054	has_subclass	DOID_0080901
DOID_11054	has_subclass	DOID_11593
DOID_11054	has_subclass	DOID_11809
DOID_11054	has_subclass	DOID_11811
DOID_11054	has_subclass	DOID_11812
DOID_11054	has_subclass	DOID_11813
DOID_11054	has_subclass	DOID_11814
DOID_11054	has_subclass	DOID_11818
DOID_11054	has_subclass	DOID_11820
DOID_11060	has_subclass	DOID_1677
DOID_1107	has_subclass	DOID_3748
DOID_1107	has_subclass	DOID_4686
DOID_1107	has_subclass	DOID_4878
DOID_1107	has_subclass	DOID_4914
DOID_1107	has_subclass	DOID_7134
DOID_11077	has_subclass	DOID_11076
DOID_11077	has_subclass	DOID_14019
DOID_11077	has_subclass	DOID_14456
DOID_11077	has_subclass	DOID_14457
DOID_11080	has_subclass	DOID_0050268
DOID_11080	has_subclass	DOID_12926
DOID_11080	has_subclass	DOID_12927
DOID_11086	has_subclass	DOID_11282
DOID_11086	has_subclass	DOID_11283
DOID_11102	has_subclass	DOID_0050398
DOID_11102	has_subclass	DOID_0060345
DOID_11102	has_subclass	DOID_11101
DOID_11102	has_subclass	DOID_11258
DOID_11104	has_subclass	DOID_0050035
DOID_11104	has_subclass	DOID_0050041
DOID_11104	has_subclass	DOID_0050042
DOID_11104	has_subclass	DOID_0050043
DOID_11104	has_subclass	DOID_0050046
DOID_11104	has_subclass	DOID_0050047
DOID_11104	has_subclass	DOID_0050050
DOID_11104	has_subclass	DOID_0050051
DOID_11104	has_subclass	DOID_0050052
DOID_11104	has_subclass	DOID_0050484
DOID_11104	has_subclass	DOID_10784
DOID_11104	has_subclass	DOID_10921
DOID_11104	has_subclass	DOID_11103
DOID_11104	has_subclass	DOID_14095
DOID_11130	has_subclass	DOID_1073
DOID_11130	has_subclass	DOID_13143
DOID_11132	has_subclass	DOID_11133
DOID_11132	has_subclass	DOID_13206
DOID_1114	has_subclass	DOID_5276
DOID_1115	has_subclass	DOID_0070663
DOID_1115	has_subclass	DOID_0080534
DOID_1115	has_subclass	DOID_1114
DOID_1115	has_subclass	DOID_12002
DOID_1115	has_subclass	DOID_1362
DOID_1115	has_subclass	DOID_14152
DOID_1115	has_subclass	DOID_1796
DOID_1115	has_subclass	DOID_1995
DOID_1115	has_subclass	DOID_2146
DOID_1115	has_subclass	DOID_2687
DOID_1115	has_subclass	DOID_2784
DOID_1115	has_subclass	DOID_2877
DOID_1115	has_subclass	DOID_3098
DOID_1115	has_subclass	DOID_3369
DOID_1115	has_subclass	DOID_355
DOID_1115	has_subclass	DOID_4050
DOID_1115	has_subclass	DOID_4054
DOID_1115	has_subclass	DOID_4058
DOID_1115	has_subclass	DOID_4062
DOID_1115	has_subclass	DOID_4064
DOID_1115	has_subclass	DOID_4067
DOID_1115	has_subclass	DOID_4233
DOID_1115	has_subclass	DOID_4235
DOID_1115	has_subclass	DOID_4515
DOID_1115	has_subclass	DOID_4527
DOID_1115	has_subclass	DOID_5165
DOID_1115	has_subclass	DOID_5697
DOID_1115	has_subclass	DOID_5711
DOID_1115	has_subclass	DOID_7146
DOID_1115	has_subclass	DOID_7615
DOID_1115	has_subclass	DOID_7689
DOID_1115	has_subclass	DOID_9987
DOID_11155	has_subclass	DOID_11156
DOID_11156	has_subclass	DOID_0060603
DOID_1116	has_subclass	DOID_11750
DOID_11162	has_subclass	DOID_11161
DOID_11162	has_subclass	DOID_11394
DOID_11162	has_subclass	DOID_11396
DOID_11162	has_subclass	DOID_12716
DOID_11166	has_subclass	DOID_0081463
DOID_11166	has_subclass	DOID_11165
DOID_11166	has_subclass	DOID_13775
DOID_11166	has_subclass	DOID_5362
DOID_11180	has_subclass	DOID_11181
DOID_11184	has_subclass	DOID_11190
DOID_11184	has_subclass	DOID_11197
DOID_11184	has_subclass	DOID_11213
DOID_11184	has_subclass	DOID_11219
DOID_11193	has_subclass	DOID_0060242
DOID_11193	has_subclass	DOID_0111813
DOID_11193	has_subclass	DOID_0111816
DOID_11193	has_subclass	DOID_0111818
DOID_11193	has_subclass	DOID_0111819
DOID_11193	has_subclass	DOID_0111820
DOID_11199	has_subclass	DOID_0111387
DOID_11200	has_subclass	DOID_0061056
DOID_11200	has_subclass	DOID_0061089
DOID_11200	has_subclass	DOID_0061094
DOID_11200	has_subclass	DOID_0111942
DOID_11200	has_subclass	DOID_0111958
DOID_11200	has_subclass	DOID_0111979
DOID_11200	has_subclass	DOID_0112063
DOID_11201	has_subclass	DOID_11199
DOID_11201	has_subclass	DOID_60008
DOID_11204	has_subclass	DOID_11203
DOID_11212	has_subclass	DOID_11211
DOID_1123	has_subclass	DOID_12537
DOID_1123	has_subclass	DOID_6603
DOID_1123	has_subclass	DOID_6643
DOID_11230	has_subclass	DOID_11231
DOID_11230	has_subclass	DOID_11232
DOID_11230	has_subclass	DOID_11233
DOID_11230	has_subclass	DOID_11234
DOID_11239	has_subclass	DOID_0050911
DOID_11239	has_subclass	DOID_3559
DOID_11239	has_subclass	DOID_8151
DOID_11244	has_subclass	DOID_11243
DOID_11244	has_subclass	DOID_13576
DOID_11245	has_subclass	DOID_9771
DOID_11247	has_subclass	DOID_11246
DOID_11252	has_subclass	DOID_0050642
DOID_11252	has_subclass	DOID_10241
DOID_11252	has_subclass	DOID_1098
DOID_11252	has_subclass	DOID_11758
DOID_11252	has_subclass	DOID_8955
DOID_11256	has_subclass	DOID_0050480
DOID_11256	has_subclass	DOID_0050481
DOID_11256	has_subclass	DOID_13371
DOID_11266	has_subclass	DOID_0050200
DOID_11266	has_subclass	DOID_0050201
DOID_11266	has_subclass	DOID_0050522
DOID_1130	has_subclass	DOID_1129
DOID_11335	has_subclass	DOID_13402
DOID_11335	has_subclass	DOID_13403
DOID_11335	has_subclass	DOID_13404
DOID_11335	has_subclass	DOID_13405
DOID_11335	has_subclass	DOID_13406
DOID_11335	has_subclass	DOID_13407
DOID_11338	has_subclass	DOID_13521
DOID_11343	has_subclass	DOID_11595
DOID_11343	has_subclass	DOID_12124
DOID_11343	has_subclass	DOID_13452
DOID_11343	has_subclass	DOID_14230
DOID_11343	has_subclass	DOID_728
DOID_11353	has_subclass	DOID_11354
DOID_11372	has_subclass	DOID_10487
DOID_11372	has_subclass	DOID_1770
DOID_11382	has_subclass	DOID_12087
DOID_114	has_subclass	DOID_0040095
DOID_114	has_subclass	DOID_0050700
DOID_114	has_subclass	DOID_0050825
DOID_114	has_subclass	DOID_0060570
DOID_114	has_subclass	DOID_0080933
DOID_114	has_subclass	DOID_0080937
DOID_114	has_subclass	DOID_10079
DOID_114	has_subclass	DOID_10273
DOID_114	has_subclass	DOID_11516
DOID_114	has_subclass	DOID_117
DOID_114	has_subclass	DOID_4079
DOID_114	has_subclass	DOID_882
DOID_114	has_subclass	DOID_9768
DOID_114	has_subclass	DOID_9790
DOID_1140	has_subclass	DOID_1138
DOID_1140	has_subclass	DOID_3809
DOID_1140	has_subclass	DOID_6103
DOID_1140	has_subclass	DOID_7515
DOID_1140	has_subclass	DOID_7646
DOID_1140	has_subclass	DOID_7824
DOID_1140	has_subclass	DOID_7915
DOID_1140	has_subclass	DOID_8203
DOID_11400	has_subclass	DOID_1076
DOID_11400	has_subclass	DOID_559
DOID_1143	has_subclass	DOID_1142
DOID_1143	has_subclass	DOID_11853
DOID_11465	has_subclass	DOID_0060731
DOID_11465	has_subclass	DOID_11488
DOID_11465	has_subclass	DOID_11599
DOID_11465	has_subclass	DOID_3223
DOID_11472	has_subclass	DOID_7764
DOID_11476	has_subclass	DOID_0060343
DOID_11476	has_subclass	DOID_12559
DOID_1148	has_subclass	DOID_0060985
DOID_1148	has_subclass	DOID_0060986
DOID_11504	has_subclass	DOID_11486
DOID_11504	has_subclass	DOID_11503
DOID_11506	has_subclass	DOID_10435
DOID_11506	has_subclass	DOID_14247
DOID_11506	has_subclass	DOID_14435
DOID_11518	has_subclass	DOID_14523
DOID_11547	has_subclass	DOID_12307
DOID_11547	has_subclass	DOID_13448
DOID_11557	has_subclass	DOID_11558
DOID_1159	has_subclass	DOID_11914
DOID_11595	has_subclass	DOID_11594
DOID_11595	has_subclass	DOID_13787
DOID_11595	has_subclass	DOID_13788
DOID_11595	has_subclass	DOID_13789
DOID_116	has_subclass	DOID_4699
DOID_116	has_subclass	DOID_6201
DOID_11608	has_subclass	DOID_0080159
DOID_11608	has_subclass	DOID_12246
DOID_11615	has_subclass	DOID_11838
DOID_11615	has_subclass	DOID_11839
DOID_11653	has_subclass	DOID_11988
DOID_1168	has_subclass	DOID_0111417
DOID_1168	has_subclass	DOID_1171
DOID_1168	has_subclass	DOID_1172
DOID_1168	has_subclass	DOID_13809
DOID_1168	has_subclass	DOID_13810
DOID_1168	has_subclass	DOID_3145
DOID_117	has_subclass	DOID_116
DOID_117	has_subclass	DOID_14535
DOID_117	has_subclass	DOID_5262
DOID_117	has_subclass	DOID_5877
DOID_117	has_subclass	DOID_6547
DOID_117	has_subclass	DOID_9299
DOID_11702	has_subclass	DOID_0050222
DOID_11702	has_subclass	DOID_11701
DOID_11702	has_subclass	DOID_14176
DOID_11702	has_subclass	DOID_6024
DOID_11717	has_subclass	DOID_0060334
DOID_11720	has_subclass	DOID_0070196
DOID_11720	has_subclass	DOID_0111187
DOID_11720	has_subclass	DOID_0111190
DOID_11720	has_subclass	DOID_0111191
DOID_11724	has_subclass	DOID_0110273
DOID_11724	has_subclass	DOID_0110274
DOID_11725	has_subclass	DOID_0060970
DOID_11725	has_subclass	DOID_0080505
DOID_11725	has_subclass	DOID_0080506
DOID_11725	has_subclass	DOID_0080507
DOID_11725	has_subclass	DOID_0080508
DOID_11725	has_subclass	DOID_0080509
DOID_11726	has_subclass	DOID_0070246
DOID_11726	has_subclass	DOID_0070248
DOID_11726	has_subclass	DOID_0070251
DOID_11727	has_subclass	DOID_0060917
DOID_11727	has_subclass	DOID_0060918
DOID_11727	has_subclass	DOID_0111192
DOID_11747	has_subclass	DOID_10744
DOID_11747	has_subclass	DOID_11746
DOID_11747	has_subclass	DOID_11748
DOID_1176	has_subclass	DOID_0050614
DOID_1176	has_subclass	DOID_2799
DOID_1176	has_subclass	DOID_2942
DOID_1176	has_subclass	DOID_6132
DOID_11782	has_subclass	DOID_11781
DOID_11782	has_subclass	DOID_13919
DOID_118	has_subclass	DOID_11482
DOID_118	has_subclass	DOID_115
DOID_11801	has_subclass	DOID_12328
DOID_11801	has_subclass	DOID_13579
DOID_11817	has_subclass	DOID_5958
DOID_11817	has_subclass	DOID_7694
DOID_11819	has_subclass	DOID_14489
DOID_11819	has_subclass	DOID_4939
DOID_11819	has_subclass	DOID_6886
DOID_11830	has_subclass	DOID_11829
DOID_1184	has_subclass	DOID_10966
DOID_11840	has_subclass	DOID_0111151
DOID_11843	has_subclass	DOID_0060562
DOID_1187	has_subclass	DOID_12526
DOID_1188	has_subclass	DOID_1187
DOID_1188	has_subclass	DOID_12171
DOID_1188	has_subclass	DOID_1802
DOID_1188	has_subclass	DOID_4196
DOID_1188	has_subclass	DOID_4201
DOID_1188	has_subclass	DOID_4613
DOID_11885	has_subclass	DOID_11887
DOID_11885	has_subclass	DOID_11888
DOID_11885	has_subclass	DOID_6936
DOID_119	has_subclass	DOID_0050918
DOID_119	has_subclass	DOID_134
DOID_119	has_subclass	DOID_138
DOID_119	has_subclass	DOID_1901
DOID_119	has_subclass	DOID_1910
DOID_119	has_subclass	DOID_5171
DOID_119	has_subclass	DOID_6788
DOID_1192	has_subclass	DOID_2621
DOID_1192	has_subclass	DOID_2815
DOID_1192	has_subclass	DOID_3193
DOID_1192	has_subclass	DOID_4698
DOID_1192	has_subclass	DOID_7077
DOID_11920	has_subclass	DOID_0050919
DOID_11920	has_subclass	DOID_12001
DOID_11920	has_subclass	DOID_12002
DOID_11920	has_subclass	DOID_4876
DOID_11934	has_subclass	DOID_1542
DOID_11963	has_subclass	DOID_13147
DOID_11963	has_subclass	DOID_13921
DOID_11963	has_subclass	DOID_13922
DOID_11963	has_subclass	DOID_13976
DOID_11963	has_subclass	DOID_6297
DOID_11971	has_subclass	DOID_0050654
DOID_11971	has_subclass	DOID_0060467
DOID_11971	has_subclass	DOID_11193
DOID_11971	has_subclass	DOID_14762
DOID_11971	has_subclass	DOID_2340
DOID_11976	has_subclass	DOID_0050141
DOID_11976	has_subclass	DOID_0050352
DOID_11976	has_subclass	DOID_0050353
DOID_11976	has_subclass	DOID_0050354
DOID_11984	has_subclass	DOID_0080326
DOID_11984	has_subclass	DOID_0111753
DOID_120	has_subclass	DOID_119
DOID_120	has_subclass	DOID_2394
DOID_1201	has_subclass	DOID_3202
DOID_12010	has_subclass	DOID_0050863
DOID_12010	has_subclass	DOID_0050864
DOID_1203	has_subclass	DOID_1742
DOID_12030	has_subclass	DOID_12029
DOID_1205	has_subclass	DOID_0050185
DOID_1205	has_subclass	DOID_0060500
DOID_1205	has_subclass	DOID_0060501
DOID_1205	has_subclass	DOID_0060532
DOID_1205	has_subclass	DOID_0070659
DOID_1205	has_subclass	DOID_0080746
DOID_1205	has_subclass	DOID_0080811
DOID_1205	has_subclass	DOID_106
DOID_1205	has_subclass	DOID_10612
DOID_1205	has_subclass	DOID_11450
DOID_1205	has_subclass	DOID_11558
DOID_1205	has_subclass	DOID_1895
DOID_1205	has_subclass	DOID_3042
DOID_1205	has_subclass	DOID_3728
DOID_1205	has_subclass	DOID_841
DOID_1205	has_subclass	DOID_9503
DOID_121	has_subclass	DOID_0050269
DOID_121	has_subclass	DOID_0060114
DOID_121	has_subclass	DOID_2170
DOID_121	has_subclass	DOID_2272
DOID_121	has_subclass	DOID_3767
DOID_121	has_subclass	DOID_8920
DOID_1210	has_subclass	DOID_10175
DOID_1210	has_subclass	DOID_1209
DOID_1210	has_subclass	DOID_13329
DOID_1210	has_subclass	DOID_14155
DOID_12119	has_subclass	DOID_12118
DOID_12161	has_subclass	DOID_12162
DOID_12161	has_subclass	DOID_12163
DOID_12161	has_subclass	DOID_12164
DOID_12161	has_subclass	DOID_12165
DOID_12161	has_subclass	DOID_12166
DOID_12161	has_subclass	DOID_12167
DOID_12169	has_subclass	DOID_0070466
DOID_12171	has_subclass	DOID_12170
DOID_12176	has_subclass	DOID_0050489
DOID_12176	has_subclass	DOID_12175
DOID_12176	has_subclass	DOID_13195
DOID_12176	has_subclass	DOID_13196
DOID_12176	has_subclass	DOID_13197
DOID_12176	has_subclass	DOID_13200
DOID_12177	has_subclass	DOID_0081144
DOID_12177	has_subclass	DOID_0081147
DOID_12177	has_subclass	DOID_0081148
DOID_12177	has_subclass	DOID_0081150
DOID_12177	has_subclass	DOID_0081154
DOID_12177	has_subclass	DOID_0081156
DOID_12179	has_subclass	DOID_0050116
DOID_12179	has_subclass	DOID_13368
DOID_12185	has_subclass	DOID_0060920
DOID_12185	has_subclass	DOID_0060921
DOID_12185	has_subclass	DOID_0060922
DOID_12185	has_subclass	DOID_0060923
DOID_12185	has_subclass	DOID_0060924
DOID_12185	has_subclass	DOID_0060925
DOID_12185	has_subclass	DOID_0060926
DOID_12185	has_subclass	DOID_0060927
DOID_12185	has_subclass	DOID_0060928
DOID_12190	has_subclass	DOID_12191
DOID_12192	has_subclass	DOID_2782
DOID_12205	has_subclass	DOID_0050125
DOID_12205	has_subclass	DOID_0050143
DOID_12205	has_subclass	DOID_12206
DOID_1222	has_subclass	DOID_0060102
DOID_1222	has_subclass	DOID_10986
DOID_1222	has_subclass	DOID_14021
DOID_1222	has_subclass	DOID_2256
DOID_1222	has_subclass	DOID_6227
DOID_12236	has_subclass	DOID_0070358
DOID_12236	has_subclass	DOID_0070359
DOID_12236	has_subclass	DOID_0070360
DOID_12236	has_subclass	DOID_0070361
DOID_12236	has_subclass	DOID_0070362
DOID_12241	has_subclass	DOID_0080770
DOID_12241	has_subclass	DOID_0080772
DOID_12241	has_subclass	DOID_0080774
DOID_1227	has_subclass	DOID_0050590
DOID_1227	has_subclass	DOID_11245
DOID_1227	has_subclass	DOID_5339
DOID_12271	has_subclass	DOID_0070532
DOID_12318	has_subclass	DOID_0060444
DOID_12318	has_subclass	DOID_0080530
DOID_12326	has_subclass	DOID_12325
DOID_12326	has_subclass	DOID_14557
DOID_12336	has_subclass	DOID_0050457
DOID_12336	has_subclass	DOID_0070311
DOID_12336	has_subclass	DOID_0111862
DOID_12336	has_subclass	DOID_0111910
DOID_12336	has_subclass	DOID_14096
DOID_12336	has_subclass	DOID_14227
DOID_12336	has_subclass	DOID_14228
DOID_12341	has_subclass	DOID_5284
DOID_12347	has_subclass	DOID_0060438
DOID_12347	has_subclass	DOID_0110334
DOID_12347	has_subclass	DOID_0110335
DOID_12347	has_subclass	DOID_0110339
DOID_12347	has_subclass	DOID_0110341
DOID_12347	has_subclass	DOID_0110343
DOID_12347	has_subclass	DOID_0110345
DOID_12347	has_subclass	DOID_0110348
DOID_12347	has_subclass	DOID_0110349
DOID_12347	has_subclass	DOID_0112201
DOID_1235	has_subclass	DOID_1233
DOID_12359	has_subclass	DOID_12362
DOID_12365	has_subclass	DOID_12919
DOID_12365	has_subclass	DOID_12978
DOID_12365	has_subclass	DOID_14067
DOID_12365	has_subclass	DOID_14068
DOID_12365	has_subclass	DOID_14069
DOID_12365	has_subclass	DOID_14324
DOID_12365	has_subclass	DOID_14325
DOID_1237	has_subclass	DOID_11164
DOID_1237	has_subclass	DOID_11267
DOID_1237	has_subclass	DOID_11342
DOID_1237	has_subclass	DOID_11541
DOID_1237	has_subclass	DOID_11793
DOID_1237	has_subclass	DOID_14507
DOID_1237	has_subclass	DOID_2879
DOID_12377	has_subclass	DOID_0050529
DOID_12377	has_subclass	DOID_0060161
DOID_12377	has_subclass	DOID_0070348
DOID_12377	has_subclass	DOID_0111194
DOID_12377	has_subclass	DOID_0111196
DOID_12377	has_subclass	DOID_0111197
DOID_12377	has_subclass	DOID_0111527
DOID_12377	has_subclass	DOID_0111827
DOID_12384	has_subclass	DOID_14397
DOID_12387	has_subclass	DOID_0081060
DOID_12387	has_subclass	DOID_0081061
DOID_12397	has_subclass	DOID_12395
DOID_12397	has_subclass	DOID_12836
DOID_12397	has_subclass	DOID_13112
DOID_12397	has_subclass	DOID_13113
DOID_1240	has_subclass	DOID_1035
DOID_1240	has_subclass	DOID_12965
DOID_1240	has_subclass	DOID_3264
DOID_1240	has_subclass	DOID_6004
DOID_1240	has_subclass	DOID_8692
DOID_1240	has_subclass	DOID_9254
DOID_1242	has_subclass	DOID_1241
DOID_1242	has_subclass	DOID_14070
DOID_1242	has_subclass	DOID_14199
DOID_1242	has_subclass	DOID_2460
DOID_1242	has_subclass	DOID_4692
DOID_12449	has_subclass	DOID_1342
DOID_12449	has_subclass	DOID_2354
DOID_1245	has_subclass	DOID_11905
DOID_1245	has_subclass	DOID_1294
DOID_1245	has_subclass	DOID_2072
DOID_1245	has_subclass	DOID_2076
DOID_1245	has_subclass	DOID_2093
DOID_1245	has_subclass	DOID_2401
DOID_1245	has_subclass	DOID_5711
DOID_12466	has_subclass	DOID_12465
DOID_1247	has_subclass	DOID_0061030
DOID_1247	has_subclass	DOID_0111052
DOID_1247	has_subclass	DOID_0111146
DOID_1247	has_subclass	DOID_2211
DOID_1247	has_subclass	DOID_2213
DOID_1247	has_subclass	DOID_2215
DOID_1247	has_subclass	DOID_2217
DOID_1247	has_subclass	DOID_2218
DOID_1247	has_subclass	DOID_2231
DOID_1247	has_subclass	DOID_2236
DOID_12528	has_subclass	DOID_11446
DOID_12531	has_subclass	DOID_0060573
DOID_12531	has_subclass	DOID_0060574
DOID_12531	has_subclass	DOID_0111054
DOID_1255	has_subclass	DOID_1254
DOID_1255	has_subclass	DOID_3332
DOID_1255	has_subclass	DOID_3985
DOID_12557	has_subclass	DOID_0061027
DOID_12558	has_subclass	DOID_0070759
DOID_12558	has_subclass	DOID_0111515
DOID_12558	has_subclass	DOID_0111516
DOID_12558	has_subclass	DOID_0111518
DOID_12558	has_subclass	DOID_0111520
DOID_12558	has_subclass	DOID_0111522
DOID_12558	has_subclass	DOID_0111523
DOID_12558	has_subclass	DOID_0111525
DOID_12558	has_subclass	DOID_12934
DOID_12571	has_subclass	DOID_12570
DOID_12571	has_subclass	DOID_13641
DOID_12574	has_subclass	DOID_0111079
DOID_12577	has_subclass	DOID_1829
DOID_12603	has_subclass	DOID_0081076
DOID_12603	has_subclass	DOID_9952
DOID_12639	has_subclass	DOID_12638
DOID_12639	has_subclass	DOID_14099
DOID_12642	has_subclass	DOID_12641
DOID_12657	has_subclass	DOID_0070735
DOID_12657	has_subclass	DOID_12683
DOID_12667	has_subclass	DOID_12668
DOID_12678	has_subclass	DOID_0060699
DOID_12678	has_subclass	DOID_0061135
DOID_12678	has_subclass	DOID_0061136
DOID_127	has_subclass	DOID_10070
DOID_127	has_subclass	DOID_13109
DOID_127	has_subclass	DOID_1738
DOID_127	has_subclass	DOID_2142
DOID_127	has_subclass	DOID_248
DOID_127	has_subclass	DOID_5124
DOID_127	has_subclass	DOID_5125
DOID_127	has_subclass	DOID_5127
DOID_127	has_subclass	DOID_5128
DOID_127	has_subclass	DOID_5134
DOID_127	has_subclass	DOID_5136
DOID_127	has_subclass	DOID_5137
DOID_127	has_subclass	DOID_5138
DOID_127	has_subclass	DOID_5139
DOID_127	has_subclass	DOID_5143
DOID_127	has_subclass	DOID_5146
DOID_127	has_subclass	DOID_5728
DOID_127	has_subclass	DOID_7160
DOID_12705	has_subclass	DOID_0111218
DOID_12705	has_subclass	DOID_0111219
DOID_1271	has_subclass	DOID_0111529
DOID_1271	has_subclass	DOID_14400
DOID_1271	has_subclass	DOID_1637
DOID_1271	has_subclass	DOID_2493
DOID_12712	has_subclass	DOID_0111112
DOID_12712	has_subclass	DOID_0111113
DOID_12712	has_subclass	DOID_0111114
DOID_12712	has_subclass	DOID_0111115
DOID_12712	has_subclass	DOID_0111116
DOID_12712	has_subclass	DOID_0111117
DOID_12712	has_subclass	DOID_0111118
DOID_12712	has_subclass	DOID_0111119
DOID_12712	has_subclass	DOID_0111120
DOID_12712	has_subclass	DOID_0111121
DOID_12712	has_subclass	DOID_0111122
DOID_12712	has_subclass	DOID_0111123
DOID_12712	has_subclass	DOID_0111124
DOID_12712	has_subclass	DOID_0111125
DOID_12712	has_subclass	DOID_0111126
DOID_12712	has_subclass	DOID_0111127
DOID_12721	has_subclass	DOID_0070299
DOID_12721	has_subclass	DOID_0070300
DOID_12721	has_subclass	DOID_0070302
DOID_12759	has_subclass	DOID_6438
DOID_12759	has_subclass	DOID_7807
DOID_1279	has_subclass	DOID_0080143
DOID_1279	has_subclass	DOID_1278
DOID_1279	has_subclass	DOID_9650
DOID_12798	has_subclass	DOID_0050809
DOID_12798	has_subclass	DOID_0061128
DOID_12798	has_subclass	DOID_12799
DOID_12798	has_subclass	DOID_12800
DOID_12798	has_subclass	DOID_12802
DOID_12798	has_subclass	DOID_12803
DOID_12801	has_subclass	DOID_0111393
DOID_12801	has_subclass	DOID_0111395
DOID_12801	has_subclass	DOID_0111402
DOID_12802	has_subclass	DOID_0060222
DOID_12802	has_subclass	DOID_0111389
DOID_12802	has_subclass	DOID_0111390
DOID_12804	has_subclass	DOID_0111391
DOID_1284	has_subclass	DOID_11629
DOID_1284	has_subclass	DOID_12369
DOID_1284	has_subclass	DOID_12637
DOID_1284	has_subclass	DOID_1283
DOID_1284	has_subclass	DOID_14130
DOID_1284	has_subclass	DOID_14131
DOID_12842	has_subclass	DOID_12889
DOID_1285	has_subclass	DOID_0060328
DOID_1285	has_subclass	DOID_3127
DOID_1285	has_subclass	DOID_9307
DOID_12859	has_subclass	DOID_14483
DOID_1287	has_subclass	DOID_0050829
DOID_1287	has_subclass	DOID_176
DOID_1287	has_subclass	DOID_178
DOID_1287	has_subclass	DOID_3481
DOID_1289	has_subclass	DOID_0050765
DOID_1289	has_subclass	DOID_0050831
DOID_1289	has_subclass	DOID_0050890
DOID_1289	has_subclass	DOID_0060264
DOID_1289	has_subclass	DOID_0070474
DOID_1289	has_subclass	DOID_0081327
DOID_1289	has_subclass	DOID_0081364
DOID_1289	has_subclass	DOID_0090003
DOID_1289	has_subclass	DOID_0110734
DOID_1289	has_subclass	DOID_0111246
DOID_1289	has_subclass	DOID_12707
DOID_1289	has_subclass	DOID_12858
DOID_1289	has_subclass	DOID_13548
DOID_1289	has_subclass	DOID_14784
DOID_1289	has_subclass	DOID_3688
DOID_1289	has_subclass	DOID_680
DOID_1289	has_subclass	DOID_9277
DOID_12897	has_subclass	DOID_9173
DOID_12930	has_subclass	DOID_0051073
DOID_12930	has_subclass	DOID_0081157
DOID_12930	has_subclass	DOID_0081158
DOID_12930	has_subclass	DOID_0081160
DOID_12930	has_subclass	DOID_0081161
DOID_12930	has_subclass	DOID_0081162
DOID_12930	has_subclass	DOID_0110423
DOID_12930	has_subclass	DOID_0110425
DOID_12930	has_subclass	DOID_0110426
DOID_12930	has_subclass	DOID_0110437
DOID_12930	has_subclass	DOID_0110438
DOID_12930	has_subclass	DOID_0110440
DOID_12930	has_subclass	DOID_0110441
DOID_12930	has_subclass	DOID_0110442
DOID_12930	has_subclass	DOID_0110443
DOID_12930	has_subclass	DOID_0110446
DOID_12930	has_subclass	DOID_0110448
DOID_12930	has_subclass	DOID_0110452
DOID_12930	has_subclass	DOID_0110453
DOID_12930	has_subclass	DOID_0110454
DOID_12930	has_subclass	DOID_0110456
DOID_12930	has_subclass	DOID_0110458
DOID_12930	has_subclass	DOID_0110459
DOID_12930	has_subclass	DOID_0110460
DOID_12930	has_subclass	DOID_9997
DOID_1294	has_subclass	DOID_1293
DOID_1294	has_subclass	DOID_13389
DOID_1294	has_subclass	DOID_2098
DOID_1294	has_subclass	DOID_2101
DOID_1294	has_subclass	DOID_4301
DOID_1294	has_subclass	DOID_5761
DOID_1294	has_subclass	DOID_7565
DOID_1294	has_subclass	DOID_7567
DOID_12959	has_subclass	DOID_12958
DOID_12959	has_subclass	DOID_13037
DOID_12959	has_subclass	DOID_13038
DOID_12960	has_subclass	DOID_0060234
DOID_12960	has_subclass	DOID_0060359
DOID_12960	has_subclass	DOID_14705
DOID_12960	has_subclass	DOID_14761
DOID_12960	has_subclass	DOID_14768
DOID_12971	has_subclass	DOID_0110916
DOID_12971	has_subclass	DOID_0110917
DOID_12971	has_subclass	DOID_0110918
DOID_12987	has_subclass	DOID_1227
DOID_13033	has_subclass	DOID_13477
DOID_13034	has_subclass	DOID_13035
DOID_13034	has_subclass	DOID_13036
DOID_1307	has_subclass	DOID_12217
DOID_1307	has_subclass	DOID_8725
DOID_1307	has_subclass	DOID_9255
DOID_13089	has_subclass	DOID_3527
DOID_1312	has_subclass	DOID_0111128
DOID_1312	has_subclass	DOID_0111129
DOID_1312	has_subclass	DOID_0111130
DOID_1312	has_subclass	DOID_0111131
DOID_1312	has_subclass	DOID_0111132
DOID_1312	has_subclass	DOID_0111134
DOID_13129	has_subclass	DOID_13133
DOID_13138	has_subclass	DOID_13139
DOID_13141	has_subclass	DOID_12030
DOID_13141	has_subclass	DOID_12732
DOID_13141	has_subclass	DOID_13140
DOID_13143	has_subclass	DOID_13145
DOID_13148	has_subclass	DOID_13690
DOID_1319	has_subclass	DOID_0060106
DOID_1319	has_subclass	DOID_1659
DOID_1319	has_subclass	DOID_2127
DOID_1319	has_subclass	DOID_2129
DOID_1319	has_subclass	DOID_2132
DOID_1319	has_subclass	DOID_5677
DOID_1319	has_subclass	DOID_6128
DOID_1319	has_subclass	DOID_7430
DOID_1319	has_subclass	DOID_7516
DOID_13223	has_subclass	DOID_13222
DOID_13223	has_subclass	DOID_13560
DOID_13223	has_subclass	DOID_13951
DOID_13223	has_subclass	DOID_13953
DOID_13223	has_subclass	DOID_13955
DOID_13223	has_subclass	DOID_13956
DOID_13223	has_subclass	DOID_13957
DOID_1324	has_subclass	DOID_0080899
DOID_1324	has_subclass	DOID_3593
DOID_1324	has_subclass	DOID_3905
DOID_1324	has_subclass	DOID_3924
DOID_1324	has_subclass	DOID_4829
DOID_1324	has_subclass	DOID_5410
DOID_1324	has_subclass	DOID_5764
DOID_1324	has_subclass	DOID_6760
DOID_1324	has_subclass	DOID_7696
DOID_13240	has_subclass	DOID_13239
DOID_13240	has_subclass	DOID_14529
DOID_13240	has_subclass	DOID_14550
DOID_1325	has_subclass	DOID_3904
DOID_13250	has_subclass	DOID_0050129
DOID_13250	has_subclass	DOID_0050130
DOID_13250	has_subclass	DOID_0050131
DOID_13250	has_subclass	DOID_0050132
DOID_13250	has_subclass	DOID_0050140
DOID_13268	has_subclass	DOID_13271
DOID_13268	has_subclass	DOID_3133
DOID_13317	has_subclass	DOID_0070214
DOID_13317	has_subclass	DOID_0070217
DOID_13317	has_subclass	DOID_0070218
DOID_13317	has_subclass	DOID_0070219
DOID_13359	has_subclass	DOID_0050802
DOID_13359	has_subclass	DOID_0080726
DOID_13359	has_subclass	DOID_0080728
DOID_13359	has_subclass	DOID_0080730
DOID_13359	has_subclass	DOID_0080735
DOID_13359	has_subclass	DOID_0080736
DOID_13359	has_subclass	DOID_0080739
DOID_13359	has_subclass	DOID_0080986
DOID_13359	has_subclass	DOID_14757
DOID_13365	has_subclass	DOID_4428
DOID_1338	has_subclass	DOID_0051001
DOID_1338	has_subclass	DOID_0051002
DOID_1338	has_subclass	DOID_0111399
DOID_1338	has_subclass	DOID_0111401
DOID_13386	has_subclass	DOID_0050059
DOID_1339	has_subclass	DOID_0111878
DOID_1339	has_subclass	DOID_0111880
DOID_1339	has_subclass	DOID_0111881
DOID_1339	has_subclass	DOID_0111882
DOID_1339	has_subclass	DOID_0111883
DOID_1339	has_subclass	DOID_0111884
DOID_1339	has_subclass	DOID_0111885
DOID_1339	has_subclass	DOID_0111888
DOID_1339	has_subclass	DOID_0111890
DOID_1339	has_subclass	DOID_0111892
DOID_1339	has_subclass	DOID_0111894
DOID_13399	has_subclass	DOID_11661
DOID_13399	has_subclass	DOID_13909
DOID_13399	has_subclass	DOID_13910
DOID_13399	has_subclass	DOID_13911
DOID_13399	has_subclass	DOID_13912
DOID_1340	has_subclass	DOID_1339
DOID_13401	has_subclass	DOID_979
DOID_13403	has_subclass	DOID_12055
DOID_13413	has_subclass	DOID_12550
DOID_1342	has_subclass	DOID_1340
DOID_1342	has_subclass	DOID_13636
DOID_13452	has_subclass	DOID_13676
DOID_13452	has_subclass	DOID_13794
DOID_13452	has_subclass	DOID_13861
DOID_13474	has_subclass	DOID_13473
DOID_13476	has_subclass	DOID_7763
DOID_13476	has_subclass	DOID_8133
DOID_13499	has_subclass	DOID_0050926
DOID_13499	has_subclass	DOID_3216
DOID_135	has_subclass	DOID_6505
DOID_1350	has_subclass	DOID_1358
DOID_1350	has_subclass	DOID_6947
DOID_13515	has_subclass	DOID_0080324
DOID_13515	has_subclass	DOID_0080325
DOID_1352	has_subclass	DOID_0050127
DOID_1352	has_subclass	DOID_0050619
DOID_1352	has_subclass	DOID_867
DOID_13533	has_subclass	DOID_0110937
DOID_13533	has_subclass	DOID_0110938
DOID_13533	has_subclass	DOID_0110941
DOID_13533	has_subclass	DOID_0110943
DOID_13533	has_subclass	DOID_0110945
DOID_13533	has_subclass	DOID_0110946
DOID_13543	has_subclass	DOID_11202
DOID_13543	has_subclass	DOID_13575
DOID_13548	has_subclass	DOID_14332
DOID_13550	has_subclass	DOID_1405
DOID_13564	has_subclass	DOID_0050073
DOID_13564	has_subclass	DOID_0050153
DOID_13564	has_subclass	DOID_13565
DOID_1357	has_subclass	DOID_4003
DOID_1357	has_subclass	DOID_7198
DOID_1357	has_subclass	DOID_7684
DOID_1357	has_subclass	DOID_7910
DOID_1358	has_subclass	DOID_7868
DOID_1358	has_subclass	DOID_8093
DOID_13580	has_subclass	DOID_13603
DOID_13580	has_subclass	DOID_13608
DOID_13580	has_subclass	DOID_13619
DOID_13580	has_subclass	DOID_1852
DOID_136	has_subclass	DOID_4117
DOID_1360	has_subclass	DOID_2441
DOID_1361	has_subclass	DOID_6054
DOID_1361	has_subclass	DOID_8060
DOID_1363	has_subclass	DOID_2763
DOID_1363	has_subclass	DOID_2764
DOID_1363	has_subclass	DOID_2766
DOID_13636	has_subclass	DOID_0060978
DOID_13636	has_subclass	DOID_0111082
DOID_13636	has_subclass	DOID_0111083
DOID_13636	has_subclass	DOID_0111084
DOID_13636	has_subclass	DOID_0111087
DOID_13636	has_subclass	DOID_0111088
DOID_13636	has_subclass	DOID_0111089
DOID_13636	has_subclass	DOID_0111090
DOID_13636	has_subclass	DOID_0111093
DOID_13636	has_subclass	DOID_0111094
DOID_13636	has_subclass	DOID_0111095
DOID_13636	has_subclass	DOID_0111097
DOID_13636	has_subclass	DOID_0111098
DOID_1364	has_subclass	DOID_6559
DOID_1364	has_subclass	DOID_6562
DOID_1364	has_subclass	DOID_6854
DOID_13664	has_subclass	DOID_0070702
DOID_13725	has_subclass	DOID_0070317
DOID_13725	has_subclass	DOID_0070318
DOID_13731	has_subclass	DOID_13730
DOID_13757	has_subclass	DOID_13756
DOID_13757	has_subclass	DOID_14244
DOID_13794	has_subclass	DOID_14287
DOID_1380	has_subclass	DOID_2871
DOID_1380	has_subclass	DOID_5631
DOID_1380	has_subclass	DOID_7139
DOID_13810	has_subclass	DOID_0090105
DOID_13814	has_subclass	DOID_3197
DOID_1382	has_subclass	DOID_0070319
DOID_1382	has_subclass	DOID_0070320
DOID_1382	has_subclass	DOID_0070321
DOID_1382	has_subclass	DOID_11153
DOID_1383	has_subclass	DOID_11155
DOID_1383	has_subclass	DOID_1381
DOID_1383	has_subclass	DOID_1382
DOID_1383	has_subclass	DOID_2282
DOID_1383	has_subclass	DOID_9230
DOID_13832	has_subclass	DOID_0060563
DOID_1387	has_subclass	DOID_0080957
DOID_1387	has_subclass	DOID_0080958
DOID_1387	has_subclass	DOID_1388
DOID_1387	has_subclass	DOID_1390
DOID_1387	has_subclass	DOID_1391
DOID_1389	has_subclass	DOID_10593
DOID_1389	has_subclass	DOID_13649
DOID_1389	has_subclass	DOID_5214
DOID_1389	has_subclass	DOID_5221
DOID_1390	has_subclass	DOID_0111061
DOID_1390	has_subclass	DOID_0111062
DOID_13911	has_subclass	DOID_0050679
DOID_13911	has_subclass	DOID_0110007
DOID_13911	has_subclass	DOID_0110009
DOID_13911	has_subclass	DOID_0110010
DOID_1393	has_subclass	DOID_11975
DOID_1393	has_subclass	DOID_13295
DOID_1393	has_subclass	DOID_1392
DOID_1393	has_subclass	DOID_5678
DOID_13934	has_subclass	DOID_12506
DOID_13945	has_subclass	DOID_0061227
DOID_13945	has_subclass	DOID_0111035
DOID_1395	has_subclass	DOID_0050597
DOID_1395	has_subclass	DOID_11302
DOID_1395	has_subclass	DOID_13722
DOID_1395	has_subclass	DOID_1394
DOID_1397	has_subclass	DOID_10499
DOID_1397	has_subclass	DOID_9369
DOID_1398	has_subclass	DOID_0050291
DOID_1398	has_subclass	DOID_4110
DOID_1400	has_subclass	DOID_10140
DOID_1400	has_subclass	DOID_10174
DOID_1400	has_subclass	DOID_11134
DOID_1400	has_subclass	DOID_13651
DOID_1400	has_subclass	DOID_13653
DOID_1400	has_subclass	DOID_13654
DOID_1400	has_subclass	DOID_13655
DOID_1400	has_subclass	DOID_13929
DOID_1400	has_subclass	DOID_1399
DOID_1400	has_subclass	DOID_1822
DOID_1400	has_subclass	DOID_292
DOID_1400	has_subclass	DOID_3096
DOID_1400	has_subclass	DOID_950
DOID_14040	has_subclass	DOID_0050167
DOID_14040	has_subclass	DOID_0050168
DOID_1405	has_subclass	DOID_13549
DOID_1405	has_subclass	DOID_1404
DOID_1405	has_subclass	DOID_14445
DOID_14059	has_subclass	DOID_7284
DOID_1407	has_subclass	DOID_9383
DOID_14110	has_subclass	DOID_14139
DOID_14110	has_subclass	DOID_14145
DOID_14110	has_subclass	DOID_4066
DOID_1414	has_subclass	DOID_10787
DOID_1414	has_subclass	DOID_11612
DOID_1414	has_subclass	DOID_14336
DOID_1417	has_subclass	DOID_11406
DOID_1417	has_subclass	DOID_12759
DOID_1417	has_subclass	DOID_1415
DOID_1417	has_subclass	DOID_980
DOID_1417	has_subclass	DOID_9821
DOID_14213	has_subclass	DOID_0110913
DOID_14213	has_subclass	DOID_0110914
DOID_14213	has_subclass	DOID_0110915
DOID_14219	has_subclass	DOID_0061165
DOID_14219	has_subclass	DOID_0061166
DOID_14219	has_subclass	DOID_0061167
DOID_14219	has_subclass	DOID_0061195
DOID_14247	has_subclass	DOID_14248
DOID_1426	has_subclass	DOID_11819
DOID_1426	has_subclass	DOID_14146
DOID_1426	has_subclass	DOID_1425
DOID_1426	has_subclass	DOID_4022
DOID_1426	has_subclass	DOID_5199
DOID_1426	has_subclass	DOID_827
DOID_1426	has_subclass	DOID_9266
DOID_1426	has_subclass	DOID_9620
DOID_14268	has_subclass	DOID_0060643
DOID_1428	has_subclass	DOID_0112306
DOID_1428	has_subclass	DOID_13656
DOID_1428	has_subclass	DOID_14427
DOID_1428	has_subclass	DOID_2181
DOID_1428	has_subclass	DOID_6977
DOID_14291	has_subclass	DOID_0080548
DOID_14291	has_subclass	DOID_0080549
DOID_14291	has_subclass	DOID_0080550
DOID_1432	has_subclass	DOID_13399
DOID_14330	has_subclass	DOID_0051082
DOID_14330	has_subclass	DOID_0060894
DOID_14384	has_subclass	DOID_0050903
DOID_1441	has_subclass	DOID_0050882
DOID_1441	has_subclass	DOID_0050954
DOID_1441	has_subclass	DOID_0050955
DOID_1441	has_subclass	DOID_0050956
DOID_1441	has_subclass	DOID_0050957
DOID_1441	has_subclass	DOID_0050958
DOID_1441	has_subclass	DOID_0050959
DOID_1441	has_subclass	DOID_0050960
DOID_1441	has_subclass	DOID_0050961
DOID_1441	has_subclass	DOID_0050962
DOID_1441	has_subclass	DOID_0050963
DOID_1441	has_subclass	DOID_0050964
DOID_1441	has_subclass	DOID_0050965
DOID_1441	has_subclass	DOID_0050967
DOID_1441	has_subclass	DOID_0050968
DOID_1441	has_subclass	DOID_0050969
DOID_1441	has_subclass	DOID_0050970
DOID_1441	has_subclass	DOID_0050971
DOID_1441	has_subclass	DOID_0050972
DOID_1441	has_subclass	DOID_0050973
DOID_1441	has_subclass	DOID_0050974
DOID_1441	has_subclass	DOID_0050975
DOID_1441	has_subclass	DOID_0050976
DOID_1441	has_subclass	DOID_0050977
DOID_1441	has_subclass	DOID_0050978
DOID_1441	has_subclass	DOID_0050979
DOID_1441	has_subclass	DOID_0050980
DOID_1441	has_subclass	DOID_0050981
DOID_1441	has_subclass	DOID_0050982
DOID_1441	has_subclass	DOID_0050983
DOID_1441	has_subclass	DOID_0050984
DOID_1441	has_subclass	DOID_0050985
DOID_1441	has_subclass	DOID_0050986
DOID_1441	has_subclass	DOID_0050987
DOID_1441	has_subclass	DOID_0050988
DOID_1441	has_subclass	DOID_0050998
DOID_1441	has_subclass	DOID_0060162
DOID_1441	has_subclass	DOID_0061137
DOID_1441	has_subclass	DOID_0080286
DOID_1441	has_subclass	DOID_0080287
DOID_1441	has_subclass	DOID_0080288
DOID_1441	has_subclass	DOID_0111742
DOID_1441	has_subclass	DOID_0111744
DOID_1441	has_subclass	DOID_0111745
DOID_1441	has_subclass	DOID_0111746
DOID_1441	has_subclass	DOID_0111747
DOID_1441	has_subclass	DOID_1440
DOID_1443	has_subclass	DOID_10579
DOID_1443	has_subclass	DOID_10742
DOID_1443	has_subclass	DOID_14524
DOID_1443	has_subclass	DOID_2367
DOID_14447	has_subclass	DOID_0051055
DOID_14447	has_subclass	DOID_14450
DOID_14447	has_subclass	DOID_3491
DOID_14448	has_subclass	DOID_0111769
DOID_14448	has_subclass	DOID_0111771
DOID_14448	has_subclass	DOID_0111776
DOID_14448	has_subclass	DOID_0111777
DOID_14449	has_subclass	DOID_0080656
DOID_14450	has_subclass	DOID_0061013
DOID_14450	has_subclass	DOID_0080493
DOID_14450	has_subclass	DOID_0080494
DOID_14450	has_subclass	DOID_0080496
DOID_14450	has_subclass	DOID_0080499
DOID_14450	has_subclass	DOID_0080500
DOID_14503	has_subclass	DOID_0061189
DOID_14503	has_subclass	DOID_0110722
DOID_14503	has_subclass	DOID_0110723
DOID_14503	has_subclass	DOID_0110724
DOID_14503	has_subclass	DOID_0110725
DOID_14503	has_subclass	DOID_0110727
DOID_14503	has_subclass	DOID_0110728
DOID_14503	has_subclass	DOID_0110733
DOID_14504	has_subclass	DOID_0070111
DOID_14504	has_subclass	DOID_0070112
DOID_14504	has_subclass	DOID_0070113
DOID_14504	has_subclass	DOID_0070114
DOID_1453	has_subclass	DOID_1455
DOID_14546	has_subclass	DOID_14547
DOID_1456	has_subclass	DOID_14111
DOID_1456	has_subclass	DOID_1453
DOID_14566	has_subclass	DOID_0060071
DOID_14566	has_subclass	DOID_0060072
DOID_14566	has_subclass	DOID_162
DOID_1459	has_subclass	DOID_0050328
DOID_1459	has_subclass	DOID_0050655
DOID_1459	has_subclass	DOID_11633
DOID_1459	has_subclass	DOID_11634
DOID_1459	has_subclass	DOID_1458
DOID_1459	has_subclass	DOID_5083
DOID_146	has_subclass	DOID_14555
DOID_1461	has_subclass	DOID_14121
DOID_1461	has_subclass	DOID_1460
DOID_14654	has_subclass	DOID_13943
DOID_14679	has_subclass	DOID_0111766
DOID_1468	has_subclass	DOID_12357
DOID_1468	has_subclass	DOID_13534
DOID_1468	has_subclass	DOID_13867
DOID_1468	has_subclass	DOID_14081
DOID_1468	has_subclass	DOID_1467
DOID_14686	has_subclass	DOID_0110120
DOID_14686	has_subclass	DOID_0110121
DOID_14686	has_subclass	DOID_0110122
DOID_1470	has_subclass	DOID_1595
DOID_14702	has_subclass	DOID_0111423
DOID_14702	has_subclass	DOID_0111424
DOID_14717	has_subclass	DOID_0111216
DOID_14717	has_subclass	DOID_0111225
DOID_14735	has_subclass	DOID_0080939
DOID_14735	has_subclass	DOID_0080940
DOID_1474	has_subclass	DOID_0051075
DOID_1474	has_subclass	DOID_0061237
DOID_14748	has_subclass	DOID_0112102
DOID_14748	has_subclass	DOID_0112103
DOID_14748	has_subclass	DOID_0112104
DOID_14749	has_subclass	DOID_0050715
DOID_14749	has_subclass	DOID_0050716
DOID_14749	has_subclass	DOID_0050717
DOID_14749	has_subclass	DOID_0050732
DOID_14749	has_subclass	DOID_0050733
DOID_14749	has_subclass	DOID_0060740
DOID_14749	has_subclass	DOID_0060741
DOID_14749	has_subclass	DOID_0060742
DOID_14749	has_subclass	DOID_0060743
DOID_14749	has_subclass	DOID_0111814
DOID_1475	has_subclass	DOID_2286
DOID_1475	has_subclass	DOID_3081
DOID_14766	has_subclass	DOID_0080200
DOID_14766	has_subclass	DOID_12594
DOID_14791	has_subclass	DOID_0081169
DOID_14791	has_subclass	DOID_0110080
DOID_14791	has_subclass	DOID_0110329
DOID_14791	has_subclass	DOID_0110330
DOID_14791	has_subclass	DOID_0110331
DOID_14791	has_subclass	DOID_0110332
DOID_14791	has_subclass	DOID_0110333
DOID_14793	has_subclass	DOID_0111652
DOID_14793	has_subclass	DOID_0111653
DOID_14793	has_subclass	DOID_0111654
DOID_14793	has_subclass	DOID_0111663
DOID_1483	has_subclass	DOID_1134
DOID_1483	has_subclass	DOID_3086
DOID_1483	has_subclass	DOID_3671
DOID_1496	has_subclass	DOID_0050218
DOID_1496	has_subclass	DOID_12148
DOID_15	has_subclass	DOID_0050622
DOID_15	has_subclass	DOID_0050791
DOID_15	has_subclass	DOID_0051077
DOID_15	has_subclass	DOID_0090122
DOID_15	has_subclass	DOID_229
DOID_15	has_subclass	DOID_5223
DOID_150	has_subclass	DOID_0060037
DOID_150	has_subclass	DOID_10935
DOID_150	has_subclass	DOID_10937
DOID_150	has_subclass	DOID_1510
DOID_150	has_subclass	DOID_1561
DOID_150	has_subclass	DOID_1766
DOID_150	has_subclass	DOID_303
DOID_150	has_subclass	DOID_4737
DOID_150	has_subclass	DOID_507
DOID_150	has_subclass	DOID_535
DOID_1508	has_subclass	DOID_0080161
DOID_1508	has_subclass	DOID_13146
DOID_1508	has_subclass	DOID_14262
DOID_1508	has_subclass	DOID_14512
DOID_1508	has_subclass	DOID_2058
DOID_1508	has_subclass	DOID_9577
DOID_1510	has_subclass	DOID_10646
DOID_1510	has_subclass	DOID_10930
DOID_1510	has_subclass	DOID_10931
DOID_1510	has_subclass	DOID_10932
DOID_1510	has_subclass	DOID_10936
DOID_1510	has_subclass	DOID_10938
DOID_1510	has_subclass	DOID_10939
DOID_1510	has_subclass	DOID_1509
DOID_1510	has_subclass	DOID_2745
DOID_1510	has_subclass	DOID_334
DOID_1513	has_subclass	DOID_1512
DOID_1517	has_subclass	DOID_0050910
DOID_1518	has_subclass	DOID_1517
DOID_1519	has_subclass	DOID_3039
DOID_1520	has_subclass	DOID_0080183
DOID_1520	has_subclass	DOID_5519
DOID_1521	has_subclass	DOID_1519
DOID_1526	has_subclass	DOID_0080750
DOID_1526	has_subclass	DOID_1525
DOID_1529	has_subclass	DOID_11615
DOID_1529	has_subclass	DOID_13031
DOID_1529	has_subclass	DOID_8616
DOID_1529	has_subclass	DOID_8738
DOID_1529	has_subclass	DOID_8872
DOID_1529	has_subclass	DOID_9286
DOID_1532	has_subclass	DOID_0060646
DOID_1532	has_subclass	DOID_10195
DOID_1532	has_subclass	DOID_10247
DOID_1532	has_subclass	DOID_3798
DOID_1532	has_subclass	DOID_5157
DOID_1532	has_subclass	DOID_6564
DOID_154	has_subclass	DOID_2996
DOID_154	has_subclass	DOID_4236
DOID_154	has_subclass	DOID_5088
DOID_1542	has_subclass	DOID_5520
DOID_1555	has_subclass	DOID_0060220
DOID_1555	has_subclass	DOID_10612
DOID_1557	has_subclass	DOID_1556
DOID_1557	has_subclass	DOID_9809
DOID_1558	has_subclass	DOID_0080941
DOID_1561	has_subclass	DOID_0080831
DOID_1561	has_subclass	DOID_0080832
DOID_1561	has_subclass	DOID_2030
DOID_1561	has_subclass	DOID_2468
DOID_1563	has_subclass	DOID_13026
DOID_1563	has_subclass	DOID_13078
DOID_1564	has_subclass	DOID_0050133
DOID_1564	has_subclass	DOID_0050134
DOID_1564	has_subclass	DOID_0050135
DOID_1564	has_subclass	DOID_0060000
DOID_1564	has_subclass	DOID_1019
DOID_1564	has_subclass	DOID_11608
DOID_1564	has_subclass	DOID_4034
DOID_1570	has_subclass	DOID_12782
DOID_1570	has_subclass	DOID_13356
DOID_1570	has_subclass	DOID_1569
DOID_1570	has_subclass	DOID_1571
DOID_1572	has_subclass	DOID_0070687
DOID_1573	has_subclass	DOID_1572
DOID_1575	has_subclass	DOID_419
DOID_1579	has_subclass	DOID_0050161
DOID_1579	has_subclass	DOID_0111579
DOID_1579	has_subclass	DOID_11088
DOID_1579	has_subclass	DOID_8478
DOID_1579	has_subclass	DOID_9395
DOID_1579	has_subclass	DOID_974
DOID_1588	has_subclass	DOID_0060995
DOID_1588	has_subclass	DOID_11126
DOID_1588	has_subclass	DOID_1587
DOID_1595	has_subclass	DOID_9478
DOID_1596	has_subclass	DOID_0060167
DOID_1596	has_subclass	DOID_1470
DOID_16	has_subclass	DOID_0060121
DOID_16	has_subclass	DOID_37
DOID_16	has_subclass	DOID_4123
DOID_1602	has_subclass	DOID_10782
DOID_1602	has_subclass	DOID_4638
DOID_1602	has_subclass	DOID_4639
DOID_1602	has_subclass	DOID_4640
DOID_161	has_subclass	DOID_0050606
DOID_161	has_subclass	DOID_13072
DOID_161	has_subclass	DOID_2734
DOID_161	has_subclass	DOID_3390
DOID_161	has_subclass	DOID_3805
DOID_1612	has_subclass	DOID_0050671
DOID_1612	has_subclass	DOID_0060075
DOID_1612	has_subclass	DOID_0060076
DOID_1612	has_subclass	DOID_0060077
DOID_1612	has_subclass	DOID_0060078
DOID_1612	has_subclass	DOID_0060080
DOID_1612	has_subclass	DOID_0070781
DOID_1612	has_subclass	DOID_0070782
DOID_1612	has_subclass	DOID_1614
DOID_1612	has_subclass	DOID_3004
DOID_1612	has_subclass	DOID_3011
DOID_1612	has_subclass	DOID_3016
DOID_1612	has_subclass	DOID_3017
DOID_1612	has_subclass	DOID_3459
DOID_1612	has_subclass	DOID_4364
DOID_1612	has_subclass	DOID_5623
DOID_1612	has_subclass	DOID_5826
DOID_1612	has_subclass	DOID_7983
DOID_1618	has_subclass	DOID_2639
DOID_1618	has_subclass	DOID_2656
DOID_1618	has_subclass	DOID_7223
DOID_162	has_subclass	DOID_0050686
DOID_162	has_subclass	DOID_0050687
DOID_1625	has_subclass	DOID_7538
DOID_1625	has_subclass	DOID_7539
DOID_1625	has_subclass	DOID_7540
DOID_1626	has_subclass	DOID_7984
DOID_1626	has_subclass	DOID_8224
DOID_1626	has_subclass	DOID_8225
DOID_1626	has_subclass	DOID_8227
DOID_1628	has_subclass	DOID_1626
DOID_1657	has_subclass	DOID_6406
DOID_1659	has_subclass	DOID_3644
DOID_1659	has_subclass	DOID_368
DOID_1659	has_subclass	DOID_4791
DOID_1659	has_subclass	DOID_7502
DOID_1660	has_subclass	DOID_5341
DOID_1660	has_subclass	DOID_5510
DOID_1660	has_subclass	DOID_5553
DOID_1660	has_subclass	DOID_7428
DOID_1664	has_subclass	DOID_5030
DOID_1673	has_subclass	DOID_0080218
DOID_1673	has_subclass	DOID_1672
DOID_1673	has_subclass	DOID_2718
DOID_1673	has_subclass	DOID_9534
DOID_1679	has_subclass	DOID_0050859
DOID_1679	has_subclass	DOID_12355
DOID_1679	has_subclass	DOID_13148
DOID_1679	has_subclass	DOID_13306
DOID_1679	has_subclass	DOID_13507
DOID_1679	has_subclass	DOID_13949
DOID_1679	has_subclass	DOID_1680
DOID_1679	has_subclass	DOID_7127
DOID_1679	has_subclass	DOID_7138
DOID_1680	has_subclass	DOID_1678
DOID_1680	has_subclass	DOID_2392
DOID_1681	has_subclass	DOID_0050651
DOID_1682	has_subclass	DOID_0051054
DOID_1682	has_subclass	DOID_0060770
DOID_1682	has_subclass	DOID_0060772
DOID_1682	has_subclass	DOID_0070315
DOID_1682	has_subclass	DOID_1681
DOID_1682	has_subclass	DOID_4297
DOID_1682	has_subclass	DOID_6419
DOID_1682	has_subclass	DOID_9565
DOID_1682	has_subclass	DOID_9955
DOID_1686	has_subclass	DOID_0050593
DOID_1686	has_subclass	DOID_11776
DOID_1686	has_subclass	DOID_13060
DOID_1686	has_subclass	DOID_1687
DOID_1686	has_subclass	DOID_9283
DOID_1686	has_subclass	DOID_9946
DOID_169	has_subclass	DOID_0050925
DOID_169	has_subclass	DOID_2992
DOID_169	has_subclass	DOID_3002
DOID_169	has_subclass	DOID_4430
DOID_169	has_subclass	DOID_5574
DOID_169	has_subclass	DOID_5577
DOID_169	has_subclass	DOID_5777
DOID_1697	has_subclass	DOID_0060655
DOID_1697	has_subclass	DOID_0060877
DOID_1697	has_subclass	DOID_4603
DOID_17	has_subclass	DOID_0060032
DOID_17	has_subclass	DOID_0060100
DOID_17	has_subclass	DOID_0080000
DOID_17	has_subclass	DOID_440
DOID_17	has_subclass	DOID_65
DOID_170	has_subclass	DOID_1540
DOID_170	has_subclass	DOID_169
DOID_170	has_subclass	DOID_1781
DOID_170	has_subclass	DOID_1785
DOID_170	has_subclass	DOID_3277
DOID_170	has_subclass	DOID_5032
DOID_1701	has_subclass	DOID_0050674
DOID_1701	has_subclass	DOID_0050811
DOID_1701	has_subclass	DOID_0061180
DOID_1701	has_subclass	DOID_0061182
DOID_1701	has_subclass	DOID_4367
DOID_171	has_subclass	DOID_6872
DOID_1712	has_subclass	DOID_1929
DOID_1712	has_subclass	DOID_5805
DOID_1725	has_subclass	DOID_1788
DOID_1725	has_subclass	DOID_4490
DOID_1727	has_subclass	DOID_1726
DOID_1727	has_subclass	DOID_2450
DOID_1729	has_subclass	DOID_13514
DOID_173	has_subclass	DOID_2079
DOID_173	has_subclass	DOID_5442
DOID_173	has_subclass	DOID_5446
DOID_1731	has_subclass	DOID_11315
DOID_1731	has_subclass	DOID_1759
DOID_1737	has_subclass	DOID_0050927
DOID_174	has_subclass	DOID_4321
DOID_174	has_subclass	DOID_4322
DOID_174	has_subclass	DOID_4323
DOID_174	has_subclass	DOID_4324
DOID_174	has_subclass	DOID_6498
DOID_1749	has_subclass	DOID_0050866
DOID_1749	has_subclass	DOID_0050896
DOID_1749	has_subclass	DOID_0080323
DOID_1749	has_subclass	DOID_14547
DOID_1749	has_subclass	DOID_1748
DOID_1749	has_subclass	DOID_2101
DOID_1749	has_subclass	DOID_2441
DOID_1749	has_subclass	DOID_2763
DOID_1749	has_subclass	DOID_2876
DOID_1749	has_subclass	DOID_3737
DOID_1749	has_subclass	DOID_3742
DOID_1749	has_subclass	DOID_4385
DOID_1749	has_subclass	DOID_4829
DOID_1749	has_subclass	DOID_4830
DOID_1749	has_subclass	DOID_5514
DOID_1749	has_subclass	DOID_5515
DOID_1749	has_subclass	DOID_5516
DOID_1749	has_subclass	DOID_5518
DOID_1749	has_subclass	DOID_5519
DOID_1749	has_subclass	DOID_5521
DOID_1749	has_subclass	DOID_5522
DOID_1749	has_subclass	DOID_5524
DOID_1749	has_subclass	DOID_5526
DOID_1749	has_subclass	DOID_5527
DOID_1749	has_subclass	DOID_5529
DOID_1749	has_subclass	DOID_5530
DOID_1749	has_subclass	DOID_5531
DOID_1749	has_subclass	DOID_5533
DOID_1749	has_subclass	DOID_5534
DOID_1749	has_subclass	DOID_5535
DOID_1749	has_subclass	DOID_5537
DOID_1749	has_subclass	DOID_5538
DOID_1749	has_subclass	DOID_5539
DOID_1749	has_subclass	DOID_5540
DOID_1749	has_subclass	DOID_5623
DOID_1749	has_subclass	DOID_5624
DOID_1749	has_subclass	DOID_5625
DOID_1749	has_subclass	DOID_5626
DOID_1749	has_subclass	DOID_5627
DOID_1749	has_subclass	DOID_5629
DOID_1749	has_subclass	DOID_5631
DOID_1749	has_subclass	DOID_5634
DOID_1749	has_subclass	DOID_5635
DOID_1749	has_subclass	DOID_5637
DOID_1749	has_subclass	DOID_6961
DOID_1749	has_subclass	DOID_7031
DOID_1749	has_subclass	DOID_7049
DOID_1749	has_subclass	DOID_7051
DOID_1749	has_subclass	DOID_7910
DOID_175	has_subclass	DOID_0001816
DOID_175	has_subclass	DOID_0080189
DOID_175	has_subclass	DOID_7388
DOID_175	has_subclass	DOID_7390
DOID_175	has_subclass	DOID_8352
DOID_175	has_subclass	DOID_8731
DOID_1752	has_subclass	DOID_6037
DOID_1756	has_subclass	DOID_13501
DOID_1756	has_subclass	DOID_13865
DOID_1756	has_subclass	DOID_13934
DOID_1756	has_subclass	DOID_14075
DOID_1756	has_subclass	DOID_1757
DOID_1756	has_subclass	DOID_1761
DOID_176	has_subclass	DOID_117
DOID_1762	has_subclass	DOID_0060312
DOID_1766	has_subclass	DOID_0060045
DOID_178	has_subclass	DOID_0050828
DOID_178	has_subclass	DOID_0060903
DOID_178	has_subclass	DOID_0111563
DOID_178	has_subclass	DOID_0111567
DOID_178	has_subclass	DOID_10556
DOID_178	has_subclass	DOID_255
DOID_178	has_subclass	DOID_3103
DOID_178	has_subclass	DOID_341
DOID_178	has_subclass	DOID_4265
DOID_178	has_subclass	DOID_5729
DOID_178	has_subclass	DOID_866
DOID_1781	has_subclass	DOID_10011
DOID_1781	has_subclass	DOID_3963
DOID_1781	has_subclass	DOID_4515
DOID_1785	has_subclass	DOID_0081244
DOID_1785	has_subclass	DOID_4916
DOID_1787	has_subclass	DOID_10234
DOID_1787	has_subclass	DOID_10507
DOID_1787	has_subclass	DOID_11481
DOID_1787	has_subclass	DOID_1869
DOID_1790	has_subclass	DOID_1788
DOID_1790	has_subclass	DOID_2143
DOID_1790	has_subclass	DOID_4486
DOID_1790	has_subclass	DOID_4488
DOID_1790	has_subclass	DOID_4489
DOID_1790	has_subclass	DOID_6201
DOID_1791	has_subclass	DOID_4901
DOID_1793	has_subclass	DOID_0080323
DOID_1793	has_subclass	DOID_1792
DOID_1793	has_subclass	DOID_1795
DOID_1793	has_subclass	DOID_1796
DOID_1793	has_subclass	DOID_5637
DOID_1795	has_subclass	DOID_3919
DOID_1799	has_subclass	DOID_1798
DOID_1799	has_subclass	DOID_4432
DOID_1799	has_subclass	DOID_4433
DOID_1799	has_subclass	DOID_5580
DOID_1799	has_subclass	DOID_5741
DOID_1799	has_subclass	DOID_7697
DOID_18	has_subclass	DOID_0080653
DOID_18	has_subclass	DOID_0080784
DOID_18	has_subclass	DOID_10080
DOID_18	has_subclass	DOID_11111
DOID_18	has_subclass	DOID_1375
DOID_18	has_subclass	DOID_1412
DOID_18	has_subclass	DOID_1426
DOID_18	has_subclass	DOID_1439
DOID_18	has_subclass	DOID_3996
DOID_18	has_subclass	DOID_557
DOID_18	has_subclass	DOID_732
DOID_1802	has_subclass	DOID_572
DOID_1803	has_subclass	DOID_3689
DOID_182	has_subclass	DOID_0080170
DOID_182	has_subclass	DOID_4734
DOID_182	has_subclass	DOID_6652
DOID_1826	has_subclass	DOID_0050701
DOID_1826	has_subclass	DOID_0060281
DOID_1826	has_subclass	DOID_0080994
DOID_1826	has_subclass	DOID_0112122
DOID_1826	has_subclass	DOID_11832
DOID_1826	has_subclass	DOID_1824
DOID_1826	has_subclass	DOID_1827
DOID_1826	has_subclass	DOID_2234
DOID_1826	has_subclass	DOID_2544
DOID_1827	has_subclass	DOID_0060170
DOID_1827	has_subclass	DOID_0060475
DOID_1829	has_subclass	DOID_13658
DOID_184	has_subclass	DOID_0080639
DOID_184	has_subclass	DOID_10149
DOID_184	has_subclass	DOID_10151
DOID_184	has_subclass	DOID_1862
DOID_184	has_subclass	DOID_1863
DOID_184	has_subclass	DOID_2776
DOID_184	has_subclass	DOID_3368
DOID_184	has_subclass	DOID_3381
DOID_184	has_subclass	DOID_4143
DOID_184	has_subclass	DOID_5090
DOID_184	has_subclass	DOID_5546
DOID_184	has_subclass	DOID_6579
DOID_1852	has_subclass	DOID_0070221
DOID_1852	has_subclass	DOID_0070227
DOID_1862	has_subclass	DOID_2338
DOID_1862	has_subclass	DOID_4618
DOID_1863	has_subclass	DOID_3842
DOID_1875	has_subclass	DOID_4762
DOID_1876	has_subclass	DOID_1875
DOID_1882	has_subclass	DOID_0110106
DOID_1882	has_subclass	DOID_0110107
DOID_1882	has_subclass	DOID_0110108
DOID_1882	has_subclass	DOID_0110109
DOID_1882	has_subclass	DOID_0110113
DOID_1882	has_subclass	DOID_0110114
DOID_1882	has_subclass	DOID_13620
DOID_1882	has_subclass	DOID_1998
DOID_1884	has_subclass	DOID_0050204
DOID_1884	has_subclass	DOID_12549
DOID_1884	has_subclass	DOID_1883
DOID_1884	has_subclass	DOID_2043
DOID_1884	has_subclass	DOID_2047
DOID_1884	has_subclass	DOID_4411
DOID_1891	has_subclass	DOID_0070735
DOID_1891	has_subclass	DOID_0111531
DOID_1891	has_subclass	DOID_1210
DOID_1891	has_subclass	DOID_13561
DOID_1891	has_subclass	DOID_146
DOID_1891	has_subclass	DOID_5655
DOID_1891	has_subclass	DOID_5723
DOID_1891	has_subclass	DOID_705
DOID_1891	has_subclass	DOID_8869
DOID_1894	has_subclass	DOID_1893
DOID_1894	has_subclass	DOID_1895
DOID_1894	has_subclass	DOID_9076
DOID_1894	has_subclass	DOID_9140
DOID_1896	has_subclass	DOID_2780
DOID_1901	has_subclass	DOID_5170
DOID_1901	has_subclass	DOID_5283
DOID_1907	has_subclass	DOID_6192
DOID_1909	has_subclass	DOID_0050929
DOID_1909	has_subclass	DOID_13160
DOID_1909	has_subclass	DOID_14151
DOID_1909	has_subclass	DOID_1992
DOID_1909	has_subclass	DOID_3162
DOID_1909	has_subclass	DOID_4359
DOID_1909	has_subclass	DOID_4360
DOID_1909	has_subclass	DOID_6039
DOID_1909	has_subclass	DOID_6041
DOID_1909	has_subclass	DOID_6043
DOID_1909	has_subclass	DOID_6846
DOID_1909	has_subclass	DOID_7206
DOID_1909	has_subclass	DOID_7328
DOID_1909	has_subclass	DOID_8167
DOID_1909	has_subclass	DOID_8923
DOID_1911	has_subclass	DOID_5342
DOID_1911	has_subclass	DOID_5348
DOID_192	has_subclass	DOID_0080369
DOID_192	has_subclass	DOID_2696
DOID_192	has_subclass	DOID_2997
DOID_192	has_subclass	DOID_3577
DOID_1920	has_subclass	DOID_0112127
DOID_1923	has_subclass	DOID_0111526
DOID_1923	has_subclass	DOID_11383
DOID_1923	has_subclass	DOID_11613
DOID_1923	has_subclass	DOID_12698
DOID_1923	has_subclass	DOID_3763
DOID_1923	has_subclass	DOID_3765
DOID_1923	has_subclass	DOID_4671
DOID_1924	has_subclass	DOID_0090070
DOID_1924	has_subclass	DOID_5003
DOID_1925	has_subclass	DOID_0070042
DOID_1925	has_subclass	DOID_0070044
DOID_1925	has_subclass	DOID_0070045
DOID_1925	has_subclass	DOID_0070046
DOID_1925	has_subclass	DOID_0070057
DOID_1925	has_subclass	DOID_0080297
DOID_1925	has_subclass	DOID_0112367
DOID_1925	has_subclass	DOID_0112368
DOID_1925	has_subclass	DOID_0112369
DOID_1925	has_subclass	DOID_0112370
DOID_1925	has_subclass	DOID_0112371
DOID_1925	has_subclass	DOID_0112372
DOID_1926	has_subclass	DOID_0110957
DOID_1926	has_subclass	DOID_0110958
DOID_1926	has_subclass	DOID_0110959
DOID_1926	has_subclass	DOID_0110960
DOID_1926	has_subclass	DOID_0110961
DOID_1927	has_subclass	DOID_0050441
DOID_1927	has_subclass	DOID_0111330
DOID_1927	has_subclass	DOID_10581
DOID_1927	has_subclass	DOID_10587
DOID_1927	has_subclass	DOID_14499
DOID_1927	has_subclass	DOID_1926
DOID_1927	has_subclass	DOID_2368
DOID_1927	has_subclass	DOID_4423
DOID_193	has_subclass	DOID_120
DOID_193	has_subclass	DOID_3856
DOID_1931	has_subclass	DOID_3644
DOID_1931	has_subclass	DOID_6676
DOID_1934	has_subclass	DOID_0050568
DOID_1934	has_subclass	DOID_0050789
DOID_1934	has_subclass	DOID_0050794
DOID_1934	has_subclass	DOID_0060226
DOID_1934	has_subclass	DOID_0060342
DOID_1934	has_subclass	DOID_0090015
DOID_1934	has_subclass	DOID_0111350
DOID_1934	has_subclass	DOID_11971
DOID_1934	has_subclass	DOID_14669
DOID_1935	has_subclass	DOID_0081009
DOID_1935	has_subclass	DOID_0081010
DOID_1935	has_subclass	DOID_0081011
DOID_1935	has_subclass	DOID_0110123
DOID_1935	has_subclass	DOID_0110124
DOID_1935	has_subclass	DOID_0110125
DOID_1935	has_subclass	DOID_0110126
DOID_1935	has_subclass	DOID_0110127
DOID_1935	has_subclass	DOID_0110128
DOID_1935	has_subclass	DOID_0110129
DOID_1935	has_subclass	DOID_0110130
DOID_1935	has_subclass	DOID_0110131
DOID_1935	has_subclass	DOID_0110132
DOID_1935	has_subclass	DOID_0110133
DOID_1935	has_subclass	DOID_0110134
DOID_1935	has_subclass	DOID_0110135
DOID_1935	has_subclass	DOID_0110136
DOID_1935	has_subclass	DOID_0110137
DOID_1935	has_subclass	DOID_0110138
DOID_1935	has_subclass	DOID_0110139
DOID_1935	has_subclass	DOID_0110140
DOID_1935	has_subclass	DOID_0110141
DOID_1936	has_subclass	DOID_0061139
DOID_1936	has_subclass	DOID_10230
DOID_1936	has_subclass	DOID_12720
DOID_1936	has_subclass	DOID_2347
DOID_1947	has_subclass	DOID_0050269
DOID_1949	has_subclass	DOID_2828
DOID_1949	has_subclass	DOID_9765
DOID_1949	has_subclass	DOID_9766
DOID_1962	has_subclass	DOID_0050166
DOID_1962	has_subclass	DOID_0060111
DOID_1962	has_subclass	DOID_1964
DOID_1962	has_subclass	DOID_5733
DOID_1962	has_subclass	DOID_7551
DOID_1963	has_subclass	DOID_3706
DOID_1963	has_subclass	DOID_4008
DOID_1963	has_subclass	DOID_5540
DOID_1963	has_subclass	DOID_7266
DOID_1963	has_subclass	DOID_8186
DOID_1964	has_subclass	DOID_1963
DOID_1964	has_subclass	DOID_1965
DOID_1964	has_subclass	DOID_1970
DOID_1964	has_subclass	DOID_5324
DOID_1964	has_subclass	DOID_5564
DOID_1967	has_subclass	DOID_1965
DOID_1967	has_subclass	DOID_3367
DOID_1967	has_subclass	DOID_5251
DOID_1967	has_subclass	DOID_5253
DOID_1967	has_subclass	DOID_5254
DOID_1967	has_subclass	DOID_5258
DOID_1967	has_subclass	DOID_5259
DOID_1967	has_subclass	DOID_5263
DOID_1967	has_subclass	DOID_5264
DOID_1967	has_subclass	DOID_5265
DOID_1967	has_subclass	DOID_5267
DOID_1967	has_subclass	DOID_5268
DOID_1967	has_subclass	DOID_5271
DOID_1967	has_subclass	DOID_5275
DOID_1967	has_subclass	DOID_5288
DOID_1967	has_subclass	DOID_5292
DOID_1967	has_subclass	DOID_5293
DOID_1967	has_subclass	DOID_7389
DOID_1967	has_subclass	DOID_7390
DOID_1969	has_subclass	DOID_0050669
DOID_1969	has_subclass	DOID_0050670
DOID_1969	has_subclass	DOID_0050672
DOID_1969	has_subclass	DOID_0050673
DOID_1970	has_subclass	DOID_1973
DOID_1979	has_subclass	DOID_11864
DOID_1984	has_subclass	DOID_0050915
DOID_1984	has_subclass	DOID_6459
DOID_1993	has_subclass	DOID_1988
DOID_1993	has_subclass	DOID_1992
DOID_1993	has_subclass	DOID_1995
DOID_1993	has_subclass	DOID_5528
DOID_1993	has_subclass	DOID_5777
DOID_1993	has_subclass	DOID_7356
DOID_1995	has_subclass	DOID_4053
DOID_1995	has_subclass	DOID_5297
DOID_1995	has_subclass	DOID_6190
DOID_1996	has_subclass	DOID_3709
DOID_1996	has_subclass	DOID_7707
DOID_200	has_subclass	DOID_314
DOID_200	has_subclass	DOID_4305
DOID_2000	has_subclass	DOID_10550
DOID_2000	has_subclass	DOID_1999
DOID_2001	has_subclass	DOID_3192
DOID_2001	has_subclass	DOID_5155
DOID_2007	has_subclass	DOID_10871
DOID_2007	has_subclass	DOID_10873
DOID_2007	has_subclass	DOID_13214
DOID_2007	has_subclass	DOID_14245
DOID_2007	has_subclass	DOID_2006
DOID_2007	has_subclass	DOID_9867
DOID_201	has_subclass	DOID_0060102
DOID_201	has_subclass	DOID_0080894
DOID_201	has_subclass	DOID_0080897
DOID_201	has_subclass	DOID_2706
DOID_201	has_subclass	DOID_3352
DOID_201	has_subclass	DOID_4136
DOID_201	has_subclass	DOID_5158
DOID_201	has_subclass	DOID_6333
DOID_201	has_subclass	DOID_8632
DOID_2021	has_subclass	DOID_3594
DOID_2025	has_subclass	DOID_2024
DOID_2025	has_subclass	DOID_8186
DOID_2025	has_subclass	DOID_8187
DOID_203	has_subclass	DOID_206
DOID_203	has_subclass	DOID_210
DOID_2030	has_subclass	DOID_10685
DOID_2030	has_subclass	DOID_10933
DOID_2030	has_subclass	DOID_14320
DOID_2030	has_subclass	DOID_2055
DOID_2030	has_subclass	DOID_4964
DOID_2030	has_subclass	DOID_591
DOID_2030	has_subclass	DOID_594
DOID_2033	has_subclass	DOID_12685
DOID_2033	has_subclass	DOID_4090
DOID_2033	has_subclass	DOID_92
DOID_2033	has_subclass	DOID_93
DOID_2034	has_subclass	DOID_13088
DOID_204	has_subclass	DOID_13566
DOID_204	has_subclass	DOID_9358
DOID_2048	has_subclass	DOID_0080742
DOID_205	has_subclass	DOID_0060251
DOID_205	has_subclass	DOID_0080037
DOID_205	has_subclass	DOID_203
DOID_205	has_subclass	DOID_5408
DOID_2051	has_subclass	DOID_10792
DOID_2051	has_subclass	DOID_2050
DOID_2053	has_subclass	DOID_6873
DOID_2059	has_subclass	DOID_0050269
DOID_2059	has_subclass	DOID_1245
DOID_2059	has_subclass	DOID_12566
DOID_2059	has_subclass	DOID_14275
DOID_2059	has_subclass	DOID_14292
DOID_2059	has_subclass	DOID_3901
DOID_2059	has_subclass	DOID_8255
DOID_2068	has_subclass	DOID_5382
DOID_2068	has_subclass	DOID_6518
DOID_2071	has_subclass	DOID_6569
DOID_2072	has_subclass	DOID_2071
DOID_2074	has_subclass	DOID_2073
DOID_2079	has_subclass	DOID_2078
DOID_2092	has_subclass	DOID_12084
DOID_2095	has_subclass	DOID_4921
DOID_2095	has_subclass	DOID_4934
DOID_2095	has_subclass	DOID_5570
DOID_2095	has_subclass	DOID_5667
DOID_2096	has_subclass	DOID_5286
DOID_2096	has_subclass	DOID_5313
DOID_2096	has_subclass	DOID_6789
DOID_2098	has_subclass	DOID_2097
DOID_2098	has_subclass	DOID_6339
DOID_2098	has_subclass	DOID_6448
DOID_2101	has_subclass	DOID_3740
DOID_2101	has_subclass	DOID_7048
DOID_2101	has_subclass	DOID_7363
DOID_2101	has_subclass	DOID_7408
DOID_2101	has_subclass	DOID_7409
DOID_2106	has_subclass	DOID_0081335
DOID_2113	has_subclass	DOID_12750
DOID_2113	has_subclass	DOID_1733
DOID_2113	has_subclass	DOID_2112
DOID_2113	has_subclass	DOID_9640
DOID_2113	has_subclass	DOID_9965
DOID_2115	has_subclass	DOID_0060024
DOID_2115	has_subclass	DOID_0060026
DOID_2115	has_subclass	DOID_0061091
DOID_2115	has_subclass	DOID_0111991
DOID_2115	has_subclass	DOID_2583
DOID_2115	has_subclass	DOID_6025
DOID_2121	has_subclass	DOID_0060330
DOID_2121	has_subclass	DOID_0070509
DOID_2121	has_subclass	DOID_0080725
DOID_2121	has_subclass	DOID_0111244
DOID_2121	has_subclass	DOID_0111245
DOID_2121	has_subclass	DOID_0111510
DOID_2121	has_subclass	DOID_0111528
DOID_2121	has_subclass	DOID_0111647
DOID_2121	has_subclass	DOID_0111655
DOID_2121	has_subclass	DOID_0111661
DOID_2121	has_subclass	DOID_0111662
DOID_2121	has_subclass	DOID_0111705
DOID_2121	has_subclass	DOID_14693
DOID_2121	has_subclass	DOID_14793
DOID_2121	has_subclass	DOID_3389
DOID_2123	has_subclass	DOID_0050382
DOID_2123	has_subclass	DOID_0050383
DOID_2123	has_subclass	DOID_11990
DOID_2123	has_subclass	DOID_13226
DOID_2123	has_subclass	DOID_14239
DOID_2123	has_subclass	DOID_2122
DOID_2127	has_subclass	DOID_7429
DOID_2132	has_subclass	DOID_0081316
DOID_2133	has_subclass	DOID_4504
DOID_2133	has_subclass	DOID_6451
DOID_214	has_subclass	DOID_12661
DOID_214	has_subclass	DOID_12733
DOID_214	has_subclass	DOID_13240
DOID_214	has_subclass	DOID_216
DOID_214	has_subclass	DOID_693
DOID_214	has_subclass	DOID_698
DOID_214	has_subclass	DOID_701
DOID_2140	has_subclass	DOID_6934
DOID_2146	has_subclass	DOID_5169
DOID_2149	has_subclass	DOID_0050166
DOID_2149	has_subclass	DOID_754
DOID_2149	has_subclass	DOID_827
DOID_2149	has_subclass	DOID_9733
DOID_2151	has_subclass	DOID_4001
DOID_2151	has_subclass	DOID_4217
DOID_2151	has_subclass	DOID_6170
DOID_2152	has_subclass	DOID_2151
DOID_2152	has_subclass	DOID_6212
DOID_2152	has_subclass	DOID_6901
DOID_2152	has_subclass	DOID_9597
DOID_2154	has_subclass	DOID_5176
DOID_2154	has_subclass	DOID_5178
DOID_2154	has_subclass	DOID_5179
DOID_2154	has_subclass	DOID_5182
DOID_2154	has_subclass	DOID_5183
DOID_2154	has_subclass	DOID_5189
DOID_2154	has_subclass	DOID_5191
DOID_2155	has_subclass	DOID_5351
DOID_2155	has_subclass	DOID_5550
DOID_2155	has_subclass	DOID_6331
DOID_2156	has_subclass	DOID_2155
DOID_2156	has_subclass	DOID_5567
DOID_216	has_subclass	DOID_10461
DOID_216	has_subclass	DOID_11736
DOID_216	has_subclass	DOID_14089
DOID_216	has_subclass	DOID_217
DOID_2163	has_subclass	DOID_10811
DOID_2163	has_subclass	DOID_14683
DOID_2163	has_subclass	DOID_6148
DOID_2163	has_subclass	DOID_9310
DOID_2163	has_subclass	DOID_9574
DOID_2170	has_subclass	DOID_11968
DOID_2174	has_subclass	DOID_1752
DOID_2174	has_subclass	DOID_295
DOID_2174	has_subclass	DOID_6903
DOID_218	has_subclass	DOID_260
DOID_2187	has_subclass	DOID_0060945
DOID_2187	has_subclass	DOID_0080960
DOID_2187	has_subclass	DOID_0110053
DOID_2187	has_subclass	DOID_0110054
DOID_2187	has_subclass	DOID_0110056
DOID_2187	has_subclass	DOID_0110057
DOID_2187	has_subclass	DOID_0110058
DOID_2187	has_subclass	DOID_0110059
DOID_2187	has_subclass	DOID_0110062
DOID_2187	has_subclass	DOID_0110063
DOID_2187	has_subclass	DOID_0110064
DOID_2187	has_subclass	DOID_0110065
DOID_2187	has_subclass	DOID_0110066
DOID_219	has_subclass	DOID_12190
DOID_219	has_subclass	DOID_12192
DOID_219	has_subclass	DOID_1520
DOID_219	has_subclass	DOID_1523
DOID_219	has_subclass	DOID_261
DOID_219	has_subclass	DOID_5260
DOID_219	has_subclass	DOID_6727
DOID_219	has_subclass	DOID_7401
DOID_2213	has_subclass	DOID_0060601
DOID_2217	has_subclass	DOID_0111059
DOID_2218	has_subclass	DOID_0060354
DOID_2218	has_subclass	DOID_0060651
DOID_2218	has_subclass	DOID_0060692
DOID_2218	has_subclass	DOID_0111045
DOID_2218	has_subclass	DOID_0111046
DOID_2218	has_subclass	DOID_0111049
DOID_2218	has_subclass	DOID_0111050
DOID_2218	has_subclass	DOID_0111055
DOID_2218	has_subclass	DOID_0111056
DOID_2218	has_subclass	DOID_0111057
DOID_2218	has_subclass	DOID_11125
DOID_2218	has_subclass	DOID_1588
DOID_2218	has_subclass	DOID_2219
DOID_2218	has_subclass	DOID_2223
DOID_2218	has_subclass	DOID_2228
DOID_222	has_subclass	DOID_14243
DOID_222	has_subclass	DOID_221
DOID_2226	has_subclass	DOID_0060888
DOID_2226	has_subclass	DOID_0111344
DOID_2226	has_subclass	DOID_2224
DOID_2226	has_subclass	DOID_8997
DOID_2234	has_subclass	DOID_0081420
DOID_2234	has_subclass	DOID_12382
DOID_2234	has_subclass	DOID_3327
DOID_2234	has_subclass	DOID_3328
DOID_2234	has_subclass	DOID_3330
DOID_2234	has_subclass	DOID_3331
DOID_2234	has_subclass	DOID_5129
DOID_2237	has_subclass	DOID_12351
DOID_2237	has_subclass	DOID_1884
DOID_2237	has_subclass	DOID_2044
DOID_2237	has_subclass	DOID_2239
DOID_224	has_subclass	DOID_13003
DOID_224	has_subclass	DOID_223
DOID_225	has_subclass	DOID_0050427
DOID_225	has_subclass	DOID_0050439
DOID_225	has_subclass	DOID_0050449
DOID_225	has_subclass	DOID_0050468
DOID_225	has_subclass	DOID_0050470
DOID_225	has_subclass	DOID_0050526
DOID_225	has_subclass	DOID_0050567
DOID_225	has_subclass	DOID_0050569
DOID_225	has_subclass	DOID_0050576
DOID_225	has_subclass	DOID_0050600
DOID_225	has_subclass	DOID_0050602
DOID_225	has_subclass	DOID_0050629
DOID_225	has_subclass	DOID_0050658
DOID_225	has_subclass	DOID_0050675
DOID_225	has_subclass	DOID_0050677
DOID_225	has_subclass	DOID_0050691
DOID_225	has_subclass	DOID_0050694
DOID_225	has_subclass	DOID_0050740
DOID_225	has_subclass	DOID_0050763
DOID_225	has_subclass	DOID_0050769
DOID_225	has_subclass	DOID_0050782
DOID_225	has_subclass	DOID_0050796
DOID_225	has_subclass	DOID_0050807
DOID_225	has_subclass	DOID_0050814
DOID_225	has_subclass	DOID_0050834
DOID_225	has_subclass	DOID_0050854
DOID_225	has_subclass	DOID_0050857
DOID_225	has_subclass	DOID_0050858
DOID_225	has_subclass	DOID_0050881
DOID_225	has_subclass	DOID_0050885
DOID_225	has_subclass	DOID_0050887
DOID_225	has_subclass	DOID_0060055
DOID_225	has_subclass	DOID_0060173
DOID_225	has_subclass	DOID_0060218
DOID_225	has_subclass	DOID_0060221
DOID_225	has_subclass	DOID_0060225
DOID_225	has_subclass	DOID_0060229
DOID_225	has_subclass	DOID_0060231
DOID_225	has_subclass	DOID_0060237
DOID_225	has_subclass	DOID_0060238
DOID_225	has_subclass	DOID_0060239
DOID_225	has_subclass	DOID_0060248
DOID_225	has_subclass	DOID_0060291
DOID_225	has_subclass	DOID_0060339
DOID_225	has_subclass	DOID_0060340
DOID_225	has_subclass	DOID_0060356
DOID_225	has_subclass	DOID_0060365
DOID_225	has_subclass	DOID_0060428
DOID_225	has_subclass	DOID_0060468
DOID_225	has_subclass	DOID_0060469
DOID_225	has_subclass	DOID_0060470
DOID_225	has_subclass	DOID_0060471
DOID_225	has_subclass	DOID_0060473
DOID_225	has_subclass	DOID_0060476
DOID_225	has_subclass	DOID_0060479
DOID_225	has_subclass	DOID_0060481
DOID_225	has_subclass	DOID_0060482
DOID_225	has_subclass	DOID_0060483
DOID_225	has_subclass	DOID_0060484
DOID_225	has_subclass	DOID_0060535
DOID_225	has_subclass	DOID_0060549
DOID_225	has_subclass	DOID_0060550
DOID_225	has_subclass	DOID_0060558
DOID_225	has_subclass	DOID_0060565
DOID_225	has_subclass	DOID_0060566
DOID_225	has_subclass	DOID_0060589
DOID_225	has_subclass	DOID_0060610
DOID_225	has_subclass	DOID_0060611
DOID_225	has_subclass	DOID_0060641
DOID_225	has_subclass	DOID_0060644
DOID_225	has_subclass	DOID_0060739
DOID_225	has_subclass	DOID_0060744
DOID_225	has_subclass	DOID_0060857
DOID_225	has_subclass	DOID_0060861
DOID_225	has_subclass	DOID_0060889
DOID_225	has_subclass	DOID_0060989
DOID_225	has_subclass	DOID_0061126
DOID_225	has_subclass	DOID_0061129
DOID_225	has_subclass	DOID_0061140
DOID_225	has_subclass	DOID_0061147
DOID_225	has_subclass	DOID_0061156
DOID_225	has_subclass	DOID_0061196
DOID_225	has_subclass	DOID_0070306
DOID_225	has_subclass	DOID_0070339
DOID_225	has_subclass	DOID_0070345
DOID_225	has_subclass	DOID_0070346
DOID_225	has_subclass	DOID_0070347
DOID_225	has_subclass	DOID_0070355
DOID_225	has_subclass	DOID_0070415
DOID_225	has_subclass	DOID_0070419
DOID_225	has_subclass	DOID_0070473
DOID_225	has_subclass	DOID_0070564
DOID_225	has_subclass	DOID_0070600
DOID_225	has_subclass	DOID_0070617
DOID_225	has_subclass	DOID_0070635
DOID_225	has_subclass	DOID_0070651
DOID_225	has_subclass	DOID_0070652
DOID_225	has_subclass	DOID_0070656
DOID_225	has_subclass	DOID_0070692
DOID_225	has_subclass	DOID_0070699
DOID_225	has_subclass	DOID_0070708
DOID_225	has_subclass	DOID_0070723
DOID_225	has_subclass	DOID_0080040
DOID_225	has_subclass	DOID_0080046
DOID_225	has_subclass	DOID_0080105
DOID_225	has_subclass	DOID_0080106
DOID_225	has_subclass	DOID_0080110
DOID_225	has_subclass	DOID_0080180
DOID_225	has_subclass	DOID_0080181
DOID_225	has_subclass	DOID_0080194
DOID_225	has_subclass	DOID_0080196
DOID_225	has_subclass	DOID_0080201
DOID_225	has_subclass	DOID_0080327
DOID_225	has_subclass	DOID_0080328
DOID_225	has_subclass	DOID_0080344
DOID_225	has_subclass	DOID_0080351
DOID_225	has_subclass	DOID_0080376
DOID_225	has_subclass	DOID_0080533
DOID_225	has_subclass	DOID_0080575
DOID_225	has_subclass	DOID_0080627
DOID_225	has_subclass	DOID_0080631
DOID_225	has_subclass	DOID_0080688
DOID_225	has_subclass	DOID_0080690
DOID_225	has_subclass	DOID_0080694
DOID_225	has_subclass	DOID_0080695
DOID_225	has_subclass	DOID_0080696
DOID_225	has_subclass	DOID_0080714
DOID_225	has_subclass	DOID_0080828
DOID_225	has_subclass	DOID_0080836
DOID_225	has_subclass	DOID_0080837
DOID_225	has_subclass	DOID_0080898
DOID_225	has_subclass	DOID_0080948
DOID_225	has_subclass	DOID_0081008
DOID_225	has_subclass	DOID_0081048
DOID_225	has_subclass	DOID_0081051
DOID_225	has_subclass	DOID_0081126
DOID_225	has_subclass	DOID_0081175
DOID_225	has_subclass	DOID_0081242
DOID_225	has_subclass	DOID_0081264
DOID_225	has_subclass	DOID_0081323
DOID_225	has_subclass	DOID_0081332
DOID_225	has_subclass	DOID_0081370
DOID_225	has_subclass	DOID_0081395
DOID_225	has_subclass	DOID_0081432
DOID_225	has_subclass	DOID_0081441
DOID_225	has_subclass	DOID_0081442
DOID_225	has_subclass	DOID_0081443
DOID_225	has_subclass	DOID_0090005
DOID_225	has_subclass	DOID_0090017
DOID_225	has_subclass	DOID_0090060
DOID_225	has_subclass	DOID_0090066
DOID_225	has_subclass	DOID_0090111
DOID_225	has_subclass	DOID_0090113
DOID_225	has_subclass	DOID_0090117
DOID_225	has_subclass	DOID_0090143
DOID_225	has_subclass	DOID_0111160
DOID_225	has_subclass	DOID_0111247
DOID_225	has_subclass	DOID_0111256
DOID_225	has_subclass	DOID_0111259
DOID_225	has_subclass	DOID_0111271
DOID_225	has_subclass	DOID_0111274
DOID_225	has_subclass	DOID_0111336
DOID_225	has_subclass	DOID_0111337
DOID_225	has_subclass	DOID_0111340
DOID_225	has_subclass	DOID_0111358
DOID_225	has_subclass	DOID_0111360
DOID_225	has_subclass	DOID_0111361
DOID_225	has_subclass	DOID_0111375
DOID_225	has_subclass	DOID_0111404
DOID_225	has_subclass	DOID_0111505
DOID_225	has_subclass	DOID_0111507
DOID_225	has_subclass	DOID_0111511
DOID_225	has_subclass	DOID_0111530
DOID_225	has_subclass	DOID_0111534
DOID_225	has_subclass	DOID_0111555
DOID_225	has_subclass	DOID_0111564
DOID_225	has_subclass	DOID_0111565
DOID_225	has_subclass	DOID_0111581
DOID_225	has_subclass	DOID_0111582
DOID_225	has_subclass	DOID_0111586
DOID_225	has_subclass	DOID_0111589
DOID_225	has_subclass	DOID_0111591
DOID_225	has_subclass	DOID_0111620
DOID_225	has_subclass	DOID_0111625
DOID_225	has_subclass	DOID_0111627
DOID_225	has_subclass	DOID_0111628
DOID_225	has_subclass	DOID_0111666
DOID_225	has_subclass	DOID_0111674
DOID_225	has_subclass	DOID_0111675
DOID_225	has_subclass	DOID_0111712
DOID_225	has_subclass	DOID_0111713
DOID_225	has_subclass	DOID_0111714
DOID_225	has_subclass	DOID_0111715
DOID_225	has_subclass	DOID_0111754
DOID_225	has_subclass	DOID_0111781
DOID_225	has_subclass	DOID_0111821
DOID_225	has_subclass	DOID_0111824
DOID_225	has_subclass	DOID_0111826
DOID_225	has_subclass	DOID_0111859
DOID_225	has_subclass	DOID_0112125
DOID_225	has_subclass	DOID_0112148
DOID_225	has_subclass	DOID_0112149
DOID_225	has_subclass	DOID_0112171
DOID_225	has_subclass	DOID_0112177
DOID_225	has_subclass	DOID_0112181
DOID_225	has_subclass	DOID_0112182
DOID_225	has_subclass	DOID_0112194
DOID_225	has_subclass	DOID_0112226
DOID_225	has_subclass	DOID_0112247
DOID_225	has_subclass	DOID_0112251
DOID_225	has_subclass	DOID_0112294
DOID_225	has_subclass	DOID_0112359
DOID_225	has_subclass	DOID_10041
DOID_225	has_subclass	DOID_1056
DOID_225	has_subclass	DOID_11549
DOID_225	has_subclass	DOID_11577
DOID_225	has_subclass	DOID_11725
DOID_225	has_subclass	DOID_11824
DOID_225	has_subclass	DOID_11983
DOID_225	has_subclass	DOID_13002
DOID_225	has_subclass	DOID_13087
DOID_225	has_subclass	DOID_13095
DOID_225	has_subclass	DOID_13482
DOID_225	has_subclass	DOID_13677
DOID_225	has_subclass	DOID_14283
DOID_225	has_subclass	DOID_14501
DOID_225	has_subclass	DOID_14525
DOID_225	has_subclass	DOID_14699
DOID_225	has_subclass	DOID_14702
DOID_225	has_subclass	DOID_14711
DOID_225	has_subclass	DOID_14731
DOID_225	has_subclass	DOID_14743
DOID_225	has_subclass	DOID_14748
DOID_225	has_subclass	DOID_14764
DOID_225	has_subclass	DOID_14778
DOID_225	has_subclass	DOID_14780
DOID_225	has_subclass	DOID_14796
DOID_225	has_subclass	DOID_1928
DOID_225	has_subclass	DOID_1930
DOID_225	has_subclass	DOID_1932
DOID_225	has_subclass	DOID_2120
DOID_225	has_subclass	DOID_223
DOID_225	has_subclass	DOID_2717
DOID_225	has_subclass	DOID_2907
DOID_225	has_subclass	DOID_2926
DOID_225	has_subclass	DOID_2935
DOID_225	has_subclass	DOID_2962
DOID_225	has_subclass	DOID_3047
DOID_225	has_subclass	DOID_3125
DOID_225	has_subclass	DOID_3883
DOID_225	has_subclass	DOID_4491
DOID_225	has_subclass	DOID_4501
DOID_225	has_subclass	DOID_4534
DOID_225	has_subclass	DOID_4624
DOID_225	has_subclass	DOID_4661
DOID_225	has_subclass	DOID_4837
DOID_225	has_subclass	DOID_5572
DOID_225	has_subclass	DOID_5683
DOID_225	has_subclass	DOID_631
DOID_225	has_subclass	DOID_6677
DOID_225	has_subclass	DOID_6678
DOID_225	has_subclass	DOID_6686
DOID_225	has_subclass	DOID_6691
DOID_225	has_subclass	DOID_6692
DOID_225	has_subclass	DOID_6712
DOID_225	has_subclass	DOID_7400
DOID_225	has_subclass	DOID_8461
DOID_225	has_subclass	DOID_8544
DOID_225	has_subclass	DOID_9007
DOID_225	has_subclass	DOID_9248
DOID_225	has_subclass	DOID_9249
DOID_225	has_subclass	DOID_9250
DOID_225	has_subclass	DOID_9258
DOID_225	has_subclass	DOID_9375
DOID_225	has_subclass	DOID_9892
DOID_2253	has_subclass	DOID_0050269
DOID_2253	has_subclass	DOID_0060110
DOID_2253	has_subclass	DOID_0060325
DOID_2253	has_subclass	DOID_2251
DOID_2253	has_subclass	DOID_2568
DOID_2253	has_subclass	DOID_3456
DOID_2253	has_subclass	DOID_361
DOID_2253	has_subclass	DOID_4362
DOID_2253	has_subclass	DOID_9043
DOID_2253	has_subclass	DOID_9681
DOID_2256	has_subclass	DOID_0050463
DOID_2256	has_subclass	DOID_0050603
DOID_2256	has_subclass	DOID_0050604
DOID_2256	has_subclass	DOID_0050648
DOID_2256	has_subclass	DOID_0050680
DOID_2256	has_subclass	DOID_0050690
DOID_2256	has_subclass	DOID_0050767
DOID_2256	has_subclass	DOID_0050775
DOID_2256	has_subclass	DOID_0060288
DOID_2256	has_subclass	DOID_0060387
DOID_2256	has_subclass	DOID_0060462
DOID_2256	has_subclass	DOID_0060569
DOID_2256	has_subclass	DOID_0060608
DOID_2256	has_subclass	DOID_0060609
DOID_2256	has_subclass	DOID_0060847
DOID_2256	has_subclass	DOID_0080019
DOID_2256	has_subclass	DOID_0080026
DOID_2256	has_subclass	DOID_0080027
DOID_2256	has_subclass	DOID_0080038
DOID_2256	has_subclass	DOID_0080047
DOID_2256	has_subclass	DOID_0080721
DOID_2256	has_subclass	DOID_0080724
DOID_2256	has_subclass	DOID_0111243
DOID_2256	has_subclass	DOID_0111367
DOID_2256	has_subclass	DOID_0111508
DOID_2256	has_subclass	DOID_0111512
DOID_2256	has_subclass	DOID_0111513
DOID_2256	has_subclass	DOID_0111533
DOID_2256	has_subclass	DOID_0112195
DOID_2256	has_subclass	DOID_12721
DOID_2256	has_subclass	DOID_13481
DOID_2256	has_subclass	DOID_14687
DOID_2256	has_subclass	DOID_14798
DOID_2256	has_subclass	DOID_4258
DOID_2256	has_subclass	DOID_4480
DOID_227	has_subclass	DOID_12661
DOID_2277	has_subclass	DOID_1100
DOID_2277	has_subclass	DOID_1923
DOID_2277	has_subclass	DOID_2519
DOID_2282	has_subclass	DOID_2280
DOID_229	has_subclass	DOID_0060086
DOID_229	has_subclass	DOID_0060329
DOID_229	has_subclass	DOID_0111144
DOID_229	has_subclass	DOID_1003
DOID_229	has_subclass	DOID_1100
DOID_229	has_subclass	DOID_12735
DOID_229	has_subclass	DOID_1284
DOID_229	has_subclass	DOID_13938
DOID_229	has_subclass	DOID_14133
DOID_229	has_subclass	DOID_2059
DOID_229	has_subclass	DOID_2273
DOID_229	has_subclass	DOID_345
DOID_229	has_subclass	DOID_429
DOID_229	has_subclass	DOID_4333
DOID_229	has_subclass	DOID_727
DOID_229	has_subclass	DOID_7518
DOID_231	has_subclass	DOID_0111552
DOID_231	has_subclass	DOID_070355
DOID_231	has_subclass	DOID_230
DOID_231	has_subclass	DOID_318
DOID_231	has_subclass	DOID_332
DOID_231	has_subclass	DOID_4873
DOID_231	has_subclass	DOID_4986
DOID_231	has_subclass	DOID_681
DOID_231	has_subclass	DOID_683
DOID_2316	has_subclass	DOID_224
DOID_2320	has_subclass	DOID_3083
DOID_2326	has_subclass	DOID_13622
DOID_2326	has_subclass	DOID_4031
DOID_2327	has_subclass	DOID_6102
DOID_234	has_subclass	DOID_3029
DOID_234	has_subclass	DOID_3033
DOID_234	has_subclass	DOID_3038
DOID_2340	has_subclass	DOID_0060703
DOID_2340	has_subclass	DOID_0061009
DOID_2340	has_subclass	DOID_0061010
DOID_2340	has_subclass	DOID_2339
DOID_2345	has_subclass	DOID_0111583
DOID_2345	has_subclass	DOID_13372
DOID_2345	has_subclass	DOID_2344
DOID_2345	has_subclass	DOID_2346
DOID_2345	has_subclass	DOID_9080
DOID_2348	has_subclass	DOID_1936
DOID_2349	has_subclass	DOID_13097
DOID_2349	has_subclass	DOID_2348
DOID_2349	has_subclass	DOID_3669
DOID_2349	has_subclass	DOID_5160
DOID_2349	has_subclass	DOID_5161
DOID_2349	has_subclass	DOID_5162
DOID_235	has_subclass	DOID_0050912
DOID_235	has_subclass	DOID_10657
DOID_235	has_subclass	DOID_4118
DOID_2351	has_subclass	DOID_0050711
DOID_2351	has_subclass	DOID_12119
DOID_2352	has_subclass	DOID_0111028
DOID_2352	has_subclass	DOID_0111029
DOID_2352	has_subclass	DOID_0111030
DOID_2352	has_subclass	DOID_0111031
DOID_2352	has_subclass	DOID_0111033
DOID_2355	has_subclass	DOID_0112156
DOID_2355	has_subclass	DOID_10923
DOID_2355	has_subclass	DOID_11759
DOID_2355	has_subclass	DOID_12450
DOID_2355	has_subclass	DOID_13120
DOID_2355	has_subclass	DOID_14026
DOID_2355	has_subclass	DOID_2361
DOID_2355	has_subclass	DOID_720
DOID_2355	has_subclass	DOID_8455
DOID_2361	has_subclass	DOID_0111562
DOID_2365	has_subclass	DOID_0050174
DOID_2367	has_subclass	DOID_0070343
DOID_2368	has_subclass	DOID_3321
DOID_2377	has_subclass	DOID_0050783
DOID_2377	has_subclass	DOID_0050784
DOID_2377	has_subclass	DOID_0050785
DOID_2377	has_subclass	DOID_0060215
DOID_2377	has_subclass	DOID_2378
DOID_238	has_subclass	DOID_11177
DOID_2383	has_subclass	DOID_11452
DOID_2383	has_subclass	DOID_12043
DOID_2388	has_subclass	DOID_14092
DOID_2388	has_subclass	DOID_2972
DOID_2394	has_subclass	DOID_0050928
DOID_2394	has_subclass	DOID_2143
DOID_2394	has_subclass	DOID_2145
DOID_2394	has_subclass	DOID_2146
DOID_2394	has_subclass	DOID_2150
DOID_2394	has_subclass	DOID_2152
DOID_2394	has_subclass	DOID_2153
DOID_2394	has_subclass	DOID_2156
DOID_2394	has_subclass	DOID_4441
DOID_2394	has_subclass	DOID_4527
DOID_2394	has_subclass	DOID_5681
DOID_2394	has_subclass	DOID_6554
DOID_240	has_subclass	DOID_12271
DOID_240	has_subclass	DOID_1406
DOID_240	has_subclass	DOID_3478
DOID_2431	has_subclass	DOID_2430
DOID_2431	has_subclass	DOID_5233
DOID_2431	has_subclass	DOID_5236
DOID_2435	has_subclass	DOID_6048
DOID_2436	has_subclass	DOID_2435
DOID_2436	has_subclass	DOID_7996
DOID_2438	has_subclass	DOID_5132
DOID_2444	has_subclass	DOID_2449
DOID_2444	has_subclass	DOID_3946
DOID_2451	has_subclass	DOID_0111900
DOID_2451	has_subclass	DOID_0111905
DOID_2452	has_subclass	DOID_0111899
DOID_2452	has_subclass	DOID_0111901
DOID_2452	has_subclass	DOID_0111906
DOID_2452	has_subclass	DOID_10772
DOID_2452	has_subclass	DOID_2235
DOID_2452	has_subclass	DOID_3756
DOID_2456	has_subclass	DOID_13999
DOID_2456	has_subclass	DOID_2455
DOID_2458	has_subclass	DOID_2457
DOID_2462	has_subclass	DOID_0050535
DOID_2462	has_subclass	DOID_11295
DOID_2462	has_subclass	DOID_11563
DOID_2462	has_subclass	DOID_12510
DOID_2462	has_subclass	DOID_7736
DOID_2468	has_subclass	DOID_11328
DOID_2468	has_subclass	DOID_5418
DOID_2468	has_subclass	DOID_5419
DOID_2468	has_subclass	DOID_778
DOID_2473	has_subclass	DOID_0050288
DOID_2473	has_subclass	DOID_0050289
DOID_2473	has_subclass	DOID_0050290
DOID_2473	has_subclass	DOID_11339
DOID_2473	has_subclass	DOID_12053
DOID_2473	has_subclass	DOID_13564
DOID_2473	has_subclass	DOID_1508
DOID_2473	has_subclass	DOID_2832
DOID_2473	has_subclass	DOID_8484
DOID_2473	has_subclass	DOID_8485
DOID_2475	has_subclass	DOID_11204
DOID_2475	has_subclass	DOID_13326
DOID_2475	has_subclass	DOID_13341
DOID_2475	has_subclass	DOID_2474
DOID_2475	has_subclass	DOID_9512
DOID_2476	has_subclass	DOID_0050886
DOID_2476	has_subclass	DOID_0060245
DOID_2476	has_subclass	DOID_0070455
DOID_2476	has_subclass	DOID_0070459
DOID_2476	has_subclass	DOID_0070644
DOID_2476	has_subclass	DOID_0070645
DOID_2476	has_subclass	DOID_0070718
DOID_2476	has_subclass	DOID_0110764
DOID_2476	has_subclass	DOID_0110765
DOID_2476	has_subclass	DOID_0110766
DOID_2476	has_subclass	DOID_0110767
DOID_2476	has_subclass	DOID_0110768
DOID_2476	has_subclass	DOID_0110770
DOID_2476	has_subclass	DOID_0110774
DOID_2476	has_subclass	DOID_0110776
DOID_2476	has_subclass	DOID_0110777
DOID_2476	has_subclass	DOID_0110778
DOID_2476	has_subclass	DOID_0110780
DOID_2476	has_subclass	DOID_0110782
DOID_2476	has_subclass	DOID_0110783
DOID_2476	has_subclass	DOID_0110784
DOID_2476	has_subclass	DOID_0110785
DOID_2476	has_subclass	DOID_0110790
DOID_2476	has_subclass	DOID_0110791
DOID_2476	has_subclass	DOID_0110792
DOID_2476	has_subclass	DOID_0110796
DOID_2476	has_subclass	DOID_0110797
DOID_2476	has_subclass	DOID_0110800
DOID_2476	has_subclass	DOID_0110802
DOID_2476	has_subclass	DOID_0110803
DOID_2476	has_subclass	DOID_0110812
DOID_2476	has_subclass	DOID_0110814
DOID_2476	has_subclass	DOID_0110818
DOID_2476	has_subclass	DOID_0110819
DOID_2476	has_subclass	DOID_0110820
DOID_2476	has_subclass	DOID_0110821
DOID_2476	has_subclass	DOID_0110822
DOID_2476	has_subclass	DOID_0110824
DOID_2476	has_subclass	DOID_0110825
DOID_2476	has_subclass	DOID_0112341
DOID_2476	has_subclass	DOID_0112345
DOID_2476	has_subclass	DOID_0112347
DOID_2476	has_subclass	DOID_0112348
DOID_2476	has_subclass	DOID_0112349
DOID_2485	has_subclass	DOID_0050336
DOID_2485	has_subclass	DOID_0050459
DOID_2490	has_subclass	DOID_0050453
DOID_2490	has_subclass	DOID_0050454
DOID_2490	has_subclass	DOID_0070716
DOID_2490	has_subclass	DOID_0111169
DOID_2490	has_subclass	DOID_0112227
DOID_2494	has_subclass	DOID_10846
DOID_2498	has_subclass	DOID_13629
DOID_2498	has_subclass	DOID_14140
DOID_2498	has_subclass	DOID_2497
DOID_251	has_subclass	DOID_252
DOID_2512	has_subclass	DOID_0070365
DOID_2512	has_subclass	DOID_0070366
DOID_2513	has_subclass	DOID_4277
DOID_2513	has_subclass	DOID_4278
DOID_2513	has_subclass	DOID_4279
DOID_2513	has_subclass	DOID_4280
DOID_2513	has_subclass	DOID_4281
DOID_2513	has_subclass	DOID_4282
DOID_2513	has_subclass	DOID_4283
DOID_2513	has_subclass	DOID_4289
DOID_2513	has_subclass	DOID_4290
DOID_2513	has_subclass	DOID_4291
DOID_2513	has_subclass	DOID_4292
DOID_2513	has_subclass	DOID_4293
DOID_2513	has_subclass	DOID_4294
DOID_2513	has_subclass	DOID_4295
DOID_2513	has_subclass	DOID_4299
DOID_2513	has_subclass	DOID_4300
DOID_2513	has_subclass	DOID_4303
DOID_2513	has_subclass	DOID_4304
DOID_2513	has_subclass	DOID_5063
DOID_2513	has_subclass	DOID_5522
DOID_2517	has_subclass	DOID_2516
DOID_2519	has_subclass	DOID_11994
DOID_2519	has_subclass	DOID_11996
DOID_2519	has_subclass	DOID_12332
DOID_2519	has_subclass	DOID_2518
DOID_2519	has_subclass	DOID_2998
DOID_2519	has_subclass	DOID_3089
DOID_2519	has_subclass	DOID_3579
DOID_2519	has_subclass	DOID_5104
DOID_2526	has_subclass	DOID_3024
DOID_2526	has_subclass	DOID_3504
DOID_2526	has_subclass	DOID_3703
DOID_2526	has_subclass	DOID_7246
DOID_2527	has_subclass	DOID_1184
DOID_2529	has_subclass	DOID_0080936
DOID_2529	has_subclass	DOID_10699
DOID_2529	has_subclass	DOID_11786
DOID_2529	has_subclass	DOID_11787
DOID_2529	has_subclass	DOID_2530
DOID_2529	has_subclass	DOID_2533
DOID_2529	has_subclass	DOID_256
DOID_2529	has_subclass	DOID_6376
DOID_2529	has_subclass	DOID_9146
DOID_2531	has_subclass	DOID_0060058
DOID_2531	has_subclass	DOID_1240
DOID_2531	has_subclass	DOID_3664
DOID_2531	has_subclass	DOID_4960
DOID_2531	has_subclass	DOID_5621
DOID_2531	has_subclass	DOID_712
DOID_2531	has_subclass	DOID_8683
DOID_2537	has_subclass	DOID_0081393
DOID_2537	has_subclass	DOID_14183
DOID_2537	has_subclass	DOID_14184
DOID_2537	has_subclass	DOID_14402
DOID_2537	has_subclass	DOID_2536
DOID_2537	has_subclass	DOID_8681
DOID_2548	has_subclass	DOID_0081104
DOID_2548	has_subclass	DOID_2550
DOID_255	has_subclass	DOID_0060688
DOID_255	has_subclass	DOID_0080895
DOID_255	has_subclass	DOID_11294
DOID_255	has_subclass	DOID_13081
DOID_255	has_subclass	DOID_14308
DOID_255	has_subclass	DOID_254
DOID_255	has_subclass	DOID_271
DOID_255	has_subclass	DOID_275
DOID_255	has_subclass	DOID_467
DOID_255	has_subclass	DOID_468
DOID_255	has_subclass	DOID_469
DOID_255	has_subclass	DOID_471
DOID_255	has_subclass	DOID_474
DOID_255	has_subclass	DOID_486
DOID_255	has_subclass	DOID_490
DOID_255	has_subclass	DOID_492
DOID_255	has_subclass	DOID_495
DOID_255	has_subclass	DOID_496
DOID_255	has_subclass	DOID_505
DOID_255	has_subclass	DOID_5393
DOID_255	has_subclass	DOID_5766
DOID_255	has_subclass	DOID_663
DOID_255	has_subclass	DOID_8331
DOID_2557	has_subclass	DOID_13357
DOID_2557	has_subclass	DOID_2556
DOID_2559	has_subclass	DOID_2560
DOID_2559	has_subclass	DOID_9976
DOID_2566	has_subclass	DOID_0060440
DOID_2566	has_subclass	DOID_0060441
DOID_2566	has_subclass	DOID_0060443
DOID_2566	has_subclass	DOID_11554
DOID_2568	has_subclass	DOID_10616
DOID_2568	has_subclass	DOID_1513
DOID_2568	has_subclass	DOID_5757
DOID_2569	has_subclass	DOID_0060745
DOID_2569	has_subclass	DOID_0060746
DOID_2580	has_subclass	DOID_0081243
DOID_2580	has_subclass	DOID_0110851
DOID_2580	has_subclass	DOID_0110852
DOID_2580	has_subclass	DOID_0110853
DOID_2580	has_subclass	DOID_0110854
DOID_2581	has_subclass	DOID_0060292
DOID_2581	has_subclass	DOID_0080352
DOID_2583	has_subclass	DOID_0060027
DOID_2583	has_subclass	DOID_0081136
DOID_2583	has_subclass	DOID_0081138
DOID_2583	has_subclass	DOID_0081141
DOID_2583	has_subclass	DOID_0081142
DOID_2583	has_subclass	DOID_0081143
DOID_2583	has_subclass	DOID_12177
DOID_2583	has_subclass	DOID_14179
DOID_2590	has_subclass	DOID_0061193
DOID_2590	has_subclass	DOID_0070357
DOID_2590	has_subclass	DOID_0080271
DOID_2590	has_subclass	DOID_0080379
DOID_2590	has_subclass	DOID_0080382
DOID_2590	has_subclass	DOID_0080383
DOID_2590	has_subclass	DOID_0080385
DOID_2590	has_subclass	DOID_0080389
DOID_2590	has_subclass	DOID_0080390
DOID_2590	has_subclass	DOID_0080392
DOID_2590	has_subclass	DOID_0080393
DOID_2590	has_subclass	DOID_0112267
DOID_2590	has_subclass	DOID_0112268
DOID_2595	has_subclass	DOID_2599
DOID_2596	has_subclass	DOID_11472
DOID_2596	has_subclass	DOID_13348
DOID_2596	has_subclass	DOID_2595
DOID_2596	has_subclass	DOID_4688
DOID_2596	has_subclass	DOID_5696
DOID_2596	has_subclass	DOID_7144
DOID_2598	has_subclass	DOID_10069
DOID_2598	has_subclass	DOID_10070
DOID_2598	has_subclass	DOID_10071
DOID_2598	has_subclass	DOID_2597
DOID_2598	has_subclass	DOID_5457
DOID_2598	has_subclass	DOID_8002
DOID_2599	has_subclass	DOID_7031
DOID_26	has_subclass	DOID_0040091
DOID_26	has_subclass	DOID_0050877
DOID_26	has_subclass	DOID_0060850
DOID_26	has_subclass	DOID_10610
DOID_26	has_subclass	DOID_13313
DOID_26	has_subclass	DOID_13316
DOID_26	has_subclass	DOID_13768
DOID_26	has_subclass	DOID_1793
DOID_26	has_subclass	DOID_2018
DOID_26	has_subclass	DOID_3918
DOID_2600	has_subclass	DOID_2876
DOID_2600	has_subclass	DOID_4869
DOID_2602	has_subclass	DOID_0050898
DOID_2602	has_subclass	DOID_2601
DOID_2609	has_subclass	DOID_4993
DOID_2615	has_subclass	DOID_0081463
DOID_2615	has_subclass	DOID_139
DOID_2615	has_subclass	DOID_1626
DOID_2615	has_subclass	DOID_1627
DOID_2615	has_subclass	DOID_2614
DOID_2615	has_subclass	DOID_2626
DOID_2615	has_subclass	DOID_2670
DOID_2615	has_subclass	DOID_3120
DOID_2615	has_subclass	DOID_3177
DOID_2615	has_subclass	DOID_3178
DOID_2615	has_subclass	DOID_3179
DOID_2615	has_subclass	DOID_3544
DOID_2615	has_subclass	DOID_5433
DOID_2615	has_subclass	DOID_6059
DOID_2615	has_subclass	DOID_6118
DOID_2615	has_subclass	DOID_6562
DOID_2615	has_subclass	DOID_6932
DOID_2615	has_subclass	DOID_6934
DOID_2615	has_subclass	DOID_6935
DOID_2621	has_subclass	DOID_3201
DOID_2621	has_subclass	DOID_769
DOID_263	has_subclass	DOID_2154
DOID_263	has_subclass	DOID_262
DOID_263	has_subclass	DOID_4242
DOID_263	has_subclass	DOID_4451
DOID_263	has_subclass	DOID_4773
DOID_263	has_subclass	DOID_5699
DOID_263	has_subclass	DOID_7571
DOID_264	has_subclass	DOID_4957
DOID_264	has_subclass	DOID_5373
DOID_264	has_subclass	DOID_6197
DOID_264	has_subclass	DOID_6209
DOID_264	has_subclass	DOID_6332
DOID_264	has_subclass	DOID_7731
DOID_2641	has_subclass	DOID_5208
DOID_2643	has_subclass	DOID_7437
DOID_2645	has_subclass	DOID_2653
DOID_2645	has_subclass	DOID_5157
DOID_2645	has_subclass	DOID_5884
DOID_2645	has_subclass	DOID_746
DOID_2647	has_subclass	DOID_8043
DOID_2658	has_subclass	DOID_13691
DOID_2658	has_subclass	DOID_7071
DOID_2660	has_subclass	DOID_2658
DOID_2660	has_subclass	DOID_7079
DOID_2664	has_subclass	DOID_173
DOID_2664	has_subclass	DOID_2065
DOID_2664	has_subclass	DOID_2661
DOID_2664	has_subclass	DOID_5876
DOID_2668	has_subclass	DOID_5758
DOID_2670	has_subclass	DOID_4630
DOID_2671	has_subclass	DOID_4000
DOID_2671	has_subclass	DOID_4005
DOID_2671	has_subclass	DOID_4006
DOID_2671	has_subclass	DOID_4008
DOID_2671	has_subclass	DOID_4012
DOID_2671	has_subclass	DOID_4013
DOID_2671	has_subclass	DOID_4014
DOID_2671	has_subclass	DOID_6844
DOID_2671	has_subclass	DOID_6888
DOID_2683	has_subclass	DOID_2700
DOID_2683	has_subclass	DOID_5477
DOID_2683	has_subclass	DOID_5478
DOID_2683	has_subclass	DOID_5479
DOID_2683	has_subclass	DOID_5482
DOID_2683	has_subclass	DOID_6838
DOID_2687	has_subclass	DOID_4517
DOID_2687	has_subclass	DOID_5273
DOID_2687	has_subclass	DOID_5712
DOID_2697	has_subclass	DOID_6257
DOID_2697	has_subclass	DOID_6404
DOID_270	has_subclass	DOID_4047
DOID_270	has_subclass	DOID_5296
DOID_270	has_subclass	DOID_8022
DOID_2703	has_subclass	DOID_13454
DOID_2703	has_subclass	DOID_2702
DOID_2705	has_subclass	DOID_4719
DOID_2705	has_subclass	DOID_5638
DOID_2706	has_subclass	DOID_2704
DOID_2706	has_subclass	DOID_5485
DOID_2712	has_subclass	DOID_5334
DOID_272	has_subclass	DOID_0080177
DOID_272	has_subclass	DOID_0081394
DOID_272	has_subclass	DOID_10762
DOID_272	has_subclass	DOID_11512
DOID_272	has_subclass	DOID_11695
DOID_272	has_subclass	DOID_13738
DOID_272	has_subclass	DOID_13739
DOID_272	has_subclass	DOID_268
DOID_272	has_subclass	DOID_914
DOID_2722	has_subclass	DOID_0060344
DOID_2723	has_subclass	DOID_11330
DOID_2723	has_subclass	DOID_2722
DOID_2723	has_subclass	DOID_2773
DOID_2723	has_subclass	DOID_3159
DOID_2723	has_subclass	DOID_3309
DOID_2723	has_subclass	DOID_3777
DOID_2723	has_subclass	DOID_4397
DOID_2723	has_subclass	DOID_4398
DOID_2723	has_subclass	DOID_4399
DOID_2723	has_subclass	DOID_4400
DOID_2723	has_subclass	DOID_4406
DOID_2723	has_subclass	DOID_4409
DOID_2723	has_subclass	DOID_8892
DOID_2723	has_subclass	DOID_9165
DOID_2725	has_subclass	DOID_5806
DOID_2729	has_subclass	DOID_0060984
DOID_2729	has_subclass	DOID_0070017
DOID_2729	has_subclass	DOID_0070018
DOID_2729	has_subclass	DOID_0070019
DOID_2729	has_subclass	DOID_0070022
DOID_2729	has_subclass	DOID_0070023
DOID_2729	has_subclass	DOID_0070026
DOID_2730	has_subclass	DOID_3209
DOID_2730	has_subclass	DOID_4313
DOID_2730	has_subclass	DOID_4959
DOID_2731	has_subclass	DOID_2730
DOID_2741	has_subclass	DOID_12308
DOID_2741	has_subclass	DOID_2739
DOID_2741	has_subclass	DOID_3803
DOID_2742	has_subclass	DOID_0050563
DOID_2742	has_subclass	DOID_10261
DOID_2742	has_subclass	DOID_11129
DOID_2742	has_subclass	DOID_11235
DOID_2742	has_subclass	DOID_11783
DOID_2742	has_subclass	DOID_379
DOID_2742	has_subclass	DOID_833
DOID_2744	has_subclass	DOID_11400
DOID_2744	has_subclass	DOID_2743
DOID_2747	has_subclass	DOID_0050579
DOID_2747	has_subclass	DOID_0061286
DOID_2747	has_subclass	DOID_0061287
DOID_2747	has_subclass	DOID_0090101
DOID_2747	has_subclass	DOID_11721
DOID_2747	has_subclass	DOID_2748
DOID_2747	has_subclass	DOID_2752
DOID_2762	has_subclass	DOID_0050896
DOID_2769	has_subclass	DOID_10600
DOID_2769	has_subclass	DOID_11119
DOID_2769	has_subclass	DOID_2768
DOID_2772	has_subclass	DOID_4407
DOID_2773	has_subclass	DOID_2772
DOID_2773	has_subclass	DOID_3042
DOID_2773	has_subclass	DOID_4404
DOID_2775	has_subclass	DOID_6322
DOID_2776	has_subclass	DOID_2775
DOID_2782	has_subclass	DOID_2781
DOID_2786	has_subclass	DOID_0050574
DOID_2786	has_subclass	DOID_0070338
DOID_2786	has_subclass	DOID_2785
DOID_2789	has_subclass	DOID_0050242
DOID_2789	has_subclass	DOID_10113
DOID_2789	has_subclass	DOID_10718
DOID_2789	has_subclass	DOID_12386
DOID_2789	has_subclass	DOID_3733
DOID_2789	has_subclass	DOID_9181
DOID_2789	has_subclass	DOID_946
DOID_2789	has_subclass	DOID_9643
DOID_2797	has_subclass	DOID_0050157
DOID_2797	has_subclass	DOID_0050158
DOID_2797	has_subclass	DOID_0050159
DOID_2797	has_subclass	DOID_2800
DOID_2797	has_subclass	DOID_2801
DOID_28	has_subclass	DOID_0060005
DOID_28	has_subclass	DOID_0090139
DOID_28	has_subclass	DOID_0112308
DOID_28	has_subclass	DOID_26
DOID_28	has_subclass	DOID_50
DOID_28	has_subclass	DOID_9553
DOID_2815	has_subclass	DOID_1201
DOID_2815	has_subclass	DOID_12984
DOID_2815	has_subclass	DOID_14125
DOID_2815	has_subclass	DOID_2814
DOID_2815	has_subclass	DOID_2817
DOID_2815	has_subclass	DOID_3198
DOID_2815	has_subclass	DOID_337
DOID_2815	has_subclass	DOID_3419
DOID_2815	has_subclass	DOID_3421
DOID_2815	has_subclass	DOID_370
DOID_2817	has_subclass	DOID_2816
DOID_2825	has_subclass	DOID_1352
DOID_2825	has_subclass	DOID_2163
DOID_2825	has_subclass	DOID_9072
DOID_2834	has_subclass	DOID_2833
DOID_2834	has_subclass	DOID_2835
DOID_2834	has_subclass	DOID_2838
DOID_2834	has_subclass	DOID_2839
DOID_2841	has_subclass	DOID_0080809
DOID_2843	has_subclass	DOID_0050434
DOID_2843	has_subclass	DOID_0070533
DOID_2843	has_subclass	DOID_0110645
DOID_2843	has_subclass	DOID_0110646
DOID_2843	has_subclass	DOID_0110648
DOID_2843	has_subclass	DOID_0110649
DOID_2843	has_subclass	DOID_0111701
DOID_2843	has_subclass	DOID_2842
DOID_285	has_subclass	DOID_711
DOID_285	has_subclass	DOID_713
DOID_2855	has_subclass	DOID_0080219
DOID_2860	has_subclass	DOID_10783
DOID_2860	has_subclass	DOID_2859
DOID_2860	has_subclass	DOID_5378
DOID_2860	has_subclass	DOID_5379
DOID_2861	has_subclass	DOID_0051003
DOID_2861	has_subclass	DOID_0051005
DOID_2861	has_subclass	DOID_0051007
DOID_2861	has_subclass	DOID_0051009
DOID_2861	has_subclass	DOID_0111363
DOID_2861	has_subclass	DOID_0111681
DOID_2861	has_subclass	DOID_0112252
DOID_2862	has_subclass	DOID_13628
DOID_2870	has_subclass	DOID_3707
DOID_2870	has_subclass	DOID_5299
DOID_2870	has_subclass	DOID_6777
DOID_2870	has_subclass	DOID_6865
DOID_2870	has_subclass	DOID_7289
DOID_2870	has_subclass	DOID_7293
DOID_2870	has_subclass	DOID_7436
DOID_2870	has_subclass	DOID_7664
DOID_2871	has_subclass	DOID_2870
DOID_2871	has_subclass	DOID_4005
DOID_2876	has_subclass	DOID_3752
DOID_2889	has_subclass	DOID_12657
DOID_289	has_subclass	DOID_11424
DOID_289	has_subclass	DOID_11427
DOID_289	has_subclass	DOID_11428
DOID_289	has_subclass	DOID_11429
DOID_289	has_subclass	DOID_11430
DOID_289	has_subclass	DOID_11431
DOID_289	has_subclass	DOID_11432
DOID_289	has_subclass	DOID_1380
DOID_289	has_subclass	DOID_288
DOID_289	has_subclass	DOID_5172
DOID_2891	has_subclass	DOID_6204
DOID_2893	has_subclass	DOID_2892
DOID_2893	has_subclass	DOID_3702
DOID_2893	has_subclass	DOID_3744
DOID_2893	has_subclass	DOID_4867
DOID_2893	has_subclass	DOID_6428
DOID_2893	has_subclass	DOID_6659
DOID_2893	has_subclass	DOID_6740
DOID_2908	has_subclass	DOID_0080789
DOID_2908	has_subclass	DOID_0080791
DOID_2908	has_subclass	DOID_0080792
DOID_2913	has_subclass	DOID_0080998
DOID_2913	has_subclass	DOID_0080999
DOID_2914	has_subclass	DOID_0060056
DOID_2914	has_subclass	DOID_0060083
DOID_2914	has_subclass	DOID_0081267
DOID_2914	has_subclass	DOID_612
DOID_2914	has_subclass	DOID_624
DOID_2916	has_subclass	DOID_0060125
DOID_2916	has_subclass	DOID_11335
DOID_2916	has_subclass	DOID_2917
DOID_2916	has_subclass	DOID_4371
DOID_2916	has_subclass	DOID_7465
DOID_292	has_subclass	DOID_12756
DOID_292	has_subclass	DOID_294
DOID_2921	has_subclass	DOID_0050851
DOID_2921	has_subclass	DOID_0080162
DOID_2921	has_subclass	DOID_10976
DOID_2921	has_subclass	DOID_11036
DOID_2921	has_subclass	DOID_14064
DOID_2921	has_subclass	DOID_2920
DOID_2921	has_subclass	DOID_2986
DOID_2921	has_subclass	DOID_4776
DOID_2921	has_subclass	DOID_4777
DOID_2921	has_subclass	DOID_4778
DOID_2921	has_subclass	DOID_4779
DOID_2921	has_subclass	DOID_4781
DOID_2921	has_subclass	DOID_4782
DOID_2921	has_subclass	DOID_4783
DOID_2921	has_subclass	DOID_4784
DOID_293	has_subclass	DOID_298
DOID_293	has_subclass	DOID_5529
DOID_2938	has_subclass	DOID_0050204
DOID_2938	has_subclass	DOID_8568
DOID_294	has_subclass	DOID_293
DOID_294	has_subclass	DOID_296
DOID_294	has_subclass	DOID_4685
DOID_2951	has_subclass	DOID_4796
DOID_2952	has_subclass	DOID_0080193
DOID_2952	has_subclass	DOID_12185
DOID_2952	has_subclass	DOID_2951
DOID_2952	has_subclass	DOID_3426
DOID_2952	has_subclass	DOID_3930
DOID_2952	has_subclass	DOID_5102
DOID_2952	has_subclass	DOID_5463
DOID_2952	has_subclass	DOID_566
DOID_2959	has_subclass	DOID_0080544
DOID_2959	has_subclass	DOID_0081450
DOID_2960	has_subclass	DOID_0111869
DOID_2960	has_subclass	DOID_0111871
DOID_2962	has_subclass	DOID_0080907
DOID_2962	has_subclass	DOID_0080908
DOID_2964	has_subclass	DOID_0051058
DOID_2965	has_subclass	DOID_12475
DOID_2965	has_subclass	DOID_12581
DOID_2965	has_subclass	DOID_12857
DOID_2975	has_subclass	DOID_0080322
DOID_2977	has_subclass	DOID_0111670
DOID_2977	has_subclass	DOID_0111671
DOID_2977	has_subclass	DOID_0111672
DOID_2978	has_subclass	DOID_0050728
DOID_2978	has_subclass	DOID_0111633
DOID_2978	has_subclass	DOID_0111680
DOID_2978	has_subclass	DOID_10604
DOID_2978	has_subclass	DOID_2862
DOID_2978	has_subclass	DOID_2977
DOID_2978	has_subclass	DOID_3649
DOID_2978	has_subclass	DOID_3651
DOID_2978	has_subclass	DOID_5204
DOID_2978	has_subclass	DOID_857
DOID_2978	has_subclass	DOID_9868
DOID_2978	has_subclass	DOID_9869
DOID_298	has_subclass	DOID_4870
DOID_299	has_subclass	DOID_0050861
DOID_299	has_subclass	DOID_0050913
DOID_299	has_subclass	DOID_0050917
DOID_299	has_subclass	DOID_0060534
DOID_299	has_subclass	DOID_10368
DOID_299	has_subclass	DOID_10816
DOID_299	has_subclass	DOID_14545
DOID_299	has_subclass	DOID_2870
DOID_299	has_subclass	DOID_298
DOID_299	has_subclass	DOID_3030
DOID_299	has_subclass	DOID_3112
DOID_299	has_subclass	DOID_3447
DOID_299	has_subclass	DOID_3493
DOID_299	has_subclass	DOID_3608
DOID_299	has_subclass	DOID_3706
DOID_299	has_subclass	DOID_3711
DOID_299	has_subclass	DOID_3959
DOID_299	has_subclass	DOID_4024
DOID_299	has_subclass	DOID_4468
DOID_299	has_subclass	DOID_4896
DOID_299	has_subclass	DOID_4906
DOID_299	has_subclass	DOID_4917
DOID_299	has_subclass	DOID_4929
DOID_299	has_subclass	DOID_4930
DOID_299	has_subclass	DOID_4938
DOID_299	has_subclass	DOID_5590
DOID_299	has_subclass	DOID_6316
DOID_299	has_subclass	DOID_7684
DOID_2994	has_subclass	DOID_1911
DOID_2994	has_subclass	DOID_2127
DOID_2994	has_subclass	DOID_3095
DOID_2994	has_subclass	DOID_3304
DOID_2994	has_subclass	DOID_3306
DOID_2994	has_subclass	DOID_4439
DOID_2994	has_subclass	DOID_4717
DOID_2994	has_subclass	DOID_5842
DOID_2994	has_subclass	DOID_6053
DOID_2994	has_subclass	DOID_6249
DOID_2998	has_subclass	DOID_12253
DOID_2998	has_subclass	DOID_12276
DOID_2998	has_subclass	DOID_12286
DOID_2998	has_subclass	DOID_4084
DOID_2998	has_subclass	DOID_4739
DOID_2998	has_subclass	DOID_512
DOID_2998	has_subclass	DOID_5557
DOID_2998	has_subclass	DOID_5680
DOID_2999	has_subclass	DOID_5331
DOID_3001	has_subclass	DOID_6212
DOID_3003	has_subclass	DOID_7533
DOID_3003	has_subclass	DOID_7839
DOID_3004	has_subclass	DOID_1642
DOID_3004	has_subclass	DOID_7521
DOID_3007	has_subclass	DOID_3008
DOID_3012	has_subclass	DOID_0111503
DOID_3012	has_subclass	DOID_0111504
DOID_3013	has_subclass	DOID_1627
DOID_3013	has_subclass	DOID_1628
DOID_3017	has_subclass	DOID_4060
DOID_3017	has_subclass	DOID_4511
DOID_3017	has_subclass	DOID_5285
DOID_3017	has_subclass	DOID_5370
DOID_3017	has_subclass	DOID_5701
DOID_3017	has_subclass	DOID_6001
DOID_3017	has_subclass	DOID_7787
DOID_302	has_subclass	DOID_11206
DOID_302	has_subclass	DOID_11718
DOID_302	has_subclass	DOID_12797
DOID_302	has_subclass	DOID_1574
DOID_302	has_subclass	DOID_5062
DOID_302	has_subclass	DOID_670
DOID_302	has_subclass	DOID_809
DOID_302	has_subclass	DOID_8519
DOID_302	has_subclass	DOID_9505
DOID_3021	has_subclass	DOID_11823
DOID_3021	has_subclass	DOID_12556
DOID_303	has_subclass	DOID_0060001
DOID_3030	has_subclass	DOID_0080303
DOID_3030	has_subclass	DOID_0080800
DOID_3030	has_subclass	DOID_3606
DOID_3030	has_subclass	DOID_3693
DOID_3030	has_subclass	DOID_3698
DOID_3030	has_subclass	DOID_3701
DOID_3030	has_subclass	DOID_3707
DOID_3030	has_subclass	DOID_3709
DOID_3042	has_subclass	DOID_0040046
DOID_3042	has_subclass	DOID_0040052
DOID_3042	has_subclass	DOID_0040053
DOID_3042	has_subclass	DOID_0040056
DOID_3042	has_subclass	DOID_0040057
DOID_3042	has_subclass	DOID_0040058
DOID_3042	has_subclass	DOID_0040059
DOID_3042	has_subclass	DOID_0040064
DOID_3042	has_subclass	DOID_0040068
DOID_3042	has_subclass	DOID_0040069
DOID_3042	has_subclass	DOID_0040072
DOID_3042	has_subclass	DOID_0040074
DOID_3042	has_subclass	DOID_0040075
DOID_3042	has_subclass	DOID_0040079
DOID_3042	has_subclass	DOID_0040101
DOID_3042	has_subclass	DOID_0040102
DOID_3042	has_subclass	DOID_3819
DOID_3044	has_subclass	DOID_0060057
DOID_3044	has_subclass	DOID_0060503
DOID_3044	has_subclass	DOID_0060513
DOID_3044	has_subclass	DOID_3660
DOID_3044	has_subclass	DOID_4379
DOID_305	has_subclass	DOID_0050685
DOID_305	has_subclass	DOID_0050904
DOID_305	has_subclass	DOID_0050922
DOID_305	has_subclass	DOID_0060463
DOID_305	has_subclass	DOID_0080199
DOID_305	has_subclass	DOID_0080202
DOID_305	has_subclass	DOID_0080618
DOID_305	has_subclass	DOID_0080641
DOID_305	has_subclass	DOID_10286
DOID_305	has_subclass	DOID_12342
DOID_305	has_subclass	DOID_1294
DOID_305	has_subclass	DOID_1520
DOID_305	has_subclass	DOID_1542
DOID_305	has_subclass	DOID_1800
DOID_305	has_subclass	DOID_2671
DOID_305	has_subclass	DOID_2893
DOID_305	has_subclass	DOID_295
DOID_305	has_subclass	DOID_3025
DOID_305	has_subclass	DOID_3113
DOID_305	has_subclass	DOID_3308
DOID_305	has_subclass	DOID_3449
DOID_305	has_subclass	DOID_3950
DOID_305	has_subclass	DOID_4003
DOID_305	has_subclass	DOID_4007
DOID_305	has_subclass	DOID_4015
DOID_305	has_subclass	DOID_4531
DOID_305	has_subclass	DOID_4552
DOID_305	has_subclass	DOID_4838
DOID_305	has_subclass	DOID_4840
DOID_305	has_subclass	DOID_4876
DOID_305	has_subclass	DOID_4893
DOID_305	has_subclass	DOID_4897
DOID_305	has_subclass	DOID_4903
DOID_305	has_subclass	DOID_4919
DOID_305	has_subclass	DOID_4948
DOID_305	has_subclass	DOID_5648
DOID_305	has_subclass	DOID_5660
DOID_305	has_subclass	DOID_6700
DOID_305	has_subclass	DOID_6721
DOID_305	has_subclass	DOID_7050
DOID_305	has_subclass	DOID_7139
DOID_305	has_subclass	DOID_7141
DOID_305	has_subclass	DOID_7144
DOID_305	has_subclass	DOID_7221
DOID_305	has_subclass	DOID_7379
DOID_305	has_subclass	DOID_7632
DOID_305	has_subclass	DOID_9261
DOID_3068	has_subclass	DOID_0050803
DOID_3068	has_subclass	DOID_0050804
DOID_3068	has_subclass	DOID_0050805
DOID_3068	has_subclass	DOID_0050806
DOID_3068	has_subclass	DOID_0080878
DOID_3068	has_subclass	DOID_3071
DOID_3068	has_subclass	DOID_3074
DOID_3069	has_subclass	DOID_0080854
DOID_3069	has_subclass	DOID_0081278
DOID_3069	has_subclass	DOID_3076
DOID_3069	has_subclass	DOID_3079
DOID_3069	has_subclass	DOID_4856
DOID_3069	has_subclass	DOID_6726
DOID_3069	has_subclass	DOID_7005
DOID_3069	has_subclass	DOID_7008
DOID_3069	has_subclass	DOID_7305
DOID_3070	has_subclass	DOID_0080879
DOID_3070	has_subclass	DOID_0081277
DOID_3070	has_subclass	DOID_3181
DOID_3070	has_subclass	DOID_3774
DOID_3070	has_subclass	DOID_4202
DOID_3070	has_subclass	DOID_4848
DOID_3070	has_subclass	DOID_4855
DOID_3070	has_subclass	DOID_4858
DOID_3070	has_subclass	DOID_5076
DOID_3076	has_subclass	DOID_7656
DOID_3078	has_subclass	DOID_0080875
DOID_3078	has_subclass	DOID_0080876
DOID_3078	has_subclass	DOID_0081304
DOID_3082	has_subclass	DOID_0060941
DOID_3082	has_subclass	DOID_2799
DOID_3082	has_subclass	DOID_849
DOID_3083	has_subclass	DOID_9675
DOID_3086	has_subclass	DOID_0060466
DOID_3086	has_subclass	DOID_5338
DOID_3087	has_subclass	DOID_13924
DOID_3093	has_subclass	DOID_0060116
DOID_3093	has_subclass	DOID_171
DOID_3093	has_subclass	DOID_3620
DOID_3095	has_subclass	DOID_3305
DOID_3095	has_subclass	DOID_3307
DOID_3098	has_subclass	DOID_0081249
DOID_3098	has_subclass	DOID_0081402
DOID_3098	has_subclass	DOID_6785
DOID_3111	has_subclass	DOID_3110
DOID_3111	has_subclass	DOID_3114
DOID_3111	has_subclass	DOID_3603
DOID_3111	has_subclass	DOID_7729
DOID_3112	has_subclass	DOID_2632
DOID_3116	has_subclass	DOID_0080615
DOID_3116	has_subclass	DOID_10194
DOID_3116	has_subclass	DOID_2697
DOID_3116	has_subclass	DOID_2698
DOID_3116	has_subclass	DOID_7762
DOID_3117	has_subclass	DOID_0050625
DOID_3117	has_subclass	DOID_916
DOID_3118	has_subclass	DOID_409
DOID_3119	has_subclass	DOID_0050626
DOID_3119	has_subclass	DOID_10155
DOID_3119	has_subclass	DOID_8618
DOID_3119	has_subclass	DOID_903
DOID_3119	has_subclass	DOID_9253
DOID_3121	has_subclass	DOID_12298
DOID_3121	has_subclass	DOID_4057
DOID_3121	has_subclass	DOID_4948
DOID_3121	has_subclass	DOID_5150
DOID_3121	has_subclass	DOID_5275
DOID_3121	has_subclass	DOID_8135
DOID_3121	has_subclass	DOID_8167
DOID_3122	has_subclass	DOID_12639
DOID_3125	has_subclass	DOID_0050430
DOID_3125	has_subclass	DOID_10016
DOID_3128	has_subclass	DOID_10488
DOID_3128	has_subclass	DOID_11014
DOID_3128	has_subclass	DOID_11374
DOID_3128	has_subclass	DOID_14110
DOID_3128	has_subclass	DOID_8170
DOID_3128	has_subclass	DOID_9746
DOID_3133	has_subclass	DOID_13270
DOID_3133	has_subclass	DOID_3132
DOID_3133	has_subclass	DOID_3890
DOID_3133	has_subclass	DOID_4346
DOID_3133	has_subclass	DOID_5230
DOID_3134	has_subclass	DOID_0061187
DOID_3144	has_subclass	DOID_0070137
DOID_3144	has_subclass	DOID_0070144
DOID_3146	has_subclass	DOID_0060235
DOID_3146	has_subclass	DOID_0060357
DOID_3146	has_subclass	DOID_0061186
DOID_3146	has_subclass	DOID_0070540
DOID_3146	has_subclass	DOID_0070654
DOID_3146	has_subclass	DOID_0080153
DOID_3146	has_subclass	DOID_0080154
DOID_3146	has_subclass	DOID_0080155
DOID_3146	has_subclass	DOID_0080503
DOID_3146	has_subclass	DOID_0090129
DOID_3146	has_subclass	DOID_0111277
DOID_3146	has_subclass	DOID_0111585
DOID_3146	has_subclass	DOID_0111865
DOID_3146	has_subclass	DOID_10582
DOID_3146	has_subclass	DOID_1168
DOID_3146	has_subclass	DOID_14498
DOID_3146	has_subclass	DOID_14692
DOID_3146	has_subclass	DOID_1701
DOID_3149	has_subclass	DOID_5585
DOID_315	has_subclass	DOID_7016
DOID_3151	has_subclass	DOID_3149
DOID_3151	has_subclass	DOID_3751
DOID_3151	has_subclass	DOID_5536
DOID_3151	has_subclass	DOID_7643
DOID_3151	has_subclass	DOID_8122
DOID_3151	has_subclass	DOID_8288
DOID_3153	has_subclass	DOID_0070518
DOID_3153	has_subclass	DOID_14116
DOID_3153	has_subclass	DOID_3923
DOID_3153	has_subclass	DOID_3925
DOID_3153	has_subclass	DOID_3926
DOID_3153	has_subclass	DOID_3927
DOID_3153	has_subclass	DOID_3928
DOID_3165	has_subclass	DOID_10188
DOID_3165	has_subclass	DOID_13081
DOID_3165	has_subclass	DOID_13691
DOID_3165	has_subclass	DOID_172
DOID_3165	has_subclass	DOID_2173
DOID_3165	has_subclass	DOID_2410
DOID_3165	has_subclass	DOID_2411
DOID_3165	has_subclass	DOID_2425
DOID_3165	has_subclass	DOID_2433
DOID_3165	has_subclass	DOID_2435
DOID_3165	has_subclass	DOID_2438
DOID_3165	has_subclass	DOID_2495
DOID_3165	has_subclass	DOID_5375
DOID_3165	has_subclass	DOID_5759
DOID_3165	has_subclass	DOID_5949
DOID_3165	has_subclass	DOID_663
DOID_3165	has_subclass	DOID_664
DOID_3165	has_subclass	DOID_7181
DOID_3168	has_subclass	DOID_174
DOID_3178	has_subclass	DOID_7380
DOID_3181	has_subclass	DOID_0050901
DOID_3181	has_subclass	DOID_3183
DOID_3181	has_subclass	DOID_3184
DOID_3181	has_subclass	DOID_3186
DOID_3185	has_subclass	DOID_3184
DOID_3185	has_subclass	DOID_4863
DOID_3185	has_subclass	DOID_5503
DOID_3185	has_subclass	DOID_5508
DOID_3185	has_subclass	DOID_7806
DOID_3187	has_subclass	DOID_0050901
DOID_319	has_subclass	DOID_0050259
DOID_319	has_subclass	DOID_0060326
DOID_319	has_subclass	DOID_0080829
DOID_319	has_subclass	DOID_1089
DOID_319	has_subclass	DOID_13743
DOID_319	has_subclass	DOID_320
DOID_319	has_subclass	DOID_321
DOID_319	has_subclass	DOID_322
DOID_319	has_subclass	DOID_327
DOID_319	has_subclass	DOID_6712
DOID_319	has_subclass	DOID_9988
DOID_3191	has_subclass	DOID_0081374
DOID_3191	has_subclass	DOID_0081375
DOID_3191	has_subclass	DOID_0110927
DOID_3191	has_subclass	DOID_0110928
DOID_3191	has_subclass	DOID_0110930
DOID_3191	has_subclass	DOID_0110933
DOID_3191	has_subclass	DOID_0110934
DOID_3191	has_subclass	DOID_0110935
DOID_3192	has_subclass	DOID_12689
DOID_3192	has_subclass	DOID_3196
DOID_3192	has_subclass	DOID_3203
DOID_3192	has_subclass	DOID_3205
DOID_3192	has_subclass	DOID_3206
DOID_3192	has_subclass	DOID_956
DOID_3193	has_subclass	DOID_4697
DOID_3193	has_subclass	DOID_5940
DOID_3200	has_subclass	DOID_3199
DOID_3200	has_subclass	DOID_4787
DOID_3204	has_subclass	DOID_0070480
DOID_3204	has_subclass	DOID_0070481
DOID_3204	has_subclass	DOID_0111252
DOID_3205	has_subclass	DOID_6484
DOID_3209	has_subclass	DOID_0060733
DOID_3209	has_subclass	DOID_0060737
DOID_3209	has_subclass	DOID_0060738
DOID_3211	has_subclass	DOID_0050437
DOID_3211	has_subclass	DOID_0050461
DOID_3211	has_subclass	DOID_0080540
DOID_3211	has_subclass	DOID_0112317
DOID_3211	has_subclass	DOID_12798
DOID_3211	has_subclass	DOID_14500
DOID_3211	has_subclass	DOID_3413
DOID_3211	has_subclass	DOID_3633
DOID_3211	has_subclass	DOID_3659
DOID_3213	has_subclass	DOID_2377
DOID_3213	has_subclass	DOID_636
DOID_322	has_subclass	DOID_0080743
DOID_322	has_subclass	DOID_0080947
DOID_3223	has_subclass	DOID_14022
DOID_3223	has_subclass	DOID_1811
DOID_3223	has_subclass	DOID_3222
DOID_3225	has_subclass	DOID_0060313
DOID_3225	has_subclass	DOID_14224
DOID_3225	has_subclass	DOID_3227
DOID_3225	has_subclass	DOID_8802
DOID_3225	has_subclass	DOID_9392
DOID_3240	has_subclass	DOID_3241
DOID_3246	has_subclass	DOID_0060338
DOID_3246	has_subclass	DOID_3255
DOID_3247	has_subclass	DOID_0080900
DOID_3247	has_subclass	DOID_3246
DOID_3247	has_subclass	DOID_3250
DOID_3247	has_subclass	DOID_3254
DOID_3247	has_subclass	DOID_3260
DOID_3247	has_subclass	DOID_4048
DOID_3247	has_subclass	DOID_4049
DOID_3247	has_subclass	DOID_4051
DOID_3247	has_subclass	DOID_4059
DOID_3247	has_subclass	DOID_4065
DOID_3247	has_subclass	DOID_4066
DOID_3250	has_subclass	DOID_7463
DOID_3250	has_subclass	DOID_8251
DOID_3252	has_subclass	DOID_3251
DOID_3254	has_subclass	DOID_3253
DOID_3255	has_subclass	DOID_6786
DOID_3255	has_subclass	DOID_6847
DOID_3259	has_subclass	DOID_3258
DOID_3259	has_subclass	DOID_4384
DOID_326	has_subclass	DOID_0050852
DOID_326	has_subclass	DOID_12510
DOID_3262	has_subclass	DOID_0112000
DOID_3265	has_subclass	DOID_0070191
DOID_3265	has_subclass	DOID_0070368
DOID_3269	has_subclass	DOID_3267
DOID_3269	has_subclass	DOID_7191
DOID_3274	has_subclass	DOID_8310
DOID_3275	has_subclass	DOID_3278
DOID_3275	has_subclass	DOID_3279
DOID_3275	has_subclass	DOID_3280
DOID_3275	has_subclass	DOID_3281
DOID_3275	has_subclass	DOID_3283
DOID_3275	has_subclass	DOID_4554
DOID_3275	has_subclass	DOID_7214
DOID_3277	has_subclass	DOID_10146
DOID_3277	has_subclass	DOID_3275
DOID_3277	has_subclass	DOID_4678
DOID_3277	has_subclass	DOID_5626
DOID_3279	has_subclass	DOID_7927
DOID_3280	has_subclass	DOID_6723
DOID_3282	has_subclass	DOID_6530
DOID_3282	has_subclass	DOID_6917
DOID_3282	has_subclass	DOID_7926
DOID_3284	has_subclass	DOID_4553
DOID_3284	has_subclass	DOID_4923
DOID_3284	has_subclass	DOID_7142
DOID_3284	has_subclass	DOID_7599
DOID_3284	has_subclass	DOID_8137
DOID_3284	has_subclass	DOID_8138
DOID_3301	has_subclass	DOID_3578
DOID_3302	has_subclass	DOID_0081417
DOID_3302	has_subclass	DOID_4152
DOID_3302	has_subclass	DOID_4153
DOID_3303	has_subclass	DOID_3302
DOID_3306	has_subclass	DOID_0050907
DOID_3307	has_subclass	DOID_0081246
DOID_3307	has_subclass	DOID_5563
DOID_3307	has_subclass	DOID_5566
DOID_3308	has_subclass	DOID_5680
DOID_3308	has_subclass	DOID_7232
DOID_331	has_subclass	DOID_0050242
DOID_331	has_subclass	DOID_0050251
DOID_331	has_subclass	DOID_0050425
DOID_331	has_subclass	DOID_0060090
DOID_331	has_subclass	DOID_10079
DOID_331	has_subclass	DOID_10095
DOID_331	has_subclass	DOID_10554
DOID_331	has_subclass	DOID_10955
DOID_331	has_subclass	DOID_11387
DOID_331	has_subclass	DOID_11389
DOID_331	has_subclass	DOID_12835
DOID_331	has_subclass	DOID_3213
DOID_331	has_subclass	DOID_3230
DOID_331	has_subclass	DOID_3620
DOID_331	has_subclass	DOID_5154
DOID_331	has_subclass	DOID_525
DOID_331	has_subclass	DOID_640
DOID_331	has_subclass	DOID_8117
DOID_331	has_subclass	DOID_9471
DOID_3310	has_subclass	DOID_0110098
DOID_3310	has_subclass	DOID_0110099
DOID_3310	has_subclass	DOID_0110100
DOID_3310	has_subclass	DOID_0110101
DOID_3310	has_subclass	DOID_0110102
DOID_3310	has_subclass	DOID_0110103
DOID_3310	has_subclass	DOID_0110104
DOID_3310	has_subclass	DOID_0110105
DOID_3312	has_subclass	DOID_0060166
DOID_3312	has_subclass	DOID_14042
DOID_3312	has_subclass	DOID_845
DOID_3314	has_subclass	DOID_3318
DOID_3315	has_subclass	DOID_10183
DOID_3315	has_subclass	DOID_10184
DOID_3315	has_subclass	DOID_10187
DOID_3315	has_subclass	DOID_10188
DOID_3315	has_subclass	DOID_10190
DOID_3315	has_subclass	DOID_10192
DOID_3315	has_subclass	DOID_10193
DOID_3315	has_subclass	DOID_10194
DOID_3315	has_subclass	DOID_10195
DOID_3315	has_subclass	DOID_10200
DOID_3315	has_subclass	DOID_10201
DOID_3315	has_subclass	DOID_10203
DOID_3315	has_subclass	DOID_10207
DOID_3315	has_subclass	DOID_10208
DOID_3315	has_subclass	DOID_10209
DOID_3315	has_subclass	DOID_1975
DOID_3315	has_subclass	DOID_6285
DOID_3315	has_subclass	DOID_7014
DOID_3316	has_subclass	DOID_0080896
DOID_3316	has_subclass	DOID_2643
DOID_332	has_subclass	DOID_0050752
DOID_332	has_subclass	DOID_0060193
DOID_332	has_subclass	DOID_0060194
DOID_332	has_subclass	DOID_0060195
DOID_332	has_subclass	DOID_0060196
DOID_332	has_subclass	DOID_0060197
DOID_332	has_subclass	DOID_0060198
DOID_332	has_subclass	DOID_0060199
DOID_332	has_subclass	DOID_0060200
DOID_332	has_subclass	DOID_0060201
DOID_332	has_subclass	DOID_0060202
DOID_332	has_subclass	DOID_0060203
DOID_332	has_subclass	DOID_0060204
DOID_332	has_subclass	DOID_0060205
DOID_332	has_subclass	DOID_0060206
DOID_332	has_subclass	DOID_0060207
DOID_332	has_subclass	DOID_0060209
DOID_332	has_subclass	DOID_0060210
DOID_332	has_subclass	DOID_0060211
DOID_332	has_subclass	DOID_0060212
DOID_332	has_subclass	DOID_0060213
DOID_332	has_subclass	DOID_0060214
DOID_332	has_subclass	DOID_0060355
DOID_332	has_subclass	DOID_0080225
DOID_332	has_subclass	DOID_0080917
DOID_332	has_subclass	DOID_0081378
DOID_332	has_subclass	DOID_0110067
DOID_332	has_subclass	DOID_0110068
DOID_332	has_subclass	DOID_0110069
DOID_332	has_subclass	DOID_0111227
DOID_3321	has_subclass	DOID_3320
DOID_3321	has_subclass	DOID_3323
DOID_3321	has_subclass	DOID_4795
DOID_3322	has_subclass	DOID_0080489
DOID_3322	has_subclass	DOID_0080501
DOID_3322	has_subclass	DOID_0080502
DOID_3324	has_subclass	DOID_12139
DOID_3324	has_subclass	DOID_12294
DOID_3324	has_subclass	DOID_3312
DOID_3326	has_subclass	DOID_0060538
DOID_3326	has_subclass	DOID_3325
DOID_3328	has_subclass	DOID_0060748
DOID_3328	has_subclass	DOID_0060750
DOID_3328	has_subclass	DOID_0060751
DOID_3328	has_subclass	DOID_0060754
DOID_3328	has_subclass	DOID_0060755
DOID_3331	has_subclass	DOID_0060681
DOID_3342	has_subclass	DOID_0060322
DOID_3342	has_subclass	DOID_14087
DOID_3342	has_subclass	DOID_4257
DOID_3342	has_subclass	DOID_7489
DOID_3345	has_subclass	DOID_4810
DOID_3345	has_subclass	DOID_5769
DOID_3347	has_subclass	DOID_3356
DOID_3347	has_subclass	DOID_3361
DOID_3347	has_subclass	DOID_3372
DOID_3347	has_subclass	DOID_3376
DOID_3347	has_subclass	DOID_3379
DOID_3350	has_subclass	DOID_0050905
DOID_3350	has_subclass	DOID_2685
DOID_3350	has_subclass	DOID_6755
DOID_3350	has_subclass	DOID_8305
DOID_3355	has_subclass	DOID_3507
DOID_3355	has_subclass	DOID_3516
DOID_3355	has_subclass	DOID_3517
DOID_3355	has_subclass	DOID_3520
DOID_3355	has_subclass	DOID_6880
DOID_3357	has_subclass	DOID_7297
DOID_3357	has_subclass	DOID_7827
DOID_3360	has_subclass	DOID_6696
DOID_3360	has_subclass	DOID_6697
DOID_3368	has_subclass	DOID_4388
DOID_3369	has_subclass	DOID_0050608
DOID_3369	has_subclass	DOID_4232
DOID_3371	has_subclass	DOID_0050897
DOID_3371	has_subclass	DOID_0081247
DOID_3371	has_subclass	DOID_5859
DOID_3371	has_subclass	DOID_5861
DOID_3371	has_subclass	DOID_5862
DOID_3371	has_subclass	DOID_5866
DOID_3371	has_subclass	DOID_5867
DOID_3373	has_subclass	DOID_5809
DOID_3374	has_subclass	DOID_3373
DOID_3374	has_subclass	DOID_6489
DOID_3376	has_subclass	DOID_3374
DOID_3376	has_subclass	DOID_7542
DOID_3376	has_subclass	DOID_7602
DOID_3382	has_subclass	DOID_0080531
DOID_3382	has_subclass	DOID_5363
DOID_3382	has_subclass	DOID_5690
DOID_3382	has_subclass	DOID_5692
DOID_3382	has_subclass	DOID_5693
DOID_3382	has_subclass	DOID_5694
DOID_3382	has_subclass	DOID_5695
DOID_3382	has_subclass	DOID_5697
DOID_3382	has_subclass	DOID_5698
DOID_3382	has_subclass	DOID_5702
DOID_3382	has_subclass	DOID_5703
DOID_3382	has_subclass	DOID_5711
DOID_3382	has_subclass	DOID_5713
DOID_3382	has_subclass	DOID_5714
DOID_3388	has_subclass	DOID_0070768
DOID_3390	has_subclass	DOID_0050428
DOID_3390	has_subclass	DOID_0060361
DOID_3390	has_subclass	DOID_0060862
DOID_3390	has_subclass	DOID_0070553
DOID_3390	has_subclass	DOID_0080223
DOID_3393	has_subclass	DOID_0080938
DOID_3393	has_subclass	DOID_11840
DOID_3393	has_subclass	DOID_5844
DOID_3393	has_subclass	DOID_8805
DOID_3405	has_subclass	DOID_2570
DOID_3405	has_subclass	DOID_2571
DOID_3405	has_subclass	DOID_4394
DOID_3407	has_subclass	DOID_13001
DOID_3407	has_subclass	DOID_807
DOID_3407	has_subclass	DOID_9348
DOID_341	has_subclass	DOID_10300
DOID_341	has_subclass	DOID_11713
DOID_341	has_subclass	DOID_1272
DOID_341	has_subclass	DOID_12918
DOID_341	has_subclass	DOID_13252
DOID_341	has_subclass	DOID_9286
DOID_3417	has_subclass	DOID_1760
DOID_3418	has_subclass	DOID_12491
DOID_3418	has_subclass	DOID_13814
DOID_3418	has_subclass	DOID_13866
DOID_3418	has_subclass	DOID_14423
DOID_3418	has_subclass	DOID_339
DOID_3418	has_subclass	DOID_367
DOID_3419	has_subclass	DOID_4992
DOID_3419	has_subclass	DOID_5632
DOID_3419	has_subclass	DOID_6334
DOID_3419	has_subclass	DOID_6335
DOID_3426	has_subclass	DOID_0050332
DOID_3437	has_subclass	DOID_11797
DOID_3437	has_subclass	DOID_1583
DOID_3437	has_subclass	DOID_9396
DOID_3445	has_subclass	DOID_13159
DOID_3445	has_subclass	DOID_3444
DOID_3447	has_subclass	DOID_3446
DOID_3447	has_subclass	DOID_3691
DOID_3447	has_subclass	DOID_7531
DOID_3449	has_subclass	DOID_3448
DOID_345	has_subclass	DOID_0050862
DOID_345	has_subclass	DOID_13589
DOID_345	has_subclass	DOID_13736
DOID_345	has_subclass	DOID_13811
DOID_345	has_subclass	DOID_13812
DOID_345	has_subclass	DOID_288
DOID_345	has_subclass	DOID_780
DOID_345	has_subclass	DOID_9042
DOID_345	has_subclass	DOID_9346
DOID_345	has_subclass	DOID_9958
DOID_345	has_subclass	DOID_997
DOID_3451	has_subclass	DOID_2513
DOID_3451	has_subclass	DOID_3450
DOID_3451	has_subclass	DOID_3965
DOID_3451	has_subclass	DOID_4683
DOID_3451	has_subclass	DOID_4871
DOID_3451	has_subclass	DOID_5376
DOID_3451	has_subclass	DOID_6425
DOID_3451	has_subclass	DOID_7039
DOID_3454	has_subclass	DOID_3523
DOID_3458	has_subclass	DOID_0081028
DOID_3458	has_subclass	DOID_3443
DOID_3458	has_subclass	DOID_3503
DOID_3458	has_subclass	DOID_5605
DOID_3458	has_subclass	DOID_5743
DOID_3458	has_subclass	DOID_6263
DOID_3458	has_subclass	DOID_6581
DOID_3458	has_subclass	DOID_6585
DOID_3458	has_subclass	DOID_6587
DOID_3459	has_subclass	DOID_0050938
DOID_3459	has_subclass	DOID_0060548
DOID_3459	has_subclass	DOID_0080674
DOID_3459	has_subclass	DOID_4877
DOID_3459	has_subclass	DOID_5050
DOID_3459	has_subclass	DOID_5592
DOID_3459	has_subclass	DOID_5675
DOID_3459	has_subclass	DOID_5760
DOID_3459	has_subclass	DOID_6629
DOID_3459	has_subclass	DOID_6657
DOID_3459	has_subclass	DOID_6741
DOID_3459	has_subclass	DOID_6776
DOID_3459	has_subclass	DOID_7578
DOID_3459	has_subclass	DOID_7843
DOID_3459	has_subclass	DOID_8029
DOID_3463	has_subclass	DOID_0060082
DOID_3463	has_subclass	DOID_0060323
DOID_3463	has_subclass	DOID_10080
DOID_3463	has_subclass	DOID_10688
DOID_3463	has_subclass	DOID_10691
DOID_3463	has_subclass	DOID_11603
DOID_3463	has_subclass	DOID_5998
DOID_3463	has_subclass	DOID_8791
DOID_3478	has_subclass	DOID_4352
DOID_3478	has_subclass	DOID_6994
DOID_3479	has_subclass	DOID_12759
DOID_3479	has_subclass	DOID_6039
DOID_3480	has_subclass	DOID_0040088
DOID_3480	has_subclass	DOID_13141
DOID_3480	has_subclass	DOID_3479
DOID_3482	has_subclass	DOID_10398
DOID_3482	has_subclass	DOID_10773
DOID_3482	has_subclass	DOID_3481
DOID_3488	has_subclass	DOID_4558
DOID_349	has_subclass	DOID_4659
DOID_349	has_subclass	DOID_4660
DOID_349	has_subclass	DOID_4797
DOID_349	has_subclass	DOID_4798
DOID_3490	has_subclass	DOID_0060578
DOID_3490	has_subclass	DOID_0060580
DOID_3490	has_subclass	DOID_0060581
DOID_3490	has_subclass	DOID_0060585
DOID_3490	has_subclass	DOID_0060586
DOID_3490	has_subclass	DOID_0060587
DOID_3490	has_subclass	DOID_0060588
DOID_3490	has_subclass	DOID_0112161
DOID_3490	has_subclass	DOID_0112169
DOID_3495	has_subclass	DOID_5926
DOID_3495	has_subclass	DOID_6931
DOID_3498	has_subclass	DOID_3497
DOID_3498	has_subclass	DOID_7716
DOID_3498	has_subclass	DOID_7718
DOID_350	has_subclass	DOID_349
DOID_3500	has_subclass	DOID_3499
DOID_3500	has_subclass	DOID_7222
DOID_3502	has_subclass	DOID_3501
DOID_3502	has_subclass	DOID_3693
DOID_3502	has_subclass	DOID_5308
DOID_3502	has_subclass	DOID_8110
DOID_3520	has_subclass	DOID_8418
DOID_3523	has_subclass	DOID_3522
DOID_3526	has_subclass	DOID_3525
DOID_3526	has_subclass	DOID_3528
DOID_3526	has_subclass	DOID_3821
DOID_3527	has_subclass	DOID_10941
DOID_3527	has_subclass	DOID_13099
DOID_3534	has_subclass	DOID_0061211
DOID_3534	has_subclass	DOID_0070660
DOID_3535	has_subclass	DOID_0111448
DOID_3540	has_subclass	DOID_3542
DOID_3540	has_subclass	DOID_3545
DOID_3540	has_subclass	DOID_4584
DOID_3541	has_subclass	DOID_0081314
DOID_3541	has_subclass	DOID_14174
DOID_3541	has_subclass	DOID_3540
DOID_3541	has_subclass	DOID_3774
DOID_3558	has_subclass	DOID_13687
DOID_3558	has_subclass	DOID_3557
DOID_3565	has_subclass	DOID_0060106
DOID_3565	has_subclass	DOID_0080842
DOID_3565	has_subclass	DOID_0080843
DOID_3565	has_subclass	DOID_1138
DOID_3565	has_subclass	DOID_4141
DOID_3565	has_subclass	DOID_4210
DOID_3565	has_subclass	DOID_4435
DOID_3565	has_subclass	DOID_4586
DOID_3565	has_subclass	DOID_4588
DOID_3565	has_subclass	DOID_4591
DOID_3565	has_subclass	DOID_4593
DOID_3565	has_subclass	DOID_4594
DOID_3565	has_subclass	DOID_4708
DOID_3565	has_subclass	DOID_4749
DOID_3565	has_subclass	DOID_4957
DOID_3565	has_subclass	DOID_5764
DOID_3565	has_subclass	DOID_6110
DOID_3565	has_subclass	DOID_6334
DOID_3565	has_subclass	DOID_6335
DOID_3565	has_subclass	DOID_6548
DOID_3565	has_subclass	DOID_7210
DOID_3565	has_subclass	DOID_7211
DOID_3565	has_subclass	DOID_7212
DOID_3565	has_subclass	DOID_7213
DOID_3565	has_subclass	DOID_7482
DOID_3565	has_subclass	DOID_7634
DOID_3565	has_subclass	DOID_7635
DOID_3565	has_subclass	DOID_8006
DOID_3565	has_subclass	DOID_8030
DOID_3565	has_subclass	DOID_8031
DOID_3565	has_subclass	DOID_8058
DOID_3565	has_subclass	DOID_8216
DOID_3565	has_subclass	DOID_8368
DOID_3571	has_subclass	DOID_268
DOID_3571	has_subclass	DOID_270
DOID_3571	has_subclass	DOID_6370
DOID_3571	has_subclass	DOID_686
DOID_3571	has_subclass	DOID_687
DOID_3571	has_subclass	DOID_901
DOID_3572	has_subclass	DOID_3574
DOID_3572	has_subclass	DOID_3575
DOID_3572	has_subclass	DOID_3576
DOID_3594	has_subclass	DOID_2025
DOID_3594	has_subclass	DOID_3596
DOID_3594	has_subclass	DOID_4320
DOID_3594	has_subclass	DOID_5550
DOID_3594	has_subclass	DOID_5551
DOID_3594	has_subclass	DOID_6634
DOID_3594	has_subclass	DOID_6639
DOID_3594	has_subclass	DOID_8188
DOID_3605	has_subclass	DOID_3604
DOID_3605	has_subclass	DOID_5746
DOID_3605	has_subclass	DOID_7438
DOID_3608	has_subclass	DOID_3607
DOID_3610	has_subclass	DOID_3609
DOID_3610	has_subclass	DOID_8130
DOID_3612	has_subclass	DOID_0080160
DOID_3612	has_subclass	DOID_11316
DOID_3612	has_subclass	DOID_3611
DOID_3616	has_subclass	DOID_3615
DOID_3616	has_subclass	DOID_3617
DOID_3620	has_subclass	DOID_1319
DOID_3620	has_subclass	DOID_2133
DOID_3620	has_subclass	DOID_4048
DOID_3620	has_subclass	DOID_4439
DOID_3620	has_subclass	DOID_4955
DOID_3620	has_subclass	DOID_502
DOID_3620	has_subclass	DOID_5772
DOID_3627	has_subclass	DOID_14004
DOID_3627	has_subclass	DOID_7693
DOID_363	has_subclass	DOID_11747
DOID_363	has_subclass	DOID_1380
DOID_363	has_subclass	DOID_2021
DOID_363	has_subclass	DOID_5727
DOID_363	has_subclass	DOID_9460
DOID_3635	has_subclass	DOID_0080587
DOID_3635	has_subclass	DOID_0110657
DOID_3635	has_subclass	DOID_0110658
DOID_3635	has_subclass	DOID_0110660
DOID_3635	has_subclass	DOID_0110661
DOID_3635	has_subclass	DOID_0110662
DOID_3635	has_subclass	DOID_0110670
DOID_3635	has_subclass	DOID_0110673
DOID_3635	has_subclass	DOID_0110674
DOID_3635	has_subclass	DOID_0110677
DOID_3635	has_subclass	DOID_0110679
DOID_3635	has_subclass	DOID_0110680
DOID_3640	has_subclass	DOID_6015
DOID_3640	has_subclass	DOID_6019
DOID_3643	has_subclass	DOID_7103
DOID_3643	has_subclass	DOID_7713
DOID_3643	has_subclass	DOID_8058
DOID_3646	has_subclass	DOID_1130
DOID_365	has_subclass	DOID_0050623
DOID_365	has_subclass	DOID_0070355
DOID_365	has_subclass	DOID_0112014
DOID_365	has_subclass	DOID_11353
DOID_365	has_subclass	DOID_11355
DOID_365	has_subclass	DOID_12143
DOID_365	has_subclass	DOID_12144
DOID_365	has_subclass	DOID_12145
DOID_365	has_subclass	DOID_13948
DOID_365	has_subclass	DOID_1679
DOID_365	has_subclass	DOID_724
DOID_365	has_subclass	DOID_754
DOID_365	has_subclass	DOID_9053
DOID_3663	has_subclass	DOID_12309
DOID_3663	has_subclass	DOID_3665
DOID_3664	has_subclass	DOID_13005
DOID_3664	has_subclass	DOID_355
DOID_3664	has_subclass	DOID_3666
DOID_3664	has_subclass	DOID_9254
DOID_3672	has_subclass	DOID_3674
DOID_3675	has_subclass	DOID_3672
DOID_368	has_subclass	DOID_0060103
DOID_368	has_subclass	DOID_12016
DOID_368	has_subclass	DOID_14384
DOID_368	has_subclass	DOID_2135
DOID_368	has_subclass	DOID_4164
DOID_368	has_subclass	DOID_5815
DOID_368	has_subclass	DOID_6112
DOID_368	has_subclass	DOID_7007
DOID_368	has_subclass	DOID_7398
DOID_368	has_subclass	DOID_910
DOID_3683	has_subclass	DOID_490
DOID_3683	has_subclass	DOID_5364
DOID_3683	has_subclass	DOID_5386
DOID_3683	has_subclass	DOID_5763
DOID_3683	has_subclass	DOID_5767
DOID_369	has_subclass	DOID_10812
DOID_3690	has_subclass	DOID_10383
DOID_3690	has_subclass	DOID_3689
DOID_3690	has_subclass	DOID_8443
DOID_3692	has_subclass	DOID_8119
DOID_3696	has_subclass	DOID_3728
DOID_3697	has_subclass	DOID_11557
DOID_3697	has_subclass	DOID_3696
DOID_3697	has_subclass	DOID_9736
DOID_37	has_subclass	DOID_0050096
DOID_37	has_subclass	DOID_0050185
DOID_37	has_subclass	DOID_0050260
DOID_37	has_subclass	DOID_0050426
DOID_37	has_subclass	DOID_0050467
DOID_37	has_subclass	DOID_0050474
DOID_37	has_subclass	DOID_0050725
DOID_37	has_subclass	DOID_0060472
DOID_37	has_subclass	DOID_0060551
DOID_37	has_subclass	DOID_0080661
DOID_37	has_subclass	DOID_0111162
DOID_37	has_subclass	DOID_0111371
DOID_37	has_subclass	DOID_0111561
DOID_37	has_subclass	DOID_0112241
DOID_37	has_subclass	DOID_10123
DOID_37	has_subclass	DOID_1081
DOID_37	has_subclass	DOID_1082
DOID_37	has_subclass	DOID_12211
DOID_37	has_subclass	DOID_12403
DOID_37	has_subclass	DOID_12841
DOID_37	has_subclass	DOID_13271
DOID_37	has_subclass	DOID_13369
DOID_37	has_subclass	DOID_13523
DOID_37	has_subclass	DOID_13778
DOID_37	has_subclass	DOID_1526
DOID_37	has_subclass	DOID_1558
DOID_37	has_subclass	DOID_161
DOID_37	has_subclass	DOID_2053
DOID_37	has_subclass	DOID_2058
DOID_37	has_subclass	DOID_2729
DOID_37	has_subclass	DOID_2732
DOID_37	has_subclass	DOID_2733
DOID_37	has_subclass	DOID_3136
DOID_37	has_subclass	DOID_3140
DOID_37	has_subclass	DOID_3142
DOID_37	has_subclass	DOID_3144
DOID_37	has_subclass	DOID_3153
DOID_37	has_subclass	DOID_3156
DOID_37	has_subclass	DOID_3158
DOID_37	has_subclass	DOID_3165
DOID_37	has_subclass	DOID_3486
DOID_37	has_subclass	DOID_4159
DOID_37	has_subclass	DOID_4702
DOID_37	has_subclass	DOID_5769
DOID_37	has_subclass	DOID_6687
DOID_37	has_subclass	DOID_7365
DOID_37	has_subclass	DOID_7426
DOID_37	has_subclass	DOID_8549
DOID_37	has_subclass	DOID_8687
DOID_37	has_subclass	DOID_8736
DOID_37	has_subclass	DOID_8771
DOID_37	has_subclass	DOID_8881
DOID_37	has_subclass	DOID_9008
DOID_37	has_subclass	DOID_9063
DOID_37	has_subclass	DOID_9097
DOID_37	has_subclass	DOID_9123
DOID_37	has_subclass	DOID_9212
DOID_37	has_subclass	DOID_9540
DOID_37	has_subclass	DOID_9746
DOID_370	has_subclass	DOID_369
DOID_370	has_subclass	DOID_8256
DOID_3700	has_subclass	DOID_3699
DOID_3700	has_subclass	DOID_5302
DOID_3700	has_subclass	DOID_5747
DOID_3700	has_subclass	DOID_5829
DOID_3701	has_subclass	DOID_6101
DOID_3701	has_subclass	DOID_6627
DOID_3701	has_subclass	DOID_8338
DOID_3701	has_subclass	DOID_8339
DOID_3701	has_subclass	DOID_8340
DOID_3702	has_subclass	DOID_3701
DOID_3702	has_subclass	DOID_5303
DOID_3702	has_subclass	DOID_5368
DOID_3702	has_subclass	DOID_5752
DOID_3702	has_subclass	DOID_5830
DOID_3702	has_subclass	DOID_8307
DOID_3706	has_subclass	DOID_3704
DOID_3706	has_subclass	DOID_5301
DOID_3706	has_subclass	DOID_5597
DOID_3706	has_subclass	DOID_5598
DOID_3706	has_subclass	DOID_5831
DOID_371	has_subclass	DOID_0050935
DOID_3711	has_subclass	DOID_3710
DOID_3711	has_subclass	DOID_6481
DOID_3711	has_subclass	DOID_6594
DOID_3711	has_subclass	DOID_7694
DOID_3711	has_subclass	DOID_8096
DOID_3711	has_subclass	DOID_8097
DOID_3713	has_subclass	DOID_3605
DOID_3713	has_subclass	DOID_4894
DOID_3713	has_subclass	DOID_5304
DOID_3713	has_subclass	DOID_5744
DOID_3713	has_subclass	DOID_5828
DOID_3717	has_subclass	DOID_10541
DOID_3717	has_subclass	DOID_5593
DOID_3717	has_subclass	DOID_6595
DOID_3721	has_subclass	DOID_3720
DOID_3721	has_subclass	DOID_3722
DOID_3721	has_subclass	DOID_3723
DOID_374	has_subclass	DOID_5113
DOID_374	has_subclass	DOID_654
DOID_3742	has_subclass	DOID_3741
DOID_3744	has_subclass	DOID_3743
DOID_3744	has_subclass	DOID_7046
DOID_3744	has_subclass	DOID_7483
DOID_3744	has_subclass	DOID_7598
DOID_3744	has_subclass	DOID_7961
DOID_3744	has_subclass	DOID_8409
DOID_3748	has_subclass	DOID_3747
DOID_3750	has_subclass	DOID_3749
DOID_3753	has_subclass	DOID_0060539
DOID_3753	has_subclass	DOID_0060540
DOID_3753	has_subclass	DOID_0060541
DOID_3753	has_subclass	DOID_0060542
DOID_3753	has_subclass	DOID_0060543
DOID_3753	has_subclass	DOID_0060544
DOID_3753	has_subclass	DOID_0060545
DOID_3753	has_subclass	DOID_0060546
DOID_3753	has_subclass	DOID_0060547
DOID_3753	has_subclass	DOID_0061300
DOID_3753	has_subclass	DOID_0061301
DOID_3756	has_subclass	DOID_0111904
DOID_3756	has_subclass	DOID_0111909
DOID_3762	has_subclass	DOID_0050713
DOID_3762	has_subclass	DOID_0081377
DOID_3762	has_subclass	DOID_0111180
DOID_3762	has_subclass	DOID_3652
DOID_3765	has_subclass	DOID_0050791
DOID_3765	has_subclass	DOID_0112248
DOID_3767	has_subclass	DOID_3766
DOID_3770	has_subclass	DOID_0050156
DOID_3770	has_subclass	DOID_12123
DOID_3770	has_subclass	DOID_5641
DOID_3770	has_subclass	DOID_5642
DOID_3772	has_subclass	DOID_6115
DOID_379	has_subclass	DOID_5665
DOID_379	has_subclass	DOID_9462
DOID_379	has_subclass	DOID_9463
DOID_3798	has_subclass	DOID_14305
DOID_381	has_subclass	DOID_10393
DOID_381	has_subclass	DOID_12225
DOID_381	has_subclass	DOID_13781
DOID_381	has_subclass	DOID_14107
DOID_381	has_subclass	DOID_14276
DOID_381	has_subclass	DOID_14284
DOID_381	has_subclass	DOID_14286
DOID_381	has_subclass	DOID_1670
DOID_381	has_subclass	DOID_2092
DOID_381	has_subclass	DOID_528
DOID_381	has_subclass	DOID_970
DOID_381	has_subclass	DOID_9754
DOID_381	has_subclass	DOID_9898
DOID_3817	has_subclass	DOID_10865
DOID_3817	has_subclass	DOID_3816
DOID_3818	has_subclass	DOID_0040060
DOID_3829	has_subclass	DOID_0112008
DOID_3829	has_subclass	DOID_0112009
DOID_3829	has_subclass	DOID_0112010
DOID_3829	has_subclass	DOID_3828
DOID_3829	has_subclass	DOID_4542
DOID_3829	has_subclass	DOID_5392
DOID_3829	has_subclass	DOID_5715
DOID_3829	has_subclass	DOID_7179
DOID_3840	has_subclass	DOID_3846
DOID_3840	has_subclass	DOID_3847
DOID_3842	has_subclass	DOID_3643
DOID_3842	has_subclass	DOID_4435
DOID_3843	has_subclass	DOID_4855
DOID_3843	has_subclass	DOID_6098
DOID_3850	has_subclass	DOID_2431
DOID_3855	has_subclass	DOID_5724
DOID_3856	has_subclass	DOID_10283
DOID_3856	has_subclass	DOID_10366
DOID_3856	has_subclass	DOID_13169
DOID_3856	has_subclass	DOID_14545
DOID_3856	has_subclass	DOID_2998
DOID_3856	has_subclass	DOID_6721
DOID_3875	has_subclass	DOID_10880
DOID_3875	has_subclass	DOID_12282
DOID_3875	has_subclass	DOID_14392
DOID_3877	has_subclass	DOID_3876
DOID_3883	has_subclass	DOID_0050465
DOID_3883	has_subclass	DOID_0070271
DOID_3883	has_subclass	DOID_0070272
DOID_3883	has_subclass	DOID_0070273
DOID_3883	has_subclass	DOID_0070274
DOID_3883	has_subclass	DOID_0070275
DOID_3883	has_subclass	DOID_0070276
DOID_3896	has_subclass	DOID_2061
DOID_3896	has_subclass	DOID_5439
DOID_3896	has_subclass	DOID_5443
DOID_3905	has_subclass	DOID_0050932
DOID_3905	has_subclass	DOID_0080777
DOID_3905	has_subclass	DOID_4872
DOID_3905	has_subclass	DOID_5409
DOID_3905	has_subclass	DOID_7267
DOID_3905	has_subclass	DOID_7596
DOID_3906	has_subclass	DOID_10183
DOID_3906	has_subclass	DOID_8003
DOID_3907	has_subclass	DOID_6510
DOID_3907	has_subclass	DOID_7045
DOID_3908	has_subclass	DOID_0080521
DOID_3908	has_subclass	DOID_3907
DOID_3908	has_subclass	DOID_4556
DOID_3910	has_subclass	DOID_0080303
DOID_3910	has_subclass	DOID_0080304
DOID_3910	has_subclass	DOID_0080305
DOID_3910	has_subclass	DOID_0080306
DOID_3910	has_subclass	DOID_4926
DOID_3910	has_subclass	DOID_5588
DOID_3910	has_subclass	DOID_6482
DOID_3910	has_subclass	DOID_7168
DOID_3918	has_subclass	DOID_3892
DOID_3918	has_subclass	DOID_3917
DOID_3918	has_subclass	DOID_7235
DOID_3918	has_subclass	DOID_7735
DOID_3930	has_subclass	DOID_1468
DOID_3944	has_subclass	DOID_0050194
DOID_3944	has_subclass	DOID_0050195
DOID_3944	has_subclass	DOID_0050196
DOID_3944	has_subclass	DOID_0050197
DOID_3944	has_subclass	DOID_0050198
DOID_3944	has_subclass	DOID_0050199
DOID_3944	has_subclass	DOID_0050202
DOID_3944	has_subclass	DOID_12155
DOID_3944	has_subclass	DOID_9537
DOID_3947	has_subclass	DOID_446
DOID_3948	has_subclass	DOID_3959
DOID_3951	has_subclass	DOID_10778
DOID_3951	has_subclass	DOID_10779
DOID_3951	has_subclass	DOID_9694
DOID_3952	has_subclass	DOID_0060280
DOID_3952	has_subclass	DOID_4968
DOID_3952	has_subclass	DOID_660
DOID_3953	has_subclass	DOID_3950
DOID_3953	has_subclass	DOID_5718
DOID_3953	has_subclass	DOID_5719
DOID_3953	has_subclass	DOID_660
DOID_3953	has_subclass	DOID_8140
DOID_3962	has_subclass	DOID_3964
DOID_3962	has_subclass	DOID_8161
DOID_3963	has_subclass	DOID_0050923
DOID_3963	has_subclass	DOID_0080522
DOID_3963	has_subclass	DOID_0081457
DOID_3963	has_subclass	DOID_0081458
DOID_3963	has_subclass	DOID_0081459
DOID_3963	has_subclass	DOID_0081460
DOID_3963	has_subclass	DOID_0081461
DOID_3963	has_subclass	DOID_3972
DOID_3963	has_subclass	DOID_4687
DOID_3969	has_subclass	DOID_5914
DOID_3969	has_subclass	DOID_7086
DOID_3969	has_subclass	DOID_7088
DOID_3969	has_subclass	DOID_7089
DOID_397	has_subclass	DOID_0061025
DOID_397	has_subclass	DOID_0111425
DOID_397	has_subclass	DOID_0111426
DOID_397	has_subclass	DOID_0111427
DOID_397	has_subclass	DOID_12932
DOID_397	has_subclass	DOID_396
DOID_3973	has_subclass	DOID_0050547
DOID_3978	has_subclass	DOID_12935
DOID_399	has_subclass	DOID_0050598
DOID_399	has_subclass	DOID_0060570
DOID_399	has_subclass	DOID_0070344
DOID_399	has_subclass	DOID_0080995
DOID_399	has_subclass	DOID_2957
DOID_399	has_subclass	DOID_401
DOID_3996	has_subclass	DOID_11054
DOID_3996	has_subclass	DOID_734
DOID_3999	has_subclass	DOID_3998
DOID_3999	has_subclass	DOID_4879
DOID_3999	has_subclass	DOID_5630
DOID_3999	has_subclass	DOID_7140
DOID_4	has_subclass	DOID_0014667
DOID_4	has_subclass	DOID_0050117
DOID_4	has_subclass	DOID_14566
DOID_4	has_subclass	DOID_225
DOID_4	has_subclass	DOID_630
DOID_4	has_subclass	DOID_7
DOID_4001	has_subclass	DOID_0050933
DOID_4001	has_subclass	DOID_0050934
DOID_4001	has_subclass	DOID_3713
DOID_4001	has_subclass	DOID_4555
DOID_4001	has_subclass	DOID_6179
DOID_4001	has_subclass	DOID_6408
DOID_4001	has_subclass	DOID_6898
DOID_4006	has_subclass	DOID_6477
DOID_4006	has_subclass	DOID_6571
DOID_4006	has_subclass	DOID_6975
DOID_4007	has_subclass	DOID_0080902
DOID_4007	has_subclass	DOID_7132
DOID_4007	has_subclass	DOID_7315
DOID_4007	has_subclass	DOID_7371
DOID_4014	has_subclass	DOID_0080901
DOID_4015	has_subclass	DOID_5662
DOID_4029	has_subclass	DOID_2327
DOID_4029	has_subclass	DOID_4030
DOID_4029	has_subclass	DOID_4034
DOID_4029	has_subclass	DOID_4035
DOID_4029	has_subclass	DOID_4037
DOID_4029	has_subclass	DOID_4038
DOID_4029	has_subclass	DOID_8680
DOID_4029	has_subclass	DOID_8757
DOID_4029	has_subclass	DOID_8929
DOID_403	has_subclass	DOID_0050270
DOID_403	has_subclass	DOID_0060315
DOID_403	has_subclass	DOID_10883
DOID_403	has_subclass	DOID_1091
DOID_403	has_subclass	DOID_10944
DOID_403	has_subclass	DOID_14262
DOID_403	has_subclass	DOID_402
DOID_403	has_subclass	DOID_4331
DOID_403	has_subclass	DOID_4557
DOID_403	has_subclass	DOID_5773
DOID_403	has_subclass	DOID_9297
DOID_403	has_subclass	DOID_9655
DOID_404	has_subclass	DOID_13282
DOID_404	has_subclass	DOID_402
DOID_404	has_subclass	DOID_407
DOID_404	has_subclass	DOID_7332
DOID_404	has_subclass	DOID_9801
DOID_4043	has_subclass	DOID_3247
DOID_4043	has_subclass	DOID_4239
DOID_4045	has_subclass	DOID_0050924
DOID_4045	has_subclass	DOID_4043
DOID_4045	has_subclass	DOID_4230
DOID_4050	has_subclass	DOID_6208
DOID_4054	has_subclass	DOID_3252
DOID_4054	has_subclass	DOID_4524
DOID_4054	has_subclass	DOID_5282
DOID_4054	has_subclass	DOID_7152
DOID_4062	has_subclass	DOID_4061
DOID_4072	has_subclass	DOID_10021
DOID_4072	has_subclass	DOID_4071
DOID_4073	has_subclass	DOID_5751
DOID_4074	has_subclass	DOID_0080782
DOID_4074	has_subclass	DOID_3498
DOID_4074	has_subclass	DOID_5742
DOID_4074	has_subclass	DOID_7577
DOID_4079	has_subclass	DOID_0050826
DOID_4079	has_subclass	DOID_0050827
DOID_4079	has_subclass	DOID_0111765
DOID_4079	has_subclass	DOID_5749
DOID_4079	has_subclass	DOID_61
DOID_4085	has_subclass	DOID_3590
DOID_4085	has_subclass	DOID_4084
DOID_409	has_subclass	DOID_0050218
DOID_409	has_subclass	DOID_0061215
DOID_409	has_subclass	DOID_0080778
DOID_409	has_subclass	DOID_0080936
DOID_409	has_subclass	DOID_10699
DOID_409	has_subclass	DOID_12474
DOID_409	has_subclass	DOID_13768
DOID_409	has_subclass	DOID_1495
DOID_409	has_subclass	DOID_5082
DOID_409	has_subclass	DOID_900
DOID_409	has_subclass	DOID_9132
DOID_409	has_subclass	DOID_918
DOID_409	has_subclass	DOID_9245
DOID_4090	has_subclass	DOID_0060130
DOID_4090	has_subclass	DOID_0060131
DOID_4090	has_subclass	DOID_0060132
DOID_4090	has_subclass	DOID_0060133
DOID_4090	has_subclass	DOID_0060134
DOID_4090	has_subclass	DOID_0060136
DOID_4090	has_subclass	DOID_0060137
DOID_4090	has_subclass	DOID_0060138
DOID_4090	has_subclass	DOID_0060139
DOID_4090	has_subclass	DOID_0060140
DOID_4090	has_subclass	DOID_0060141
DOID_4090	has_subclass	DOID_0060142
DOID_4090	has_subclass	DOID_0060143
DOID_4090	has_subclass	DOID_0060144
DOID_4090	has_subclass	DOID_0060146
DOID_4090	has_subclass	DOID_0060147
DOID_4090	has_subclass	DOID_0060148
DOID_4090	has_subclass	DOID_0060149
DOID_4090	has_subclass	DOID_0060150
DOID_4090	has_subclass	DOID_0060151
DOID_4090	has_subclass	DOID_0060152
DOID_4090	has_subclass	DOID_0060154
DOID_4090	has_subclass	DOID_0060155
DOID_4090	has_subclass	DOID_13417
DOID_4090	has_subclass	DOID_4970
DOID_4109	has_subclass	DOID_11285
DOID_4110	has_subclass	DOID_0050266
DOID_4110	has_subclass	DOID_11079
DOID_4112	has_subclass	DOID_4111
DOID_4112	has_subclass	DOID_5190
DOID_4114	has_subclass	DOID_4113
DOID_4114	has_subclass	DOID_6171
DOID_4114	has_subclass	DOID_7281
DOID_4123	has_subclass	DOID_0050468
DOID_4123	has_subclass	DOID_13074
DOID_4123	has_subclass	DOID_13117
DOID_4123	has_subclass	DOID_14512
DOID_4123	has_subclass	DOID_2058
DOID_4137	has_subclass	DOID_11755
DOID_4138	has_subclass	DOID_0050613
DOID_4138	has_subclass	DOID_0050876
DOID_4138	has_subclass	DOID_0061214
DOID_4138	has_subclass	DOID_10022
DOID_4138	has_subclass	DOID_10209
DOID_4138	has_subclass	DOID_4137
DOID_4138	has_subclass	DOID_4606
DOID_4138	has_subclass	DOID_885
DOID_4138	has_subclass	DOID_899
DOID_4138	has_subclass	DOID_9446
DOID_4143	has_subclass	DOID_4141
DOID_4143	has_subclass	DOID_9987
DOID_4148	has_subclass	DOID_4715
DOID_4148	has_subclass	DOID_7402
DOID_4151	has_subclass	DOID_6312
DOID_4153	has_subclass	DOID_0050900
DOID_4159	has_subclass	DOID_1243
DOID_4159	has_subclass	DOID_13168
DOID_4159	has_subclass	DOID_2095
DOID_4159	has_subclass	DOID_2430
DOID_4159	has_subclass	DOID_2687
DOID_4159	has_subclass	DOID_3451
DOID_4159	has_subclass	DOID_4840
DOID_4159	has_subclass	DOID_5042
DOID_4159	has_subclass	DOID_5274
DOID_4159	has_subclass	DOID_7049
DOID_4159	has_subclass	DOID_8006
DOID_4159	has_subclass	DOID_8923
DOID_4163	has_subclass	DOID_5193
DOID_4163	has_subclass	DOID_5194
DOID_4163	has_subclass	DOID_5195
DOID_4166	has_subclass	DOID_4156
DOID_4166	has_subclass	DOID_4157
DOID_4166	has_subclass	DOID_9531
DOID_4166	has_subclass	DOID_9856
DOID_417	has_subclass	DOID_0060005
DOID_417	has_subclass	DOID_0060032
DOID_417	has_subclass	DOID_0060049
DOID_417	has_subclass	DOID_0060050
DOID_417	has_subclass	DOID_0061159
DOID_417	has_subclass	DOID_0080356
DOID_417	has_subclass	DOID_0080744
DOID_417	has_subclass	DOID_0081451
DOID_417	has_subclass	DOID_11042
DOID_417	has_subclass	DOID_12900
DOID_417	has_subclass	DOID_13080
DOID_4176	has_subclass	DOID_4175
DOID_418	has_subclass	DOID_1577
DOID_418	has_subclass	DOID_1578
DOID_418	has_subclass	DOID_1580
DOID_4184	has_subclass	DOID_0051013
DOID_4184	has_subclass	DOID_0080053
DOID_4184	has_subclass	DOID_0080222
DOID_4184	has_subclass	DOID_4183
DOID_4186	has_subclass	DOID_0060243
DOID_419	has_subclass	DOID_418
DOID_4193	has_subclass	DOID_3410
DOID_4193	has_subclass	DOID_3572
DOID_4194	has_subclass	DOID_0050884
DOID_4194	has_subclass	DOID_0111933
DOID_4194	has_subclass	DOID_11716
DOID_4194	has_subclass	DOID_4195
DOID_4194	has_subclass	DOID_9351
DOID_4195	has_subclass	DOID_10603
DOID_420	has_subclass	DOID_0111060
DOID_420	has_subclass	DOID_11669
DOID_4202	has_subclass	DOID_4813
DOID_4202	has_subclass	DOID_4860
DOID_4203	has_subclass	DOID_0050899
DOID_4203	has_subclass	DOID_4206
DOID_4203	has_subclass	DOID_4207
DOID_4205	has_subclass	DOID_0060104
DOID_4205	has_subclass	DOID_4848
DOID_4205	has_subclass	DOID_5056
DOID_4205	has_subclass	DOID_5057
DOID_4205	has_subclass	DOID_5059
DOID_4205	has_subclass	DOID_6458
DOID_4205	has_subclass	DOID_6500
DOID_4206	has_subclass	DOID_6383
DOID_4207	has_subclass	DOID_7522
DOID_421	has_subclass	DOID_0050097
DOID_421	has_subclass	DOID_0050105
DOID_421	has_subclass	DOID_0050472
DOID_421	has_subclass	DOID_420
DOID_421	has_subclass	DOID_4409
DOID_4210	has_subclass	DOID_4209
DOID_4211	has_subclass	DOID_6517
DOID_422	has_subclass	DOID_14717
DOID_4223	has_subclass	DOID_12275
DOID_4223	has_subclass	DOID_2176
DOID_4223	has_subclass	DOID_4131
DOID_4223	has_subclass	DOID_8553
DOID_423	has_subclass	DOID_0050760
DOID_423	has_subclass	DOID_0080090
DOID_423	has_subclass	DOID_0080108
DOID_423	has_subclass	DOID_0080307
DOID_423	has_subclass	DOID_0080686
DOID_423	has_subclass	DOID_0080718
DOID_423	has_subclass	DOID_0080992
DOID_423	has_subclass	DOID_431
DOID_423	has_subclass	DOID_767
DOID_423	has_subclass	DOID_929
DOID_4230	has_subclass	DOID_1967
DOID_4231	has_subclass	DOID_4415
DOID_4232	has_subclass	DOID_4389
DOID_4232	has_subclass	DOID_4985
DOID_4236	has_subclass	DOID_1974
DOID_4236	has_subclass	DOID_4422
DOID_4242	has_subclass	DOID_0081418
DOID_4242	has_subclass	DOID_4880
DOID_4242	has_subclass	DOID_5287
DOID_4242	has_subclass	DOID_5982
DOID_4242	has_subclass	DOID_5983
DOID_4248	has_subclass	DOID_4247
DOID_4251	has_subclass	DOID_0050906
DOID_4251	has_subclass	DOID_10139
DOID_4251	has_subclass	DOID_10526
DOID_4251	has_subclass	DOID_10989
DOID_4251	has_subclass	DOID_11227
DOID_4251	has_subclass	DOID_11653
DOID_4251	has_subclass	DOID_1248
DOID_4251	has_subclass	DOID_4250
DOID_4251	has_subclass	DOID_5465
DOID_4251	has_subclass	DOID_5467
DOID_4251	has_subclass	DOID_6195
DOID_4254	has_subclass	DOID_0060886
DOID_4254	has_subclass	DOID_0080032
DOID_4254	has_subclass	DOID_0080039
DOID_4254	has_subclass	DOID_11991
DOID_4254	has_subclass	DOID_4253
DOID_4254	has_subclass	DOID_4997
DOID_4265	has_subclass	DOID_4266
DOID_4271	has_subclass	DOID_4270
DOID_4280	has_subclass	DOID_4302
DOID_4284	has_subclass	DOID_12239
DOID_4284	has_subclass	DOID_7708
DOID_4288	has_subclass	DOID_4287
DOID_4288	has_subclass	DOID_5538
DOID_4305	has_subclass	DOID_1866
DOID_4306	has_subclass	DOID_4307
DOID_4330	has_subclass	DOID_4329
DOID_4330	has_subclass	DOID_4424
DOID_4330	has_subclass	DOID_7875
DOID_4337	has_subclass	DOID_0050097
DOID_4337	has_subclass	DOID_4336
DOID_4352	has_subclass	DOID_6043
DOID_4352	has_subclass	DOID_6524
DOID_4353	has_subclass	DOID_4352
DOID_4360	has_subclass	DOID_7040
DOID_4360	has_subclass	DOID_7041
DOID_4362	has_subclass	DOID_2893
DOID_4362	has_subclass	DOID_4413
DOID_4362	has_subclass	DOID_4442
DOID_4362	has_subclass	DOID_4521
DOID_437	has_subclass	DOID_14043
DOID_4376	has_subclass	DOID_0060521
DOID_4376	has_subclass	DOID_0060522
DOID_4377	has_subclass	DOID_0060492
DOID_438	has_subclass	DOID_0060004
DOID_439	has_subclass	DOID_0050214
DOID_439	has_subclass	DOID_3635
DOID_440	has_subclass	DOID_0070678
DOID_440	has_subclass	DOID_10595
DOID_440	has_subclass	DOID_439
DOID_4415	has_subclass	DOID_4418
DOID_4433	has_subclass	DOID_7840
DOID_4436	has_subclass	DOID_7986
DOID_4436	has_subclass	DOID_8057
DOID_4437	has_subclass	DOID_4708
DOID_4437	has_subclass	DOID_6517
DOID_4437	has_subclass	DOID_7054
DOID_4437	has_subclass	DOID_7103
DOID_4437	has_subclass	DOID_7818
DOID_4437	has_subclass	DOID_7819
DOID_4437	has_subclass	DOID_7820
DOID_4438	has_subclass	DOID_7867
DOID_4438	has_subclass	DOID_8078
DOID_4439	has_subclass	DOID_0080905
DOID_4439	has_subclass	DOID_3640
DOID_4439	has_subclass	DOID_4438
DOID_4439	has_subclass	DOID_5343
DOID_4439	has_subclass	DOID_5349
DOID_4439	has_subclass	DOID_6052
DOID_4439	has_subclass	DOID_7232
DOID_4440	has_subclass	DOID_5838
DOID_4441	has_subclass	DOID_5511
DOID_4448	has_subclass	DOID_0050578
DOID_4448	has_subclass	DOID_0050661
DOID_4448	has_subclass	DOID_0050662
DOID_4448	has_subclass	DOID_0070438
DOID_4448	has_subclass	DOID_0112157
DOID_4449	has_subclass	DOID_4447
DOID_445	has_subclass	DOID_0110142
DOID_445	has_subclass	DOID_0110143
DOID_445	has_subclass	DOID_0110144
DOID_445	has_subclass	DOID_0110145
DOID_445	has_subclass	DOID_0110146
DOID_445	has_subclass	DOID_0110147
DOID_4450	has_subclass	DOID_0070475
DOID_4450	has_subclass	DOID_0081413
DOID_4450	has_subclass	DOID_4454
DOID_4450	has_subclass	DOID_4455
DOID_4450	has_subclass	DOID_4463
DOID_4450	has_subclass	DOID_4464
DOID_4450	has_subclass	DOID_4465
DOID_4450	has_subclass	DOID_4467
DOID_4450	has_subclass	DOID_4471
DOID_4450	has_subclass	DOID_4472
DOID_4450	has_subclass	DOID_4473
DOID_4451	has_subclass	DOID_4450
DOID_4455	has_subclass	DOID_0050387
DOID_4455	has_subclass	DOID_6163
DOID_4455	has_subclass	DOID_7192
DOID_446	has_subclass	DOID_0060890
DOID_446	has_subclass	DOID_0061247
DOID_446	has_subclass	DOID_0111622
DOID_446	has_subclass	DOID_14080
DOID_447	has_subclass	DOID_0050450
DOID_447	has_subclass	DOID_0050477
DOID_447	has_subclass	DOID_0111798
DOID_447	has_subclass	DOID_1062
DOID_447	has_subclass	DOID_14219
DOID_447	has_subclass	DOID_445
DOID_447	has_subclass	DOID_4479
DOID_4471	has_subclass	DOID_6605
DOID_4471	has_subclass	DOID_6606
DOID_4479	has_subclass	DOID_0060854
DOID_4483	has_subclass	DOID_4481
DOID_4483	has_subclass	DOID_4730
DOID_4483	has_subclass	DOID_4731
DOID_4483	has_subclass	DOID_8252
DOID_450	has_subclass	DOID_0050759
DOID_450	has_subclass	DOID_11722
DOID_4501	has_subclass	DOID_0060316
DOID_4501	has_subclass	DOID_0060374
DOID_4501	has_subclass	DOID_0060377
DOID_4501	has_subclass	DOID_0060381
DOID_4501	has_subclass	DOID_0060958
DOID_4501	has_subclass	DOID_0060959
DOID_4501	has_subclass	DOID_0060962
DOID_4501	has_subclass	DOID_0080254
DOID_4501	has_subclass	DOID_0080289
DOID_4515	has_subclass	DOID_4514
DOID_4521	has_subclass	DOID_4520
DOID_4531	has_subclass	DOID_0050916
DOID_4531	has_subclass	DOID_0050919
DOID_4531	has_subclass	DOID_0081293
DOID_4531	has_subclass	DOID_4678
DOID_4531	has_subclass	DOID_4681
DOID_4535	has_subclass	DOID_0060968
DOID_4535	has_subclass	DOID_0080582
DOID_4535	has_subclass	DOID_0110700
DOID_4535	has_subclass	DOID_0110701
DOID_4535	has_subclass	DOID_0110709
DOID_4535	has_subclass	DOID_0110710
DOID_4535	has_subclass	DOID_0110711
DOID_4535	has_subclass	DOID_11671
DOID_4545	has_subclass	DOID_4546
DOID_4545	has_subclass	DOID_4547
DOID_4549	has_subclass	DOID_4548
DOID_4549	has_subclass	DOID_7902
DOID_4549	has_subclass	DOID_7903
DOID_4551	has_subclass	DOID_4550
DOID_4551	has_subclass	DOID_5545
DOID_4556	has_subclass	DOID_0050872
DOID_4556	has_subclass	DOID_5583
DOID_4556	has_subclass	DOID_6658
DOID_4556	has_subclass	DOID_7169
DOID_4556	has_subclass	DOID_7480
DOID_4603	has_subclass	DOID_0081358
DOID_4603	has_subclass	DOID_0081359
DOID_4606	has_subclass	DOID_10020
DOID_4606	has_subclass	DOID_4064
DOID_4606	has_subclass	DOID_4681
DOID_4606	has_subclass	DOID_4897
DOID_4607	has_subclass	DOID_3121
DOID_4607	has_subclass	DOID_4606
DOID_461	has_subclass	DOID_2691
DOID_461	has_subclass	DOID_4044
DOID_461	has_subclass	DOID_4310
DOID_461	has_subclass	DOID_468
DOID_461	has_subclass	DOID_5039
DOID_4610	has_subclass	DOID_0050860
DOID_4610	has_subclass	DOID_0050914
DOID_4610	has_subclass	DOID_11240
DOID_4610	has_subclass	DOID_235
DOID_4610	has_subclass	DOID_4119
DOID_4610	has_subclass	DOID_4551
DOID_4610	has_subclass	DOID_5143
DOID_4621	has_subclass	DOID_0060412
DOID_4621	has_subclass	DOID_0060954
DOID_4621	has_subclass	DOID_0081398
DOID_4621	has_subclass	DOID_0110872
DOID_4621	has_subclass	DOID_0110874
DOID_4621	has_subclass	DOID_0110875
DOID_4621	has_subclass	DOID_0110878
DOID_4621	has_subclass	DOID_0110879
DOID_4621	has_subclass	DOID_0110880
DOID_4621	has_subclass	DOID_0110881
DOID_4637	has_subclass	DOID_4636
DOID_4644	has_subclass	DOID_0060735
DOID_4644	has_subclass	DOID_0060736
DOID_4644	has_subclass	DOID_0080510
DOID_4645	has_subclass	DOID_5240
DOID_4645	has_subclass	DOID_774
DOID_4645	has_subclass	DOID_8427
DOID_4653	has_subclass	DOID_6938
DOID_4656	has_subclass	DOID_7747
DOID_4667	has_subclass	DOID_4668
DOID_4667	has_subclass	DOID_9373
DOID_4674	has_subclass	DOID_0080775
DOID_4676	has_subclass	DOID_4675
DOID_4677	has_subclass	DOID_0080158
DOID_4677	has_subclass	DOID_11382
DOID_4677	has_subclass	DOID_11871
DOID_4677	has_subclass	DOID_12196
DOID_4677	has_subclass	DOID_13626
DOID_4677	has_subclass	DOID_4664
DOID_4677	has_subclass	DOID_8463
DOID_4677	has_subclass	DOID_9697
DOID_4680	has_subclass	DOID_4679
DOID_4680	has_subclass	DOID_7541
DOID_4682	has_subclass	DOID_3495
DOID_4691	has_subclass	DOID_10660
DOID_4691	has_subclass	DOID_10661
DOID_4691	has_subclass	DOID_4690
DOID_4692	has_subclass	DOID_9698
DOID_4693	has_subclass	DOID_5913
DOID_4693	has_subclass	DOID_8389
DOID_4697	has_subclass	DOID_4696
DOID_47	has_subclass	DOID_10283
DOID_47	has_subclass	DOID_13689
DOID_47	has_subclass	DOID_2301
DOID_47	has_subclass	DOID_8634
DOID_4706	has_subclass	DOID_0050902
DOID_4706	has_subclass	DOID_4203
DOID_4706	has_subclass	DOID_4707
DOID_4706	has_subclass	DOID_7501
DOID_4708	has_subclass	DOID_6381
DOID_4708	has_subclass	DOID_6553
DOID_471	has_subclass	DOID_4028
DOID_471	has_subclass	DOID_470
DOID_4716	has_subclass	DOID_6948
DOID_4737	has_subclass	DOID_0060163
DOID_4737	has_subclass	DOID_0060164
DOID_4737	has_subclass	DOID_11569
DOID_4737	has_subclass	DOID_12883
DOID_4737	has_subclass	DOID_13918
DOID_4737	has_subclass	DOID_1768
DOID_4743	has_subclass	DOID_6161
DOID_4752	has_subclass	DOID_0060998
DOID_4752	has_subclass	DOID_4751
DOID_4757	has_subclass	DOID_4756
DOID_476	has_subclass	DOID_6491
DOID_476	has_subclass	DOID_6492
DOID_4765	has_subclass	DOID_4767
DOID_4765	has_subclass	DOID_4768
DOID_4765	has_subclass	DOID_4769
DOID_4773	has_subclass	DOID_8082
DOID_4773	has_subclass	DOID_8083
DOID_4781	has_subclass	DOID_14066
DOID_479	has_subclass	DOID_5948
DOID_48	has_subclass	DOID_0060087
DOID_48	has_subclass	DOID_0080373
DOID_48	has_subclass	DOID_10835
DOID_48	has_subclass	DOID_11997
DOID_48	has_subclass	DOID_12333
DOID_48	has_subclass	DOID_12335
DOID_48	has_subclass	DOID_1529
DOID_48	has_subclass	DOID_3856
DOID_48	has_subclass	DOID_5576
DOID_48	has_subclass	DOID_9912
DOID_480	has_subclass	DOID_0070487
DOID_480	has_subclass	DOID_0111153
DOID_480	has_subclass	DOID_0112105
DOID_480	has_subclass	DOID_0112276
DOID_480	has_subclass	DOID_12859
DOID_480	has_subclass	DOID_13366
DOID_480	has_subclass	DOID_13839
DOID_480	has_subclass	DOID_1713
DOID_480	has_subclass	DOID_4990
DOID_480	has_subclass	DOID_543
DOID_480	has_subclass	DOID_678
DOID_480	has_subclass	DOID_9854
DOID_4813	has_subclass	DOID_4812
DOID_4813	has_subclass	DOID_5921
DOID_4813	has_subclass	DOID_5922
DOID_483	has_subclass	DOID_14463
DOID_483	has_subclass	DOID_3148
DOID_483	has_subclass	DOID_5774
DOID_483	has_subclass	DOID_5775
DOID_483	has_subclass	DOID_5776
DOID_484	has_subclass	DOID_483
DOID_4840	has_subclass	DOID_4286
DOID_4840	has_subclass	DOID_4839
DOID_4843	has_subclass	DOID_5077
DOID_4844	has_subclass	DOID_4843
DOID_4844	has_subclass	DOID_5075
DOID_4844	has_subclass	DOID_5500
DOID_4844	has_subclass	DOID_5504
DOID_4844	has_subclass	DOID_5505
DOID_4844	has_subclass	DOID_5507
DOID_4847	has_subclass	DOID_0081245
DOID_4847	has_subclass	DOID_4846
DOID_4848	has_subclass	DOID_4853
DOID_4848	has_subclass	DOID_6286
DOID_4851	has_subclass	DOID_4845
DOID_4851	has_subclass	DOID_6811
DOID_4851	has_subclass	DOID_6812
DOID_4857	has_subclass	DOID_0081279
DOID_4876	has_subclass	DOID_12003
DOID_4876	has_subclass	DOID_4875
DOID_4890	has_subclass	DOID_0111325
DOID_4890	has_subclass	DOID_0111326
DOID_4890	has_subclass	DOID_0111327
DOID_4890	has_subclass	DOID_0111328
DOID_4893	has_subclass	DOID_4892
DOID_4893	has_subclass	DOID_5526
DOID_4895	has_subclass	DOID_6837
DOID_4895	has_subclass	DOID_6838
DOID_4896	has_subclass	DOID_3698
DOID_4896	has_subclass	DOID_4075
DOID_4896	has_subclass	DOID_7032
DOID_4897	has_subclass	DOID_3494
DOID_4897	has_subclass	DOID_4896
DOID_4897	has_subclass	DOID_5923
DOID_4901	has_subclass	DOID_6228
DOID_4902	has_subclass	DOID_3608
DOID_4905	has_subclass	DOID_3587
DOID_4905	has_subclass	DOID_4074
DOID_4905	has_subclass	DOID_6823
DOID_4905	has_subclass	DOID_6827
DOID_4905	has_subclass	DOID_7717
DOID_4907	has_subclass	DOID_4906
DOID_4908	has_subclass	DOID_3447
DOID_4908	has_subclass	DOID_4284
DOID_4910	has_subclass	DOID_5307
DOID_4914	has_subclass	DOID_7941
DOID_4916	has_subclass	DOID_4915
DOID_4916	has_subclass	DOID_5396
DOID_4919	has_subclass	DOID_4918
DOID_4920	has_subclass	DOID_5591
DOID_4921	has_subclass	DOID_4920
DOID_4921	has_subclass	DOID_5569
DOID_4921	has_subclass	DOID_7566
DOID_4921	has_subclass	DOID_7960
DOID_4922	has_subclass	DOID_7537
DOID_4923	has_subclass	DOID_5595
DOID_4926	has_subclass	DOID_0080184
DOID_4926	has_subclass	DOID_0080185
DOID_4926	has_subclass	DOID_0080186
DOID_4928	has_subclass	DOID_4927
DOID_4928	has_subclass	DOID_7024
DOID_4928	has_subclass	DOID_7642
DOID_4928	has_subclass	DOID_7733
DOID_4928	has_subclass	DOID_8072
DOID_4931	has_subclass	DOID_0080799
DOID_4931	has_subclass	DOID_4930
DOID_4931	has_subclass	DOID_8415
DOID_4932	has_subclass	DOID_3502
DOID_4932	has_subclass	DOID_7136
DOID_4933	has_subclass	DOID_6446
DOID_4934	has_subclass	DOID_4933
DOID_4939	has_subclass	DOID_14491
DOID_4939	has_subclass	DOID_5539
DOID_4939	has_subclass	DOID_6888
DOID_4947	has_subclass	DOID_4682
DOID_4947	has_subclass	DOID_4928
DOID_4948	has_subclass	DOID_3500
DOID_4948	has_subclass	DOID_5627
DOID_4948	has_subclass	DOID_6998
DOID_4948	has_subclass	DOID_7133
DOID_4953	has_subclass	DOID_0050515
DOID_4953	has_subclass	DOID_4952
DOID_4955	has_subclass	DOID_6379
DOID_4955	has_subclass	DOID_8243
DOID_4959	has_subclass	DOID_0060642
DOID_4959	has_subclass	DOID_0080224
DOID_4959	has_subclass	DOID_0080988
DOID_4960	has_subclass	DOID_0050750
DOID_4960	has_subclass	DOID_0050908
DOID_4960	has_subclass	DOID_0070004
DOID_4961	has_subclass	DOID_4960
DOID_4961	has_subclass	DOID_8432
DOID_4971	has_subclass	DOID_8106
DOID_4972	has_subclass	DOID_0050458
DOID_4972	has_subclass	DOID_0060597
DOID_4976	has_subclass	DOID_0050138
DOID_4977	has_subclass	DOID_0050580
DOID_4989	has_subclass	DOID_0051065
DOID_4989	has_subclass	DOID_4988
DOID_4990	has_subclass	DOID_0081295
DOID_4990	has_subclass	DOID_0111428
DOID_4990	has_subclass	DOID_0111430
DOID_4990	has_subclass	DOID_0111432
DOID_4991	has_subclass	DOID_6575
DOID_4992	has_subclass	DOID_4991
DOID_4992	has_subclass	DOID_6576
DOID_4994	has_subclass	DOID_7878
DOID_4995	has_subclass	DOID_8177
DOID_4995	has_subclass	DOID_8178
DOID_4995	has_subclass	DOID_8179
DOID_4997	has_subclass	DOID_0061229
DOID_50	has_subclass	DOID_12176
DOID_50	has_subclass	DOID_12424
DOID_50	has_subclass	DOID_12837
DOID_50	has_subclass	DOID_2856
DOID_50	has_subclass	DOID_2891
DOID_50	has_subclass	DOID_7997
DOID_50	has_subclass	DOID_7998
DOID_50	has_subclass	DOID_8433
DOID_5015	has_subclass	DOID_0080182
DOID_502	has_subclass	DOID_4055
DOID_502	has_subclass	DOID_5254
DOID_502	has_subclass	DOID_7994
DOID_5031	has_subclass	DOID_6648
DOID_5032	has_subclass	DOID_0081251
DOID_5032	has_subclass	DOID_1664
DOID_5032	has_subclass	DOID_5031
DOID_5041	has_subclass	DOID_1106
DOID_5041	has_subclass	DOID_1108
DOID_5041	has_subclass	DOID_1114
DOID_5041	has_subclass	DOID_5040
DOID_5041	has_subclass	DOID_5625
DOID_5041	has_subclass	DOID_5694
DOID_5041	has_subclass	DOID_5784
DOID_5041	has_subclass	DOID_7051
DOID_5041	has_subclass	DOID_961
DOID_5048	has_subclass	DOID_0081280
DOID_5048	has_subclass	DOID_0081306
DOID_5048	has_subclass	DOID_5047
DOID_5058	has_subclass	DOID_5057
DOID_5058	has_subclass	DOID_7826
DOID_5074	has_subclass	DOID_0080889
DOID_5074	has_subclass	DOID_5503
DOID_5074	has_subclass	DOID_5508
DOID_5074	has_subclass	DOID_5509
DOID_5074	has_subclass	DOID_5889
DOID_5074	has_subclass	DOID_5890
DOID_5076	has_subclass	DOID_7817
DOID_5076	has_subclass	DOID_7907
DOID_5076	has_subclass	DOID_7912
DOID_5078	has_subclass	DOID_0081259
DOID_5082	has_subclass	DOID_12236
DOID_5090	has_subclass	DOID_6762
DOID_5093	has_subclass	DOID_0080532
DOID_5093	has_subclass	DOID_117
DOID_5093	has_subclass	DOID_3277
DOID_5093	has_subclass	DOID_5875
DOID_5093	has_subclass	DOID_6758
DOID_5099	has_subclass	DOID_4893
DOID_5100	has_subclass	DOID_0060322
DOID_5100	has_subclass	DOID_10754
DOID_5100	has_subclass	DOID_10964
DOID_5100	has_subclass	DOID_5099
DOID_5100	has_subclass	DOID_7439
DOID_5101	has_subclass	DOID_5099
DOID_5101	has_subclass	DOID_5102
DOID_5101	has_subclass	DOID_5665
DOID_5102	has_subclass	DOID_5990
DOID_5113	has_subclass	DOID_0050083
DOID_5113	has_subclass	DOID_0050810
DOID_5113	has_subclass	DOID_11249
DOID_5113	has_subclass	DOID_11491
DOID_5113	has_subclass	DOID_13120
DOID_5113	has_subclass	DOID_13198
DOID_5113	has_subclass	DOID_13381
DOID_5113	has_subclass	DOID_13724
DOID_5113	has_subclass	DOID_14026
DOID_5113	has_subclass	DOID_5112
DOID_5113	has_subclass	DOID_8454
DOID_5113	has_subclass	DOID_8455
DOID_5113	has_subclass	DOID_8456
DOID_5113	has_subclass	DOID_8457
DOID_5119	has_subclass	DOID_13050
DOID_5136	has_subclass	DOID_6608
DOID_5158	has_subclass	DOID_0050695
DOID_5158	has_subclass	DOID_14032
DOID_5158	has_subclass	DOID_14033
DOID_5158	has_subclass	DOID_7474
DOID_5165	has_subclass	DOID_4227
DOID_5166	has_subclass	DOID_4226
DOID_518	has_subclass	DOID_13160
DOID_5193	has_subclass	DOID_7949
DOID_5193	has_subclass	DOID_7951
DOID_520	has_subclass	DOID_0080685
DOID_520	has_subclass	DOID_14037
DOID_520	has_subclass	DOID_14323
DOID_520	has_subclass	DOID_519
DOID_5200	has_subclass	DOID_0111145
DOID_5200	has_subclass	DOID_5199
DOID_5207	has_subclass	DOID_2641
DOID_5212	has_subclass	DOID_0050570
DOID_5221	has_subclass	DOID_7441
DOID_5221	has_subclass	DOID_7825
DOID_5238	has_subclass	DOID_2436
DOID_5238	has_subclass	DOID_6906
DOID_5238	has_subclass	DOID_8020
DOID_5241	has_subclass	DOID_14175
DOID_525	has_subclass	DOID_13375
DOID_526	has_subclass	DOID_635
DOID_5260	has_subclass	DOID_6804
DOID_5262	has_subclass	DOID_5261
DOID_5262	has_subclass	DOID_6033
DOID_5262	has_subclass	DOID_6034
DOID_5272	has_subclass	DOID_6880
DOID_5274	has_subclass	DOID_1906
DOID_5274	has_subclass	DOID_7639
DOID_5289	has_subclass	DOID_6139
DOID_5289	has_subclass	DOID_6567
DOID_5295	has_subclass	DOID_0050256
DOID_5295	has_subclass	DOID_0050424
DOID_5295	has_subclass	DOID_0060320
DOID_5295	has_subclass	DOID_0111684
DOID_5295	has_subclass	DOID_10155
DOID_5295	has_subclass	DOID_10605
DOID_5295	has_subclass	DOID_10606
DOID_5295	has_subclass	DOID_10607
DOID_5295	has_subclass	DOID_10611
DOID_5295	has_subclass	DOID_11428
DOID_5295	has_subclass	DOID_1285
DOID_5295	has_subclass	DOID_13248
DOID_5295	has_subclass	DOID_13249
DOID_5295	has_subclass	DOID_13419
DOID_5295	has_subclass	DOID_14671
DOID_5295	has_subclass	DOID_1733
DOID_5295	has_subclass	DOID_3852
DOID_5295	has_subclass	DOID_4072
DOID_5295	has_subclass	DOID_8476
DOID_5295	has_subclass	DOID_8590
DOID_5295	has_subclass	DOID_8633
DOID_5295	has_subclass	DOID_8643
DOID_5295	has_subclass	DOID_884
DOID_5295	has_subclass	DOID_9024
DOID_5295	has_subclass	DOID_9778
DOID_5295	has_subclass	DOID_9779
DOID_5295	has_subclass	DOID_9868
DOID_53	has_subclass	DOID_1785
DOID_53	has_subclass	DOID_3401
DOID_53	has_subclass	DOID_3642
DOID_53	has_subclass	DOID_7378
DOID_53	has_subclass	DOID_9406
DOID_530	has_subclass	DOID_0111566
DOID_530	has_subclass	DOID_10122
DOID_530	has_subclass	DOID_11671
DOID_530	has_subclass	DOID_12397
DOID_530	has_subclass	DOID_1570
DOID_530	has_subclass	DOID_348
DOID_530	has_subclass	DOID_6425
DOID_5306	has_subclass	DOID_6210
DOID_5306	has_subclass	DOID_8050
DOID_5306	has_subclass	DOID_8051
DOID_5327	has_subclass	DOID_12514
DOID_533	has_subclass	DOID_1975
DOID_533	has_subclass	DOID_3277
DOID_533	has_subclass	DOID_6307
DOID_533	has_subclass	DOID_7350
DOID_5330	has_subclass	DOID_11121
DOID_5330	has_subclass	DOID_11189
DOID_5330	has_subclass	DOID_11623
DOID_5330	has_subclass	DOID_5608
DOID_5331	has_subclass	DOID_6032
DOID_5331	has_subclass	DOID_8394
DOID_5337	has_subclass	DOID_7280
DOID_5344	has_subclass	DOID_7097
DOID_5344	has_subclass	DOID_7302
DOID_5344	has_subclass	DOID_7360
DOID_5344	has_subclass	DOID_7435
DOID_5344	has_subclass	DOID_7930
DOID_5344	has_subclass	DOID_8081
DOID_5344	has_subclass	DOID_8193
DOID_5344	has_subclass	DOID_8195
DOID_5344	has_subclass	DOID_8362
DOID_5344	has_subclass	DOID_8392
DOID_5345	has_subclass	DOID_5344
DOID_5349	has_subclass	DOID_7233
DOID_5349	has_subclass	DOID_7945
DOID_535	has_subclass	DOID_0050628
DOID_535	has_subclass	DOID_0050847
DOID_535	has_subclass	DOID_0111141
DOID_535	has_subclass	DOID_2846
DOID_535	has_subclass	DOID_8986
DOID_535	has_subclass	DOID_9091
DOID_535	has_subclass	DOID_9207
DOID_5350	has_subclass	DOID_6083
DOID_5350	has_subclass	DOID_6511
DOID_5350	has_subclass	DOID_6512
DOID_5350	has_subclass	DOID_6514
DOID_5351	has_subclass	DOID_5350
DOID_5351	has_subclass	DOID_5936
DOID_5351	has_subclass	DOID_6774
DOID_5351	has_subclass	DOID_7665
DOID_5353	has_subclass	DOID_0060180
DOID_5353	has_subclass	DOID_10655
DOID_5353	has_subclass	DOID_10656
DOID_5353	has_subclass	DOID_11371
DOID_5353	has_subclass	DOID_12385
DOID_5353	has_subclass	DOID_13254
DOID_5353	has_subclass	DOID_1897
DOID_5353	has_subclass	DOID_5775
DOID_5363	has_subclass	DOID_8023
DOID_5375	has_subclass	DOID_5374
DOID_5375	has_subclass	DOID_8426
DOID_5381	has_subclass	DOID_5437
DOID_5384	has_subclass	DOID_6733
DOID_5384	has_subclass	DOID_8105
DOID_539	has_subclass	DOID_13135
DOID_539	has_subclass	DOID_538
DOID_5391	has_subclass	DOID_7030
DOID_5393	has_subclass	DOID_6621
DOID_5395	has_subclass	DOID_5394
DOID_5395	has_subclass	DOID_6255
DOID_5395	has_subclass	DOID_6275
DOID_5395	has_subclass	DOID_7004
DOID_540	has_subclass	DOID_10863
DOID_540	has_subclass	DOID_1143
DOID_540	has_subclass	DOID_12445
DOID_540	has_subclass	DOID_12557
DOID_540	has_subclass	DOID_12667
DOID_540	has_subclass	DOID_1942
DOID_540	has_subclass	DOID_538
DOID_540	has_subclass	DOID_9837
DOID_540	has_subclass	DOID_9838
DOID_540	has_subclass	DOID_9841
DOID_540	has_subclass	DOID_9843
DOID_5402	has_subclass	DOID_6613
DOID_5402	has_subclass	DOID_8104
DOID_5408	has_subclass	DOID_0051099
DOID_5408	has_subclass	DOID_0081365
DOID_5408	has_subclass	DOID_0081368
DOID_5408	has_subclass	DOID_0081369
DOID_5409	has_subclass	DOID_5411
DOID_5409	has_subclass	DOID_5414
DOID_5410	has_subclass	DOID_7081
DOID_5419	has_subclass	DOID_0070077
DOID_5419	has_subclass	DOID_0070078
DOID_5419	has_subclass	DOID_0070080
DOID_5419	has_subclass	DOID_0070084
DOID_5419	has_subclass	DOID_0070086
DOID_5419	has_subclass	DOID_0070087
DOID_5419	has_subclass	DOID_0070089
DOID_5419	has_subclass	DOID_0070090
DOID_5419	has_subclass	DOID_0080281
DOID_5419	has_subclass	DOID_1229
DOID_5421	has_subclass	DOID_0050917
DOID_5426	has_subclass	DOID_0080857
DOID_5426	has_subclass	DOID_0080859
DOID_5426	has_subclass	DOID_0080862
DOID_5426	has_subclass	DOID_0080863
DOID_5426	has_subclass	DOID_0080864
DOID_5426	has_subclass	DOID_0080866
DOID_5426	has_subclass	DOID_0080868
DOID_5426	has_subclass	DOID_0080870
DOID_5426	has_subclass	DOID_0080871
DOID_5426	has_subclass	DOID_0080872
DOID_5426	has_subclass	DOID_0080874
DOID_5426	has_subclass	DOID_0112269
DOID_543	has_subclass	DOID_0050835
DOID_543	has_subclass	DOID_0050838
DOID_543	has_subclass	DOID_0051059
DOID_543	has_subclass	DOID_0060937
DOID_543	has_subclass	DOID_0060938
DOID_543	has_subclass	DOID_0060944
DOID_543	has_subclass	DOID_0060955
DOID_543	has_subclass	DOID_0060956
DOID_543	has_subclass	DOID_0060966
DOID_543	has_subclass	DOID_0060967
DOID_543	has_subclass	DOID_0081419
DOID_543	has_subclass	DOID_0090038
DOID_543	has_subclass	DOID_0090041
DOID_543	has_subclass	DOID_0090042
DOID_543	has_subclass	DOID_0090043
DOID_543	has_subclass	DOID_0090044
DOID_543	has_subclass	DOID_0090045
DOID_543	has_subclass	DOID_0090047
DOID_543	has_subclass	DOID_0090056
DOID_543	has_subclass	DOID_0111168
DOID_5432	has_subclass	DOID_6239
DOID_5432	has_subclass	DOID_6933
DOID_5433	has_subclass	DOID_5432
DOID_5433	has_subclass	DOID_6065
DOID_5438	has_subclass	DOID_7503
DOID_5453	has_subclass	DOID_0081268
DOID_5465	has_subclass	DOID_6198
DOID_5467	has_subclass	DOID_1748
DOID_5467	has_subclass	DOID_1751
DOID_5468	has_subclass	DOID_7752
DOID_5468	has_subclass	DOID_8230
DOID_5474	has_subclass	DOID_7320
DOID_5478	has_subclass	DOID_8211
DOID_5480	has_subclass	DOID_7411
DOID_5482	has_subclass	DOID_5895
DOID_5482	has_subclass	DOID_6468
DOID_5485	has_subclass	DOID_5484
DOID_5485	has_subclass	DOID_5487
DOID_5485	has_subclass	DOID_5488
DOID_5485	has_subclass	DOID_5492
DOID_5485	has_subclass	DOID_5494
DOID_5485	has_subclass	DOID_5495
DOID_5502	has_subclass	DOID_13760
DOID_5502	has_subclass	DOID_5501
DOID_5502	has_subclass	DOID_5513
DOID_5503	has_subclass	DOID_0080888
DOID_5503	has_subclass	DOID_7788
DOID_5514	has_subclass	DOID_7459
DOID_5514	has_subclass	DOID_7460
DOID_5514	has_subclass	DOID_7461
DOID_5517	has_subclass	DOID_3717
DOID_5517	has_subclass	DOID_5635
DOID_5517	has_subclass	DOID_6270
DOID_5517	has_subclass	DOID_6552
DOID_5517	has_subclass	DOID_6703
DOID_5517	has_subclass	DOID_6705
DOID_5518	has_subclass	DOID_5908
DOID_5518	has_subclass	DOID_7047
DOID_5518	has_subclass	DOID_7958
DOID_5518	has_subclass	DOID_8009
DOID_5518	has_subclass	DOID_8013
DOID_552	has_subclass	DOID_12375
DOID_552	has_subclass	DOID_14319
DOID_552	has_subclass	DOID_551
DOID_5520	has_subclass	DOID_0050865
DOID_5525	has_subclass	DOID_7173
DOID_5525	has_subclass	DOID_7174
DOID_5525	has_subclass	DOID_7175
DOID_5528	has_subclass	DOID_6959
DOID_5550	has_subclass	DOID_7591
DOID_5550	has_subclass	DOID_7665
DOID_5550	has_subclass	DOID_8336
DOID_5551	has_subclass	DOID_6160
DOID_5551	has_subclass	DOID_6693
DOID_5556	has_subclass	DOID_4743
DOID_5556	has_subclass	DOID_5345
DOID_5556	has_subclass	DOID_7928
DOID_5556	has_subclass	DOID_8042
DOID_5557	has_subclass	DOID_4087
DOID_5557	has_subclass	DOID_6082
DOID_5559	has_subclass	DOID_4050
DOID_5559	has_subclass	DOID_436
DOID_5559	has_subclass	DOID_4691
DOID_5559	has_subclass	DOID_5560
DOID_5559	has_subclass	DOID_5568
DOID_5559	has_subclass	DOID_5677
DOID_5559	has_subclass	DOID_6868
DOID_5559	has_subclass	DOID_7077
DOID_5561	has_subclass	DOID_8118
DOID_5563	has_subclass	DOID_7202
DOID_5567	has_subclass	DOID_5207
DOID_5567	has_subclass	DOID_6230
DOID_557	has_subclass	DOID_0040086
DOID_557	has_subclass	DOID_0050260
DOID_557	has_subclass	DOID_0050855
DOID_557	has_subclass	DOID_0060062
DOID_557	has_subclass	DOID_0070314
DOID_557	has_subclass	DOID_0080205
DOID_557	has_subclass	DOID_0080616
DOID_557	has_subclass	DOID_0080655
DOID_557	has_subclass	DOID_0080927
DOID_557	has_subclass	DOID_0080928
DOID_557	has_subclass	DOID_0080933
DOID_557	has_subclass	DOID_0080934
DOID_557	has_subclass	DOID_0080936
DOID_557	has_subclass	DOID_1073
DOID_557	has_subclass	DOID_10952
DOID_557	has_subclass	DOID_11266
DOID_557	has_subclass	DOID_12132
DOID_557	has_subclass	DOID_12465
DOID_557	has_subclass	DOID_12554
DOID_557	has_subclass	DOID_12679
DOID_557	has_subclass	DOID_13068
DOID_557	has_subclass	DOID_14766
DOID_557	has_subclass	DOID_263
DOID_557	has_subclass	DOID_2744
DOID_557	has_subclass	DOID_2981
DOID_557	has_subclass	DOID_2982
DOID_557	has_subclass	DOID_2983
DOID_557	has_subclass	DOID_3116
DOID_557	has_subclass	DOID_3508
DOID_557	has_subclass	DOID_782
DOID_557	has_subclass	DOID_9234
DOID_557	has_subclass	DOID_9266
DOID_557	has_subclass	DOID_9617
DOID_557	has_subclass	DOID_9622
DOID_557	has_subclass	DOID_9808
DOID_5577	has_subclass	DOID_7959
DOID_5603	has_subclass	DOID_0050523
DOID_5603	has_subclass	DOID_0050751
DOID_5603	has_subclass	DOID_5602
DOID_5604	has_subclass	DOID_0060592
DOID_561	has_subclass	DOID_12098
DOID_5612	has_subclass	DOID_1140
DOID_5612	has_subclass	DOID_13742
DOID_5612	has_subclass	DOID_14150
DOID_5612	has_subclass	DOID_14151
DOID_5612	has_subclass	DOID_14152
DOID_5612	has_subclass	DOID_3618
DOID_5612	has_subclass	DOID_3637
DOID_5612	has_subclass	DOID_3639
DOID_5612	has_subclass	DOID_3641
DOID_5612	has_subclass	DOID_5615
DOID_5612	has_subclass	DOID_7224
DOID_5614	has_subclass	DOID_0050250
DOID_5614	has_subclass	DOID_0050259
DOID_5614	has_subclass	DOID_0050633
DOID_5614	has_subclass	DOID_0060216
DOID_5614	has_subclass	DOID_0060217
DOID_5614	has_subclass	DOID_0060648
DOID_5614	has_subclass	DOID_0060680
DOID_5614	has_subclass	DOID_0080849
DOID_5614	has_subclass	DOID_0111228
DOID_5614	has_subclass	DOID_0111541
DOID_5614	has_subclass	DOID_10079
DOID_5614	has_subclass	DOID_10176
DOID_5614	has_subclass	DOID_10629
DOID_5614	has_subclass	DOID_110
DOID_5614	has_subclass	DOID_11343
DOID_5614	has_subclass	DOID_12270
DOID_5614	has_subclass	DOID_12841
DOID_5614	has_subclass	DOID_1400
DOID_5614	has_subclass	DOID_1432
DOID_5614	has_subclass	DOID_14422
DOID_5614	has_subclass	DOID_1686
DOID_5614	has_subclass	DOID_2174
DOID_5614	has_subclass	DOID_238
DOID_5614	has_subclass	DOID_4251
DOID_5614	has_subclass	DOID_5679
DOID_5614	has_subclass	DOID_790
DOID_5614	has_subclass	DOID_8501
DOID_5614	has_subclass	DOID_8792
DOID_5614	has_subclass	DOID_8886
DOID_5614	has_subclass	DOID_9282
DOID_5614	has_subclass	DOID_9335
DOID_5614	has_subclass	DOID_9722
DOID_5614	has_subclass	DOID_9799
DOID_5614	has_subclass	DOID_9835
DOID_562	has_subclass	DOID_11550
DOID_5621	has_subclass	DOID_0080915
DOID_5621	has_subclass	DOID_7146
DOID_5621	has_subclass	DOID_7848
DOID_5621	has_subclass	DOID_7849
DOID_5636	has_subclass	DOID_8361
DOID_5639	has_subclass	DOID_14544
DOID_5656	has_subclass	DOID_12657
DOID_5656	has_subclass	DOID_1279
DOID_5656	has_subclass	DOID_13864
DOID_5656	has_subclass	DOID_1891
DOID_5656	has_subclass	DOID_2815
DOID_5656	has_subclass	DOID_560
DOID_5656	has_subclass	DOID_561
DOID_5658	has_subclass	DOID_7076
DOID_566	has_subclass	DOID_14165
DOID_566	has_subclass	DOID_14413
DOID_566	has_subclass	DOID_1776
DOID_566	has_subclass	DOID_1777
DOID_566	has_subclass	DOID_565
DOID_566	has_subclass	DOID_9496
DOID_5662	has_subclass	DOID_0080899
DOID_5665	has_subclass	DOID_4288
DOID_5667	has_subclass	DOID_5590
DOID_5672	has_subclass	DOID_0050688
DOID_5672	has_subclass	DOID_14110
DOID_5679	has_subclass	DOID_0050335
DOID_5679	has_subclass	DOID_0070530
DOID_5679	has_subclass	DOID_0070531
DOID_5679	has_subclass	DOID_11086
DOID_5679	has_subclass	DOID_11561
DOID_5679	has_subclass	DOID_13025
DOID_5679	has_subclass	DOID_13401
DOID_5679	has_subclass	DOID_14000
DOID_5679	has_subclass	DOID_5327
DOID_5679	has_subclass	DOID_6929
DOID_5679	has_subclass	DOID_7633
DOID_5679	has_subclass	DOID_8466
DOID_5679	has_subclass	DOID_9719
DOID_5680	has_subclass	DOID_6162
DOID_5680	has_subclass	DOID_8275
DOID_5681	has_subclass	DOID_8036
DOID_5690	has_subclass	DOID_5704
DOID_5690	has_subclass	DOID_5705
DOID_5690	has_subclass	DOID_8233
DOID_5691	has_subclass	DOID_11831
DOID_5697	has_subclass	DOID_8023
DOID_5716	has_subclass	DOID_6256
DOID_5716	has_subclass	DOID_6274
DOID_5716	has_subclass	DOID_6276
DOID_5719	has_subclass	DOID_0080347
DOID_572	has_subclass	DOID_12168
DOID_572	has_subclass	DOID_1835
DOID_572	has_subclass	DOID_1844
DOID_572	has_subclass	DOID_571
DOID_5723	has_subclass	DOID_0080840
DOID_5723	has_subclass	DOID_0111433
DOID_5723	has_subclass	DOID_0111434
DOID_5723	has_subclass	DOID_0111435
DOID_5723	has_subclass	DOID_0111436
DOID_5723	has_subclass	DOID_0111438
DOID_5723	has_subclass	DOID_0111439
DOID_5723	has_subclass	DOID_0111440
DOID_5723	has_subclass	DOID_0111441
DOID_5723	has_subclass	DOID_0111442
DOID_5723	has_subclass	DOID_0111443
DOID_5723	has_subclass	DOID_10337
DOID_5723	has_subclass	DOID_10627
DOID_5723	has_subclass	DOID_10631
DOID_5727	has_subclass	DOID_3700
DOID_5727	has_subclass	DOID_7514
DOID_573	has_subclass	DOID_12169
DOID_5731	has_subclass	DOID_12718
DOID_5731	has_subclass	DOID_5730
DOID_5733	has_subclass	DOID_10973
DOID_5733	has_subclass	DOID_5732
DOID_574	has_subclass	DOID_0060033
DOID_574	has_subclass	DOID_11465
DOID_574	has_subclass	DOID_1389
DOID_574	has_subclass	DOID_13913
DOID_574	has_subclass	DOID_4308
DOID_574	has_subclass	DOID_573
DOID_574	has_subclass	DOID_6925
DOID_5749	has_subclass	DOID_14265
DOID_5749	has_subclass	DOID_5748
DOID_5758	has_subclass	DOID_5893
DOID_5758	has_subclass	DOID_5894
DOID_5759	has_subclass	DOID_2648
DOID_576	has_subclass	DOID_2527
DOID_5772	has_subclass	DOID_12969
DOID_5772	has_subclass	DOID_5815
DOID_5782	has_subclass	DOID_11217
DOID_5782	has_subclass	DOID_1214
DOID_5782	has_subclass	DOID_12546
DOID_5782	has_subclass	DOID_13790
DOID_5782	has_subclass	DOID_13791
DOID_5782	has_subclass	DOID_5781
DOID_5805	has_subclass	DOID_5804
DOID_582	has_subclass	DOID_0060284
DOID_5822	has_subclass	DOID_6867
DOID_5823	has_subclass	DOID_0070324
DOID_583	has_subclass	DOID_0050641
DOID_583	has_subclass	DOID_718
DOID_5834	has_subclass	DOID_7891
DOID_5842	has_subclass	DOID_6706
DOID_5842	has_subclass	DOID_7269
DOID_5842	has_subclass	DOID_7891
DOID_5842	has_subclass	DOID_8358
DOID_5844	has_subclass	DOID_5843
DOID_5844	has_subclass	DOID_5845
DOID_5844	has_subclass	DOID_5846
DOID_5844	has_subclass	DOID_5847
DOID_5844	has_subclass	DOID_5848
DOID_5844	has_subclass	DOID_5849
DOID_5844	has_subclass	DOID_5850
DOID_5844	has_subclass	DOID_5851
DOID_5844	has_subclass	DOID_5852
DOID_5844	has_subclass	DOID_5853
DOID_5844	has_subclass	DOID_5854
DOID_5844	has_subclass	DOID_5855
DOID_5844	has_subclass	DOID_9767
DOID_585	has_subclass	DOID_0080652
DOID_585	has_subclass	DOID_580
DOID_5861	has_subclass	DOID_6494
DOID_5870	has_subclass	DOID_9502
DOID_5875	has_subclass	DOID_0050937
DOID_5875	has_subclass	DOID_12339
DOID_5875	has_subclass	DOID_12341
DOID_5875	has_subclass	DOID_5874
DOID_5876	has_subclass	DOID_3893
DOID_5876	has_subclass	DOID_3895
DOID_5876	has_subclass	DOID_5444
DOID_5876	has_subclass	DOID_5445
DOID_5876	has_subclass	DOID_7549
DOID_589	has_subclass	DOID_0111846
DOID_589	has_subclass	DOID_12971
DOID_589	has_subclass	DOID_1338
DOID_5897	has_subclass	DOID_5896
DOID_5908	has_subclass	DOID_5907
DOID_591	has_subclass	DOID_11257
DOID_591	has_subclass	DOID_593
DOID_5916	has_subclass	DOID_5915
DOID_5916	has_subclass	DOID_5917
DOID_5940	has_subclass	DOID_14534
DOID_5940	has_subclass	DOID_6345
DOID_5940	has_subclass	DOID_6707
DOID_5940	has_subclass	DOID_7732
DOID_5940	has_subclass	DOID_8353
DOID_5940	has_subclass	DOID_8369
DOID_5940	has_subclass	DOID_8420
DOID_5958	has_subclass	DOID_5957
DOID_5958	has_subclass	DOID_7244
DOID_5974	has_subclass	DOID_0050620
DOID_5974	has_subclass	DOID_5973
DOID_5975	has_subclass	DOID_6119
DOID_5976	has_subclass	DOID_11299
DOID_5977	has_subclass	DOID_5975
DOID_599	has_subclass	DOID_0060048
DOID_599	has_subclass	DOID_600
DOID_599	has_subclass	DOID_605
DOID_5997	has_subclass	DOID_10353
DOID_5997	has_subclass	DOID_5999
DOID_5998	has_subclass	DOID_7312
DOID_5998	has_subclass	DOID_8335
DOID_6000	has_subclass	DOID_0051064
DOID_6000	has_subclass	DOID_0060319
DOID_6000	has_subclass	DOID_14172
DOID_6000	has_subclass	DOID_9651
DOID_6000	has_subclass	DOID_9775
DOID_60000	has_subclass	DOID_11239
DOID_60000	has_subclass	DOID_5146
DOID_60000	has_subclass	DOID_8337
DOID_60001	has_subclass	DOID_5547
DOID_60001	has_subclass	DOID_9477
DOID_60002	has_subclass	DOID_5382
DOID_60002	has_subclass	DOID_60003
DOID_60002	has_subclass	DOID_6518
DOID_60002	has_subclass	DOID_851
DOID_60003	has_subclass	DOID_3999
DOID_60004	has_subclass	DOID_3111
DOID_60006	has_subclass	DOID_1475
DOID_60007	has_subclass	DOID_2626
DOID_60008	has_subclass	DOID_7608
DOID_60009	has_subclass	DOID_3829
DOID_6003	has_subclass	DOID_6958
DOID_6004	has_subclass	DOID_6003
DOID_6015	has_subclass	DOID_6016
DOID_6017	has_subclass	DOID_6016
DOID_6017	has_subclass	DOID_6423
DOID_6019	has_subclass	DOID_6018
DOID_6019	has_subclass	DOID_6654
DOID_6025	has_subclass	DOID_11702
DOID_6025	has_subclass	DOID_7263
DOID_6039	has_subclass	DOID_6522
DOID_6039	has_subclass	DOID_6566
DOID_6050	has_subclass	DOID_10187
DOID_6050	has_subclass	DOID_10485
DOID_6050	has_subclass	DOID_112
DOID_6050	has_subclass	DOID_11963
DOID_6050	has_subclass	DOID_13146
DOID_6050	has_subclass	DOID_13185
DOID_6050	has_subclass	DOID_13186
DOID_6050	has_subclass	DOID_7332
DOID_6050	has_subclass	DOID_9021
DOID_6050	has_subclass	DOID_9095
DOID_6050	has_subclass	DOID_9164
DOID_6050	has_subclass	DOID_9192
DOID_6050	has_subclass	DOID_9206
DOID_6050	has_subclass	DOID_959
DOID_6050	has_subclass	DOID_960
DOID_6052	has_subclass	DOID_7231
DOID_6053	has_subclass	DOID_8149
DOID_6067	has_subclass	DOID_6278
DOID_607	has_subclass	DOID_2476
DOID_607	has_subclass	DOID_606
DOID_6084	has_subclass	DOID_7340
DOID_6085	has_subclass	DOID_6089
DOID_6085	has_subclass	DOID_6090
DOID_6086	has_subclass	DOID_6085
DOID_6088	has_subclass	DOID_6950
DOID_61	has_subclass	DOID_11502
DOID_61	has_subclass	DOID_1754
DOID_61	has_subclass	DOID_988
DOID_6112	has_subclass	DOID_4584
DOID_6112	has_subclass	DOID_6113
DOID_6112	has_subclass	DOID_6115
DOID_6114	has_subclass	DOID_6869
DOID_6114	has_subclass	DOID_8000
DOID_6119	has_subclass	DOID_6118
DOID_612	has_subclass	DOID_0051000
DOID_612	has_subclass	DOID_0060591
DOID_612	has_subclass	DOID_0060704
DOID_612	has_subclass	DOID_0061051
DOID_612	has_subclass	DOID_0061052
DOID_612	has_subclass	DOID_0061053
DOID_612	has_subclass	DOID_0061058
DOID_612	has_subclass	DOID_0061059
DOID_612	has_subclass	DOID_0061061
DOID_612	has_subclass	DOID_0061065
DOID_612	has_subclass	DOID_0061066
DOID_612	has_subclass	DOID_0061071
DOID_612	has_subclass	DOID_0061076
DOID_612	has_subclass	DOID_0061078
DOID_612	has_subclass	DOID_0061084
DOID_612	has_subclass	DOID_0061101
DOID_612	has_subclass	DOID_0070615
DOID_612	has_subclass	DOID_0080709
DOID_612	has_subclass	DOID_0080710
DOID_612	has_subclass	DOID_0080745
DOID_612	has_subclass	DOID_0081242
DOID_612	has_subclass	DOID_0111934
DOID_612	has_subclass	DOID_0111940
DOID_612	has_subclass	DOID_0111941
DOID_612	has_subclass	DOID_0111945
DOID_612	has_subclass	DOID_0111946
DOID_612	has_subclass	DOID_0111947
DOID_612	has_subclass	DOID_0111952
DOID_612	has_subclass	DOID_0111955
DOID_612	has_subclass	DOID_0111969
DOID_612	has_subclass	DOID_0111978
DOID_612	has_subclass	DOID_0111989
DOID_612	has_subclass	DOID_10993
DOID_612	has_subclass	DOID_11200
DOID_612	has_subclass	DOID_13241
DOID_612	has_subclass	DOID_13375
DOID_612	has_subclass	DOID_14482
DOID_612	has_subclass	DOID_2115
DOID_612	has_subclass	DOID_3262
DOID_612	has_subclass	DOID_3492
DOID_612	has_subclass	DOID_6196
DOID_612	has_subclass	DOID_7147
DOID_612	has_subclass	DOID_7148
DOID_612	has_subclass	DOID_849
DOID_612	has_subclass	DOID_853
DOID_612	has_subclass	DOID_9008
DOID_614	has_subclass	DOID_3109
DOID_615	has_subclass	DOID_12987
DOID_6161	has_subclass	DOID_6474
DOID_6167	has_subclass	DOID_6166
DOID_6170	has_subclass	DOID_4115
DOID_6170	has_subclass	DOID_6445
DOID_6175	has_subclass	DOID_5046
DOID_6175	has_subclass	DOID_7921
DOID_6179	has_subclass	DOID_7650
DOID_6179	has_subclass	DOID_7651
DOID_6193	has_subclass	DOID_6988
DOID_6193	has_subclass	DOID_7095
DOID_6193	has_subclass	DOID_7492
DOID_6193	has_subclass	DOID_8282
DOID_6195	has_subclass	DOID_11184
DOID_6195	has_subclass	DOID_2458
DOID_6195	has_subclass	DOID_9709
DOID_6199	has_subclass	DOID_13538
DOID_6199	has_subclass	DOID_8400
DOID_62	has_subclass	DOID_0080332
DOID_62	has_subclass	DOID_5232
DOID_62	has_subclass	DOID_57
DOID_620	has_subclass	DOID_0081445
DOID_620	has_subclass	DOID_12451
DOID_620	has_subclass	DOID_14039
DOID_620	has_subclass	DOID_7442
DOID_6204	has_subclass	DOID_6203
DOID_6204	has_subclass	DOID_8102
DOID_6204	has_subclass	DOID_8162
DOID_6204	has_subclass	DOID_8292
DOID_6204	has_subclass	DOID_8419
DOID_6214	has_subclass	DOID_6405
DOID_6214	has_subclass	DOID_6407
DOID_6217	has_subclass	DOID_3716
DOID_6217	has_subclass	DOID_4023
DOID_6217	has_subclass	DOID_8025
DOID_6227	has_subclass	DOID_2557
DOID_6231	has_subclass	DOID_5118
DOID_6231	has_subclass	DOID_6229
DOID_6231	has_subclass	DOID_6314
DOID_6231	has_subclass	DOID_6315
DOID_6232	has_subclass	DOID_6231
DOID_6245	has_subclass	DOID_6244
DOID_6255	has_subclass	DOID_0112007
DOID_6257	has_subclass	DOID_6258
DOID_6257	has_subclass	DOID_6259
DOID_626	has_subclass	DOID_0050419
DOID_626	has_subclass	DOID_0060002
DOID_626	has_subclass	DOID_0060295
DOID_626	has_subclass	DOID_0060297
DOID_626	has_subclass	DOID_0060298
DOID_626	has_subclass	DOID_0060299
DOID_626	has_subclass	DOID_0060300
DOID_626	has_subclass	DOID_0060301
DOID_626	has_subclass	DOID_0060302
DOID_626	has_subclass	DOID_0060303
DOID_626	has_subclass	DOID_0080301
DOID_626	has_subclass	DOID_0111768
DOID_626	has_subclass	DOID_8158
DOID_626	has_subclass	DOID_8354
DOID_627	has_subclass	DOID_0060007
DOID_627	has_subclass	DOID_0060008
DOID_627	has_subclass	DOID_0060009
DOID_627	has_subclass	DOID_0060010
DOID_627	has_subclass	DOID_0060011
DOID_627	has_subclass	DOID_0060012
DOID_627	has_subclass	DOID_0060013
DOID_627	has_subclass	DOID_0060014
DOID_627	has_subclass	DOID_0060016
DOID_627	has_subclass	DOID_0060017
DOID_627	has_subclass	DOID_0060018
DOID_627	has_subclass	DOID_0060019
DOID_627	has_subclass	DOID_0060769
DOID_627	has_subclass	DOID_0061074
DOID_627	has_subclass	DOID_0061090
DOID_627	has_subclass	DOID_0090012
DOID_627	has_subclass	DOID_0090014
DOID_627	has_subclass	DOID_0111937
DOID_627	has_subclass	DOID_0111938
DOID_627	has_subclass	DOID_0111957
DOID_627	has_subclass	DOID_5810
DOID_627	has_subclass	DOID_5812
DOID_628	has_subclass	DOID_0060021
DOID_628	has_subclass	DOID_0060028
DOID_628	has_subclass	DOID_0061069
DOID_628	has_subclass	DOID_0080319
DOID_628	has_subclass	DOID_0111939
DOID_628	has_subclass	DOID_0111949
DOID_628	has_subclass	DOID_0111951
DOID_628	has_subclass	DOID_0111954
DOID_628	has_subclass	DOID_0111982
DOID_628	has_subclass	DOID_0111984
DOID_628	has_subclass	DOID_6612
DOID_6285	has_subclass	DOID_6284
DOID_6291	has_subclass	DOID_6294
DOID_6293	has_subclass	DOID_13743
DOID_6293	has_subclass	DOID_6607
DOID_630	has_subclass	DOID_0050177
DOID_630	has_subclass	DOID_0061213
DOID_630	has_subclass	DOID_0080577
DOID_630	has_subclass	DOID_10241
DOID_6312	has_subclass	DOID_6313
DOID_633	has_subclass	DOID_0080745
DOID_633	has_subclass	DOID_3428
DOID_633	has_subclass	DOID_3429
DOID_633	has_subclass	DOID_668
DOID_633	has_subclass	DOID_876
DOID_633	has_subclass	DOID_9788
DOID_6331	has_subclass	DOID_7037
DOID_6345	has_subclass	DOID_6344
DOID_6354	has_subclass	DOID_7230
DOID_6354	has_subclass	DOID_8144
DOID_6364	has_subclass	DOID_10024
DOID_6364	has_subclass	DOID_12783
DOID_6383	has_subclass	DOID_6386
DOID_639	has_subclass	DOID_10992
DOID_640	has_subclass	DOID_639
DOID_6420	has_subclass	DOID_8861
DOID_6432	has_subclass	DOID_13042
DOID_6432	has_subclass	DOID_5453
DOID_6438	has_subclass	DOID_6041
DOID_6438	has_subclass	DOID_6525
DOID_6438	has_subclass	DOID_6996
DOID_6438	has_subclass	DOID_7041
DOID_6457	has_subclass	DOID_0081000
DOID_6457	has_subclass	DOID_0081001
DOID_6457	has_subclass	DOID_0081003
DOID_646	has_subclass	DOID_0070702
DOID_646	has_subclass	DOID_8970
DOID_6460	has_subclass	DOID_10655
DOID_6469	has_subclass	DOID_7013
DOID_6477	has_subclass	DOID_6476
DOID_6477	has_subclass	DOID_6976
DOID_6477	has_subclass	DOID_7553
DOID_6477	has_subclass	DOID_7600
DOID_6477	has_subclass	DOID_7967
DOID_6477	has_subclass	DOID_7968
DOID_6477	has_subclass	DOID_7969
DOID_6477	has_subclass	DOID_7971
DOID_6477	has_subclass	DOID_7972
DOID_649	has_subclass	DOID_0050433
DOID_649	has_subclass	DOID_0090103
DOID_649	has_subclass	DOID_11949
DOID_649	has_subclass	DOID_3530
DOID_649	has_subclass	DOID_4249
DOID_649	has_subclass	DOID_5434
DOID_649	has_subclass	DOID_5435
DOID_649	has_subclass	DOID_648
DOID_6498	has_subclass	DOID_11684
DOID_6498	has_subclass	DOID_11685
DOID_6498	has_subclass	DOID_6944
DOID_6498	has_subclass	DOID_6945
DOID_65	has_subclass	DOID_0050645
DOID_65	has_subclass	DOID_0050698
DOID_65	has_subclass	DOID_0060039
DOID_65	has_subclass	DOID_0060887
DOID_65	has_subclass	DOID_0061197
DOID_65	has_subclass	DOID_0111568
DOID_65	has_subclass	DOID_11329
DOID_65	has_subclass	DOID_1222
DOID_65	has_subclass	DOID_14188
DOID_65	has_subclass	DOID_14223
DOID_65	has_subclass	DOID_1575
DOID_65	has_subclass	DOID_204
DOID_65	has_subclass	DOID_2738
DOID_65	has_subclass	DOID_3141
DOID_65	has_subclass	DOID_5330
DOID_65	has_subclass	DOID_5587
DOID_65	has_subclass	DOID_811
DOID_65	has_subclass	DOID_819
DOID_65	has_subclass	DOID_8936
DOID_65	has_subclass	DOID_9074
DOID_65	has_subclass	DOID_9598
DOID_65	has_subclass	DOID_9857
DOID_65	has_subclass	DOID_9957
DOID_6517	has_subclass	DOID_8221
DOID_6517	has_subclass	DOID_8239
DOID_6522	has_subclass	DOID_6523
DOID_6524	has_subclass	DOID_6997
DOID_653	has_subclass	DOID_0060236
DOID_653	has_subclass	DOID_14218
DOID_6536	has_subclass	DOID_3721
DOID_6536	has_subclass	DOID_9513
DOID_654	has_subclass	DOID_9970
DOID_654	has_subclass	DOID_9972
DOID_655	has_subclass	DOID_0050636
DOID_655	has_subclass	DOID_0050638
DOID_655	has_subclass	DOID_0050718
DOID_655	has_subclass	DOID_0060358
DOID_655	has_subclass	DOID_0060363
DOID_655	has_subclass	DOID_0080172
DOID_655	has_subclass	DOID_0080665
DOID_655	has_subclass	DOID_0080666
DOID_655	has_subclass	DOID_0080839
DOID_655	has_subclass	DOID_0080933
DOID_655	has_subclass	DOID_0090123
DOID_655	has_subclass	DOID_0090145
DOID_655	has_subclass	DOID_0111260
DOID_655	has_subclass	DOID_0111270
DOID_655	has_subclass	DOID_0111338
DOID_655	has_subclass	DOID_0112127
DOID_655	has_subclass	DOID_2741
DOID_655	has_subclass	DOID_3211
DOID_655	has_subclass	DOID_653
DOID_655	has_subclass	DOID_700
DOID_655	has_subclass	DOID_9246
DOID_656	has_subclass	DOID_0050891
DOID_656	has_subclass	DOID_12028
DOID_657	has_subclass	DOID_0050849
DOID_657	has_subclass	DOID_0050860
DOID_657	has_subclass	DOID_0050868
DOID_657	has_subclass	DOID_0050869
DOID_657	has_subclass	DOID_0050893
DOID_657	has_subclass	DOID_0050910
DOID_657	has_subclass	DOID_0050912
DOID_657	has_subclass	DOID_0050915
DOID_657	has_subclass	DOID_0050927
DOID_657	has_subclass	DOID_1371
DOID_657	has_subclass	DOID_2075
DOID_657	has_subclass	DOID_2616
DOID_657	has_subclass	DOID_2634
DOID_657	has_subclass	DOID_2682
DOID_657	has_subclass	DOID_2891
DOID_657	has_subclass	DOID_3172
DOID_657	has_subclass	DOID_4147
DOID_657	has_subclass	DOID_5381
DOID_657	has_subclass	DOID_5382
DOID_657	has_subclass	DOID_5385
DOID_657	has_subclass	DOID_5390
DOID_657	has_subclass	DOID_5401
DOID_657	has_subclass	DOID_5402
DOID_657	has_subclass	DOID_5427
DOID_657	has_subclass	DOID_5446
DOID_657	has_subclass	DOID_5643
DOID_657	has_subclass	DOID_7333
DOID_657	has_subclass	DOID_7334
DOID_657	has_subclass	DOID_745
DOID_657	has_subclass	DOID_7608
DOID_657	has_subclass	DOID_7851
DOID_657	has_subclass	DOID_8003
DOID_6590	has_subclass	DOID_12105
DOID_6590	has_subclass	DOID_13127
DOID_66	has_subclass	DOID_0050646
DOID_66	has_subclass	DOID_0060255
DOID_66	has_subclass	DOID_0070308
DOID_66	has_subclass	DOID_0111072
DOID_66	has_subclass	DOID_2106
DOID_660	has_subclass	DOID_3948
DOID_6612	has_subclass	DOID_0080492
DOID_6612	has_subclass	DOID_0110910
DOID_6612	has_subclass	DOID_0110912
DOID_6629	has_subclass	DOID_7953
DOID_6658	has_subclass	DOID_7207
DOID_6688	has_subclass	DOID_0110115
DOID_6688	has_subclass	DOID_0110119
DOID_6713	has_subclass	DOID_0051061
DOID_6713	has_subclass	DOID_0060669
DOID_6713	has_subclass	DOID_0060688
DOID_6713	has_subclass	DOID_10127
DOID_6713	has_subclass	DOID_10991
DOID_6713	has_subclass	DOID_11390
DOID_6713	has_subclass	DOID_13100
DOID_6713	has_subclass	DOID_2316
DOID_6713	has_subclass	DOID_3454
DOID_6713	has_subclass	DOID_4193
DOID_6713	has_subclass	DOID_4372
DOID_6713	has_subclass	DOID_5393
DOID_672	has_subclass	DOID_0050750
DOID_674	has_subclass	DOID_0060613
DOID_674	has_subclass	DOID_0110213
DOID_674	has_subclass	DOID_0110214
DOID_6741	has_subclass	DOID_6742
DOID_6788	has_subclass	DOID_6787
DOID_6788	has_subclass	DOID_6848
DOID_679	has_subclass	DOID_0050659
DOID_679	has_subclass	DOID_0060230
DOID_680	has_subclass	DOID_0081291
DOID_681	has_subclass	DOID_0080632
DOID_682	has_subclass	DOID_3933
DOID_683	has_subclass	DOID_7558
DOID_683	has_subclass	DOID_7559
DOID_6837	has_subclass	DOID_5725
DOID_6839	has_subclass	DOID_6841
DOID_684	has_subclass	DOID_0070322
DOID_684	has_subclass	DOID_0070328
DOID_684	has_subclass	DOID_5015
DOID_684	has_subclass	DOID_5016
DOID_684	has_subclass	DOID_5022
DOID_684	has_subclass	DOID_5026
DOID_6856	has_subclass	DOID_6857
DOID_6856	has_subclass	DOID_6858
DOID_686	has_subclass	DOID_684
DOID_6868	has_subclass	DOID_6867
DOID_687	has_subclass	DOID_5789
DOID_687	has_subclass	DOID_5798
DOID_6872	has_subclass	DOID_6871
DOID_6873	has_subclass	DOID_8108
DOID_6873	has_subclass	DOID_8170
DOID_6873	has_subclass	DOID_8255
DOID_688	has_subclass	DOID_3308
DOID_688	has_subclass	DOID_4766
DOID_6888	has_subclass	DOID_6845
DOID_6903	has_subclass	DOID_775
DOID_6929	has_subclass	DOID_4449
DOID_693	has_subclass	DOID_2187
DOID_6936	has_subclass	DOID_6935
DOID_6944	has_subclass	DOID_6943
DOID_6945	has_subclass	DOID_6943
DOID_6947	has_subclass	DOID_7678
DOID_6947	has_subclass	DOID_7679
DOID_6970	has_subclass	DOID_6969
DOID_6970	has_subclass	DOID_9938
DOID_699	has_subclass	DOID_0070750
DOID_699	has_subclass	DOID_0081357
DOID_699	has_subclass	DOID_12558
DOID_699	has_subclass	DOID_890
DOID_6992	has_subclass	DOID_6993
DOID_6992	has_subclass	DOID_6996
DOID_6992	has_subclass	DOID_6997
DOID_6994	has_subclass	DOID_6993
DOID_6994	has_subclass	DOID_7328
DOID_7	has_subclass	DOID_0060118
DOID_7	has_subclass	DOID_15
DOID_7	has_subclass	DOID_1579
DOID_7	has_subclass	DOID_17
DOID_7	has_subclass	DOID_18
DOID_7	has_subclass	DOID_28
DOID_7	has_subclass	DOID_2914
DOID_7	has_subclass	DOID_74
DOID_7	has_subclass	DOID_77
DOID_700	has_subclass	DOID_0050730
DOID_700	has_subclass	DOID_0050757
DOID_700	has_subclass	DOID_0060067
DOID_700	has_subclass	DOID_0060537
DOID_700	has_subclass	DOID_0060640
DOID_700	has_subclass	DOID_0070329
DOID_700	has_subclass	DOID_0070540
DOID_700	has_subclass	DOID_0080363
DOID_700	has_subclass	DOID_0111143
DOID_700	has_subclass	DOID_0111273
DOID_700	has_subclass	DOID_0111276
DOID_700	has_subclass	DOID_0111750
DOID_700	has_subclass	DOID_3762
DOID_701	has_subclass	DOID_0070704
DOID_701	has_subclass	DOID_0070706
DOID_7031	has_subclass	DOID_7583
DOID_7040	has_subclass	DOID_7042
DOID_706	has_subclass	DOID_6536
DOID_706	has_subclass	DOID_8584
DOID_707	has_subclass	DOID_0050746
DOID_707	has_subclass	DOID_0050873
DOID_707	has_subclass	DOID_0060901
DOID_707	has_subclass	DOID_0081452
DOID_707	has_subclass	DOID_5820
DOID_710	has_subclass	DOID_4334
DOID_710	has_subclass	DOID_709
DOID_712	has_subclass	DOID_711
DOID_712	has_subclass	DOID_7936
DOID_712	has_subclass	DOID_9544
DOID_7147	has_subclass	DOID_0040092
DOID_7147	has_subclass	DOID_0080603
DOID_7147	has_subclass	DOID_0080605
DOID_7148	has_subclass	DOID_14256
DOID_7148	has_subclass	DOID_676
DOID_7154	has_subclass	DOID_0080882
DOID_7166	has_subclass	DOID_14350
DOID_7166	has_subclass	DOID_14351
DOID_7166	has_subclass	DOID_14353
DOID_7166	has_subclass	DOID_7165
DOID_7166	has_subclass	DOID_7187
DOID_720	has_subclass	DOID_12449
DOID_7234	has_subclass	DOID_7236
DOID_7234	has_subclass	DOID_7237
DOID_7242	has_subclass	DOID_7241
DOID_730	has_subclass	DOID_2139
DOID_7305	has_subclass	DOID_0080904
DOID_731	has_subclass	DOID_0050623
DOID_731	has_subclass	DOID_11885
DOID_731	has_subclass	DOID_3116
DOID_731	has_subclass	DOID_730
DOID_7319	has_subclass	DOID_0090068
DOID_7319	has_subclass	DOID_0090069
DOID_732	has_subclass	DOID_0050269
DOID_732	has_subclass	DOID_12369
DOID_732	has_subclass	DOID_1343
DOID_732	has_subclass	DOID_13461
DOID_732	has_subclass	DOID_13498
DOID_732	has_subclass	DOID_8108
DOID_732	has_subclass	DOID_9339
DOID_732	has_subclass	DOID_9341
DOID_732	has_subclass	DOID_9589
DOID_732	has_subclass	DOID_9877
DOID_7327	has_subclass	DOID_7326
DOID_7327	has_subclass	DOID_9603
DOID_7334	has_subclass	DOID_8109
DOID_734	has_subclass	DOID_3750
DOID_734	has_subclass	DOID_4013
DOID_734	has_subclass	DOID_736
DOID_734	has_subclass	DOID_738
DOID_736	has_subclass	DOID_6167
DOID_736	has_subclass	DOID_8223
DOID_736	has_subclass	DOID_8259
DOID_738	has_subclass	DOID_7488
DOID_738	has_subclass	DOID_8272
DOID_74	has_subclass	DOID_0080520
DOID_74	has_subclass	DOID_2355
DOID_74	has_subclass	DOID_2373
DOID_74	has_subclass	DOID_2531
DOID_74	has_subclass	DOID_4176
DOID_74	has_subclass	DOID_4961
DOID_74	has_subclass	DOID_620
DOID_74	has_subclass	DOID_9500
DOID_7427	has_subclass	DOID_0050160
DOID_7427	has_subclass	DOID_0081239
DOID_7474	has_subclass	DOID_7381
DOID_7475	has_subclass	DOID_11223
DOID_7475	has_subclass	DOID_13254
DOID_7475	has_subclass	DOID_8408
DOID_7492	has_subclass	DOID_7491
DOID_7497	has_subclass	DOID_7750
DOID_75	has_subclass	DOID_0050120
DOID_75	has_subclass	DOID_0060073
DOID_75	has_subclass	DOID_0060366
DOID_75	has_subclass	DOID_0081031
DOID_75	has_subclass	DOID_4347
DOID_75	has_subclass	DOID_9317
DOID_75	has_subclass	DOID_9942
DOID_750	has_subclass	DOID_10808
DOID_750	has_subclass	DOID_10927
DOID_750	has_subclass	DOID_1724
DOID_750	has_subclass	DOID_749
DOID_750	has_subclass	DOID_752
DOID_750	has_subclass	DOID_8644
DOID_7505	has_subclass	DOID_10156
DOID_7505	has_subclass	DOID_1737
DOID_7505	has_subclass	DOID_3218
DOID_7505	has_subclass	DOID_4434
DOID_7519	has_subclass	DOID_0050940
DOID_7521	has_subclass	DOID_7520
DOID_7521	has_subclass	DOID_8068
DOID_7528	has_subclass	DOID_7527
DOID_7551	has_subclass	DOID_10400
DOID_7574	has_subclass	DOID_7685
DOID_7574	has_subclass	DOID_8150
DOID_7575	has_subclass	DOID_7574
DOID_7585	has_subclass	DOID_7584
DOID_7587	has_subclass	DOID_7586
DOID_76	has_subclass	DOID_0040090
DOID_76	has_subclass	DOID_10534
DOID_76	has_subclass	DOID_1159
DOID_76	has_subclass	DOID_12070
DOID_76	has_subclass	DOID_12072
DOID_76	has_subclass	DOID_12234
DOID_76	has_subclass	DOID_12642
DOID_76	has_subclass	DOID_275
DOID_76	has_subclass	DOID_3122
DOID_76	has_subclass	DOID_3229
DOID_76	has_subclass	DOID_4370
DOID_76	has_subclass	DOID_6225
DOID_76	has_subclass	DOID_9138
DOID_7602	has_subclass	DOID_3377
DOID_7602	has_subclass	DOID_6951
DOID_7602	has_subclass	DOID_7603
DOID_7602	has_subclass	DOID_7612
DOID_7608	has_subclass	DOID_7607
DOID_7608	has_subclass	DOID_7609
DOID_7608	has_subclass	DOID_7610
DOID_7608	has_subclass	DOID_7611
DOID_7614	has_subclass	DOID_7613
DOID_768	has_subclass	DOID_4647
DOID_768	has_subclass	DOID_4648
DOID_768	has_subclass	DOID_4650
DOID_768	has_subclass	DOID_4651
DOID_768	has_subclass	DOID_4656
DOID_769	has_subclass	DOID_371
DOID_769	has_subclass	DOID_4160
DOID_769	has_subclass	DOID_4163
DOID_7696	has_subclass	DOID_8207
DOID_7698	has_subclass	DOID_7840
DOID_77	has_subclass	DOID_0050624
DOID_77	has_subclass	DOID_0060031
DOID_77	has_subclass	DOID_0060262
DOID_77	has_subclass	DOID_0080171
DOID_77	has_subclass	DOID_0080178
DOID_77	has_subclass	DOID_13250
DOID_77	has_subclass	DOID_2326
DOID_77	has_subclass	DOID_3118
DOID_77	has_subclass	DOID_3119
DOID_77	has_subclass	DOID_403
DOID_77	has_subclass	DOID_5295
DOID_77	has_subclass	DOID_60000
DOID_77	has_subclass	DOID_6050
DOID_77	has_subclass	DOID_76
DOID_77	has_subclass	DOID_8283
DOID_77	has_subclass	DOID_8534
DOID_77	has_subclass	DOID_8677
DOID_771	has_subclass	DOID_768
DOID_7736	has_subclass	DOID_7765
DOID_7757	has_subclass	DOID_0070323
DOID_7757	has_subclass	DOID_0080794
DOID_7757	has_subclass	DOID_7756
DOID_7763	has_subclass	DOID_7587
DOID_7764	has_subclass	DOID_7585
DOID_778	has_subclass	DOID_6680
DOID_780	has_subclass	DOID_0050697
DOID_780	has_subclass	DOID_11060
DOID_780	has_subclass	DOID_2021
DOID_780	has_subclass	DOID_277
DOID_780	has_subclass	DOID_3891
DOID_780	has_subclass	DOID_4744
DOID_780	has_subclass	DOID_8488
DOID_780	has_subclass	DOID_9667
DOID_7808	has_subclass	DOID_7807
DOID_784	has_subclass	DOID_0051066
DOID_784	has_subclass	DOID_783
DOID_7841	has_subclass	DOID_0080956
DOID_7841	has_subclass	DOID_7522
DOID_7849	has_subclass	DOID_6262
DOID_786	has_subclass	DOID_0080833
DOID_786	has_subclass	DOID_0080834
DOID_786	has_subclass	DOID_11527
DOID_786	has_subclass	DOID_3437
DOID_786	has_subclass	DOID_9011
DOID_7894	has_subclass	DOID_8295
DOID_7894	has_subclass	DOID_8399
DOID_790	has_subclass	DOID_11766
DOID_790	has_subclass	DOID_12349
DOID_799	has_subclass	DOID_9742
DOID_7997	has_subclass	DOID_12573
DOID_7998	has_subclass	DOID_0081101
DOID_7998	has_subclass	DOID_0081102
DOID_7998	has_subclass	DOID_0111374
DOID_7998	has_subclass	DOID_10719
DOID_7998	has_subclass	DOID_11277
DOID_8002	has_subclass	DOID_7105
DOID_8007	has_subclass	DOID_8208
DOID_811	has_subclass	DOID_0080298
DOID_811	has_subclass	DOID_0080299
DOID_8125	has_subclass	DOID_11760
DOID_8125	has_subclass	DOID_14415
DOID_8188	has_subclass	DOID_8187
DOID_820	has_subclass	DOID_0080767
DOID_820	has_subclass	DOID_3951
DOID_820	has_subclass	DOID_817
DOID_8200	has_subclass	DOID_0050584
DOID_8200	has_subclass	DOID_9880
DOID_823	has_subclass	DOID_11269
DOID_823	has_subclass	DOID_11693
DOID_823	has_subclass	DOID_2562
DOID_823	has_subclass	DOID_4617
DOID_824	has_subclass	DOID_10423
DOID_8283	has_subclass	DOID_13310
DOID_8295	has_subclass	DOID_14374
DOID_83	has_subclass	DOID_0050537
DOID_83	has_subclass	DOID_0070354
DOID_83	has_subclass	DOID_0110227
DOID_83	has_subclass	DOID_0110229
DOID_83	has_subclass	DOID_0110230
DOID_83	has_subclass	DOID_0110231
DOID_83	has_subclass	DOID_0110232
DOID_83	has_subclass	DOID_0110233
DOID_83	has_subclass	DOID_0110234
DOID_83	has_subclass	DOID_0110236
DOID_83	has_subclass	DOID_0110238
DOID_83	has_subclass	DOID_0110240
DOID_83	has_subclass	DOID_0110242
DOID_83	has_subclass	DOID_0110243
DOID_83	has_subclass	DOID_0110244
DOID_83	has_subclass	DOID_0110246
DOID_83	has_subclass	DOID_0110249
DOID_83	has_subclass	DOID_0110250
DOID_83	has_subclass	DOID_0110251
DOID_83	has_subclass	DOID_0110252
DOID_83	has_subclass	DOID_0110253
DOID_83	has_subclass	DOID_0110254
DOID_83	has_subclass	DOID_0110255
DOID_83	has_subclass	DOID_0110259
DOID_83	has_subclass	DOID_0110260
DOID_83	has_subclass	DOID_0110261
DOID_83	has_subclass	DOID_0110265
DOID_83	has_subclass	DOID_0110266
DOID_83	has_subclass	DOID_0110267
DOID_83	has_subclass	DOID_0110268
DOID_83	has_subclass	DOID_0110270
DOID_83	has_subclass	DOID_0110271
DOID_83	has_subclass	DOID_0110272
DOID_83	has_subclass	DOID_13328
DOID_83	has_subclass	DOID_13822
DOID_83	has_subclass	DOID_82
DOID_83	has_subclass	DOID_9669
DOID_833	has_subclass	DOID_2814
DOID_841	has_subclass	DOID_11289
DOID_841	has_subclass	DOID_12522
DOID_841	has_subclass	DOID_13891
DOID_841	has_subclass	DOID_14453
DOID_841	has_subclass	DOID_2314
DOID_841	has_subclass	DOID_2708
DOID_841	has_subclass	DOID_2710
DOID_841	has_subclass	DOID_840
DOID_8411	has_subclass	DOID_8410
DOID_8432	has_subclass	DOID_10780
DOID_8432	has_subclass	DOID_11242
DOID_8432	has_subclass	DOID_8431
DOID_8437	has_subclass	DOID_8440
DOID_8437	has_subclass	DOID_8442
DOID_8437	has_subclass	DOID_8445
DOID_8437	has_subclass	DOID_8446
DOID_8437	has_subclass	DOID_8448
DOID_8439	has_subclass	DOID_14495
DOID_8439	has_subclass	DOID_8438
DOID_8463	has_subclass	DOID_10439
DOID_8463	has_subclass	DOID_10440
DOID_8463	has_subclass	DOID_10441
DOID_8463	has_subclass	DOID_10444
DOID_8463	has_subclass	DOID_10445
DOID_8463	has_subclass	DOID_9910
DOID_8465	has_subclass	DOID_0060763
DOID_8465	has_subclass	DOID_12108
DOID_8465	has_subclass	DOID_8464
DOID_8466	has_subclass	DOID_0050572
DOID_8466	has_subclass	DOID_0050664
DOID_8466	has_subclass	DOID_0060869
DOID_8466	has_subclass	DOID_0081462
DOID_8466	has_subclass	DOID_10584
DOID_8466	has_subclass	DOID_4448
DOID_8466	has_subclass	DOID_8465
DOID_8469	has_subclass	DOID_0050211
DOID_8472	has_subclass	DOID_0081373
DOID_848	has_subclass	DOID_1156
DOID_848	has_subclass	DOID_1166
DOID_848	has_subclass	DOID_13189
DOID_848	has_subclass	DOID_2964
DOID_848	has_subclass	DOID_7148
DOID_848	has_subclass	DOID_813
DOID_8483	has_subclass	DOID_13094
DOID_8483	has_subclass	DOID_13098
DOID_8483	has_subclass	DOID_14522
DOID_8483	has_subclass	DOID_8482
DOID_8498	has_subclass	DOID_0050534
DOID_8499	has_subclass	DOID_11874
DOID_850	has_subclass	DOID_0050073
DOID_850	has_subclass	DOID_0060317
DOID_850	has_subclass	DOID_0061125
DOID_850	has_subclass	DOID_10032
DOID_850	has_subclass	DOID_10080
DOID_850	has_subclass	DOID_10398
DOID_850	has_subclass	DOID_1082
DOID_850	has_subclass	DOID_10955
DOID_850	has_subclass	DOID_11049
DOID_850	has_subclass	DOID_11162
DOID_850	has_subclass	DOID_11339
DOID_850	has_subclass	DOID_11650
DOID_850	has_subclass	DOID_12117
DOID_850	has_subclass	DOID_12120
DOID_850	has_subclass	DOID_12132
DOID_850	has_subclass	DOID_12474
DOID_850	has_subclass	DOID_14472
DOID_850	has_subclass	DOID_1578
DOID_850	has_subclass	DOID_1584
DOID_850	has_subclass	DOID_2122
DOID_850	has_subclass	DOID_2810
DOID_850	has_subclass	DOID_2957
DOID_850	has_subclass	DOID_3082
DOID_850	has_subclass	DOID_3319
DOID_850	has_subclass	DOID_3677
DOID_850	has_subclass	DOID_3683
DOID_850	has_subclass	DOID_424
DOID_850	has_subclass	DOID_4374
DOID_850	has_subclass	DOID_552
DOID_850	has_subclass	DOID_60001
DOID_850	has_subclass	DOID_9498
DOID_8500	has_subclass	DOID_0090114
DOID_8500	has_subclass	DOID_0111569
DOID_8501	has_subclass	DOID_0050683
DOID_8501	has_subclass	DOID_11105
DOID_8501	has_subclass	DOID_13227
DOID_8501	has_subclass	DOID_14251
DOID_8501	has_subclass	DOID_14252
DOID_8501	has_subclass	DOID_14253
DOID_8502	has_subclass	DOID_0080841
DOID_8502	has_subclass	DOID_2731
DOID_8502	has_subclass	DOID_8505
DOID_8502	has_subclass	DOID_8508
DOID_8502	has_subclass	DOID_9182
DOID_8504	has_subclass	DOID_11907
DOID_8504	has_subclass	DOID_8503
DOID_8505	has_subclass	DOID_8507
DOID_8514	has_subclass	DOID_8516
DOID_8514	has_subclass	DOID_8517
DOID_8515	has_subclass	DOID_12326
DOID_8527	has_subclass	DOID_8593
DOID_8527	has_subclass	DOID_8696
DOID_8527	has_subclass	DOID_8864
DOID_8533	has_subclass	DOID_8660
DOID_8533	has_subclass	DOID_8663
DOID_8533	has_subclass	DOID_9235
DOID_8536	has_subclass	DOID_9210
DOID_854	has_subclass	DOID_13359
DOID_854	has_subclass	DOID_9499
DOID_8549	has_subclass	DOID_8529
DOID_8549	has_subclass	DOID_8717
DOID_8552	has_subclass	DOID_0060761
DOID_8552	has_subclass	DOID_0081088
DOID_8557	has_subclass	DOID_0070664
DOID_8557	has_subclass	DOID_8556
DOID_8557	has_subclass	DOID_8688
DOID_8557	has_subclass	DOID_8937
DOID_8557	has_subclass	DOID_8969
DOID_8564	has_subclass	DOID_8630
DOID_8564	has_subclass	DOID_8883
DOID_8566	has_subclass	DOID_8607
DOID_8566	has_subclass	DOID_8704
DOID_8567	has_subclass	DOID_8543
DOID_8567	has_subclass	DOID_8628
DOID_8567	has_subclass	DOID_8642
DOID_8567	has_subclass	DOID_8651
DOID_8567	has_subclass	DOID_8654
DOID_8567	has_subclass	DOID_8838
DOID_857	has_subclass	DOID_856
DOID_857	has_subclass	DOID_859
DOID_8574	has_subclass	DOID_8573
DOID_8574	has_subclass	DOID_9201
DOID_8578	has_subclass	DOID_8635
DOID_8602	has_subclass	DOID_8601
DOID_8602	has_subclass	DOID_9125
DOID_8618	has_subclass	DOID_0050866
DOID_8618	has_subclass	DOID_0080900
DOID_8618	has_subclass	DOID_8564
DOID_8618	has_subclass	DOID_8578
DOID_8618	has_subclass	DOID_8702
DOID_8618	has_subclass	DOID_8930
DOID_8618	has_subclass	DOID_9149
DOID_8618	has_subclass	DOID_9188
DOID_8619	has_subclass	DOID_0060165
DOID_863	has_subclass	DOID_0050155
DOID_863	has_subclass	DOID_0060695
DOID_863	has_subclass	DOID_0111580
DOID_863	has_subclass	DOID_12697
DOID_863	has_subclass	DOID_14464
DOID_863	has_subclass	DOID_3602
DOID_863	has_subclass	DOID_574
DOID_863	has_subclass	DOID_8536
DOID_863	has_subclass	DOID_862
DOID_864	has_subclass	DOID_3875
DOID_8646	has_subclass	DOID_1203
DOID_8646	has_subclass	DOID_251
DOID_8646	has_subclass	DOID_8645
DOID_8649	has_subclass	DOID_0050865
DOID_8649	has_subclass	DOID_0080641
DOID_865	has_subclass	DOID_0040099
DOID_865	has_subclass	DOID_0060567
DOID_865	has_subclass	DOID_13241
DOID_865	has_subclass	DOID_2555
DOID_865	has_subclass	DOID_3049
DOID_865	has_subclass	DOID_3825
DOID_865	has_subclass	DOID_525
DOID_865	has_subclass	DOID_9810
DOID_866	has_subclass	DOID_0050792
DOID_866	has_subclass	DOID_112
DOID_866	has_subclass	DOID_4522
DOID_866	has_subclass	DOID_7390
DOID_866	has_subclass	DOID_864
DOID_8670	has_subclass	DOID_0051057
DOID_8670	has_subclass	DOID_11507
DOID_8670	has_subclass	DOID_12128
DOID_8670	has_subclass	DOID_12129
DOID_8670	has_subclass	DOID_8689
DOID_8672	has_subclass	DOID_8743
DOID_869	has_subclass	DOID_0060360
DOID_8692	has_subclass	DOID_8527
DOID_8692	has_subclass	DOID_8552
DOID_870	has_subclass	DOID_0050548
DOID_870	has_subclass	DOID_0060054
DOID_870	has_subclass	DOID_0060843
DOID_870	has_subclass	DOID_0070688
DOID_870	has_subclass	DOID_0070701
DOID_870	has_subclass	DOID_0111728
DOID_870	has_subclass	DOID_1188
DOID_870	has_subclass	DOID_1195
DOID_870	has_subclass	DOID_1803
DOID_870	has_subclass	DOID_2477
DOID_870	has_subclass	DOID_2491
DOID_870	has_subclass	DOID_2537
DOID_870	has_subclass	DOID_3690
DOID_870	has_subclass	DOID_440
DOID_870	has_subclass	DOID_7319
DOID_870	has_subclass	DOID_9240
DOID_870	has_subclass	DOID_9743
DOID_8712	has_subclass	DOID_0111253
DOID_8719	has_subclass	DOID_0050610
DOID_8719	has_subclass	DOID_0050611
DOID_8719	has_subclass	DOID_0050612
DOID_8719	has_subclass	DOID_4943
DOID_8719	has_subclass	DOID_5172
DOID_8719	has_subclass	DOID_8800
DOID_8719	has_subclass	DOID_8802
DOID_8719	has_subclass	DOID_9011
DOID_8719	has_subclass	DOID_9024
DOID_8719	has_subclass	DOID_9087
DOID_8719	has_subclass	DOID_9132
DOID_8719	has_subclass	DOID_9138
DOID_8719	has_subclass	DOID_9174
DOID_8719	has_subclass	DOID_9234
DOID_8736	has_subclass	DOID_0050508
DOID_8736	has_subclass	DOID_9153
DOID_874	has_subclass	DOID_0040083
DOID_874	has_subclass	DOID_0040084
DOID_874	has_subclass	DOID_0050152
DOID_874	has_subclass	DOID_13272
DOID_874	has_subclass	DOID_13276
DOID_8741	has_subclass	DOID_8941
DOID_8761	has_subclass	DOID_0080794
DOID_8761	has_subclass	DOID_0080798
DOID_8778	has_subclass	DOID_0060188
DOID_8778	has_subclass	DOID_0060189
DOID_8778	has_subclass	DOID_0060190
DOID_8778	has_subclass	DOID_0060191
DOID_8778	has_subclass	DOID_0060192
DOID_8791	has_subclass	DOID_0060074
DOID_8791	has_subclass	DOID_3010
DOID_8791	has_subclass	DOID_8428
DOID_8800	has_subclass	DOID_0050870
DOID_883	has_subclass	DOID_0050250
DOID_883	has_subclass	DOID_0050251
DOID_883	has_subclass	DOID_0050253
DOID_883	has_subclass	DOID_0050254
DOID_883	has_subclass	DOID_0050256
DOID_883	has_subclass	DOID_0050259
DOID_883	has_subclass	DOID_0050261
DOID_883	has_subclass	DOID_10074
DOID_883	has_subclass	DOID_10080
DOID_883	has_subclass	DOID_10955
DOID_883	has_subclass	DOID_11379
DOID_883	has_subclass	DOID_1217
DOID_883	has_subclass	DOID_1218
DOID_883	has_subclass	DOID_1219
DOID_883	has_subclass	DOID_12474
DOID_883	has_subclass	DOID_1252
DOID_883	has_subclass	DOID_13768
DOID_883	has_subclass	DOID_14418
DOID_883	has_subclass	DOID_1496
DOID_883	has_subclass	DOID_2790
DOID_883	has_subclass	DOID_3107
DOID_883	has_subclass	DOID_3108
DOID_883	has_subclass	DOID_3983
DOID_883	has_subclass	DOID_456
DOID_883	has_subclass	DOID_7033
DOID_883	has_subclass	DOID_7457
DOID_883	has_subclass	DOID_884
DOID_883	has_subclass	DOID_885
DOID_883	has_subclass	DOID_931
DOID_883	has_subclass	DOID_9784
DOID_8849	has_subclass	DOID_0050930
DOID_8850	has_subclass	DOID_0050904
DOID_8850	has_subclass	DOID_297
DOID_8850	has_subclass	DOID_5309
DOID_8850	has_subclass	DOID_8849
DOID_8850	has_subclass	DOID_9036
DOID_8850	has_subclass	DOID_9173
DOID_8857	has_subclass	DOID_0040093
DOID_8857	has_subclass	DOID_9074
DOID_8858	has_subclass	DOID_0050920
DOID_8858	has_subclass	DOID_5524
DOID_8864	has_subclass	DOID_0080149
DOID_8886	has_subclass	DOID_12731
DOID_8886	has_subclass	DOID_1979
DOID_8886	has_subclass	DOID_8787
DOID_8893	has_subclass	DOID_0080474
DOID_8893	has_subclass	DOID_0080475
DOID_8893	has_subclass	DOID_0111279
DOID_8893	has_subclass	DOID_0111280
DOID_8893	has_subclass	DOID_0111281
DOID_8893	has_subclass	DOID_0111282
DOID_8893	has_subclass	DOID_0111283
DOID_8893	has_subclass	DOID_0111284
DOID_8893	has_subclass	DOID_0111285
DOID_8893	has_subclass	DOID_0111286
DOID_8893	has_subclass	DOID_0111287
DOID_8893	has_subclass	DOID_0111288
DOID_8893	has_subclass	DOID_0111289
DOID_8893	has_subclass	DOID_0111290
DOID_8893	has_subclass	DOID_0111291
DOID_8893	has_subclass	DOID_9088
DOID_890	has_subclass	DOID_310
DOID_890	has_subclass	DOID_3687
DOID_891	has_subclass	DOID_0111444
DOID_891	has_subclass	DOID_0111445
DOID_891	has_subclass	DOID_0111449
DOID_891	has_subclass	DOID_0111450
DOID_891	has_subclass	DOID_0111451
DOID_891	has_subclass	DOID_3534
DOID_8913	has_subclass	DOID_0050096
DOID_8913	has_subclass	DOID_11917
DOID_8913	has_subclass	DOID_12179
DOID_8913	has_subclass	DOID_13074
DOID_8913	has_subclass	DOID_4337
DOID_8923	has_subclass	DOID_0070326
DOID_8923	has_subclass	DOID_0070327
DOID_8923	has_subclass	DOID_10040
DOID_8923	has_subclass	DOID_10044
DOID_8923	has_subclass	DOID_10047
DOID_8923	has_subclass	DOID_10054
DOID_8923	has_subclass	DOID_6367
DOID_8925	has_subclass	DOID_8924
DOID_8925	has_subclass	DOID_8931
DOID_8927	has_subclass	DOID_0060047
DOID_8927	has_subclass	DOID_12568
DOID_8927	has_subclass	DOID_13365
DOID_8947	has_subclass	DOID_13207
DOID_8947	has_subclass	DOID_13208
DOID_8947	has_subclass	DOID_8946
DOID_8947	has_subclass	DOID_9191
DOID_8955	has_subclass	DOID_0050554
DOID_8955	has_subclass	DOID_0060063
DOID_8955	has_subclass	DOID_0060066
DOID_8955	has_subclass	DOID_0060335
DOID_8955	has_subclass	DOID_0080209
DOID_896	has_subclass	DOID_0050605
DOID_896	has_subclass	DOID_0111272
DOID_896	has_subclass	DOID_1838
DOID_896	has_subclass	DOID_2352
DOID_896	has_subclass	DOID_893
DOID_898	has_subclass	DOID_0051081
DOID_898	has_subclass	DOID_0060951
DOID_898	has_subclass	DOID_0060952
DOID_898	has_subclass	DOID_0110858
DOID_898	has_subclass	DOID_0110859
DOID_898	has_subclass	DOID_0110860
DOID_9024	has_subclass	DOID_8826
DOID_9036	has_subclass	DOID_0050931
DOID_905	has_subclass	DOID_0080476
DOID_905	has_subclass	DOID_0080477
DOID_905	has_subclass	DOID_0080478
DOID_905	has_subclass	DOID_0080479
DOID_905	has_subclass	DOID_0080480
DOID_905	has_subclass	DOID_0080481
DOID_905	has_subclass	DOID_0080482
DOID_905	has_subclass	DOID_0080483
DOID_905	has_subclass	DOID_0080484
DOID_905	has_subclass	DOID_0080485
DOID_905	has_subclass	DOID_0080486
DOID_905	has_subclass	DOID_0080487
DOID_906	has_subclass	DOID_0050444
DOID_906	has_subclass	DOID_0050452
DOID_906	has_subclass	DOID_0050797
DOID_906	has_subclass	DOID_0060602
DOID_906	has_subclass	DOID_0070516
DOID_906	has_subclass	DOID_0080377
DOID_906	has_subclass	DOID_0080946
DOID_906	has_subclass	DOID_0090031
DOID_906	has_subclass	DOID_0112246
DOID_906	has_subclass	DOID_2582
DOID_9063	has_subclass	DOID_13819
DOID_9065	has_subclass	DOID_9111
DOID_9065	has_subclass	DOID_9155
DOID_9098	has_subclass	DOID_0111556
DOID_9098	has_subclass	DOID_6543
DOID_9098	has_subclass	DOID_9905
DOID_9108	has_subclass	DOID_8991
DOID_9113	has_subclass	DOID_13819
DOID_9119	has_subclass	DOID_0060318
DOID_9119	has_subclass	DOID_0070629
DOID_9119	has_subclass	DOID_0070630
DOID_9119	has_subclass	DOID_0070631
DOID_9119	has_subclass	DOID_0070632
DOID_9119	has_subclass	DOID_0070633
DOID_9119	has_subclass	DOID_0080795
DOID_9119	has_subclass	DOID_0080796
DOID_9119	has_subclass	DOID_0080976
DOID_9119	has_subclass	DOID_0081080
DOID_9119	has_subclass	DOID_0081082
DOID_9119	has_subclass	DOID_0081083
DOID_9119	has_subclass	DOID_0081084
DOID_9119	has_subclass	DOID_0081085
DOID_9119	has_subclass	DOID_0081086
DOID_9119	has_subclass	DOID_0081087
DOID_9119	has_subclass	DOID_0081089
DOID_9119	has_subclass	DOID_0081090
DOID_9119	has_subclass	DOID_0081091
DOID_9119	has_subclass	DOID_0081092
DOID_9119	has_subclass	DOID_0081093
DOID_9119	has_subclass	DOID_0081094
DOID_9119	has_subclass	DOID_0081095
DOID_9119	has_subclass	DOID_0081096
DOID_9119	has_subclass	DOID_8761
DOID_9120	has_subclass	DOID_0050636
DOID_9120	has_subclass	DOID_0050639
DOID_9120	has_subclass	DOID_0080927
DOID_9120	has_subclass	DOID_0080929
DOID_9120	has_subclass	DOID_0080935
DOID_9120	has_subclass	DOID_0080937
DOID_9120	has_subclass	DOID_9246
DOID_913	has_subclass	DOID_0050692
DOID_916	has_subclass	DOID_0050868
DOID_916	has_subclass	DOID_3317
DOID_916	has_subclass	DOID_907
DOID_916	has_subclass	DOID_917
DOID_9182	has_subclass	DOID_0040098
DOID_9182	has_subclass	DOID_0060851
DOID_9182	has_subclass	DOID_0080850
DOID_9182	has_subclass	DOID_0080851
DOID_9182	has_subclass	DOID_0080852
DOID_92	has_subclass	DOID_0111275
DOID_92	has_subclass	DOID_4186
DOID_92	has_subclass	DOID_4188
DOID_92	has_subclass	DOID_4189
DOID_9246	has_subclass	DOID_0070027
DOID_9246	has_subclass	DOID_0070028
DOID_9246	has_subclass	DOID_0070030
DOID_9252	has_subclass	DOID_0050544
DOID_9252	has_subclass	DOID_0050573
DOID_9252	has_subclass	DOID_0050710
DOID_9252	has_subclass	DOID_0050720
DOID_9252	has_subclass	DOID_0050762
DOID_9252	has_subclass	DOID_0050798
DOID_9252	has_subclass	DOID_0060176
DOID_9252	has_subclass	DOID_0060439
DOID_9252	has_subclass	DOID_0060650
DOID_9252	has_subclass	DOID_0060693
DOID_9252	has_subclass	DOID_0060949
DOID_9252	has_subclass	DOID_0060950
DOID_9252	has_subclass	DOID_0070540
DOID_9252	has_subclass	DOID_0070541
DOID_9252	has_subclass	DOID_0070542
DOID_9252	has_subclass	DOID_0070543
DOID_9252	has_subclass	DOID_0070544
DOID_9252	has_subclass	DOID_0080541
DOID_9252	has_subclass	DOID_0081168
DOID_9252	has_subclass	DOID_0090142
DOID_9252	has_subclass	DOID_0111257
DOID_9252	has_subclass	DOID_0111258
DOID_9252	has_subclass	DOID_0111261
DOID_9252	has_subclass	DOID_0111540
DOID_9252	has_subclass	DOID_0112255
DOID_9252	has_subclass	DOID_0112257
DOID_9252	has_subclass	DOID_0112307
DOID_9252	has_subclass	DOID_1060
DOID_9252	has_subclass	DOID_14365
DOID_9252	has_subclass	DOID_14723
DOID_9252	has_subclass	DOID_14755
DOID_9252	has_subclass	DOID_9263
DOID_9252	has_subclass	DOID_9265
DOID_9252	has_subclass	DOID_9268
DOID_9252	has_subclass	DOID_9270
DOID_9252	has_subclass	DOID_9274
DOID_9252	has_subclass	DOID_9279
DOID_9252	has_subclass	DOID_9281
DOID_9255	has_subclass	DOID_0051060
DOID_9255	has_subclass	DOID_0060672
DOID_9255	has_subclass	DOID_0081388
DOID_9255	has_subclass	DOID_0081392
DOID_9255	has_subclass	DOID_0111227
DOID_9255	has_subclass	DOID_11870
DOID_9256	has_subclass	DOID_0080199
DOID_9256	has_subclass	DOID_219
DOID_9258	has_subclass	DOID_0110947
DOID_9258	has_subclass	DOID_0110948
DOID_9258	has_subclass	DOID_0110949
DOID_9258	has_subclass	DOID_0110950
DOID_9258	has_subclass	DOID_0110951
DOID_9258	has_subclass	DOID_0110953
DOID_9258	has_subclass	DOID_0110954
DOID_9258	has_subclass	DOID_0110955
DOID_9258	has_subclass	DOID_0110956
DOID_9265	has_subclass	DOID_0060168
DOID_9267	has_subclass	DOID_0112258
DOID_9267	has_subclass	DOID_9271
DOID_9267	has_subclass	DOID_9278
DOID_9267	has_subclass	DOID_9280
DOID_9268	has_subclass	DOID_0061001
DOID_9268	has_subclass	DOID_0070616
DOID_9269	has_subclass	DOID_0061203
DOID_9269	has_subclass	DOID_0061204
DOID_9273	has_subclass	DOID_0070340
DOID_9273	has_subclass	DOID_0070342
DOID_9275	has_subclass	DOID_0050725
DOID_9275	has_subclass	DOID_0050726
DOID_9275	has_subclass	DOID_0050727
DOID_9283	has_subclass	DOID_13327
DOID_9283	has_subclass	DOID_14548
DOID_9297	has_subclass	DOID_1762
DOID_9297	has_subclass	DOID_8661
DOID_93	has_subclass	DOID_0060046
DOID_93	has_subclass	DOID_0060244
DOID_93	has_subclass	DOID_11385
DOID_930	has_subclass	DOID_11175
DOID_930	has_subclass	DOID_12359
DOID_930	has_subclass	DOID_12360
DOID_930	has_subclass	DOID_12363
DOID_930	has_subclass	DOID_12364
DOID_930	has_subclass	DOID_1397
DOID_930	has_subclass	DOID_14233
DOID_930	has_subclass	DOID_14459
DOID_930	has_subclass	DOID_9945
DOID_9306	has_subclass	DOID_10235
DOID_9310	has_subclass	DOID_4633
DOID_934	has_subclass	DOID_0040086
DOID_934	has_subclass	DOID_0050012
DOID_934	has_subclass	DOID_0050118
DOID_934	has_subclass	DOID_0050175
DOID_934	has_subclass	DOID_0050179
DOID_934	has_subclass	DOID_0050192
DOID_934	has_subclass	DOID_0050308
DOID_934	has_subclass	DOID_0050495
DOID_934	has_subclass	DOID_0050516
DOID_934	has_subclass	DOID_0050517
DOID_934	has_subclass	DOID_0050518
DOID_934	has_subclass	DOID_0050521
DOID_934	has_subclass	DOID_0060478
DOID_934	has_subclass	DOID_0080827
DOID_934	has_subclass	DOID_10250
DOID_934	has_subclass	DOID_10459
DOID_934	has_subclass	DOID_10533
DOID_934	has_subclass	DOID_10841
DOID_934	has_subclass	DOID_10842
DOID_934	has_subclass	DOID_10843
DOID_934	has_subclass	DOID_10844
DOID_934	has_subclass	DOID_10845
DOID_934	has_subclass	DOID_10881
DOID_934	has_subclass	DOID_10882
DOID_934	has_subclass	DOID_10883
DOID_934	has_subclass	DOID_11168
DOID_934	has_subclass	DOID_11260
DOID_934	has_subclass	DOID_11320
DOID_934	has_subclass	DOID_11360
DOID_934	has_subclass	DOID_12205
DOID_934	has_subclass	DOID_12287
DOID_934	has_subclass	DOID_12357
DOID_934	has_subclass	DOID_12683
DOID_934	has_subclass	DOID_1273
DOID_934	has_subclass	DOID_1328
DOID_934	has_subclass	DOID_13801
DOID_934	has_subclass	DOID_1884
DOID_934	has_subclass	DOID_2327
DOID_934	has_subclass	DOID_2366
DOID_934	has_subclass	DOID_2929
DOID_934	has_subclass	DOID_2934
DOID_934	has_subclass	DOID_321
DOID_934	has_subclass	DOID_3292
DOID_934	has_subclass	DOID_3298
DOID_934	has_subclass	DOID_3436
DOID_934	has_subclass	DOID_4325
DOID_934	has_subclass	DOID_4327
DOID_934	has_subclass	DOID_4885
DOID_934	has_subclass	DOID_5154
DOID_934	has_subclass	DOID_526
DOID_934	has_subclass	DOID_643
DOID_934	has_subclass	DOID_8622
DOID_934	has_subclass	DOID_8659
DOID_934	has_subclass	DOID_8729
DOID_934	has_subclass	DOID_8771
DOID_934	has_subclass	DOID_8781
DOID_934	has_subclass	DOID_8867
DOID_934	has_subclass	DOID_8956
DOID_934	has_subclass	DOID_9584
DOID_934	has_subclass	DOID_9682
DOID_934	has_subclass	DOID_992
DOID_9351	has_subclass	DOID_0050524
DOID_9351	has_subclass	DOID_11714
DOID_9352	has_subclass	DOID_11712
DOID_936	has_subclass	DOID_0050118
DOID_936	has_subclass	DOID_0050682
DOID_936	has_subclass	DOID_0050777
DOID_936	has_subclass	DOID_0050850
DOID_936	has_subclass	DOID_0060263
DOID_936	has_subclass	DOID_0070657
DOID_936	has_subclass	DOID_0080539
DOID_936	has_subclass	DOID_0081292
DOID_936	has_subclass	DOID_10080
DOID_936	has_subclass	DOID_10699
DOID_936	has_subclass	DOID_10841
DOID_936	has_subclass	DOID_10843
DOID_936	has_subclass	DOID_11457
DOID_936	has_subclass	DOID_12148
DOID_936	has_subclass	DOID_12680
DOID_936	has_subclass	DOID_1319
DOID_936	has_subclass	DOID_13722
DOID_936	has_subclass	DOID_1443
DOID_936	has_subclass	DOID_1495
DOID_936	has_subclass	DOID_1607
DOID_936	has_subclass	DOID_1969
DOID_936	has_subclass	DOID_2034
DOID_936	has_subclass	DOID_2382
DOID_936	has_subclass	DOID_2384
DOID_936	has_subclass	DOID_2479
DOID_936	has_subclass	DOID_3431
DOID_936	has_subclass	DOID_4267
DOID_936	has_subclass	DOID_4662
DOID_936	has_subclass	DOID_4723
DOID_936	has_subclass	DOID_4724
DOID_936	has_subclass	DOID_480
DOID_936	has_subclass	DOID_6364
DOID_936	has_subclass	DOID_649
DOID_936	has_subclass	DOID_6713
DOID_936	has_subclass	DOID_882
DOID_936	has_subclass	DOID_9588
DOID_936	has_subclass	DOID_9790
DOID_9360	has_subclass	DOID_0080819
DOID_9360	has_subclass	DOID_0080821
DOID_9360	has_subclass	DOID_0080822
DOID_9365	has_subclass	DOID_10400
DOID_9368	has_subclass	DOID_11581
DOID_9368	has_subclass	DOID_12125
DOID_9368	has_subclass	DOID_12197
DOID_9368	has_subclass	DOID_13014
DOID_9368	has_subclass	DOID_9461
DOID_9383	has_subclass	DOID_10443
DOID_9383	has_subclass	DOID_9378
DOID_9383	has_subclass	DOID_9384
DOID_9383	has_subclass	DOID_9388
DOID_9383	has_subclass	DOID_9389
DOID_9396	has_subclass	DOID_3436
DOID_9401	has_subclass	DOID_10802
DOID_9402	has_subclass	DOID_9401
DOID_9406	has_subclass	DOID_0060870
DOID_9406	has_subclass	DOID_0080150
DOID_9406	has_subclass	DOID_9410
DOID_9406	has_subclass	DOID_9476
DOID_9408	has_subclass	DOID_10266
DOID_9408	has_subclass	DOID_10648
DOID_9408	has_subclass	DOID_10649
DOID_9408	has_subclass	DOID_10651
DOID_9408	has_subclass	DOID_9407
DOID_9409	has_subclass	DOID_0081055
DOID_9409	has_subclass	DOID_0081057
DOID_9409	has_subclass	DOID_0081058
DOID_9410	has_subclass	DOID_0061016
DOID_9410	has_subclass	DOID_0061018
DOID_9410	has_subclass	DOID_0061020
DOID_9410	has_subclass	DOID_0061021
DOID_9415	has_subclass	DOID_0040038
DOID_9415	has_subclass	DOID_0040045
DOID_9415	has_subclass	DOID_0040047
DOID_9415	has_subclass	DOID_0040048
DOID_9415	has_subclass	DOID_0040049
DOID_9415	has_subclass	DOID_0040050
DOID_9415	has_subclass	DOID_0040051
DOID_9415	has_subclass	DOID_0040054
DOID_9415	has_subclass	DOID_0080825
DOID_9423	has_subclass	DOID_13134
DOID_9423	has_subclass	DOID_13823
DOID_9423	has_subclass	DOID_13825
DOID_9423	has_subclass	DOID_9483
DOID_9423	has_subclass	DOID_9903
DOID_9428	has_subclass	DOID_11459
DOID_9428	has_subclass	DOID_9427
DOID_9432	has_subclass	DOID_0070613
DOID_9446	has_subclass	DOID_14268
DOID_9446	has_subclass	DOID_14269
DOID_9446	has_subclass	DOID_14270
DOID_9446	has_subclass	DOID_14271
DOID_9446	has_subclass	DOID_14272
DOID_9446	has_subclass	DOID_1949
DOID_9446	has_subclass	DOID_9439
DOID_9452	has_subclass	DOID_0070508
DOID_9452	has_subclass	DOID_0080208
DOID_9455	has_subclass	DOID_0050464
DOID_9455	has_subclass	DOID_0050729
DOID_9455	has_subclass	DOID_0080217
DOID_9455	has_subclass	DOID_0081273
DOID_9455	has_subclass	DOID_1927
DOID_9455	has_subclass	DOID_3345
DOID_9460	has_subclass	DOID_0050939
DOID_9460	has_subclass	DOID_5750
DOID_9460	has_subclass	DOID_7437
DOID_9460	has_subclass	DOID_8188
DOID_9460	has_subclass	DOID_8302
DOID_9460	has_subclass	DOID_9459
DOID_9463	has_subclass	DOID_0050147
DOID_9463	has_subclass	DOID_10516
DOID_9463	has_subclass	DOID_10518
DOID_9463	has_subclass	DOID_10520
DOID_9470	has_subclass	DOID_0080176
DOID_9470	has_subclass	DOID_0080179
DOID_9470	has_subclass	DOID_10073
DOID_9470	has_subclass	DOID_11572
DOID_9470	has_subclass	DOID_11574
DOID_9470	has_subclass	DOID_14559
DOID_9471	has_subclass	DOID_10310
DOID_9471	has_subclass	DOID_10341
DOID_9471	has_subclass	DOID_12156
DOID_9471	has_subclass	DOID_12157
DOID_9471	has_subclass	DOID_9470
DOID_9473	has_subclass	DOID_12524
DOID_9473	has_subclass	DOID_12527
DOID_9473	has_subclass	DOID_12529
DOID_9477	has_subclass	DOID_8512
DOID_9498	has_subclass	DOID_5870
DOID_950	has_subclass	DOID_12809
DOID_950	has_subclass	DOID_949
DOID_950	has_subclass	DOID_952
DOID_9500	has_subclass	DOID_0090120
DOID_9500	has_subclass	DOID_12986
DOID_9500	has_subclass	DOID_4542
DOID_9500	has_subclass	DOID_5392
DOID_9500	has_subclass	DOID_615
DOID_9500	has_subclass	DOID_6262
DOID_9500	has_subclass	DOID_7146
DOID_9507	has_subclass	DOID_9312
DOID_9507	has_subclass	DOID_9506
DOID_9538	has_subclass	DOID_9541
DOID_9538	has_subclass	DOID_9547
DOID_9538	has_subclass	DOID_9550
DOID_9538	has_subclass	DOID_9551
DOID_9553	has_subclass	DOID_0050546
DOID_9553	has_subclass	DOID_0080626
DOID_9553	has_subclass	DOID_12257
DOID_9553	has_subclass	DOID_9931
DOID_956	has_subclass	DOID_11888
DOID_956	has_subclass	DOID_6735
DOID_9561	has_subclass	DOID_10460
DOID_9561	has_subclass	DOID_9261
DOID_9562	has_subclass	DOID_0050144
DOID_9562	has_subclass	DOID_0061226
DOID_9562	has_subclass	DOID_0070760
DOID_9562	has_subclass	DOID_0070762
DOID_9562	has_subclass	DOID_0070763
DOID_9562	has_subclass	DOID_0070766
DOID_9562	has_subclass	DOID_0070767
DOID_9562	has_subclass	DOID_0080266
DOID_9562	has_subclass	DOID_0110594
DOID_9562	has_subclass	DOID_0110595
DOID_9562	has_subclass	DOID_0110596
DOID_9562	has_subclass	DOID_0110597
DOID_9562	has_subclass	DOID_0110598
DOID_9562	has_subclass	DOID_0110599
DOID_9562	has_subclass	DOID_0110600
DOID_9562	has_subclass	DOID_0110601
DOID_9562	has_subclass	DOID_0110602
DOID_9562	has_subclass	DOID_0110603
DOID_9562	has_subclass	DOID_0110604
DOID_9562	has_subclass	DOID_0110605
DOID_9562	has_subclass	DOID_0110606
DOID_9562	has_subclass	DOID_0110607
DOID_9562	has_subclass	DOID_0110608
DOID_9562	has_subclass	DOID_0110609
DOID_9562	has_subclass	DOID_0110610
DOID_9562	has_subclass	DOID_0110611
DOID_9562	has_subclass	DOID_0110612
DOID_9562	has_subclass	DOID_0110613
DOID_9562	has_subclass	DOID_0110614
DOID_9562	has_subclass	DOID_0110615
DOID_9562	has_subclass	DOID_0110616
DOID_9562	has_subclass	DOID_0110617
DOID_9562	has_subclass	DOID_0110618
DOID_9562	has_subclass	DOID_0110619
DOID_9562	has_subclass	DOID_0110620
DOID_9562	has_subclass	DOID_0110621
DOID_9562	has_subclass	DOID_0110622
DOID_9562	has_subclass	DOID_0110623
DOID_9562	has_subclass	DOID_0110624
DOID_9562	has_subclass	DOID_0110625
DOID_9562	has_subclass	DOID_0110626
DOID_9562	has_subclass	DOID_0110627
DOID_9562	has_subclass	DOID_0110628
DOID_9562	has_subclass	DOID_0111850
DOID_9562	has_subclass	DOID_0111852
DOID_9562	has_subclass	DOID_0111854
DOID_9562	has_subclass	DOID_0111855
DOID_9562	has_subclass	DOID_0111856
DOID_9562	has_subclass	DOID_0111858
DOID_9563	has_subclass	DOID_0080526
DOID_9563	has_subclass	DOID_0080527
DOID_9563	has_subclass	DOID_0080528
DOID_9588	has_subclass	DOID_0080741
DOID_9588	has_subclass	DOID_10081
DOID_9588	has_subclass	DOID_13664
DOID_9588	has_subclass	DOID_5222
DOID_9588	has_subclass	DOID_5224
DOID_9588	has_subclass	DOID_5225
DOID_9588	has_subclass	DOID_646
DOID_9590	has_subclass	DOID_11355
DOID_9590	has_subclass	DOID_9589
DOID_9598	has_subclass	DOID_7327
DOID_9598	has_subclass	DOID_9599
DOID_9598	has_subclass	DOID_9600
DOID_9598	has_subclass	DOID_9601
DOID_9598	has_subclass	DOID_9602
DOID_962	has_subclass	DOID_12064
DOID_962	has_subclass	DOID_2669
DOID_962	has_subclass	DOID_3512
DOID_962	has_subclass	DOID_5149
DOID_962	has_subclass	DOID_5151
DOID_962	has_subclass	DOID_5152
DOID_962	has_subclass	DOID_5153
DOID_962	has_subclass	DOID_9300
DOID_963	has_subclass	DOID_0050989
DOID_963	has_subclass	DOID_0050990
DOID_963	has_subclass	DOID_0050991
DOID_963	has_subclass	DOID_0050992
DOID_963	has_subclass	DOID_0050993
DOID_963	has_subclass	DOID_0050994
DOID_963	has_subclass	DOID_0050995
DOID_963	has_subclass	DOID_0050996
DOID_9637	has_subclass	DOID_11875
DOID_9637	has_subclass	DOID_9663
DOID_9637	has_subclass	DOID_9673
DOID_9649	has_subclass	DOID_0111790
DOID_9649	has_subclass	DOID_0111793
DOID_9649	has_subclass	DOID_0111795
DOID_9649	has_subclass	DOID_0111796
DOID_9650	has_subclass	DOID_11771
DOID_9650	has_subclass	DOID_13174
DOID_9669	has_subclass	DOID_10997
DOID_9669	has_subclass	DOID_13574
DOID_9669	has_subclass	DOID_13717
DOID_9669	has_subclass	DOID_13963
DOID_9669	has_subclass	DOID_13964
DOID_9673	has_subclass	DOID_9672
DOID_9675	has_subclass	DOID_10030
DOID_9675	has_subclass	DOID_10031
DOID_970	has_subclass	DOID_14192
DOID_970	has_subclass	DOID_312
DOID_9700	has_subclass	DOID_9699
DOID_971	has_subclass	DOID_10471
DOID_971	has_subclass	DOID_10810
DOID_971	has_subclass	DOID_14181
DOID_971	has_subclass	DOID_970
DOID_9720	has_subclass	DOID_0060282
DOID_9720	has_subclass	DOID_11816
DOID_9720	has_subclass	DOID_9719
DOID_9720	has_subclass	DOID_9723
DOID_9720	has_subclass	DOID_9726
DOID_9724	has_subclass	DOID_10697
DOID_9724	has_subclass	DOID_11752
DOID_9724	has_subclass	DOID_13732
DOID_9724	has_subclass	DOID_9723
DOID_9736	has_subclass	DOID_9735
DOID_9739	has_subclass	DOID_12358
DOID_9739	has_subclass	DOID_2000
DOID_974	has_subclass	DOID_0050145
DOID_974	has_subclass	DOID_0050148
DOID_974	has_subclass	DOID_0060310
DOID_974	has_subclass	DOID_0060311
DOID_974	has_subclass	DOID_10456
DOID_974	has_subclass	DOID_11195
DOID_974	has_subclass	DOID_2275
DOID_974	has_subclass	DOID_3225
DOID_974	has_subclass	DOID_786
DOID_974	has_subclass	DOID_9155
DOID_974	has_subclass	DOID_9398
DOID_9741	has_subclass	DOID_0050625
DOID_9741	has_subclass	DOID_12237
DOID_9741	has_subclass	DOID_13409
DOID_9741	has_subclass	DOID_4138
DOID_9741	has_subclass	DOID_9740
DOID_9742	has_subclass	DOID_12337
DOID_9742	has_subclass	DOID_9746
DOID_9743	has_subclass	DOID_12785
DOID_9744	has_subclass	DOID_0080846
DOID_9744	has_subclass	DOID_0110742
DOID_9744	has_subclass	DOID_0110743
DOID_9744	has_subclass	DOID_0110744
DOID_9744	has_subclass	DOID_0110745
DOID_9744	has_subclass	DOID_0110746
DOID_9744	has_subclass	DOID_0110747
DOID_9744	has_subclass	DOID_0110749
DOID_9744	has_subclass	DOID_0110750
DOID_9744	has_subclass	DOID_0110751
DOID_9744	has_subclass	DOID_0110752
DOID_9744	has_subclass	DOID_0110753
DOID_9744	has_subclass	DOID_0110754
DOID_9744	has_subclass	DOID_0110755
DOID_9744	has_subclass	DOID_0110756
DOID_9744	has_subclass	DOID_0110757
DOID_9744	has_subclass	DOID_0110758
DOID_9744	has_subclass	DOID_0110759
DOID_9744	has_subclass	DOID_0110760
DOID_9744	has_subclass	DOID_0110761
DOID_9746	has_subclass	DOID_9745
DOID_9746	has_subclass	DOID_9749
DOID_9768	has_subclass	DOID_3362
DOID_9794	has_subclass	DOID_9811
DOID_9794	has_subclass	DOID_9822
DOID_9794	has_subclass	DOID_9842
DOID_9799	has_subclass	DOID_0111570
DOID_9799	has_subclass	DOID_11754
DOID_9799	has_subclass	DOID_11772
DOID_980	has_subclass	DOID_9776
DOID_980	has_subclass	DOID_9794
DOID_980	has_subclass	DOID_981
DOID_9808	has_subclass	DOID_4780
DOID_9809	has_subclass	DOID_11123
DOID_9809	has_subclass	DOID_11450
DOID_9822	has_subclass	DOID_9820
DOID_9834	has_subclass	DOID_540
DOID_9835	has_subclass	DOID_0050304
DOID_9835	has_subclass	DOID_11782
DOID_9835	has_subclass	DOID_11850
DOID_9835	has_subclass	DOID_12273
DOID_9835	has_subclass	DOID_9834
DOID_9840	has_subclass	DOID_10293
DOID_9840	has_subclass	DOID_9839
DOID_9840	has_subclass	DOID_9888
DOID_9847	has_subclass	DOID_13941
DOID_9847	has_subclass	DOID_9848
DOID_9848	has_subclass	DOID_9849
DOID_9849	has_subclass	DOID_13490
DOID_9849	has_subclass	DOID_13491
DOID_9849	has_subclass	DOID_13492
DOID_9856	has_subclass	DOID_0050488
DOID_9857	has_subclass	DOID_13353
DOID_9858	has_subclass	DOID_11543
DOID_9858	has_subclass	DOID_14444
DOID_986	has_subclass	DOID_0060157
DOID_987	has_subclass	DOID_0050634
DOID_987	has_subclass	DOID_0050801
DOID_987	has_subclass	DOID_0111702
DOID_987	has_subclass	DOID_1943
DOID_9870	has_subclass	DOID_0060969
DOID_9870	has_subclass	DOID_14695
DOID_9884	has_subclass	DOID_0050557
DOID_9884	has_subclass	DOID_0060253
DOID_9884	has_subclass	DOID_11719
DOID_9884	has_subclass	DOID_11727
DOID_9884	has_subclass	DOID_9883
DOID_9909	has_subclass	DOID_9908
DOID_9912	has_subclass	DOID_9911
DOID_9935	has_subclass	DOID_9936
DOID_9935	has_subclass	DOID_9939
DOID_9938	has_subclass	DOID_12996
DOID_9938	has_subclass	DOID_12997
DOID_9938	has_subclass	DOID_9937
DOID_9942	has_subclass	DOID_0060314
DOID_9942	has_subclass	DOID_0080617
DOID_9942	has_subclass	DOID_10619
DOID_9942	has_subclass	DOID_10773
DOID_9942	has_subclass	DOID_11258
DOID_9946	has_subclass	DOID_9948
DOID_9952	has_subclass	DOID_0080144
DOID_9952	has_subclass	DOID_5604
DOID_9952	has_subclass	DOID_9954
DOID_9953	has_subclass	DOID_0081036
DOID_9953	has_subclass	DOID_0081037
DOID_9953	has_subclass	DOID_0081038
DOID_9953	has_subclass	DOID_0081039
DOID_9957	has_subclass	DOID_13585
DOID_9965	has_subclass	DOID_13336
DOID_9970	has_subclass	DOID_11981
DOID_9973	has_subclass	DOID_0050741
DOID_9973	has_subclass	DOID_0050742
DOID_9974	has_subclass	DOID_2559
DOID_9974	has_subclass	DOID_2575
DOID_9974	has_subclass	DOID_9975
DOID_9977	has_subclass	DOID_1849
DOID_9987	has_subclass	DOID_3259
DOID_9988	has_subclass	DOID_0050490
DOID_9988	has_subclass	DOID_10027
DOID_9988	has_subclass	DOID_10035
DOID_999	has_subclass	DOID_9498
DOID_999	has_subclass	DOID_9499
DOID_999	has_subclass	DOID_998
DOID_9993	has_subclass	DOID_0112262
DOID_9993	has_subclass	DOID_0112263
DOID_9993	has_subclass	DOID_13317
